{"instance_name":"euro-night-0000700","edges":[{"i":1,"j":4},{"i":3,"j":16},{"i":1,"j":3},{"i":4,"j":19},{"i":0,"j":4},{"i":5,"j":6},{"i":2,"j":5},{"i":7,"j":15},{"i":3,"j":10},{"i":4,"j":7},{"i":6,"j":11},{"i":2,"j":6},{"i":1,"j":2},{"i":7,"j":14},{"i":2,"j":7},{"i":10,"j":24},{"i":8,"j":12},{"i":5,"j":8},{"i":11,"j":24},{"i":10,"j":11},{"i":13,"j":20},{"i":8,"j":13},{"i":17,"j":33},{"i":13,"j":22},{"i":3,"j":9},{"i":9,"j":16},{"i":0,"j":23},{"i":15,"j":21},{"i":0,"j":17},{"i":19,"j":30},{"i":15,"j":19},{"i":13,"j":14},{"i":12,"j":25},{"i":22,"j":27},{"i":21,"j":22},{"i":14,"j":21},{"i":18,"j":26},{"i":17,"j":18},{"i":20,"j":25},{"i":12,"j":20},{"i":9,"j":24},{"i":18,"j":32},{"i":25,"j":31},{"i":24,"j":25},{"i":23,"j":29},{"i":30,"j":40},{"i":25,"j":27},{"i":26,"j":28},{"i":29,"j":46},{"i":30,"j":45},{"i":29,"j":30},{"i":33,"j":41},{"i":27,"j":30},{"i":31,"j":42},{"i":28,"j":35},{"i":23,"j":28},{"i":26,"j":32},{"i":33,"j":54},{"i":32,"j":37},{"i":32,"j":33},{"i":34,"j":35},{"i":28,"j":34},{"i":29,"j":43},{"i":37,"j":44},{"i":36,"j":48},{"i":16,"j":36},{"i":38,"j":50},{"i":16,"j":38},{"i":37,"j":39},{"i":34,"j":37},{"i":29,"j":53},{"i":17,"j":89},{"i":41,"j":51},{"i":39,"j":44},{"i":35,"j":39},{"i":31,"j":40},{"i":36,"j":42},{"i":37,"j":41},{"i":43,"j":45},{"i":49,"j":53},{"i":23,"j":49},{"i":48,"j":57},{"i":23,"j":47},{"i":48,"j":50},{"i":38,"j":48},{"i":47,"j":60},{"i":35,"j":73},{"i":51,"j":52},{"i":51,"j":54},{"i":49,"j":70},{"i":54,"j":61},{"i":40,"j":66},{"i":55,"j":83},{"i":50,"j":55},{"i":56,"j":73},{"i":55,"j":57},{"i":47,"j":56},{"i":67,"j":71},{"i":60,"j":67},{"i":59,"j":63},{"i":42,"j":59},{"i":56,"j":62},{"i":45,"j":68},{"i":43,"j":46},{"i":57,"j":63},{"i":68,"j":76},{"i":54,"j":89},{"i":64,"j":69},{"i":59,"j":64},{"i":49,"j":60},{"i":65,"j":66},{"i":45,"j":65},{"i":66,"j":69},{"i":64,"j":66},{"i":62,"j":67},{"i":63,"j":112},{"i":62,"j":73},{"i":60,"j":71},{"i":46,"j":80},{"i":52,"j":74},{"i":44,"j":52},{"i":61,"j":72},{"i":58,"j":61},{"i":80,"j":93},{"i":58,"j":74},{"i":52,"j":58},{"i":72,"j":74},{"i":76,"j":80},{"i":75,"j":79},{"i":68,"j":75},{"i":82,"j":92},{"i":82,"j":90},{"i":74,"j":78},{"i":79,"j":85},{"i":77,"j":78},{"i":74,"j":77},{"i":75,"j":76},{"i":78,"j":92},{"i":65,"j":79},{"i":65,"j":81},{"i":73,"j":78},{"i":50,"j":83},{"i":53,"j":70},{"i":84,"j":85},{"i":76,"j":84},{"i":93,"j":99},{"i":85,"j":95},{"i":81,"j":85},{"i":71,"j":87},{"i":86,"j":88},{"i":71,"j":86},{"i":71,"j":82},{"i":86,"j":87},{"i":92,"j":100},{"i":87,"j":90},{"i":88,"j":110},{"i":84,"j":93},{"i":77,"j":107},{"i":93,"j":114},{"i":90,"j":125},{"i":95,"j":97},{"i":107,"j":111},{"i":95,"j":105},{"i":81,"j":95},{"i":96,"j":97},{"i":96,"j":102},{"i":95,"j":96},{"i":92,"j":104},{"i":91,"j":109},{"i":70,"j":91},{"i":102,"j":128},{"i":98,"j":101},{"i":92,"j":98},{"i":100,"j":107},{"i":101,"j":117},{"i":112,"j":132},{"i":100,"j":103},{"i":99,"j":113},{"i":97,"j":99},{"i":92,"j":101},{"i":102,"j":105},{"i":88,"j":94},{"i":98,"j":103},{"i":108,"j":116},{"i":103,"j":116},{"i":101,"j":108},{"i":94,"j":126},{"i":123,"j":132},{"i":109,"j":119},{"i":90,"j":104},{"i":89,"j":111},{"i":72,"j":89},{"i":112,"j":123},{"i":97,"j":113},{"i":106,"j":118},{"i":103,"j":106},{"i":115,"j":117},{"i":108,"j":115},{"i":106,"j":107},{"i":116,"j":120},{"i":115,"j":120},{"i":133,"j":144},{"i":110,"j":121},{"i":91,"j":110},{"i":107,"j":122},{"i":121,"j":157},{"i":120,"j":133},{"i":118,"j":120},{"i":104,"j":117},{"i":125,"j":142},{"i":118,"j":122},{"i":128,"j":155},{"i":123,"j":127},{"i":119,"j":124},{"i":111,"j":144},{"i":117,"j":142},{"i":135,"j":141},{"i":94,"j":130},{"i":105,"j":128},{"i":69,"j":105},{"i":83,"j":127},{"i":126,"j":157},{"i":125,"j":129},{"i":131,"j":134},{"i":126,"j":131},{"i":130,"j":131},{"i":69,"j":135},{"i":130,"j":136},{"i":122,"j":133},{"i":130,"j":138},{"i":109,"j":121},{"i":124,"j":137},{"i":114,"j":124},{"i":128,"j":141},{"i":126,"j":134},{"i":144,"j":207},{"i":119,"j":143},{"i":148,"j":153},{"i":147,"j":148},{"i":129,"j":145},{"i":135,"j":139},{"i":132,"j":135},{"i":127,"j":177},{"i":113,"j":114},{"i":137,"j":155},{"i":134,"j":148},{"i":117,"j":133},{"i":138,"j":146},{"i":129,"j":152},{"i":145,"j":146},{"i":138,"j":145},{"i":142,"j":163},{"i":134,"j":136},{"i":110,"j":157},{"i":136,"j":146},{"i":152,"j":163},{"i":149,"j":150},{"i":128,"j":149},{"i":155,"j":158},{"i":150,"j":154},{"i":141,"j":150},{"i":147,"j":157},{"i":126,"j":147},{"i":142,"j":144},{"i":149,"j":158},{"i":139,"j":177},{"i":127,"j":139},{"i":140,"j":164},{"i":137,"j":140},{"i":152,"j":156},{"i":146,"j":152},{"i":143,"j":151},{"i":163,"j":175},{"i":158,"j":159},{"i":206,"j":233},{"i":154,"j":177},{"i":159,"j":168},{"i":154,"j":159},{"i":151,"j":157},{"i":151,"j":166},{"i":164,"j":165},{"i":161,"j":167},{"i":168,"j":179},{"i":143,"j":171},{"i":140,"j":143},{"i":158,"j":179},{"i":165,"j":174},{"i":161,"j":166},{"i":157,"j":161},{"i":162,"j":166},{"i":153,"j":170},{"i":164,"j":169},{"i":155,"j":164},{"i":154,"j":199},{"i":167,"j":172},{"i":166,"j":167},{"i":156,"j":175},{"i":153,"j":156},{"i":143,"j":162},{"i":171,"j":184},{"i":172,"j":176},{"i":165,"j":171},{"i":167,"j":196},{"i":182,"j":195},{"i":172,"j":178},{"i":176,"j":187},{"i":162,"j":176},{"i":168,"j":199},{"i":167,"j":170},{"i":183,"j":265},{"i":160,"j":183},{"i":177,"j":180},{"i":179,"j":185},{"i":178,"j":181},{"i":178,"j":191},{"i":175,"j":182},{"i":170,"j":175},{"i":180,"j":183},{"i":160,"j":180},{"i":168,"j":173},{"i":191,"j":197},{"i":169,"j":189},{"i":173,"j":208},{"i":181,"j":187},{"i":186,"j":187},{"i":181,"j":186},{"i":174,"j":184},{"i":169,"j":203},{"i":169,"j":174},{"i":189,"j":201},{"i":188,"j":189},{"i":187,"j":211},{"i":162,"j":187},{"i":178,"j":194},{"i":191,"j":192},{"i":186,"j":191},{"i":190,"j":220},{"i":182,"j":196},{"i":192,"j":211},{"i":187,"j":192},{"i":193,"j":196},{"i":182,"j":193},{"i":191,"j":194},{"i":194,"j":212},{"i":89,"j":263},{"i":195,"j":198},{"i":193,"j":195},{"i":188,"j":201},{"i":185,"j":188},{"i":198,"j":200},{"i":196,"j":198},{"i":200,"j":209},{"i":184,"j":190},{"i":199,"j":202},{"i":202,"j":204},{"i":183,"j":202},{"i":197,"j":211},{"i":208,"j":217},{"i":183,"j":204},{"i":196,"j":200},{"i":197,"j":212},{"i":206,"j":213},{"i":213,"j":216},{"i":185,"j":221},{"i":173,"j":185},{"i":206,"j":209},{"i":195,"j":206},{"i":208,"j":210},{"i":216,"j":219},{"i":210,"j":215},{"i":204,"j":210},{"i":205,"j":212},{"i":196,"j":205},{"i":205,"j":214},{"i":211,"j":243},{"i":209,"j":213},{"i":206,"j":223},{"i":201,"j":203},{"i":215,"j":265},{"i":183,"j":215},{"i":214,"j":235},{"i":217,"j":265},{"i":215,"j":217},{"i":216,"j":218},{"i":214,"j":218},{"i":219,"j":223},{"i":224,"j":240},{"i":221,"j":226},{"i":217,"j":221},{"i":212,"j":235},{"i":219,"j":222},{"i":211,"j":225},{"i":190,"j":211},{"i":206,"j":229},{"i":220,"j":224},{"i":203,"j":220},{"i":231,"j":247},{"i":224,"j":238},{"i":222,"j":235},{"i":218,"j":222},{"i":201,"j":253},{"i":226,"j":265},{"i":220,"j":228},{"i":225,"j":228},{"i":232,"j":237},{"i":230,"j":232},{"i":227,"j":236},{"i":222,"j":227},{"i":229,"j":231},{"i":231,"j":232},{"i":223,"j":231},{"i":230,"j":236},{"i":227,"j":230},{"i":163,"j":239},{"i":241,"j":248},{"i":234,"j":241},{"i":236,"j":237},{"i":229,"j":233},{"i":228,"j":259},{"i":233,"j":234},{"i":207,"j":239},{"i":238,"j":253},{"i":225,"j":244},{"i":239,"j":241},{"i":234,"j":246},{"i":238,"j":240},{"i":235,"j":286},{"i":243,"j":244},{"i":245,"j":259},{"i":228,"j":245},{"i":244,"j":245},{"i":261,"j":268},{"i":242,"j":252},{"i":229,"j":242},{"i":237,"j":247},{"i":242,"j":246},{"i":248,"j":249},{"i":246,"j":248},{"i":249,"j":271},{"i":249,"j":250},{"i":255,"j":274},{"i":240,"j":267},{"i":257,"j":262},{"i":252,"j":261},{"i":242,"j":255},{"i":247,"j":252},{"i":246,"j":250},{"i":251,"j":256},{"i":238,"j":251},{"i":254,"j":257},{"i":247,"j":254},{"i":259,"j":267},{"i":257,"j":258},{"i":243,"j":260},{"i":263,"j":276},{"i":256,"j":277},{"i":253,"j":256},{"i":235,"j":236},{"i":255,"j":261},{"i":261,"j":266},{"i":254,"j":261},{"i":262,"j":264},{"i":258,"j":262},{"i":274,"j":279},{"i":264,"j":272},{"i":250,"j":271},{"i":280,"j":288},{"i":260,"j":283},{"i":264,"j":273},{"i":276,"j":326},{"i":263,"j":269},{"i":269,"j":270},{"i":266,"j":273},{"i":239,"j":293},{"i":266,"j":268},{"i":267,"j":278},{"i":251,"j":267},{"i":268,"j":275},{"i":272,"j":284},{"i":271,"j":274},{"i":273,"j":282},{"i":272,"j":273},{"i":271,"j":293},{"i":269,"j":276},{"i":253,"j":277},{"i":236,"j":258},{"i":207,"j":270},{"i":284,"j":291},{"i":280,"j":284},{"i":280,"j":281},{"i":235,"j":280},{"i":260,"j":292},{"i":275,"j":289},{"i":273,"j":275},{"i":260,"j":285},{"i":278,"j":283},{"i":282,"j":284},{"i":235,"j":281},{"i":278,"j":290},{"i":285,"j":302},{"i":281,"j":287},{"i":286,"j":292},{"i":275,"j":279},{"i":291,"j":296},{"i":288,"j":291},{"i":283,"j":302},{"i":287,"j":288},{"i":287,"j":296},{"i":286,"j":287},{"i":298,"j":300},{"i":291,"j":301},{"i":270,"j":324},{"i":278,"j":295},{"i":290,"j":316},{"i":289,"j":299},{"i":294,"j":303},{"i":277,"j":294},{"i":297,"j":322},{"i":265,"j":297},{"i":292,"j":306},{"i":285,"j":292},{"i":298,"j":299},{"i":289,"j":298},{"i":282,"j":299},{"i":300,"j":307},{"i":299,"j":305},{"i":295,"j":318},{"i":292,"j":310},{"i":296,"j":312},{"i":294,"j":295},{"i":226,"j":253},{"i":304,"j":315},{"i":297,"j":304},{"i":300,"j":305},{"i":306,"j":311},{"i":293,"j":309},{"i":279,"j":293},{"i":306,"j":308},{"i":308,"j":311},{"i":302,"j":308},{"i":307,"j":313},{"i":310,"j":327},{"i":323,"j":341},{"i":310,"j":311},{"i":316,"j":321},{"i":302,"j":321},{"i":309,"j":313},{"i":307,"j":309},{"i":290,"j":302},{"i":320,"j":335},{"i":303,"j":339},{"i":315,"j":322},{"i":312,"j":327},{"i":301,"j":319},{"i":295,"j":316},{"i":314,"j":318},{"i":302,"j":332},{"i":301,"j":305},{"i":302,"j":334},{"i":320,"j":330},{"i":318,"j":320},{"i":314,"j":339},{"i":303,"j":314},{"i":322,"j":671},{"i":265,"j":322},{"i":319,"j":325},{"i":317,"j":319},{"i":313,"j":323},{"i":305,"j":313},{"i":325,"j":344},{"i":319,"j":331},{"i":276,"j":354},{"i":325,"j":328},{"i":293,"j":324},{"i":317,"j":328},{"i":312,"j":317},{"i":330,"j":339},{"i":302,"j":311},{"i":319,"j":333},{"i":340,"j":360},{"i":338,"j":340},{"i":326,"j":329},{"i":324,"j":326},{"i":321,"j":337},{"i":320,"j":321},{"i":328,"j":344},{"i":327,"j":328},{"i":323,"j":333},{"i":311,"j":327},{"i":332,"j":343},{"i":327,"j":348},{"i":331,"j":344},{"i":335,"j":342},{"i":293,"j":341},{"i":335,"j":337},{"i":333,"j":340},{"i":336,"j":340},{"i":333,"j":336},{"i":331,"j":338},{"i":339,"j":349},{"i":335,"j":347},{"i":342,"j":345},{"i":330,"j":342},{"i":337,"j":343},{"i":338,"j":355},{"i":356,"j":366},{"i":339,"j":346},{"i":304,"j":339},{"i":315,"j":346},{"i":345,"j":374},{"i":330,"j":345},{"i":344,"j":348},{"i":339,"j":414},{"i":348,"j":370},{"i":329,"j":357},{"i":349,"j":353},{"i":346,"j":349},{"i":334,"j":352},{"i":332,"j":334},{"i":343,"j":351},{"i":334,"j":370},{"i":347,"j":361},{"i":345,"j":347},{"i":336,"j":341},{"i":358,"j":362},{"i":351,"j":352},{"i":329,"j":350},{"i":356,"j":358},{"i":351,"j":356},{"i":263,"j":390},{"i":357,"j":359},{"i":352,"j":366},{"i":341,"j":365},{"i":358,"j":361},{"i":361,"j":362},{"i":348,"j":355},{"i":293,"j":359},{"i":353,"j":364},{"i":341,"j":363},{"i":368,"j":372},{"i":355,"j":387},{"i":366,"j":380},{"i":365,"j":382},{"i":350,"j":376},{"i":362,"j":373},{"i":371,"j":372},{"i":366,"j":378},{"i":365,"j":369},{"i":368,"j":371},{"i":361,"j":368},{"i":373,"j":377},{"i":372,"j":373},{"i":371,"j":374},{"i":371,"j":386},{"i":385,"j":388},{"i":374,"j":383},{"i":375,"j":383},{"i":374,"j":375},{"i":359,"j":389},{"i":350,"j":354},{"i":375,"j":401},{"i":370,"j":392},{"i":360,"j":391},{"i":322,"j":364},{"i":364,"j":379},{"i":379,"j":468},{"i":322,"j":379},{"i":373,"j":388},{"i":367,"j":389},{"i":357,"j":367},{"i":360,"j":369},{"i":371,"j":377},{"i":370,"j":405},{"i":367,"j":376},{"i":354,"j":384},{"i":339,"j":383},{"i":378,"j":396},{"i":385,"j":386},{"i":377,"j":385},{"i":386,"j":401},{"i":378,"j":380},{"i":394,"j":412},{"i":381,"j":393},{"i":376,"j":381},{"i":397,"j":407},{"i":384,"j":393},{"i":381,"j":384},{"i":391,"j":402},{"i":387,"j":395},{"i":384,"j":390},{"i":391,"j":394},{"i":387,"j":394},{"i":380,"j":392},{"i":400,"j":439},{"i":363,"j":407},{"i":393,"j":398},{"i":396,"j":399},{"i":388,"j":396},{"i":382,"j":410},{"i":369,"j":382},{"i":398,"j":415},{"i":399,"j":401},{"i":383,"j":401},{"i":397,"j":404},{"i":382,"j":397},{"i":370,"j":395},{"i":409,"j":413},{"i":399,"j":409},{"i":395,"j":406},{"i":363,"j":389},{"i":403,"j":411},{"i":392,"j":403},{"i":402,"j":412},{"i":403,"j":405},{"i":407,"j":448},{"i":401,"j":408},{"i":412,"j":419},{"i":404,"j":421},{"i":406,"j":419},{"i":405,"j":406},{"i":411,"j":418},{"i":409,"j":411},{"i":402,"j":433},{"i":427,"j":440},{"i":414,"j":424},{"i":407,"j":420},{"i":400,"j":415},{"i":398,"j":400},{"i":415,"j":416},{"i":415,"j":439},{"i":411,"j":417},{"i":402,"j":410},{"i":418,"j":425},{"i":413,"j":418},{"i":404,"j":420},{"i":413,"j":423},{"i":408,"j":413},{"i":439,"j":487},{"i":422,"j":426},{"i":408,"j":422},{"i":424,"j":432},{"i":417,"j":447},{"i":423,"j":431},{"i":422,"j":423},{"i":413,"j":425},{"i":434,"j":444},{"i":421,"j":427},{"i":414,"j":426},{"i":437,"j":443},{"i":425,"j":430},{"i":417,"j":419},{"i":429,"j":431},{"i":423,"j":429},{"i":428,"j":432},{"i":424,"j":428},{"i":353,"j":432},{"i":431,"j":438},{"i":410,"j":427},{"i":429,"j":452},{"i":434,"j":449},{"i":432,"j":434},{"i":420,"j":441},{"i":441,"j":461},{"i":435,"j":437},{"i":421,"j":435},{"i":429,"j":430},{"i":433,"j":436},{"i":427,"j":437},{"i":435,"j":446},{"i":416,"j":448},{"i":389,"j":416},{"i":452,"j":458},{"i":449,"j":473},{"i":440,"j":443},{"i":436,"j":440},{"i":428,"j":456},{"i":442,"j":464},{"i":435,"j":441},{"i":436,"j":443},{"i":445,"j":446},{"i":435,"j":445},{"i":446,"j":466},{"i":442,"j":449},{"i":434,"j":442},{"i":454,"j":460},{"i":445,"j":461},{"i":439,"j":450},{"i":448,"j":450},{"i":451,"j":486},{"i":448,"j":491},{"i":429,"j":459},{"i":379,"j":449},{"i":444,"j":454},{"i":442,"j":444},{"i":453,"j":474},{"i":438,"j":456},{"i":426,"j":438},{"i":441,"j":448},{"i":454,"j":462},{"i":455,"j":457},{"i":443,"j":455},{"i":447,"j":459},{"i":430,"j":447},{"i":456,"j":462},{"i":447,"j":463},{"i":458,"j":462},{"i":456,"j":458},{"i":460,"j":467},{"i":419,"j":471},{"i":452,"j":488},{"i":433,"j":457},{"i":467,"j":470},{"i":442,"j":460},{"i":455,"j":466},{"i":475,"j":483},{"i":462,"j":475},{"i":462,"j":492},{"i":449,"j":453},{"i":476,"j":489},{"i":468,"j":671},{"i":464,"j":467},{"i":469,"j":473},{"i":464,"j":469},{"i":457,"j":465},{"i":465,"j":477},{"i":470,"j":472},{"i":472,"j":473},{"i":469,"j":472},{"i":470,"j":481},{"i":453,"j":490},{"i":474,"j":482},{"i":470,"j":475},{"i":461,"j":476},{"i":390,"j":535},{"i":465,"j":489},{"i":484,"j":493},{"i":477,"j":484},{"i":468,"j":474},{"i":492,"j":497},{"i":478,"j":591},{"i":468,"j":478},{"i":466,"j":489},{"i":451,"j":480},{"i":450,"j":451},{"i":459,"j":496},{"i":482,"j":485},{"i":478,"j":482},{"i":481,"j":483},{"i":479,"j":481},{"i":471,"j":477},{"i":479,"j":490},{"i":473,"j":479},{"i":485,"j":501},{"i":476,"j":491},{"i":486,"j":506},{"i":463,"j":503},{"i":483,"j":494},{"i":485,"j":490},{"i":491,"j":512},{"i":483,"j":497},{"i":496,"j":526},{"i":488,"j":496},{"i":500,"j":515},{"i":463,"j":471},{"i":487,"j":535},{"i":495,"j":496},{"i":463,"j":495},{"i":490,"j":494},{"i":488,"j":499},{"i":498,"j":514},{"i":494,"j":509},{"i":494,"j":508},{"i":497,"j":509},{"i":491,"j":500},{"i":498,"j":501},{"i":490,"j":498},{"i":501,"j":591},{"i":484,"j":502},{"i":493,"j":504},{"i":471,"j":493},{"i":525,"j":553},{"i":499,"j":516},{"i":492,"j":499},{"i":493,"j":511},{"i":500,"j":505},{"i":489,"j":500},{"i":486,"j":487},{"i":504,"j":507},{"i":503,"j":504},{"i":512,"j":518},{"i":509,"j":516},{"i":498,"j":508},{"i":509,"j":513},{"i":516,"j":520},{"i":502,"j":505},{"i":510,"j":511},{"i":493,"j":510},{"i":515,"j":518},{"i":510,"j":529},{"i":480,"j":532},{"i":513,"j":531},{"i":508,"j":531},{"i":514,"j":548},{"i":518,"j":540},{"i":495,"j":533},{"i":515,"j":517},{"i":517,"j":527},{"i":512,"j":539},{"i":507,"j":524},{"i":503,"j":507},{"i":522,"j":527},{"i":519,"j":525},{"i":513,"j":519},{"i":517,"j":521},{"i":505,"j":517},{"i":517,"j":540},{"i":502,"j":521},{"i":528,"j":534},{"i":522,"j":523},{"i":521,"j":522},{"i":519,"j":520},{"i":499,"j":553},{"i":528,"j":553},{"i":503,"j":545},{"i":510,"j":523},{"i":525,"j":528},{"i":520,"j":553},{"i":523,"j":527},{"i":529,"j":530},{"i":511,"j":529},{"i":543,"j":586},{"i":529,"j":542},{"i":480,"j":506},{"i":524,"j":530},{"i":537,"j":566},{"i":526,"j":536},{"i":534,"j":566},{"i":532,"j":539},{"i":506,"j":535},{"i":533,"j":536},{"i":526,"j":533},{"i":531,"j":534},{"i":541,"j":566},{"i":542,"j":555},{"i":532,"j":543},{"i":538,"j":542},{"i":539,"j":540},{"i":537,"j":541},{"i":531,"j":537},{"i":499,"j":536},{"i":524,"j":550},{"i":543,"j":544},{"i":544,"j":551},{"i":539,"j":544},{"i":538,"j":546},{"i":530,"j":538},{"i":547,"j":549},{"i":545,"j":552},{"i":533,"j":545},{"i":527,"j":549},{"i":514,"j":541},{"i":542,"j":547},{"i":549,"j":563},{"i":546,"j":556},{"i":554,"j":559},{"i":545,"j":565},{"i":540,"j":570},{"i":553,"j":566},{"i":552,"j":561},{"i":554,"j":563},{"i":554,"j":555},{"i":547,"j":554},{"i":546,"j":567},{"i":552,"j":557},{"i":550,"j":565},{"i":557,"j":573},{"i":556,"j":558},{"i":555,"j":562},{"i":536,"j":561},{"i":562,"j":569},{"i":558,"j":565},{"i":550,"j":558},{"i":574,"j":593},{"i":559,"j":562},{"i":562,"j":564},{"i":551,"j":568},{"i":556,"j":567},{"i":563,"j":564},{"i":559,"j":563},{"i":546,"j":576},{"i":553,"j":560},{"i":565,"j":573},{"i":557,"j":565},{"i":546,"j":562},{"i":569,"j":582},{"i":567,"j":584},{"i":568,"j":570},{"i":570,"j":572},{"i":570,"j":571},{"i":563,"j":570},{"i":571,"j":585},{"i":565,"j":597},{"i":582,"j":585},{"i":560,"j":593},{"i":574,"j":578},{"i":574,"j":575},{"i":566,"j":574},{"i":578,"j":593},{"i":569,"j":577},{"i":576,"j":584},{"i":564,"j":582},{"i":578,"j":579},{"i":561,"j":587},{"i":560,"j":561},{"i":575,"j":579},{"i":566,"j":575},{"i":577,"j":580},{"i":576,"j":577},{"i":586,"j":624},{"i":568,"j":581},{"i":571,"j":572},{"i":579,"j":583},{"i":548,"j":579},{"i":586,"j":607},{"i":589,"j":607},{"i":580,"j":599},{"i":572,"j":581},{"i":581,"j":590},{"i":573,"j":592},{"i":586,"j":588},{"i":551,"j":586},{"i":568,"j":588},{"i":589,"j":590},{"i":581,"j":589},{"i":548,"j":583},{"i":584,"j":595},{"i":587,"j":596},{"i":593,"j":604},{"i":590,"j":594},{"i":580,"j":585},{"i":599,"j":605},{"i":592,"j":598},{"i":587,"j":592},{"i":598,"j":606},{"i":596,"j":598},{"i":595,"j":597},{"i":598,"j":609},{"i":595,"j":602},{"i":606,"j":609},{"i":596,"j":601},{"i":593,"j":601},{"i":592,"j":597},{"i":599,"j":602},{"i":583,"j":608},{"i":604,"j":608},{"i":591,"j":603},{"i":601,"j":613},{"i":600,"j":620},{"i":585,"j":594},{"i":597,"j":600},{"i":588,"j":607},{"i":604,"j":614},{"i":535,"j":658},{"i":600,"j":602},{"i":603,"j":608},{"i":608,"j":610},{"i":610,"j":618},{"i":610,"j":611},{"i":603,"j":610},{"i":609,"j":628},{"i":606,"j":616},{"i":612,"j":613},{"i":601,"j":612},{"i":614,"j":619},{"i":613,"j":614},{"i":625,"j":633},{"i":620,"j":625},{"i":614,"j":615},{"i":608,"j":614},{"i":602,"j":605},{"i":612,"j":616},{"i":594,"j":607},{"i":611,"j":671},{"i":591,"j":611},{"i":615,"j":618},{"i":610,"j":615},{"i":628,"j":630},{"i":619,"j":642},{"i":617,"j":622},{"i":599,"j":617},{"i":607,"j":621},{"i":625,"j":637},{"i":618,"j":623},{"i":535,"j":624},{"i":622,"j":625},{"i":605,"j":622},{"i":627,"j":632},{"i":619,"j":627},{"i":609,"j":620},{"i":611,"j":623},{"i":626,"j":631},{"i":616,"j":626},{"i":620,"j":630},{"i":628,"j":629},{"i":629,"j":634},{"i":626,"j":629},{"i":642,"j":646},{"i":627,"j":631},{"i":634,"j":640},{"i":631,"j":634},{"i":621,"j":636},{"i":617,"j":621},{"i":630,"j":639},{"i":639,"j":643},{"i":633,"j":638},{"i":630,"j":633},{"i":624,"j":635},{"i":621,"j":624},{"i":635,"j":636},{"i":636,"j":641},{"i":390,"j":666},{"i":637,"j":638},{"i":638,"j":639},{"i":639,"j":640},{"i":647,"j":655},{"i":619,"j":632},{"i":646,"j":648},{"i":632,"j":647},{"i":637,"j":641},{"i":642,"j":644},{"i":646,"j":653},{"i":644,"j":652},{"i":645,"j":646},{"i":642,"j":645},{"i":640,"j":654},{"i":631,"j":640},{"i":647,"j":648},{"i":645,"j":647},{"i":654,"j":668},{"i":635,"j":651},{"i":644,"j":650},{"i":656,"j":669},{"i":659,"j":665},{"i":649,"j":651},{"i":635,"j":649},{"i":623,"j":650},{"i":650,"j":652},{"i":640,"j":643},{"i":653,"j":659},{"i":641,"j":661},{"i":648,"j":655},{"i":647,"j":654},{"i":390,"j":672},{"i":653,"j":657},{"i":652,"j":653},{"i":643,"j":682},{"i":657,"j":664},{"i":663,"j":675},{"i":651,"j":663},{"i":658,"j":660},{"i":624,"j":658},{"i":659,"j":664},{"i":651,"j":678},{"i":657,"j":662},{"i":649,"j":660},{"i":664,"j":671},{"i":656,"j":665},{"i":655,"j":656},{"i":665,"j":677},{"i":664,"j":665},{"i":656,"j":668},{"i":658,"j":666},{"i":667,"j":673},{"i":668,"j":673},{"i":667,"j":669},{"i":656,"j":667},{"i":672,"j":686},{"i":669,"j":676},{"i":666,"j":670},{"i":660,"j":666},{"i":662,"j":671},{"i":650,"j":662},{"i":670,"j":674},{"i":663,"j":670},{"i":666,"j":672},{"i":661,"j":682},{"i":663,"j":674},{"i":675,"j":688},{"i":669,"j":693},{"i":676,"j":693},{"i":676,"j":677},{"i":677,"j":683},{"i":676,"j":681},{"i":651,"j":688},{"i":674,"j":679},{"i":678,"j":680},{"i":661,"j":678},{"i":673,"j":684},{"i":681,"j":685},{"i":661,"j":680},{"i":681,"j":683},{"i":685,"j":695},{"i":685,"j":689},{"i":682,"j":684},{"i":687,"j":689},{"i":680,"j":691},{"i":679,"j":686},{"i":675,"j":679},{"i":683,"j":687},{"i":671,"j":683},{"i":685,"j":687},{"i":686,"j":690},{"i":689,"j":696},{"i":688,"j":690},{"i":690,"j":691},{"i":684,"j":694},{"i":685,"j":692},{"i":692,"j":693},{"i":682,"j":698},{"i":691,"j":699},{"i":692,"j":697},{"i":695,"j":697},{"i":695,"j":696},{"i":693,"j":694},{"i":697,"j":699},{"i":682,"j":691},{"i":698,"j":699},{"i":694,"j":698},{"i":1,"j":16},{"i":16,"j":50},{"i":50,"j":160},{"i":160,"j":265},{"i":265,"j":671},{"i":671,"j":696},{"i":696,"j":699},{"i":0,"j":1}],"type":"Solution"}