{"instance_name":"euro-night-0000200","edges":[{"i":0,"j":3},{"i":0,"j":1},{"i":1,"j":5},{"i":4,"j":28},{"i":1,"j":3},{"i":5,"j":17},{"i":2,"j":5},{"i":4,"j":8},{"i":0,"j":4},{"i":4,"j":6},{"i":6,"j":9},{"i":4,"j":13},{"i":8,"j":10},{"i":3,"j":8},{"i":14,"j":26},{"i":11,"j":14},{"i":5,"j":10},{"i":10,"j":11},{"i":4,"j":7},{"i":7,"j":16},{"i":11,"j":12},{"i":12,"j":20},{"i":7,"j":9},{"i":15,"j":18},{"i":9,"j":15},{"i":16,"j":27},{"i":12,"j":13},{"i":20,"j":37},{"i":19,"j":20},{"i":26,"j":37},{"i":16,"j":18},{"i":18,"j":24},{"i":25,"j":32},{"i":22,"j":25},{"i":15,"j":22},{"i":24,"j":30},{"i":21,"j":24},{"i":22,"j":23},{"i":24,"j":25},{"i":19,"j":26},{"i":14,"j":19},{"i":31,"j":33},{"i":27,"j":35},{"i":13,"j":27},{"i":21,"j":30},{"i":16,"j":21},{"i":22,"j":28},{"i":6,"j":28},{"i":26,"j":29},{"i":10,"j":26},{"i":29,"j":55},{"i":17,"j":29},{"i":28,"j":33},{"i":23,"j":28},{"i":30,"j":34},{"i":31,"j":32},{"i":23,"j":31},{"i":32,"j":34},{"i":33,"j":39},{"i":34,"j":36},{"i":34,"j":38},{"i":20,"j":41},{"i":37,"j":40},{"i":35,"j":38},{"i":36,"j":43},{"i":20,"j":35},{"i":45,"j":52},{"i":40,"j":55},{"i":35,"j":48},{"i":36,"j":39},{"i":28,"j":42},{"i":39,"j":49},{"i":43,"j":52},{"i":49,"j":56},{"i":44,"j":48},{"i":38,"j":44},{"i":43,"j":45},{"i":41,"j":57},{"i":48,"j":51},{"i":41,"j":48},{"i":45,"j":47},{"i":44,"j":45},{"i":41,"j":51},{"i":47,"j":48},{"i":39,"j":42},{"i":49,"j":50},{"i":50,"j":53},{"i":47,"j":54},{"i":42,"j":59},{"i":50,"j":52},{"i":52,"j":58},{"i":40,"j":46},{"i":55,"j":60},{"i":17,"j":55},{"i":51,"j":61},{"i":53,"j":58},{"i":57,"j":61},{"i":46,"j":57},{"i":51,"j":54},{"i":53,"j":56},{"i":58,"j":63},{"i":58,"j":65},{"i":54,"j":58},{"i":62,"j":67},{"i":56,"j":59},{"i":61,"j":73},{"i":56,"j":64},{"i":58,"j":70},{"i":62,"j":64},{"i":59,"j":62},{"i":65,"j":70},{"i":65,"j":73},{"i":63,"j":69},{"i":63,"j":64},{"i":68,"j":71},{"i":63,"j":68},{"i":67,"j":69},{"i":64,"j":67},{"i":66,"j":73},{"i":65,"j":66},{"i":69,"j":74},{"i":71,"j":75},{"i":70,"j":71},{"i":67,"j":72},{"i":73,"j":84},{"i":46,"j":73},{"i":72,"j":74},{"i":71,"j":77},{"i":76,"j":80},{"i":66,"j":75},{"i":74,"j":76},{"i":68,"j":74},{"i":76,"j":77},{"i":80,"j":86},{"i":74,"j":80},{"i":72,"j":78},{"i":77,"j":79},{"i":75,"j":77},{"i":79,"j":83},{"i":83,"j":88},{"i":81,"j":84},{"i":73,"j":81},{"i":80,"j":82},{"i":81,"j":104},{"i":88,"j":94},{"i":84,"j":87},{"i":83,"j":85},{"i":81,"j":83},{"i":85,"j":89},{"i":81,"j":85},{"i":88,"j":89},{"i":28,"j":90},{"i":78,"j":91},{"i":90,"j":92},{"i":86,"j":99},{"i":94,"j":108},{"i":82,"j":97},{"i":79,"j":82},{"i":95,"j":109},{"i":92,"j":95},{"i":67,"j":92},{"i":82,"j":102},{"i":95,"j":96},{"i":91,"j":95},{"i":86,"j":93},{"i":101,"j":110},{"i":102,"j":111},{"i":96,"j":98},{"i":91,"j":96},{"i":100,"j":108},{"i":98,"j":99},{"i":78,"j":98},{"i":94,"j":100},{"i":93,"j":99},{"i":100,"j":101},{"i":101,"j":106},{"i":93,"j":113},{"i":87,"j":103},{"i":109,"j":120},{"i":107,"j":116},{"i":101,"j":104},{"i":89,"j":101},{"i":104,"j":105},{"i":105,"j":112},{"i":87,"j":105},{"i":97,"j":107},{"i":94,"j":97},{"i":105,"j":106},{"i":99,"j":109},{"i":98,"j":109},{"i":111,"j":129},{"i":110,"j":115},{"i":102,"j":114},{"i":106,"j":110},{"i":112,"j":118},{"i":108,"j":116},{"i":113,"j":114},{"i":102,"j":113},{"i":107,"j":111},{"i":119,"j":127},{"i":118,"j":119},{"i":114,"j":129},{"i":115,"j":122},{"i":112,"j":115},{"i":113,"j":117},{"i":118,"j":122},{"i":123,"j":131},{"i":103,"j":118},{"i":116,"j":122},{"i":115,"j":116},{"i":117,"j":129},{"i":95,"j":125},{"i":90,"j":121},{"i":122,"j":131},{"i":124,"j":133},{"i":121,"j":124},{"i":92,"j":121},{"i":120,"j":126},{"i":117,"j":120},{"i":124,"j":125},{"i":123,"j":127},{"i":119,"j":123},{"i":129,"j":136},{"i":103,"j":127},{"i":121,"j":195},{"i":103,"j":128},{"i":129,"j":130},{"i":129,"j":146},{"i":132,"j":142},{"i":131,"j":142},{"i":125,"j":141},{"i":130,"j":134},{"i":132,"j":135},{"i":127,"j":132},{"i":135,"j":164},{"i":128,"j":135},{"i":134,"j":138},{"i":131,"j":134},{"i":129,"j":143},{"i":130,"j":136},{"i":143,"j":148},{"i":137,"j":138},{"i":134,"j":137},{"i":137,"j":139},{"i":136,"j":139},{"i":133,"j":141},{"i":121,"j":140},{"i":141,"j":145},{"i":126,"j":141},{"i":138,"j":144},{"i":135,"j":142},{"i":126,"j":146},{"i":139,"j":143},{"i":148,"j":150},{"i":142,"j":144},{"i":126,"j":145},{"i":146,"j":151},{"i":140,"j":147},{"i":133,"j":140},{"i":144,"j":148},{"i":149,"j":157},{"i":145,"j":151},{"i":150,"j":157},{"i":149,"j":150},{"i":141,"j":154},{"i":144,"j":149},{"i":152,"j":157},{"i":150,"j":153},{"i":151,"j":153},{"i":151,"j":154},{"i":155,"j":167},{"i":140,"j":195},{"i":156,"j":165},{"i":142,"j":156},{"i":152,"j":159},{"i":144,"j":152},{"i":152,"j":160},{"i":159,"j":160},{"i":157,"j":163},{"i":155,"j":162},{"i":154,"j":155},{"i":153,"j":166},{"i":161,"j":170},{"i":160,"j":161},{"i":164,"j":182},{"i":158,"j":169},{"i":156,"j":158},{"i":164,"j":165},{"i":163,"j":166},{"i":161,"j":163},{"i":147,"j":167},{"i":158,"j":159},{"i":173,"j":181},{"i":168,"j":176},{"i":165,"j":168},{"i":169,"j":170},{"i":162,"j":177},{"i":147,"j":171},{"i":169,"j":172},{"i":174,"j":181},{"i":172,"j":175},{"i":168,"j":172},{"i":173,"j":174},{"i":166,"j":173},{"i":173,"j":177},{"i":175,"j":176},{"i":174,"j":178},{"i":170,"j":174},{"i":167,"j":187},{"i":162,"j":167},{"i":174,"j":179},{"i":186,"j":196},{"i":175,"j":178},{"i":180,"j":184},{"i":175,"j":180},{"i":179,"j":183},{"i":178,"j":179},{"i":177,"j":190},{"i":176,"j":182},{"i":183,"j":186},{"i":180,"j":183},{"i":179,"j":190},{"i":182,"j":193},{"i":128,"j":182},{"i":184,"j":185},{"i":182,"j":185},{"i":184,"j":188},{"i":184,"j":186},{"i":171,"j":187},{"i":167,"j":171},{"i":181,"j":190},{"i":191,"j":197},{"i":187,"j":189},{"i":189,"j":191},{"i":185,"j":188},{"i":192,"j":198},{"i":192,"j":194},{"i":185,"j":192},{"i":189,"j":195},{"i":171,"j":195},{"i":196,"j":199},{"i":195,"j":197},{"i":191,"j":195},{"i":194,"j":198},{"i":193,"j":194},{"i":196,"j":198},{"i":188,"j":196},{"i":197,"j":199},{"i":190,"j":197},{"i":0,"j":2},{"i":2,"j":17},{"i":17,"j":60},{"i":60,"j":103},{"i":103,"j":193},{"i":193,"j":198},{"i":198,"j":199}],"type":"Solution"}