{"instance_name":"euro-night-0000900","edges":[{"i":3,"j":63},{"i":4,"j":17},{"i":0,"j":3},{"i":0,"j":8},{"i":2,"j":4},{"i":0,"j":2},{"i":5,"j":22},{"i":3,"j":7},{"i":2,"j":3},{"i":7,"j":29},{"i":6,"j":9},{"i":3,"j":6},{"i":8,"j":10},{"i":9,"j":14},{"i":5,"j":11},{"i":4,"j":5},{"i":10,"j":19},{"i":2,"j":9},{"i":12,"j":13},{"i":9,"j":12},{"i":13,"j":17},{"i":2,"j":13},{"i":13,"j":21},{"i":16,"j":25},{"i":12,"j":23},{"i":20,"j":32},{"i":16,"j":18},{"i":6,"j":16},{"i":11,"j":22},{"i":8,"j":11},{"i":15,"j":26},{"i":14,"j":24},{"i":13,"j":20},{"i":27,"j":35},{"i":14,"j":15},{"i":23,"j":32},{"i":20,"j":23},{"i":6,"j":7},{"i":26,"j":49},{"i":15,"j":49},{"i":10,"j":38},{"i":24,"j":31},{"i":17,"j":21},{"i":32,"j":34},{"i":27,"j":30},{"i":19,"j":27},{"i":18,"j":25},{"i":24,"j":26},{"i":37,"j":55},{"i":30,"j":42},{"i":31,"j":32},{"i":21,"j":34},{"i":33,"j":37},{"i":22,"j":33},{"i":25,"j":28},{"i":22,"j":38},{"i":34,"j":37},{"i":33,"j":34},{"i":29,"j":36},{"i":28,"j":29},{"i":40,"j":48},{"i":3,"j":41},{"i":33,"j":40},{"i":3,"j":65},{"i":38,"j":40},{"i":36,"j":39},{"i":28,"j":36},{"i":40,"j":44},{"i":35,"j":40},{"i":35,"j":43},{"i":30,"j":35},{"i":35,"j":44},{"i":43,"j":45},{"i":43,"j":47},{"i":45,"j":57},{"i":42,"j":45},{"i":46,"j":51},{"i":46,"j":47},{"i":44,"j":46},{"i":49,"j":56},{"i":48,"j":51},{"i":31,"j":52},{"i":18,"j":73},{"i":15,"j":18},{"i":50,"j":54},{"i":32,"j":50},{"i":49,"j":52},{"i":52,"j":53},{"i":49,"j":58},{"i":54,"j":55},{"i":3,"j":223},{"i":48,"j":60},{"i":51,"j":59},{"i":47,"j":51},{"i":50,"j":53},{"i":60,"j":78},{"i":59,"j":67},{"i":55,"j":70},{"i":48,"j":55},{"i":53,"j":56},{"i":61,"j":69},{"i":54,"j":61},{"i":58,"j":64},{"i":56,"j":58},{"i":39,"j":41},{"i":62,"j":66},{"i":61,"j":62},{"i":66,"j":79},{"i":39,"j":95},{"i":62,"j":71},{"i":68,"j":91},{"i":67,"j":72},{"i":57,"j":67},{"i":62,"j":64},{"i":70,"j":75},{"i":69,"j":70},{"i":60,"j":77},{"i":59,"j":60},{"i":64,"j":80},{"i":41,"j":63},{"i":70,"j":81},{"i":65,"j":76},{"i":63,"j":65},{"i":69,"j":79},{"i":80,"j":100},{"i":65,"j":68},{"i":72,"j":107},{"i":57,"j":72},{"i":77,"j":84},{"i":64,"j":94},{"i":75,"j":82},{"i":73,"j":94},{"i":58,"j":73},{"i":81,"j":89},{"i":78,"j":81},{"i":79,"j":83},{"i":82,"j":89},{"i":71,"j":86},{"i":66,"j":71},{"i":85,"j":88},{"i":84,"j":107},{"i":75,"j":83},{"i":73,"j":110},{"i":71,"j":87},{"i":86,"j":88},{"i":83,"j":86},{"i":87,"j":97},{"i":88,"j":97},{"i":68,"j":223},{"i":85,"j":90},{"i":82,"j":85},{"i":93,"j":96},{"i":89,"j":93},{"i":91,"j":101},{"i":76,"j":102},{"i":77,"j":78},{"i":92,"j":149},{"i":84,"j":92},{"i":89,"j":96},{"i":90,"j":96},{"i":39,"j":74},{"i":80,"j":133},{"i":74,"j":99},{"i":90,"j":97},{"i":92,"j":93},{"i":100,"j":104},{"i":87,"j":100},{"i":95,"j":103},{"i":74,"j":105},{"i":95,"j":118},{"i":100,"j":119},{"i":104,"j":121},{"i":97,"j":104},{"i":98,"j":102},{"i":76,"j":98},{"i":91,"j":115},{"i":102,"j":108},{"i":99,"j":123},{"i":73,"j":103},{"i":106,"j":113},{"i":102,"j":106},{"i":108,"j":112},{"i":99,"j":105},{"i":107,"j":220},{"i":115,"j":223},{"i":101,"j":109},{"i":98,"j":101},{"i":103,"j":138},{"i":105,"j":108},{"i":111,"j":126},{"i":106,"j":117},{"i":111,"j":116},{"i":108,"j":111},{"i":109,"j":134},{"i":106,"j":109},{"i":106,"j":122},{"i":101,"j":115},{"i":112,"j":113},{"i":117,"j":122},{"i":114,"j":123},{"i":99,"j":114},{"i":94,"j":110},{"i":124,"j":140},{"i":113,"j":117},{"i":119,"j":121},{"i":126,"j":136},{"i":112,"j":120},{"i":121,"j":130},{"i":97,"j":121},{"i":116,"j":127},{"i":114,"j":116},{"i":122,"j":124},{"i":120,"j":122},{"i":123,"j":125},{"i":110,"j":141},{"i":127,"j":131},{"i":124,"j":126},{"i":120,"j":124},{"i":115,"j":145},{"i":126,"j":127},{"i":118,"j":147},{"i":149,"j":162},{"i":119,"j":137},{"i":133,"j":156},{"i":128,"j":132},{"i":123,"j":128},{"i":125,"j":147},{"i":118,"j":125},{"i":128,"j":131},{"i":125,"j":129},{"i":119,"j":167},{"i":96,"j":130},{"i":129,"j":132},{"i":136,"j":139},{"i":131,"j":136},{"i":122,"j":142},{"i":138,"j":141},{"i":140,"j":144},{"i":136,"j":140},{"i":134,"j":142},{"i":141,"j":143},{"i":135,"j":151},{"i":132,"j":135},{"i":143,"j":150},{"i":133,"j":143},{"i":140,"j":148},{"i":140,"j":142},{"i":145,"j":146},{"i":134,"j":145},{"i":144,"j":166},{"i":139,"j":144},{"i":138,"j":147},{"i":142,"j":160},{"i":148,"j":166},{"i":158,"j":170},{"i":157,"j":158},{"i":135,"j":139},{"i":153,"j":158},{"i":147,"j":153},{"i":152,"j":158},{"i":151,"j":153},{"i":129,"j":151},{"i":149,"j":154},{"i":130,"j":164},{"i":176,"j":211},{"i":137,"j":164},{"i":96,"j":155},{"i":150,"j":185},{"i":137,"j":179},{"i":152,"j":157},{"i":147,"j":152},{"i":151,"j":165},{"i":146,"j":159},{"i":142,"j":146},{"i":159,"j":160},{"i":166,"j":174},{"i":160,"j":161},{"i":161,"j":166},{"i":148,"j":161},{"i":154,"j":220},{"i":96,"j":169},{"i":157,"j":186},{"i":156,"j":167},{"i":169,"j":178},{"i":171,"j":177},{"i":170,"j":171},{"i":155,"j":164},{"i":166,"j":168},{"i":155,"j":173},{"i":155,"j":175},{"i":165,"j":171},{"i":173,"j":184},{"i":157,"j":203},{"i":165,"j":168},{"i":169,"j":172},{"i":169,"j":173},{"i":172,"j":187},{"i":162,"j":172},{"i":173,"j":175},{"i":160,"j":176},{"i":175,"j":216},{"i":168,"j":181},{"i":174,"j":181},{"i":163,"j":200},{"i":177,"j":181},{"i":178,"j":187},{"i":156,"j":185},{"i":176,"j":180},{"i":180,"j":205},{"i":174,"j":192},{"i":150,"j":163},{"i":164,"j":216},{"i":183,"j":184},{"i":182,"j":188},{"i":167,"j":182},{"i":170,"j":189},{"i":182,"j":185},{"i":170,"j":177},{"i":183,"j":187},{"i":178,"j":183},{"i":198,"j":204},{"i":200,"j":209},{"i":185,"j":200},{"i":186,"j":190},{"i":163,"j":186},{"i":190,"j":197},{"i":157,"j":210},{"i":174,"j":180},{"i":190,"j":203},{"i":174,"j":198},{"i":187,"j":193},{"i":154,"j":195},{"i":193,"j":195},{"i":162,"j":193},{"i":164,"j":179},{"i":192,"j":196},{"i":194,"j":207},{"i":188,"j":194},{"i":189,"j":210},{"i":196,"j":199},{"i":181,"j":196},{"i":192,"j":201},{"i":199,"j":202},{"i":177,"j":199},{"i":197,"j":200},{"i":198,"j":201},{"i":159,"j":211},{"i":202,"j":208},{"i":191,"j":202},{"i":189,"j":191},{"i":199,"j":215},{"i":204,"j":206},{"i":205,"j":206},{"i":204,"j":205},{"i":201,"j":213},{"i":207,"j":217},{"i":188,"j":207},{"i":203,"j":212},{"i":215,"j":242},{"i":191,"j":208},{"i":206,"j":213},{"i":201,"j":206},{"i":115,"j":211},{"i":207,"j":219},{"i":210,"j":212},{"i":212,"j":214},{"i":213,"j":257},{"i":214,"j":243},{"i":219,"j":222},{"i":217,"j":219},{"i":207,"j":222},{"i":213,"j":215},{"i":179,"j":188},{"i":208,"j":243},{"i":216,"j":218},{"i":184,"j":216},{"i":217,"j":221},{"i":218,"j":220},{"i":195,"j":218},{"i":227,"j":232},{"i":215,"j":255},{"i":216,"j":221},{"i":224,"j":245},{"i":216,"j":224},{"i":225,"j":227},{"i":214,"j":225},{"i":227,"j":228},{"i":214,"j":227},{"i":228,"j":229},{"i":197,"j":228},{"i":229,"j":230},{"i":226,"j":229},{"i":231,"j":245},{"i":224,"j":231},{"i":230,"j":233},{"i":226,"j":230},{"i":232,"j":239},{"i":228,"j":234},{"i":242,"j":252},{"i":240,"j":270},{"i":232,"j":236},{"i":235,"j":245},{"i":231,"j":235},{"i":234,"j":253},{"i":233,"j":234},{"i":234,"j":236},{"i":237,"j":238},{"i":236,"j":237},{"i":243,"j":252},{"i":215,"j":251},{"i":233,"j":258},{"i":226,"j":233},{"i":241,"j":247},{"i":240,"j":241},{"i":222,"j":240},{"i":242,"j":243},{"i":222,"j":241},{"i":256,"j":261},{"i":251,"j":256},{"i":235,"j":246},{"i":259,"j":268},{"i":246,"j":329},{"i":244,"j":249},{"i":221,"j":244},{"i":238,"j":253},{"i":234,"j":238},{"i":247,"j":260},{"i":244,"j":247},{"i":239,"j":254},{"i":237,"j":239},{"i":246,"j":249},{"i":248,"j":253},{"i":238,"j":248},{"i":225,"j":243},{"i":248,"j":254},{"i":251,"j":252},{"i":239,"j":250},{"i":261,"j":272},{"i":253,"j":266},{"i":250,"j":252},{"i":206,"j":211},{"i":255,"j":256},{"i":272,"j":281},{"i":260,"j":275},{"i":249,"j":260},{"i":245,"j":259},{"i":263,"j":272},{"i":264,"j":291},{"i":240,"j":267},{"i":194,"j":209},{"i":252,"j":265},{"i":258,"j":276},{"i":254,"j":279},{"i":261,"j":263},{"i":259,"j":264},{"i":220,"j":259},{"i":245,"j":268},{"i":252,"j":263},{"i":262,"j":279},{"i":250,"j":262},{"i":255,"j":286},{"i":226,"j":271},{"i":209,"j":226},{"i":257,"j":286},{"i":268,"j":269},{"i":269,"j":274},{"i":269,"j":273},{"i":264,"j":269},{"i":274,"j":299},{"i":270,"j":289},{"i":262,"j":265},{"i":267,"j":275},{"i":273,"j":291},{"i":267,"j":280},{"i":274,"j":277},{"i":273,"j":274},{"i":279,"j":283},{"i":275,"j":325},{"i":266,"j":283},{"i":258,"j":266},{"i":277,"j":299},{"i":277,"j":291},{"i":270,"j":271},{"i":272,"j":278},{"i":265,"j":272},{"i":262,"j":278},{"i":245,"j":299},{"i":282,"j":292},{"i":278,"j":284},{"i":281,"j":287},{"i":279,"j":314},{"i":278,"j":282},{"i":281,"j":285},{"i":282,"j":285},{"i":257,"j":309},{"i":281,"j":293},{"i":294,"j":296},{"i":283,"j":288},{"i":289,"j":290},{"i":276,"j":290},{"i":271,"j":276},{"i":280,"j":304},{"i":276,"j":288},{"i":285,"j":287},{"i":283,"j":298},{"i":293,"j":294},{"i":286,"j":308},{"i":287,"j":294},{"i":293,"j":308},{"i":295,"j":301},{"i":292,"j":295},{"i":293,"j":302},{"i":284,"j":314},{"i":306,"j":317},{"i":284,"j":292},{"i":299,"j":350},{"i":306,"j":322},{"i":296,"j":300},{"i":295,"j":296},{"i":305,"j":321},{"i":301,"j":339},{"i":299,"j":303},{"i":303,"j":363},{"i":291,"j":303},{"i":288,"j":297},{"i":302,"j":305},{"i":300,"j":302},{"i":297,"j":322},{"i":300,"j":321},{"i":286,"j":307},{"i":284,"j":301},{"i":307,"j":318},{"i":290,"j":306},{"i":289,"j":310},{"i":309,"j":311},{"i":289,"j":315},{"i":280,"j":289},{"i":298,"j":334},{"i":297,"j":298},{"i":312,"j":319},{"i":304,"j":312},{"i":308,"j":318},{"i":305,"j":308},{"i":284,"j":313},{"i":316,"j":333},{"i":310,"j":338},{"i":324,"j":330},{"i":306,"j":316},{"i":313,"j":343},{"i":311,"j":318},{"i":307,"j":311},{"i":315,"j":319},{"i":312,"j":315},{"i":315,"j":347},{"i":309,"j":320},{"i":318,"j":323},{"i":321,"j":339},{"i":322,"j":334},{"i":328,"j":349},{"i":323,"j":328},{"i":321,"j":323},{"i":319,"j":324},{"i":325,"j":331},{"i":304,"j":324},{"i":320,"j":327},{"i":223,"j":326},{"i":320,"j":336},{"i":327,"j":337},{"i":318,"j":337},{"i":316,"j":322},{"i":310,"j":317},{"i":329,"j":335},{"i":330,"j":331},{"i":325,"j":330},{"i":317,"j":333},{"i":331,"j":335},{"i":329,"j":331},{"i":328,"j":332},{"i":298,"j":364},{"i":330,"j":354},{"i":314,"j":364},{"i":317,"j":345},{"i":327,"j":336},{"i":333,"j":351},{"i":338,"j":356},{"i":332,"j":344},{"i":211,"j":326},{"i":340,"j":342},{"i":349,"j":360},{"i":326,"j":342},{"i":313,"j":339},{"i":339,"j":344},{"i":347,"j":354},{"i":336,"j":348},{"i":346,"j":349},{"i":337,"j":346},{"i":348,"j":360},{"i":346,"j":360},{"i":352,"j":358},{"i":245,"j":335},{"i":343,"j":364},{"i":358,"j":366},{"i":338,"j":345},{"i":352,"j":353},{"i":332,"j":352},{"i":355,"j":391},{"i":345,"j":351},{"i":347,"j":355},{"i":339,"j":362},{"i":360,"j":390},{"i":357,"j":358},{"i":352,"j":357},{"i":354,"j":359},{"i":350,"j":380},{"i":339,"j":365},{"i":344,"j":353},{"i":343,"j":361},{"i":353,"j":366},{"i":350,"j":367},{"i":341,"j":378},{"i":340,"j":341},{"i":361,"j":372},{"i":361,"j":362},{"i":360,"j":371},{"i":357,"j":360},{"i":320,"j":340},{"i":369,"j":391},{"i":351,"j":369},{"i":368,"j":369},{"i":334,"j":368},{"i":368,"j":381},{"i":365,"j":370},{"i":370,"j":383},{"i":362,"j":370},{"i":384,"j":388},{"i":356,"j":391},{"i":355,"j":356},{"i":379,"j":392},{"i":364,"j":384},{"i":374,"j":388},{"i":366,"j":371},{"i":387,"j":405},{"i":374,"j":376},{"i":364,"j":374},{"i":372,"j":383},{"i":364,"j":372},{"i":375,"j":377},{"i":366,"j":375},{"i":375,"j":386},{"i":342,"j":378},{"i":341,"j":342},{"i":382,"j":432},{"i":376,"j":379},{"i":368,"j":376},{"i":367,"j":415},{"i":363,"j":367},{"i":380,"j":432},{"i":382,"j":401},{"i":379,"j":381},{"i":380,"j":382},{"i":365,"j":377},{"i":371,"j":387},{"i":386,"j":389},{"i":377,"j":386},{"i":388,"j":392},{"i":385,"j":388},{"i":386,"j":405},{"i":383,"j":394},{"i":385,"j":392},{"i":379,"j":385},{"i":431,"j":499},{"i":364,"j":383},{"i":391,"j":397},{"i":370,"j":389},{"i":393,"j":396},{"i":384,"j":393},{"i":395,"j":399},{"i":393,"j":394},{"i":397,"j":399},{"i":395,"j":397},{"i":395,"j":398},{"i":391,"j":395},{"i":359,"j":373},{"i":392,"j":410},{"i":384,"j":413},{"i":390,"j":400},{"i":359,"j":436},{"i":335,"j":359},{"i":401,"j":415},{"i":403,"j":427},{"i":409,"j":418},{"i":381,"j":408},{"i":412,"j":422},{"i":400,"j":406},{"i":387,"j":400},{"i":405,"j":420},{"i":400,"j":409},{"i":405,"j":407},{"i":411,"j":419},{"i":396,"j":411},{"i":392,"j":403},{"i":421,"j":434},{"i":394,"j":414},{"i":390,"j":418},{"i":404,"j":422},{"i":399,"j":404},{"i":384,"j":396},{"i":404,"j":408},{"i":407,"j":414},{"i":389,"j":407},{"i":412,"j":416},{"i":398,"j":412},{"i":373,"j":458},{"i":408,"j":424},{"i":414,"j":444},{"i":415,"j":468},{"i":410,"j":433},{"i":411,"j":414},{"i":409,"j":417},{"i":405,"j":406},{"i":425,"j":429},{"i":403,"j":413},{"i":406,"j":417},{"i":417,"j":418},{"i":430,"j":440},{"i":418,"j":430},{"i":398,"j":458},{"i":373,"j":398},{"i":420,"j":423},{"i":428,"j":429},{"i":423,"j":425},{"i":414,"j":423},{"i":414,"j":425},{"i":421,"j":426},{"i":417,"j":421},{"i":413,"j":419},{"i":424,"j":447},{"i":433,"j":448},{"i":428,"j":439},{"i":414,"j":428},{"i":420,"j":437},{"i":348,"j":378},{"i":402,"j":435},{"i":378,"j":402},{"i":326,"j":431},{"i":398,"j":416},{"i":414,"j":439},{"i":436,"j":475},{"i":410,"j":427},{"i":450,"j":484},{"i":416,"j":446},{"i":426,"j":460},{"i":420,"j":426},{"i":431,"j":462},{"i":419,"j":445},{"i":444,"j":450},{"i":443,"j":469},{"i":429,"j":437},{"i":430,"j":441},{"i":434,"j":463},{"i":435,"j":474},{"i":430,"j":435},{"i":431,"j":442},{"i":402,"j":431},{"i":438,"j":443},{"i":413,"j":438},{"i":439,"j":484},{"i":448,"j":453},{"i":419,"j":444},{"i":424,"j":433},{"i":416,"j":482},{"i":427,"j":448},{"i":437,"j":484},{"i":447,"j":451},{"i":422,"j":447},{"i":448,"j":452},{"i":432,"j":457},{"i":401,"j":432},{"i":436,"j":449},{"i":447,"j":459},{"i":445,"j":467},{"i":456,"j":464},{"i":452,"j":456},{"i":449,"j":475},{"i":427,"j":461},{"i":447,"j":452},{"i":427,"j":443},{"i":450,"j":467},{"i":445,"j":450},{"i":442,"j":454},{"i":453,"j":461},{"i":453,"j":456},{"i":432,"j":449},{"i":458,"j":475},{"i":446,"j":451},{"i":457,"j":477},{"i":447,"j":464},{"i":464,"j":466},{"i":434,"j":440},{"i":459,"j":465},{"i":451,"j":459},{"i":427,"j":455},{"i":441,"j":472},{"i":440,"j":441},{"i":442,"j":488},{"i":456,"j":466},{"i":460,"j":463},{"i":455,"j":476},{"i":466,"j":470},{"i":459,"j":466},{"i":438,"j":480},{"i":470,"j":485},{"i":469,"j":471},{"i":455,"j":469},{"i":474,"j":486},{"i":472,"j":474},{"i":471,"j":479},{"i":442,"j":462},{"i":431,"j":473},{"i":474,"j":487},{"i":465,"j":482},{"i":446,"j":465},{"i":475,"j":606},{"i":457,"j":475},{"i":455,"j":471},{"i":223,"j":509},{"i":477,"j":612},{"i":468,"j":477},{"i":480,"j":497},{"i":472,"j":478},{"i":463,"j":472},{"i":467,"j":480},{"i":470,"j":483},{"i":467,"j":495},{"i":480,"j":481},{"i":469,"j":480},{"i":483,"j":501},{"i":485,"j":494},{"i":485,"j":492},{"i":461,"j":496},{"i":460,"j":503},{"i":492,"j":494},{"i":501,"j":506},{"i":476,"j":496},{"i":474,"j":489},{"i":478,"j":551},{"i":462,"j":500},{"i":486,"j":487},{"i":454,"j":490},{"i":435,"j":454},{"i":479,"j":481},{"i":488,"j":490},{"i":485,"j":491},{"i":484,"j":495},{"i":483,"j":491},{"i":492,"j":493},{"i":503,"j":548},{"i":493,"j":498},{"i":493,"j":494},{"i":478,"j":548},{"i":479,"j":507},{"i":476,"j":479},{"i":498,"j":513},{"i":495,"j":497},{"i":496,"j":508},{"i":494,"j":496},{"i":473,"j":500},{"i":473,"j":502},{"i":500,"j":504},{"i":488,"j":500},{"i":491,"j":498},{"i":473,"j":499},{"i":502,"j":512},{"i":487,"j":489},{"i":502,"j":504},{"i":508,"j":513},{"i":481,"j":510},{"i":506,"j":514},{"i":505,"j":506},{"i":497,"j":510},{"i":501,"j":513},{"i":504,"j":535},{"i":499,"j":509},{"i":503,"j":517},{"i":484,"j":503},{"i":507,"j":524},{"i":505,"j":511},{"i":482,"j":505},{"i":510,"j":529},{"i":512,"j":519},{"i":519,"j":531},{"i":506,"j":516},{"i":512,"j":515},{"i":513,"j":525},{"i":514,"j":523},{"i":511,"j":514},{"i":490,"j":538},{"i":511,"j":518},{"i":531,"j":624},{"i":504,"j":515},{"i":509,"j":519},{"i":475,"j":518},{"i":520,"j":541},{"i":518,"j":520},{"i":507,"j":529},{"i":516,"j":526},{"i":521,"j":523},{"i":510,"j":517},{"i":525,"j":528},{"i":516,"j":525},{"i":508,"j":522},{"i":523,"j":526},{"i":525,"j":533},{"i":528,"j":530},{"i":526,"j":528},{"i":529,"j":560},{"i":522,"j":537},{"i":527,"j":531},{"i":522,"j":524},{"i":515,"j":527},{"i":530,"j":532},{"i":566,"j":607},{"i":521,"j":546},{"i":520,"j":521},{"i":533,"j":537},{"i":530,"j":536},{"i":527,"j":539},{"i":523,"j":549},{"i":533,"j":536},{"i":541,"j":554},{"i":529,"j":542},{"i":547,"j":562},{"i":490,"j":535},{"i":540,"j":607},{"i":535,"j":539},{"i":523,"j":532},{"i":534,"j":536},{"i":532,"j":534},{"i":517,"j":553},{"i":538,"j":544},{"i":489,"j":538},{"i":540,"j":543},{"i":535,"j":540},{"i":544,"j":551},{"i":541,"j":545},{"i":566,"j":589},{"i":475,"j":545},{"i":536,"j":562},{"i":553,"j":573},{"i":547,"j":555},{"i":486,"j":551},{"i":548,"j":551},{"i":541,"j":546},{"i":547,"j":549},{"i":534,"j":547},{"i":549,"j":559},{"i":548,"j":550},{"i":544,"j":576},{"i":550,"j":552},{"i":517,"j":552},{"i":546,"j":563},{"i":545,"j":554},{"i":552,"j":565},{"i":543,"j":556},{"i":538,"j":543},{"i":555,"j":559},{"i":542,"j":558},{"i":524,"j":542},{"i":557,"j":562},{"i":537,"j":557},{"i":542,"j":570},{"i":555,"j":568},{"i":558,"j":562},{"i":557,"j":558},{"i":559,"j":568},{"i":553,"j":560},{"i":559,"j":561},{"i":560,"j":583},{"i":561,"j":568},{"i":561,"j":563},{"i":554,"j":572},{"i":564,"j":604},{"i":545,"j":564},{"i":551,"j":585},{"i":550,"j":551},{"i":543,"j":566},{"i":566,"j":567},{"i":567,"j":577},{"i":556,"j":567},{"i":571,"j":581},{"i":563,"j":572},{"i":569,"j":575},{"i":564,"j":569},{"i":563,"j":594},{"i":542,"j":590},{"i":570,"j":574},{"i":562,"j":570},{"i":568,"j":578},{"i":570,"j":571},{"i":569,"j":572},{"i":574,"j":580},{"i":544,"j":556},{"i":509,"j":686},{"i":564,"j":575},{"i":562,"j":603},{"i":563,"j":578},{"i":579,"j":581},{"i":579,"j":580},{"i":574,"j":579},{"i":580,"j":595},{"i":562,"j":580},{"i":573,"j":583},{"i":553,"j":565},{"i":544,"j":577},{"i":583,"j":614},{"i":582,"j":584},{"i":577,"j":582},{"i":596,"j":627},{"i":576,"j":588},{"i":586,"j":593},{"i":585,"j":587},{"i":586,"j":587},{"i":588,"j":600},{"i":585,"j":588},{"i":584,"j":611},{"i":583,"j":590},{"i":598,"j":623},{"i":565,"j":586},{"i":587,"j":600},{"i":573,"j":591},{"i":578,"j":646},{"i":592,"j":595},{"i":581,"j":592},{"i":598,"j":603},{"i":595,"j":598},{"i":591,"j":593},{"i":594,"j":597},{"i":601,"j":620},{"i":597,"j":601},{"i":572,"j":597},{"i":592,"j":617},{"i":575,"j":601},{"i":590,"j":614},{"i":596,"j":602},{"i":591,"j":596},{"i":576,"j":584},{"i":593,"j":627},{"i":599,"j":605},{"i":575,"j":599},{"i":571,"j":590},{"i":604,"j":606},{"i":612,"j":629},{"i":539,"j":624},{"i":605,"j":608},{"i":604,"j":605},{"i":602,"j":619},{"i":606,"j":610},{"i":582,"j":589},{"i":609,"j":658},{"i":610,"j":612},{"i":477,"j":610},{"i":606,"j":622},{"i":608,"j":625},{"i":604,"j":608},{"i":615,"j":637},{"i":594,"j":646},{"i":602,"j":628},{"i":613,"j":615},{"i":599,"j":613},{"i":614,"j":642},{"i":612,"j":616},{"i":618,"j":634},{"i":590,"j":630},{"i":622,"j":631},{"i":615,"j":618},{"i":600,"j":609},{"i":618,"j":625},{"i":608,"j":618},{"i":603,"j":646},{"i":619,"j":621},{"i":613,"j":620},{"i":629,"j":632},{"i":617,"j":633},{"i":602,"j":627},{"i":626,"j":662},{"i":519,"j":624},{"i":611,"j":658},{"i":609,"j":611},{"i":626,"j":641},{"i":600,"j":626},{"i":630,"j":647},{"i":616,"j":632},{"i":468,"j":616},{"i":612,"j":622},{"i":621,"j":642},{"i":614,"j":621},{"i":650,"j":657},{"i":625,"j":652},{"i":629,"j":631},{"i":632,"j":857},{"i":363,"j":632},{"i":617,"j":630},{"i":642,"j":647},{"i":634,"j":637},{"i":627,"j":641},{"i":634,"j":636},{"i":637,"j":645},{"i":636,"j":637},{"i":636,"j":638},{"i":625,"j":638},{"i":631,"j":640},{"i":639,"j":649},{"i":640,"j":649},{"i":639,"j":640},{"i":619,"j":628},{"i":607,"j":656},{"i":644,"j":660},{"i":629,"j":639},{"i":641,"j":657},{"i":633,"j":659},{"i":643,"j":794},{"i":632,"j":643},{"i":620,"j":646},{"i":645,"j":648},{"i":644,"j":646},{"i":623,"j":644},{"i":635,"j":651},{"i":628,"j":635},{"i":647,"j":653},{"i":633,"j":647},{"i":635,"j":641},{"i":650,"j":651},{"i":635,"j":650},{"i":648,"j":652},{"i":638,"j":648},{"i":653,"j":671},{"i":659,"j":671},{"i":654,"j":655},{"i":651,"j":654},{"i":655,"j":669},{"i":642,"j":655},{"i":667,"j":678},{"i":654,"j":670},{"i":667,"j":672},{"i":657,"j":667},{"i":589,"j":656},{"i":670,"j":672},{"i":652,"j":663},{"i":623,"j":659},{"i":652,"j":661},{"i":664,"j":671},{"i":626,"j":658},{"i":649,"j":661},{"i":665,"j":674},{"i":659,"j":664},{"i":661,"j":663},{"i":671,"j":687},{"i":652,"j":668},{"i":664,"j":666},{"i":680,"j":683},{"i":646,"j":693},{"i":645,"j":646},{"i":655,"j":681},{"i":669,"j":685},{"i":653,"j":669},{"i":672,"j":692},{"i":665,"j":673},{"i":649,"j":665},{"i":663,"j":674},{"i":673,"j":774},{"i":643,"j":673},{"i":668,"j":689},{"i":674,"j":710},{"i":666,"j":687},{"i":660,"j":666},{"i":668,"j":675},{"i":670,"j":677},{"i":676,"j":680},{"i":655,"j":676},{"i":662,"j":679},{"i":662,"j":682},{"i":677,"j":683},{"i":676,"j":677},{"i":681,"j":685},{"i":680,"j":681},{"i":672,"j":706},{"i":682,"j":712},{"i":678,"j":679},{"i":685,"j":694},{"i":682,"j":684},{"i":679,"j":682},{"i":681,"j":690},{"i":686,"j":815},{"i":624,"j":686},{"i":685,"j":687},{"i":675,"j":693},{"i":688,"j":689},{"i":675,"j":688},{"i":689,"j":710},{"i":681,"j":683},{"i":687,"j":700},{"i":660,"j":687},{"i":684,"j":697},{"i":678,"j":684},{"i":685,"j":690},{"i":658,"j":712},{"i":683,"j":692},{"i":694,"j":704},{"i":687,"j":694},{"i":684,"j":695},{"i":697,"j":701},{"i":697,"j":703},{"i":691,"j":698},{"i":686,"j":691},{"i":656,"j":712},{"i":695,"j":699},{"i":691,"j":715},{"i":693,"j":700},{"i":692,"j":706},{"i":701,"j":716},{"i":702,"j":709},{"i":683,"j":702},{"i":678,"j":701},{"i":696,"j":705},{"i":690,"j":696},{"i":696,"j":709},{"i":705,"j":722},{"i":705,"j":707},{"i":706,"j":713},{"i":702,"j":706},{"i":698,"j":708},{"i":656,"j":698},{"i":702,"j":718},{"i":693,"j":729},{"i":710,"j":741},{"i":691,"j":815},{"i":699,"j":723},{"i":703,"j":717},{"i":709,"j":718},{"i":705,"j":709},{"i":703,"j":716},{"i":721,"j":732},{"i":712,"j":714},{"i":711,"j":719},{"i":708,"j":751},{"i":702,"j":721},{"i":695,"j":711},{"i":713,"j":726},{"i":711,"j":723},{"i":713,"j":721},{"i":717,"j":719},{"i":717,"j":740},{"i":714,"j":723},{"i":699,"j":714},{"i":707,"j":728},{"i":704,"j":707},{"i":700,"j":720},{"i":716,"j":725},{"i":713,"j":716},{"i":718,"j":732},{"i":725,"j":742},{"i":712,"j":734},{"i":704,"j":728},{"i":725,"j":726},{"i":724,"j":727},{"i":720,"j":724},{"i":733,"j":737},{"i":728,"j":733},{"i":727,"j":735},{"i":720,"j":727},{"i":724,"j":728},{"i":722,"j":731},{"i":726,"j":732},{"i":730,"j":731},{"i":726,"j":742},{"i":730,"j":733},{"i":728,"j":730},{"i":731,"j":747},{"i":723,"j":740},{"i":719,"j":723},{"i":735,"j":736},{"i":720,"j":735},{"i":751,"j":755},{"i":743,"j":758},{"i":722,"j":732},{"i":688,"j":729},{"i":738,"j":739},{"i":729,"j":738},{"i":738,"j":758},{"i":734,"j":740},{"i":741,"j":749},{"i":736,"j":764},{"i":725,"j":744},{"i":739,"j":743},{"i":710,"j":739},{"i":737,"j":750},{"i":742,"j":746},{"i":716,"j":752},{"i":743,"j":745},{"i":748,"j":753},{"i":746,"j":748},{"i":756,"j":768},{"i":744,"j":746},{"i":745,"j":775},{"i":732,"j":746},{"i":741,"j":745},{"i":745,"j":749},{"i":756,"j":770},{"i":747,"j":750},{"i":737,"j":747},{"i":740,"j":752},{"i":708,"j":715},{"i":744,"j":752},{"i":748,"j":766},{"i":736,"j":756},{"i":751,"j":754},{"i":734,"j":751},{"i":715,"j":815},{"i":763,"j":791},{"i":750,"j":756},{"i":755,"j":757},{"i":749,"j":774},{"i":729,"j":765},{"i":759,"j":761},{"i":748,"j":759},{"i":754,"j":769},{"i":760,"j":762},{"i":752,"j":760},{"i":761,"j":766},{"i":748,"j":761},{"i":762,"j":763},{"i":759,"j":762},{"i":765,"j":771},{"i":764,"j":765},{"i":764,"j":782},{"i":761,"j":763},{"i":765,"j":767},{"i":773,"j":784},{"i":758,"j":767},{"i":760,"j":769},{"i":766,"j":781},{"i":775,"j":784},{"i":771,"j":782},{"i":757,"j":776},{"i":754,"j":757},{"i":715,"j":772},{"i":767,"j":771},{"i":778,"j":785},{"i":777,"j":778},{"i":774,"j":794},{"i":758,"j":773},{"i":772,"j":776},{"i":755,"j":772},{"i":776,"j":798},{"i":775,"j":777},{"i":777,"j":779},{"i":774,"j":777},{"i":775,"j":778},{"i":768,"j":783},{"i":764,"j":768},{"i":779,"j":780},{"i":774,"j":779},{"i":774,"j":780},{"i":769,"j":791},{"i":770,"j":783},{"i":770,"j":788},{"i":783,"j":793},{"i":798,"j":814},{"i":778,"j":786},{"i":784,"j":786},{"i":781,"j":811},{"i":785,"j":787},{"i":780,"j":785},{"i":787,"j":802},{"i":786,"j":789},{"i":782,"j":795},{"i":789,"j":802},{"i":780,"j":787},{"i":790,"j":803},{"i":774,"j":790},{"i":783,"j":788},{"i":753,"j":806},{"i":747,"j":753},{"i":788,"j":792},{"i":793,"j":801},{"i":795,"j":799},{"i":773,"j":795},{"i":782,"j":793},{"i":791,"j":796},{"i":800,"j":821},{"i":799,"j":800},{"i":789,"j":799},{"i":795,"j":801},{"i":789,"j":800},{"i":792,"j":816},{"i":802,"j":804},{"i":790,"j":802},{"i":789,"j":805},{"i":802,"j":823},{"i":790,"j":804},{"i":812,"j":822},{"i":801,"j":821},{"i":805,"j":823},{"i":796,"j":811},{"i":781,"j":796},{"i":798,"j":807},{"i":791,"j":798},{"i":806,"j":808},{"i":797,"j":806},{"i":808,"j":812},{"i":797,"j":808},{"i":803,"j":809},{"i":794,"j":803},{"i":804,"j":809},{"i":796,"j":807},{"i":772,"j":810},{"i":807,"j":814},{"i":811,"j":812},{"i":812,"j":824},{"i":810,"j":814},{"i":816,"j":817},{"i":813,"j":818},{"i":810,"j":813},{"i":772,"j":815},{"i":797,"j":817},{"i":792,"j":797},{"i":822,"j":824},{"i":812,"j":820},{"i":813,"j":815},{"i":814,"j":818},{"i":816,"j":819},{"i":819,"j":821},{"i":821,"j":833},{"i":805,"j":821},{"i":820,"j":827},{"i":817,"j":820},{"i":822,"j":826},{"i":821,"j":825},{"i":822,"j":830},{"i":826,"j":827},{"i":828,"j":846},{"i":825,"j":828},{"i":827,"j":828},{"i":819,"j":827},{"i":831,"j":834},{"i":811,"j":831},{"i":826,"j":830},{"i":814,"j":832},{"i":824,"j":840},{"i":834,"j":844},{"i":829,"j":831},{"i":814,"j":829},{"i":818,"j":842},{"i":825,"j":846},{"i":833,"j":835},{"i":823,"j":833},{"i":835,"j":836},{"i":836,"j":839},{"i":809,"j":836},{"i":850,"j":875},{"i":809,"j":837},{"i":838,"j":857},{"i":794,"j":838},{"i":837,"j":847},{"i":835,"j":845},{"i":837,"j":841},{"i":834,"j":840},{"i":839,"j":841},{"i":837,"j":839},{"i":835,"j":849},{"i":832,"j":842},{"i":829,"j":832},{"i":834,"j":858},{"i":844,"j":875},{"i":830,"j":850},{"i":827,"j":830},{"i":841,"j":845},{"i":848,"j":859},{"i":854,"j":861},{"i":509,"j":874},{"i":848,"j":849},{"i":835,"j":848},{"i":849,"j":863},{"i":840,"j":844},{"i":838,"j":847},{"i":845,"j":852},{"i":852,"j":880},{"i":833,"j":846},{"i":848,"j":854},{"i":850,"j":853},{"i":853,"j":854},{"i":846,"j":853},{"i":847,"j":851},{"i":852,"j":855},{"i":851,"j":852},{"i":829,"j":842},{"i":855,"j":857},{"i":851,"j":855},{"i":843,"j":860},{"i":842,"j":843},{"i":854,"j":869},{"i":854,"j":862},{"i":859,"j":863},{"i":843,"j":871},{"i":860,"j":877},{"i":859,"j":861},{"i":862,"j":869},{"i":863,"j":866},{"i":852,"j":863},{"i":865,"j":869},{"i":860,"j":864},{"i":862,"j":865},{"i":861,"j":862},{"i":863,"j":865},{"i":875,"j":881},{"i":858,"j":875},{"i":815,"j":856},{"i":867,"j":868},{"i":856,"j":867},{"i":871,"j":891},{"i":856,"j":870},{"i":868,"j":871},{"i":843,"j":868},{"i":872,"j":876},{"i":870,"j":872},{"i":871,"j":877},{"i":872,"j":873},{"i":867,"j":872},{"i":876,"j":879},{"i":870,"j":874},{"i":869,"j":890},{"i":866,"j":869},{"i":867,"j":873},{"i":868,"j":886},{"i":873,"j":876},{"i":878,"j":883},{"i":873,"j":878},{"i":874,"j":879},{"i":866,"j":880},{"i":880,"j":888},{"i":881,"j":890},{"i":853,"j":881},{"i":864,"j":887},{"i":858,"j":864},{"i":878,"j":879},{"i":884,"j":889},{"i":857,"j":884},{"i":883,"j":885},{"i":883,"j":895},{"i":867,"j":885},{"i":886,"j":892},{"i":877,"j":894},{"i":884,"j":888},{"i":882,"j":898},{"i":881,"j":882},{"i":886,"j":891},{"i":885,"j":892},{"i":889,"j":893},{"i":857,"j":889},{"i":888,"j":896},{"i":891,"j":894},{"i":892,"j":895},{"i":879,"j":895},{"i":882,"j":887},{"i":897,"j":899},{"i":890,"j":897},{"i":894,"j":898},{"i":887,"j":894},{"i":898,"j":899},{"i":897,"j":898},{"i":0,"j":1},{"i":1,"j":19},{"i":19,"j":42},{"i":42,"j":57},{"i":57,"j":220},{"i":220,"j":291},{"i":291,"j":363},{"i":363,"j":893},{"i":893,"j":896},{"i":896,"j":899},{"i":894,"j":895}],"type":"Solution"}