{"instance_name":"euro-night-0000400","edges":[{"i":8,"j":12},{"i":0,"j":5},{"i":1,"j":16},{"i":0,"j":1},{"i":0,"j":8},{"i":2,"j":5},{"i":2,"j":3},{"i":0,"j":2},{"i":3,"j":6},{"i":0,"j":3},{"i":2,"j":4},{"i":5,"j":17},{"i":6,"j":11},{"i":6,"j":10},{"i":11,"j":13},{"i":6,"j":7},{"i":0,"j":6},{"i":7,"j":10},{"i":7,"j":8},{"i":8,"j":9},{"i":4,"j":11},{"i":9,"j":16},{"i":1,"j":9},{"i":10,"j":18},{"i":13,"j":18},{"i":5,"j":23},{"i":12,"j":15},{"i":12,"j":18},{"i":15,"j":16},{"i":17,"j":23},{"i":4,"j":22},{"i":23,"j":26},{"i":5,"j":14},{"i":17,"j":19},{"i":18,"j":36},{"i":15,"j":18},{"i":5,"j":22},{"i":20,"j":24},{"i":13,"j":20},{"i":5,"j":37},{"i":21,"j":24},{"i":20,"j":21},{"i":24,"j":31},{"i":14,"j":34},{"i":24,"j":27},{"i":14,"j":19},{"i":21,"j":22},{"i":27,"j":30},{"i":18,"j":27},{"i":19,"j":25},{"i":30,"j":36},{"i":31,"j":32},{"i":30,"j":31},{"i":31,"j":43},{"i":32,"j":36},{"i":22,"j":28},{"i":24,"j":29},{"i":25,"j":35},{"i":28,"j":47},{"i":26,"j":35},{"i":25,"j":26},{"i":29,"j":42},{"i":37,"j":38},{"i":26,"j":37},{"i":40,"j":42},{"i":29,"j":40},{"i":28,"j":34},{"i":42,"j":65},{"i":40,"j":45},{"i":42,"j":52},{"i":38,"j":44},{"i":35,"j":38},{"i":41,"j":46},{"i":33,"j":41},{"i":44,"j":58},{"i":39,"j":44},{"i":45,"j":52},{"i":43,"j":45},{"i":34,"j":39},{"i":46,"j":49},{"i":33,"j":46},{"i":39,"j":51},{"i":32,"j":64},{"i":78,"j":123},{"i":41,"j":47},{"i":48,"j":50},{"i":36,"j":48},{"i":53,"j":55},{"i":50,"j":53},{"i":49,"j":54},{"i":57,"j":68},{"i":55,"j":57},{"i":33,"j":54},{"i":22,"j":33},{"i":16,"j":50},{"i":53,"j":57},{"i":49,"j":62},{"i":43,"j":63},{"i":55,"j":95},{"i":56,"j":59},{"i":48,"j":56},{"i":60,"j":61},{"i":47,"j":51},{"i":52,"j":73},{"i":60,"j":70},{"i":57,"j":59},{"i":51,"j":61},{"i":58,"j":61},{"i":60,"j":62},{"i":47,"j":60},{"i":70,"j":76},{"i":54,"j":65},{"i":29,"j":54},{"i":69,"j":74},{"i":63,"j":64},{"i":64,"j":66},{"i":56,"j":64},{"i":64,"j":69},{"i":66,"j":74},{"i":62,"j":67},{"i":59,"j":66},{"i":70,"j":75},{"i":68,"j":93},{"i":54,"j":67},{"i":61,"j":78},{"i":65,"j":73},{"i":65,"j":83},{"i":69,"j":72},{"i":74,"j":82},{"i":68,"j":74},{"i":63,"j":73},{"i":71,"j":79},{"i":67,"j":71},{"i":75,"j":79},{"i":71,"j":75},{"i":79,"j":88},{"i":77,"j":81},{"i":72,"j":77},{"i":75,"j":76},{"i":76,"j":78},{"i":83,"j":101},{"i":79,"j":80},{"i":73,"j":83},{"i":86,"j":91},{"i":72,"j":81},{"i":81,"j":84},{"i":65,"j":80},{"i":77,"j":83},{"i":85,"j":88},{"i":85,"j":86},{"i":80,"j":85},{"i":80,"j":86},{"i":88,"j":91},{"i":87,"j":99},{"i":80,"j":87},{"i":79,"j":97},{"i":78,"j":90},{"i":37,"j":89},{"i":90,"j":103},{"i":90,"j":92},{"i":79,"j":92},{"i":87,"j":91},{"i":90,"j":102},{"i":93,"j":104},{"i":93,"j":98},{"i":103,"j":107},{"i":101,"j":136},{"i":84,"j":101},{"i":94,"j":96},{"i":91,"j":94},{"i":96,"j":100},{"i":91,"j":96},{"i":82,"j":141},{"i":87,"j":117},{"i":99,"j":124},{"i":97,"j":100},{"i":94,"j":97},{"i":104,"j":141},{"i":95,"j":104},{"i":99,"j":101},{"i":92,"j":106},{"i":98,"j":104},{"i":95,"j":98},{"i":82,"j":84},{"i":102,"j":106},{"i":107,"j":109},{"i":102,"j":103},{"i":105,"j":111},{"i":97,"j":105},{"i":106,"j":108},{"i":105,"j":106},{"i":106,"j":107},{"i":108,"j":112},{"i":103,"j":113},{"i":108,"j":110},{"i":109,"j":120},{"i":110,"j":111},{"i":111,"j":121},{"i":78,"j":115},{"i":112,"j":118},{"i":110,"j":112},{"i":113,"j":114},{"i":114,"j":120},{"i":109,"j":114},{"i":115,"j":123},{"i":100,"j":121},{"i":121,"j":128},{"i":117,"j":129},{"i":112,"j":120},{"i":89,"j":132},{"i":58,"j":89},{"i":115,"j":119},{"i":113,"j":115},{"i":111,"j":118},{"i":116,"j":125},{"i":114,"j":116},{"i":116,"j":126},{"i":101,"j":124},{"i":116,"j":119},{"i":118,"j":137},{"i":122,"j":127},{"i":119,"j":122},{"i":126,"j":130},{"i":127,"j":134},{"i":125,"j":131},{"i":117,"j":139},{"i":129,"j":133},{"i":124,"j":129},{"i":126,"j":127},{"i":130,"j":131},{"i":125,"j":130},{"i":121,"j":151},{"i":117,"j":128},{"i":122,"j":123},{"i":120,"j":148},{"i":130,"j":144},{"i":133,"j":153},{"i":132,"j":134},{"i":123,"j":132},{"i":89,"j":142},{"i":144,"j":147},{"i":131,"j":140},{"i":120,"j":131},{"i":135,"j":138},{"i":89,"j":135},{"i":128,"j":143},{"i":132,"j":142},{"i":132,"j":146},{"i":136,"j":141},{"i":121,"j":137},{"i":89,"j":149},{"i":148,"j":155},{"i":143,"j":150},{"i":140,"j":144},{"i":146,"j":152},{"i":140,"j":167},{"i":146,"j":147},{"i":134,"j":146},{"i":145,"j":152},{"i":147,"j":152},{"i":138,"j":149},{"i":89,"j":138},{"i":143,"j":151},{"i":140,"j":145},{"i":150,"j":154},{"i":137,"j":148},{"i":152,"j":162},{"i":139,"j":154},{"i":133,"j":139},{"i":173,"j":179},{"i":153,"j":166},{"i":136,"j":153},{"i":154,"j":159},{"i":154,"j":157},{"i":155,"j":169},{"i":155,"j":156},{"i":161,"j":176},{"i":150,"j":158},{"i":157,"j":168},{"i":158,"j":159},{"i":156,"j":163},{"i":151,"j":156},{"i":160,"j":162},{"i":142,"j":161},{"i":145,"j":160},{"i":163,"j":172},{"i":160,"j":171},{"i":163,"j":165},{"i":157,"j":173},{"i":166,"j":201},{"i":164,"j":167},{"i":160,"j":164},{"i":167,"j":169},{"i":158,"j":165},{"i":169,"j":172},{"i":156,"j":169},{"i":164,"j":170},{"i":162,"j":176},{"i":169,"j":177},{"i":159,"j":185},{"i":175,"j":178},{"i":173,"j":175},{"i":173,"j":178},{"i":168,"j":173},{"i":169,"j":170},{"i":180,"j":196},{"i":175,"j":183},{"i":170,"j":189},{"i":164,"j":189},{"i":182,"j":199},{"i":181,"j":182},{"i":166,"j":168},{"i":172,"j":182},{"i":175,"j":179},{"i":174,"j":177},{"i":186,"j":197},{"i":181,"j":184},{"i":165,"j":181},{"i":174,"j":188},{"i":172,"j":174},{"i":179,"j":185},{"i":176,"j":192},{"i":171,"j":176},{"i":194,"j":198},{"i":185,"j":194},{"i":184,"j":185},{"i":185,"j":198},{"i":180,"j":186},{"i":177,"j":180},{"i":171,"j":193},{"i":164,"j":171},{"i":149,"j":187},{"i":186,"j":188},{"i":192,"j":200},{"i":183,"j":190},{"i":185,"j":190},{"i":183,"j":185},{"i":178,"j":204},{"i":195,"j":203},{"i":176,"j":195},{"i":184,"j":205},{"i":192,"j":193},{"i":191,"j":196},{"i":189,"j":191},{"i":197,"j":202},{"i":188,"j":197},{"i":191,"j":220},{"i":161,"j":187},{"i":196,"j":202},{"i":193,"j":220},{"i":188,"j":199},{"i":199,"j":231},{"i":190,"j":204},{"i":207,"j":211},{"i":196,"j":220},{"i":195,"j":228},{"i":204,"j":217},{"i":205,"j":207},{"i":194,"j":205},{"i":205,"j":215},{"i":207,"j":208},{"i":208,"j":209},{"i":198,"j":208},{"i":202,"j":214},{"i":203,"j":228},{"i":204,"j":209},{"i":187,"j":238},{"i":135,"j":212},{"i":211,"j":213},{"i":209,"j":211},{"i":213,"j":217},{"i":200,"j":203},{"i":201,"j":217},{"i":215,"j":216},{"i":141,"j":201},{"i":216,"j":223},{"i":213,"j":216},{"i":206,"j":236},{"i":187,"j":206},{"i":200,"j":219},{"i":226,"j":232},{"i":221,"j":222},{"i":217,"j":221},{"i":227,"j":232},{"i":214,"j":224},{"i":221,"j":223},{"i":214,"j":220},{"i":225,"j":267},{"i":218,"j":225},{"i":216,"j":230},{"i":215,"j":233},{"i":223,"j":226},{"i":231,"j":250},{"i":219,"j":237},{"i":210,"j":236},{"i":206,"j":210},{"i":227,"j":229},{"i":223,"j":227},{"i":230,"j":250},{"i":222,"j":229},{"i":224,"j":231},{"i":232,"j":235},{"i":226,"j":230},{"i":234,"j":235},{"i":229,"j":232},{"i":231,"j":233},{"i":237,"j":249},{"i":220,"j":237},{"i":235,"j":250},{"i":219,"j":228},{"i":210,"j":212},{"i":236,"j":238},{"i":229,"j":234},{"i":244,"j":268},{"i":228,"j":244},{"i":222,"j":239},{"i":201,"j":240},{"i":240,"j":246},{"i":233,"j":250},{"i":241,"j":242},{"i":234,"j":241},{"i":243,"j":248},{"i":240,"j":243},{"i":242,"j":252},{"i":239,"j":242},{"i":238,"j":244},{"i":255,"j":262},{"i":245,"j":246},{"i":239,"j":245},{"i":246,"j":251},{"i":243,"j":246},{"i":252,"j":257},{"i":247,"j":253},{"i":225,"j":247},{"i":245,"j":254},{"i":251,"j":256},{"i":248,"j":251},{"i":241,"j":259},{"i":224,"j":249},{"i":247,"j":248},{"i":212,"j":301},{"i":260,"j":263},{"i":254,"j":260},{"i":253,"j":258},{"i":254,"j":256},{"i":256,"j":261},{"i":252,"j":260},{"i":253,"j":267},{"i":225,"j":253},{"i":257,"j":260},{"i":245,"j":257},{"i":255,"j":259},{"i":250,"j":255},{"i":261,"j":266},{"i":258,"j":261},{"i":259,"j":286},{"i":263,"j":291},{"i":249,"j":264},{"i":260,"j":283},{"i":266,"j":273},{"i":268,"j":274},{"i":264,"j":268},{"i":236,"j":265},{"i":263,"j":266},{"i":258,"j":282},{"i":267,"j":270},{"i":264,"j":269},{"i":262,"j":264},{"i":270,"j":398},{"i":218,"j":270},{"i":269,"j":275},{"i":271,"j":275},{"i":269,"j":271},{"i":268,"j":280},{"i":212,"j":272},{"i":275,"j":285},{"i":244,"j":265},{"i":274,"j":276},{"i":292,"j":313},{"i":279,"j":292},{"i":274,"j":280},{"i":276,"j":281},{"i":265,"j":272},{"i":271,"j":281},{"i":278,"j":297},{"i":275,"j":278},{"i":277,"j":279},{"i":265,"j":277},{"i":268,"j":279},{"i":273,"j":282},{"i":285,"j":296},{"i":284,"j":298},{"i":270,"j":284},{"i":282,"j":284},{"i":279,"j":287},{"i":285,"j":288},{"i":283,"j":295},{"i":288,"j":290},{"i":262,"j":288},{"i":283,"j":311},{"i":273,"j":291},{"i":283,"j":286},{"i":287,"j":293},{"i":280,"j":287},{"i":292,"j":293},{"i":297,"j":305},{"i":296,"j":297},{"i":281,"j":299},{"i":290,"j":306},{"i":289,"j":290},{"i":295,"j":300},{"i":291,"j":295},{"i":281,"j":297},{"i":278,"j":281},{"i":308,"j":315},{"i":286,"j":289},{"i":293,"j":299},{"i":276,"j":293},{"i":298,"j":324},{"i":296,"j":305},{"i":292,"j":302},{"i":300,"j":320},{"i":279,"j":308},{"i":272,"j":301},{"i":294,"j":308},{"i":277,"j":294},{"i":289,"j":306},{"i":301,"j":304},{"i":294,"j":301},{"i":315,"j":333},{"i":288,"j":303},{"i":299,"j":309},{"i":303,"j":312},{"i":313,"j":333},{"i":300,"j":307},{"i":298,"j":307},{"i":303,"j":317},{"i":302,"j":310},{"i":306,"j":318},{"i":302,"j":321},{"i":305,"j":317},{"i":295,"j":322},{"i":305,"j":309},{"i":310,"j":314},{"i":308,"j":313},{"i":314,"j":317},{"i":309,"j":314},{"i":304,"j":315},{"i":312,"j":316},{"i":318,"j":323},{"i":311,"j":318},{"i":306,"j":316},{"i":306,"j":319},{"i":320,"j":338},{"i":323,"j":332},{"i":315,"j":352},{"i":316,"j":329},{"i":319,"j":323},{"i":319,"j":336},{"i":320,"j":322},{"i":312,"j":317},{"i":320,"j":324},{"i":307,"j":320},{"i":311,"j":323},{"i":310,"j":321},{"i":326,"j":327},{"i":311,"j":326},{"i":328,"j":335},{"i":322,"j":328},{"i":327,"j":328},{"i":322,"j":327},{"i":332,"j":355},{"i":325,"j":329},{"i":317,"j":325},{"i":330,"j":333},{"i":321,"j":330},{"i":333,"j":352},{"i":332,"j":334},{"i":326,"j":332},{"i":334,"j":341},{"i":327,"j":334},{"i":331,"j":337},{"i":330,"j":331},{"i":331,"j":351},{"i":335,"j":338},{"i":338,"j":346},{"i":339,"j":340},{"i":329,"j":339},{"i":332,"j":336},{"i":301,"j":386},{"i":340,"j":345},{"i":336,"j":340},{"i":337,"j":343},{"i":325,"j":337},{"i":339,"j":342},{"i":342,"j":343},{"i":341,"j":355},{"i":344,"j":345},{"i":342,"j":344},{"i":349,"j":354},{"i":338,"j":348},{"i":347,"j":349},{"i":346,"j":347},{"i":335,"j":341},{"i":349,"j":357},{"i":346,"j":349},{"i":270,"j":350},{"i":349,"j":350},{"i":324,"j":349},{"i":345,"j":358},{"i":354,"j":356},{"i":350,"j":354},{"i":349,"j":365},{"i":356,"j":361},{"i":270,"j":356},{"i":347,"j":348},{"i":357,"j":361},{"i":356,"j":357},{"i":358,"j":368},{"i":351,"j":363},{"i":359,"j":360},{"i":343,"j":359},{"i":353,"j":364},{"i":348,"j":353},{"i":358,"j":362},{"i":365,"j":370},{"i":360,"j":362},{"i":344,"j":360},{"i":362,"j":369},{"i":351,"j":366},{"i":369,"j":375},{"i":355,"j":371},{"i":353,"j":355},{"i":270,"j":361},{"i":364,"j":365},{"i":360,"j":369},{"i":352,"j":366},{"i":352,"j":367},{"i":304,"j":374},{"i":368,"j":375},{"i":368,"j":371},{"i":359,"j":363},{"i":364,"j":373},{"i":376,"j":382},{"i":370,"j":383},{"i":371,"j":372},{"i":363,"j":381},{"i":372,"j":375},{"i":361,"j":370},{"i":373,"j":383},{"i":361,"j":376},{"i":379,"j":388},{"i":361,"j":377},{"i":372,"j":379},{"i":376,"j":383},{"i":378,"j":385},{"i":366,"j":381},{"i":367,"j":397},{"i":373,"j":378},{"i":377,"j":382},{"i":378,"j":379},{"i":383,"j":384},{"i":385,"j":388},{"i":384,"j":385},{"i":384,"j":391},{"i":382,"j":384},{"i":375,"j":389},{"i":380,"j":381},{"i":367,"j":374},{"i":374,"j":386},{"i":386,"j":395},{"i":380,"j":389},{"i":375,"j":380},{"i":390,"j":393},{"i":384,"j":388},{"i":390,"j":392},{"i":388,"j":390},{"i":392,"j":399},{"i":389,"j":393},{"i":393,"j":394},{"i":381,"j":397},{"i":387,"j":397},{"i":386,"j":387},{"i":395,"j":396},{"i":392,"j":394},{"i":396,"j":397},{"i":387,"j":396},{"i":391,"j":398},{"i":377,"j":391},{"i":397,"j":399},{"i":394,"j":397},{"i":0,"j":16},{"i":16,"j":95},{"i":95,"j":141},{"i":141,"j":218},{"i":218,"j":398},{"i":398,"j":399}],"type":"Solution"}