{"instance_name":"euro-night-0000800","edges":[{"i":1,"j":6},{"i":0,"j":1},{"i":1,"j":23},{"i":2,"j":23},{"i":0,"j":3},{"i":4,"j":6},{"i":0,"j":4},{"i":5,"j":6},{"i":6,"j":14},{"i":3,"j":17},{"i":5,"j":12},{"i":4,"j":5},{"i":8,"j":11},{"i":0,"j":8},{"i":9,"j":10},{"i":5,"j":9},{"i":10,"j":22},{"i":0,"j":11},{"i":5,"j":10},{"i":11,"j":20},{"i":13,"j":19},{"i":9,"j":13},{"i":13,"j":14},{"i":1,"j":2},{"i":3,"j":18},{"i":17,"j":38},{"i":7,"j":17},{"i":18,"j":30},{"i":19,"j":26},{"i":12,"j":21},{"i":8,"j":12},{"i":23,"j":206},{"i":20,"j":29},{"i":18,"j":20},{"i":10,"j":19},{"i":20,"j":21},{"i":16,"j":26},{"i":14,"j":16},{"i":22,"j":28},{"i":21,"j":22},{"i":15,"j":24},{"i":2,"j":15},{"i":28,"j":32},{"i":24,"j":25},{"i":16,"j":24},{"i":27,"j":41},{"i":26,"j":32},{"i":22,"j":26},{"i":23,"j":27},{"i":30,"j":38},{"i":17,"j":30},{"i":20,"j":28},{"i":31,"j":47},{"i":18,"j":34},{"i":26,"j":46},{"i":37,"j":45},{"i":15,"j":27},{"i":29,"j":50},{"i":34,"j":37},{"i":25,"j":33},{"i":27,"j":35},{"i":35,"j":36},{"i":33,"j":35},{"i":32,"j":40},{"i":29,"j":32},{"i":34,"j":42},{"i":39,"j":43},{"i":37,"j":38},{"i":23,"j":60},{"i":36,"j":39},{"i":33,"j":36},{"i":41,"j":48},{"i":35,"j":41},{"i":40,"j":50},{"i":41,"j":60},{"i":37,"j":42},{"i":39,"j":48},{"i":26,"j":31},{"i":42,"j":61},{"i":45,"j":72},{"i":40,"j":44},{"i":31,"j":49},{"i":44,"j":52},{"i":25,"j":49},{"i":43,"j":51},{"i":44,"j":56},{"i":50,"j":61},{"i":47,"j":59},{"i":46,"j":54},{"i":56,"j":58},{"i":53,"j":56},{"i":59,"j":74},{"i":54,"j":56},{"i":47,"j":57},{"i":46,"j":47},{"i":55,"j":58},{"i":54,"j":55},{"i":60,"j":66},{"i":53,"j":64},{"i":52,"j":53},{"i":55,"j":57},{"i":48,"j":71},{"i":43,"j":48},{"i":52,"j":64},{"i":69,"j":80},{"i":45,"j":61},{"i":58,"j":64},{"i":83,"j":206},{"i":60,"j":69},{"i":62,"j":68},{"i":50,"j":62},{"i":59,"j":65},{"i":64,"j":70},{"i":62,"j":64},{"i":60,"j":63},{"i":63,"j":66},{"i":76,"j":84},{"i":66,"j":83},{"i":67,"j":69},{"i":63,"j":67},{"i":68,"j":75},{"i":57,"j":65},{"i":69,"j":71},{"i":61,"j":75},{"i":72,"j":93},{"i":38,"j":72},{"i":68,"j":77},{"i":49,"j":108},{"i":47,"j":49},{"i":74,"j":81},{"i":73,"j":74},{"i":73,"j":78},{"i":65,"j":73},{"i":60,"j":206},{"i":75,"j":110},{"i":71,"j":82},{"i":80,"j":85},{"i":76,"j":79},{"i":67,"j":76},{"i":70,"j":78},{"i":79,"j":80},{"i":86,"j":90},{"i":82,"j":86},{"i":81,"j":88},{"i":85,"j":99},{"i":83,"j":84},{"i":82,"j":89},{"i":86,"j":95},{"i":85,"j":86},{"i":49,"j":51},{"i":92,"j":96},{"i":91,"j":92},{"i":81,"j":87},{"i":78,"j":88},{"i":51,"j":89},{"i":80,"j":103},{"i":91,"j":94},{"i":89,"j":91},{"i":90,"j":92},{"i":77,"j":107},{"i":75,"j":77},{"i":80,"j":99},{"i":87,"j":124},{"i":90,"j":100},{"i":94,"j":96},{"i":95,"j":98},{"i":97,"j":98},{"i":95,"j":97},{"i":104,"j":135},{"i":90,"j":98},{"i":109,"j":169},{"i":94,"j":106},{"i":99,"j":101},{"i":102,"j":124},{"i":103,"j":135},{"i":101,"j":104},{"i":97,"j":101},{"i":101,"j":103},{"i":104,"j":116},{"i":102,"j":105},{"i":88,"j":102},{"i":106,"j":109},{"i":107,"j":121},{"i":107,"j":127},{"i":49,"j":106},{"i":84,"j":175},{"i":108,"j":114},{"i":100,"j":113},{"i":96,"j":100},{"i":115,"j":124},{"i":87,"j":115},{"i":109,"j":112},{"i":123,"j":140},{"i":108,"j":112},{"i":128,"j":132},{"i":114,"j":115},{"i":74,"j":114},{"i":113,"j":131},{"i":111,"j":118},{"i":98,"j":111},{"i":118,"j":120},{"i":116,"j":118},{"i":111,"j":116},{"i":84,"j":119},{"i":79,"j":84},{"i":117,"j":128},{"i":113,"j":117},{"i":93,"j":110},{"i":88,"j":105},{"i":121,"j":129},{"i":122,"j":125},{"i":70,"j":122},{"i":112,"j":130},{"i":115,"j":123},{"i":135,"j":156},{"i":125,"j":157},{"i":126,"j":133},{"i":125,"j":127},{"i":120,"j":128},{"i":117,"j":120},{"i":126,"j":129},{"i":121,"j":126},{"i":151,"j":180},{"i":141,"j":151},{"i":127,"j":137},{"i":140,"j":166},{"i":128,"j":142},{"i":129,"j":188},{"i":110,"j":129},{"i":131,"j":143},{"i":116,"j":135},{"i":128,"j":147},{"i":119,"j":135},{"i":133,"j":136},{"i":129,"j":133},{"i":137,"j":162},{"i":136,"j":164},{"i":124,"j":138},{"i":139,"j":164},{"i":136,"j":139},{"i":137,"j":139},{"i":125,"j":153},{"i":138,"j":141},{"i":105,"j":138},{"i":132,"j":142},{"i":131,"j":132},{"i":130,"j":167},{"i":123,"j":130},{"i":118,"j":149},{"i":140,"j":151},{"i":124,"j":140},{"i":131,"j":145},{"i":135,"j":144},{"i":134,"j":135},{"i":142,"j":146},{"i":145,"j":155},{"i":142,"j":148},{"i":145,"j":146},{"i":147,"j":148},{"i":134,"j":154},{"i":118,"j":134},{"i":149,"j":152},{"i":149,"j":150},{"i":146,"j":148},{"i":148,"j":168},{"i":122,"j":176},{"i":153,"j":162},{"i":147,"j":150},{"i":152,"j":160},{"i":150,"j":152},{"i":154,"j":160},{"i":152,"j":154},{"i":144,"j":156},{"i":134,"j":144},{"i":122,"j":177},{"i":155,"j":168},{"i":162,"j":192},{"i":143,"j":169},{"i":160,"j":165},{"i":156,"j":159},{"i":168,"j":174},{"i":154,"j":159},{"i":130,"j":158},{"i":155,"j":163},{"i":153,"j":192},{"i":157,"j":192},{"i":143,"j":161},{"i":162,"j":164},{"i":177,"j":179},{"i":180,"j":195},{"i":164,"j":188},{"i":122,"j":141},{"i":161,"j":171},{"i":170,"j":173},{"i":165,"j":168},{"i":141,"j":186},{"i":163,"j":170},{"i":161,"j":163},{"i":169,"j":171},{"i":165,"j":178},{"i":159,"j":178},{"i":161,"j":170},{"i":166,"j":180},{"i":173,"j":174},{"i":172,"j":173},{"i":161,"j":172},{"i":156,"j":178},{"i":119,"j":175},{"i":174,"j":190},{"i":176,"j":182},{"i":172,"j":209},{"i":176,"j":179},{"i":158,"j":171},{"i":181,"j":185},{"i":179,"j":183},{"i":183,"j":191},{"i":179,"j":199},{"i":181,"j":184},{"i":171,"j":181},{"i":185,"j":198},{"i":180,"j":189},{"i":178,"j":190},{"i":184,"j":187},{"i":198,"j":203},{"i":184,"j":185},{"i":188,"j":207},{"i":93,"j":188},{"i":177,"j":186},{"i":191,"j":197},{"i":182,"j":191},{"i":182,"j":193},{"i":157,"j":182},{"i":192,"j":193},{"i":188,"j":192},{"i":167,"j":195},{"i":166,"j":167},{"i":189,"j":199},{"i":186,"j":189},{"i":158,"j":196},{"i":187,"j":202},{"i":194,"j":205},{"i":189,"j":194},{"i":212,"j":226},{"i":195,"j":205},{"i":194,"j":195},{"i":196,"j":200},{"i":199,"j":208},{"i":183,"j":199},{"i":200,"j":211},{"i":187,"j":198},{"i":201,"j":202},{"i":198,"j":201},{"i":205,"j":213},{"i":202,"j":218},{"i":202,"j":204},{"i":208,"j":210},{"i":197,"j":208},{"i":195,"j":200},{"i":209,"j":221},{"i":197,"j":256},{"i":207,"j":212},{"i":38,"j":207},{"i":210,"j":227},{"i":201,"j":203},{"i":190,"j":221},{"i":197,"j":210},{"i":204,"j":229},{"i":196,"j":204},{"i":214,"j":217},{"i":221,"j":230},{"i":211,"j":213},{"i":209,"j":214},{"i":185,"j":209},{"i":219,"j":228},{"i":218,"j":219},{"i":215,"j":218},{"i":203,"j":215},{"i":216,"j":219},{"i":215,"j":216},{"i":214,"j":222},{"i":222,"j":225},{"i":213,"j":227},{"i":199,"j":213},{"i":216,"j":224},{"i":216,"j":217},{"i":221,"j":222},{"i":193,"j":226},{"i":212,"j":223},{"i":217,"j":225},{"i":224,"j":243},{"i":231,"j":250},{"i":226,"j":231},{"i":218,"j":228},{"i":229,"j":252},{"i":228,"j":229},{"i":230,"j":239},{"i":225,"j":236},{"i":224,"j":225},{"i":232,"j":241},{"i":223,"j":231},{"i":231,"j":232},{"i":223,"j":232},{"i":196,"j":234},{"i":239,"j":247},{"i":213,"j":254},{"i":227,"j":237},{"i":220,"j":227},{"i":235,"j":301},{"i":212,"j":235},{"i":233,"j":234},{"i":222,"j":230},{"i":233,"j":246},{"i":211,"j":233},{"i":241,"j":249},{"i":238,"j":242},{"i":236,"j":238},{"i":239,"j":240},{"i":236,"j":239},{"i":178,"j":257},{"i":241,"j":245},{"i":243,"j":251},{"i":242,"j":243},{"i":229,"j":244},{"i":228,"j":251},{"i":237,"j":256},{"i":235,"j":245},{"i":234,"j":252},{"i":242,"j":248},{"i":243,"j":260},{"i":240,"j":248},{"i":238,"j":240},{"i":220,"j":256},{"i":197,"j":220},{"i":249,"j":253},{"i":250,"j":264},{"i":249,"j":250},{"i":246,"j":271},{"i":258,"j":262},{"i":211,"j":246},{"i":253,"j":264},{"i":245,"j":253},{"i":254,"j":271},{"i":254,"j":277},{"i":247,"j":259},{"i":237,"j":292},{"i":261,"j":267},{"i":260,"j":261},{"i":255,"j":258},{"i":247,"j":255},{"i":248,"j":265},{"i":247,"j":258},{"i":266,"j":278},{"i":248,"j":261},{"i":262,"j":268},{"i":259,"j":265},{"i":255,"j":257},{"i":256,"j":264},{"i":250,"j":256},{"i":267,"j":272},{"i":264,"j":301},{"i":245,"j":264},{"i":259,"j":268},{"i":175,"j":276},{"i":265,"j":267},{"i":252,"j":273},{"i":263,"j":269},{"i":257,"j":263},{"i":263,"j":266},{"i":267,"j":284},{"i":254,"j":270},{"i":244,"j":308},{"i":268,"j":272},{"i":244,"j":251},{"i":279,"j":282},{"i":274,"j":287},{"i":271,"j":285},{"i":270,"j":271},{"i":271,"j":273},{"i":175,"j":206},{"i":270,"j":274},{"i":277,"j":292},{"i":266,"j":276},{"i":278,"j":281},{"i":269,"j":282},{"i":282,"j":290},{"i":279,"j":280},{"i":269,"j":279},{"i":280,"j":283},{"i":262,"j":280},{"i":269,"j":281},{"i":283,"j":289},{"i":272,"j":283},{"i":275,"j":308},{"i":287,"j":293},{"i":275,"j":296},{"i":273,"j":275},{"i":293,"j":311},{"i":282,"j":294},{"i":206,"j":286},{"i":274,"j":312},{"i":292,"j":293},{"i":286,"j":300},{"i":206,"j":288},{"i":281,"j":294},{"i":287,"j":311},{"i":289,"j":299},{"i":206,"j":291},{"i":277,"j":287},{"i":300,"j":306},{"i":292,"j":295},{"i":278,"j":332},{"i":294,"j":307},{"i":290,"j":294},{"i":284,"j":298},{"i":260,"j":284},{"i":296,"j":305},{"i":284,"j":289},{"i":289,"j":290},{"i":303,"j":361},{"i":284,"j":297},{"i":286,"j":288},{"i":256,"j":304},{"i":297,"j":310},{"i":300,"j":302},{"i":296,"j":330},{"i":295,"j":329},{"i":304,"j":333},{"i":301,"j":304},{"i":274,"j":285},{"i":244,"j":316},{"i":302,"j":313},{"i":276,"j":302},{"i":291,"j":306},{"i":288,"j":291},{"i":299,"j":307},{"i":251,"j":298},{"i":297,"j":299},{"i":311,"j":312},{"i":299,"j":314},{"i":285,"j":303},{"i":315,"j":321},{"i":307,"j":315},{"i":311,"j":329},{"i":295,"j":311},{"i":298,"j":319},{"i":314,"j":323},{"i":310,"j":314},{"i":306,"j":313},{"i":298,"j":309},{"i":294,"j":315},{"i":309,"j":336},{"i":315,"j":339},{"i":298,"j":318},{"i":319,"j":325},{"i":309,"j":310},{"i":320,"j":325},{"i":317,"j":319},{"i":298,"j":317},{"i":319,"j":320},{"i":316,"j":320},{"i":321,"j":338},{"i":314,"j":321},{"i":314,"j":327},{"i":322,"j":324},{"i":316,"j":322},{"i":312,"j":361},{"i":318,"j":326},{"i":317,"j":318},{"i":318,"j":336},{"i":323,"j":328},{"i":334,"j":337},{"i":303,"j":305},{"i":326,"j":354},{"i":328,"j":336},{"i":327,"j":331},{"i":323,"j":327},{"i":328,"j":331},{"i":276,"j":340},{"i":324,"j":337},{"i":308,"j":324},{"i":334,"j":335},{"i":330,"j":334},{"i":362,"j":395},{"i":305,"j":330},{"i":325,"j":342},{"i":322,"j":325},{"i":344,"j":347},{"i":338,"j":344},{"i":325,"j":354},{"i":321,"j":344},{"i":326,"j":336},{"i":315,"j":332},{"i":276,"j":393},{"i":340,"j":341},{"i":332,"j":340},{"i":339,"j":352},{"i":338,"j":343},{"i":339,"j":341},{"i":335,"j":351},{"i":330,"j":335},{"i":343,"j":345},{"i":331,"j":343},{"i":291,"j":397},{"i":333,"j":346},{"i":347,"j":352},{"i":337,"j":353},{"i":330,"j":367},{"i":337,"j":342},{"i":347,"j":350},{"i":357,"j":362},{"i":349,"j":357},{"i":350,"j":357},{"i":352,"j":395},{"i":336,"j":345},{"i":351,"j":367},{"i":349,"j":358},{"i":345,"j":349},{"i":356,"j":368},{"i":313,"j":355},{"i":276,"j":313},{"i":336,"j":360},{"i":350,"j":352},{"i":342,"j":354},{"i":356,"j":359},{"i":342,"j":356},{"i":329,"j":401},{"i":359,"j":364},{"i":358,"j":360},{"i":353,"j":364},{"i":351,"j":353},{"i":360,"j":376},{"i":329,"j":380},{"i":363,"j":434},{"i":346,"j":363},{"i":341,"j":395},{"i":348,"j":361},{"i":363,"j":365},{"i":364,"j":367},{"i":366,"j":376},{"i":370,"j":372},{"i":367,"j":370},{"i":367,"j":369},{"i":373,"j":381},{"i":361,"j":369},{"i":370,"j":373},{"i":366,"j":371},{"i":354,"j":366},{"i":364,"j":377},{"i":329,"j":348},{"i":372,"j":383},{"i":369,"j":372},{"i":291,"j":466},{"i":358,"j":379},{"i":377,"j":392},{"i":358,"j":362},{"i":368,"j":403},{"i":386,"j":389},{"i":378,"j":386},{"i":375,"j":384},{"i":375,"j":382},{"i":366,"j":375},{"i":340,"j":390},{"i":373,"j":377},{"i":364,"j":400},{"i":381,"j":385},{"i":375,"j":388},{"i":372,"j":385},{"i":383,"j":391},{"i":378,"j":388},{"i":376,"j":378},{"i":382,"j":387},{"i":394,"j":429},{"i":379,"j":386},{"i":384,"j":394},{"i":382,"j":384},{"i":385,"j":407},{"i":381,"j":392},{"i":384,"j":388},{"i":389,"j":429},{"i":388,"j":389},{"i":383,"j":407},{"i":395,"j":412},{"i":379,"j":395},{"i":374,"j":439},{"i":348,"j":374},{"i":359,"j":368},{"i":276,"j":355},{"i":387,"j":399},{"i":371,"j":387},{"i":368,"j":371},{"i":399,"j":411},{"i":394,"j":399},{"i":364,"j":402},{"i":388,"j":429},{"i":364,"j":398},{"i":392,"j":396},{"i":391,"j":406},{"i":374,"j":391},{"i":380,"j":401},{"i":402,"j":420},{"i":412,"j":422},{"i":400,"j":408},{"i":396,"j":400},{"i":409,"j":413},{"i":365,"j":380},{"i":401,"j":419},{"i":404,"j":425},{"i":380,"j":404},{"i":392,"j":409},{"i":400,"j":402},{"i":407,"j":423},{"i":398,"j":414},{"i":408,"j":409},{"i":396,"j":408},{"i":397,"j":446},{"i":410,"j":411},{"i":399,"j":410},{"i":403,"j":415},{"i":398,"j":403},{"i":408,"j":417},{"i":413,"j":426},{"i":406,"j":439},{"i":403,"j":428},{"i":414,"j":420},{"i":411,"j":428},{"i":403,"j":411},{"i":397,"j":416},{"i":408,"j":420},{"i":397,"j":466},{"i":355,"j":432},{"i":393,"j":418},{"i":407,"j":413},{"i":405,"j":517},{"i":420,"j":433},{"i":417,"j":433},{"i":390,"j":430},{"i":421,"j":427},{"i":412,"j":421},{"i":390,"j":393},{"i":413,"j":417},{"i":404,"j":405},{"i":425,"j":448},{"i":424,"j":435},{"i":424,"j":425},{"i":406,"j":423},{"i":440,"j":457},{"i":415,"j":457},{"i":414,"j":415},{"i":421,"j":422},{"i":423,"j":453},{"i":410,"j":429},{"i":427,"j":442},{"i":430,"j":451},{"i":431,"j":441},{"i":422,"j":451},{"i":416,"j":432},{"i":435,"j":448},{"i":433,"j":440},{"i":365,"j":424},{"i":406,"j":431},{"i":438,"j":449},{"i":443,"j":462},{"i":434,"j":452},{"i":346,"j":434},{"i":435,"j":437},{"i":405,"j":419},{"i":437,"j":452},{"i":434,"j":437},{"i":431,"j":438},{"i":429,"j":454},{"i":423,"j":426},{"i":426,"j":436},{"i":442,"j":443},{"i":436,"j":440},{"i":449,"j":450},{"i":444,"j":450},{"i":441,"j":444},{"i":416,"j":446},{"i":442,"j":476},{"i":439,"j":490},{"i":419,"j":439},{"i":449,"j":463},{"i":439,"j":449},{"i":438,"j":441},{"i":457,"j":464},{"i":448,"j":517},{"i":445,"j":453},{"i":436,"j":445},{"i":418,"j":478},{"i":451,"j":467},{"i":447,"j":451},{"i":448,"j":452},{"i":452,"j":769},{"i":333,"j":452},{"i":429,"j":443},{"i":453,"j":458},{"i":453,"j":455},{"i":444,"j":453},{"i":450,"j":455},{"i":455,"j":469},{"i":458,"j":465},{"i":465,"j":482},{"i":460,"j":465},{"i":456,"j":458},{"i":460,"j":469},{"i":456,"j":460},{"i":459,"j":465},{"i":445,"j":459},{"i":459,"j":461},{"i":447,"j":468},{"i":427,"j":447},{"i":456,"j":469},{"i":455,"j":456},{"i":461,"j":464},{"i":461,"j":471},{"i":472,"j":479},{"i":467,"j":481},{"i":470,"j":487},{"i":418,"j":432},{"i":467,"j":468},{"i":470,"j":475},{"i":468,"j":476},{"i":469,"j":493},{"i":461,"j":470},{"i":471,"j":482},{"i":454,"j":480},{"i":472,"j":473},{"i":428,"j":472},{"i":482,"j":491},{"i":463,"j":497},{"i":473,"j":494},{"i":457,"j":473},{"i":481,"j":486},{"i":464,"j":487},{"i":468,"j":486},{"i":466,"j":477},{"i":462,"j":499},{"i":432,"j":488},{"i":454,"j":462},{"i":488,"j":524},{"i":476,"j":496},{"i":475,"j":489},{"i":487,"j":492},{"i":471,"j":475},{"i":430,"j":478},{"i":439,"j":474},{"i":482,"j":484},{"i":484,"j":485},{"i":469,"j":484},{"i":486,"j":495},{"i":479,"j":521},{"i":477,"j":488},{"i":446,"j":477},{"i":475,"j":492},{"i":485,"j":493},{"i":490,"j":498},{"i":482,"j":489},{"i":503,"j":548},{"i":493,"j":500},{"i":492,"j":506},{"i":485,"j":491},{"i":480,"j":521},{"i":479,"j":480},{"i":496,"j":515},{"i":483,"j":510},{"i":430,"j":483},{"i":489,"j":506},{"i":495,"j":496},{"i":463,"j":500},{"i":503,"j":506},{"i":490,"j":501},{"i":419,"j":498},{"i":504,"j":507},{"i":462,"j":496},{"i":474,"j":502},{"i":487,"j":505},{"i":501,"j":508},{"i":474,"j":507},{"i":502,"j":504},{"i":501,"j":502},{"i":497,"j":509},{"i":487,"j":494},{"i":505,"j":506},{"i":491,"j":503},{"i":497,"j":514},{"i":508,"j":522},{"i":500,"j":514},{"i":499,"j":515},{"i":508,"j":511},{"i":512,"j":516},{"i":511,"j":512},{"i":498,"j":511},{"i":508,"j":516},{"i":512,"j":513},{"i":518,"j":528},{"i":514,"j":518},{"i":513,"j":517},{"i":509,"j":520},{"i":507,"j":509},{"i":516,"j":522},{"i":513,"j":519},{"i":505,"j":527},{"i":494,"j":521},{"i":506,"j":527},{"i":522,"j":541},{"i":509,"j":528},{"i":520,"j":538},{"i":499,"j":547},{"i":517,"j":549},{"i":504,"j":520},{"i":495,"j":532},{"i":523,"j":525},{"i":478,"j":523},{"i":525,"j":550},{"i":525,"j":529},{"i":483,"j":525},{"i":537,"j":570},{"i":540,"j":543},{"i":532,"j":540},{"i":528,"j":538},{"i":481,"j":510},{"i":525,"j":533},{"i":526,"j":535},{"i":510,"j":526},{"i":533,"j":536},{"i":529,"j":533},{"i":539,"j":559},{"i":523,"j":524},{"i":477,"j":534},{"i":526,"j":529},{"i":531,"j":539},{"i":524,"j":531},{"i":515,"j":530},{"i":477,"j":625},{"i":528,"j":546},{"i":531,"j":559},{"i":518,"j":548},{"i":535,"j":540},{"i":532,"j":535},{"i":538,"j":541},{"i":527,"j":577},{"i":519,"j":557},{"i":542,"j":565},{"i":530,"j":565},{"i":536,"j":561},{"i":452,"j":544},{"i":515,"j":542},{"i":545,"j":555},{"i":542,"j":545},{"i":503,"j":537},{"i":560,"j":572},{"i":537,"j":562},{"i":552,"j":567},{"i":523,"j":539},{"i":546,"j":553},{"i":551,"j":554},{"i":541,"j":551},{"i":544,"j":549},{"i":549,"j":552},{"i":544,"j":552},{"i":466,"j":625},{"i":551,"j":560},{"i":554,"j":558},{"i":545,"j":565},{"i":521,"j":577},{"i":534,"j":556},{"i":531,"j":534},{"i":519,"j":554},{"i":558,"j":560},{"i":556,"j":575},{"i":557,"j":558},{"i":548,"j":569},{"i":536,"j":550},{"i":565,"j":616},{"i":555,"j":563},{"i":547,"j":555},{"i":530,"j":543},{"i":553,"j":572},{"i":551,"j":553},{"i":562,"j":569},{"i":561,"j":565},{"i":543,"j":561},{"i":549,"j":578},{"i":566,"j":574},{"i":452,"j":566},{"i":564,"j":568},{"i":558,"j":564},{"i":567,"j":578},{"i":547,"j":577},{"i":563,"j":571},{"i":547,"j":563},{"i":569,"j":580},{"i":546,"j":569},{"i":565,"j":571},{"i":572,"j":598},{"i":564,"j":572},{"i":571,"j":573},{"i":566,"j":567},{"i":574,"j":769},{"i":452,"j":574},{"i":571,"j":581},{"i":562,"j":570},{"i":576,"j":582},{"i":564,"j":576},{"i":573,"j":577},{"i":547,"j":573},{"i":557,"j":595},{"i":578,"j":586},{"i":579,"j":613},{"i":570,"j":588},{"i":580,"j":598},{"i":565,"j":589},{"i":557,"j":568},{"i":576,"j":598},{"i":577,"j":585},{"i":587,"j":594},{"i":577,"j":587},{"i":556,"j":584},{"i":583,"j":588},{"i":570,"j":583},{"i":568,"j":579},{"i":586,"j":604},{"i":574,"j":586},{"i":581,"j":587},{"i":593,"j":597},{"i":588,"j":597},{"i":559,"j":575},{"i":583,"j":602},{"i":575,"j":612},{"i":590,"j":592},{"i":580,"j":590},{"i":597,"j":599},{"i":596,"j":597},{"i":579,"j":582},{"i":587,"j":603},{"i":593,"j":596},{"i":590,"j":593},{"i":580,"j":592},{"i":595,"j":607},{"i":583,"j":597},{"i":591,"j":612},{"i":592,"j":605},{"i":583,"j":585},{"i":596,"j":606},{"i":602,"j":619},{"i":598,"j":605},{"i":585,"j":594},{"i":591,"j":600},{"i":550,"j":591},{"i":581,"j":589},{"i":599,"j":606},{"i":601,"j":614},{"i":594,"j":601},{"i":605,"j":608},{"i":607,"j":615},{"i":604,"j":607},{"i":602,"j":606},{"i":599,"j":602},{"i":609,"j":626},{"i":604,"j":699},{"i":595,"j":615},{"i":605,"j":613},{"i":582,"j":605},{"i":606,"j":608},{"i":601,"j":603},{"i":561,"j":600},{"i":565,"j":610},{"i":609,"j":611},{"i":600,"j":609},{"i":611,"j":635},{"i":610,"j":611},{"i":584,"j":612},{"i":605,"j":627},{"i":622,"j":623},{"i":613,"j":615},{"i":594,"j":614},{"i":610,"j":617},{"i":617,"j":618},{"i":617,"j":635},{"i":629,"j":663},{"i":627,"j":651},{"i":603,"j":622},{"i":620,"j":624},{"i":614,"j":620},{"i":589,"j":623},{"i":616,"j":623},{"i":621,"j":646},{"i":620,"j":621},{"i":618,"j":628},{"i":616,"j":618},{"i":624,"j":646},{"i":609,"j":633},{"i":626,"j":635},{"i":625,"j":636},{"i":619,"j":648},{"i":629,"j":631},{"i":627,"j":629},{"i":628,"j":630},{"i":636,"j":721},{"i":624,"j":641},{"i":619,"j":624},{"i":625,"j":632},{"i":584,"j":625},{"i":628,"j":639},{"i":633,"j":643},{"i":630,"j":634},{"i":623,"j":630},{"i":647,"j":659},{"i":626,"j":642},{"i":637,"j":638},{"i":612,"j":632},{"i":635,"j":640},{"i":632,"j":636},{"i":633,"j":644},{"i":636,"j":638},{"i":641,"j":648},{"i":621,"j":622},{"i":612,"j":637},{"i":622,"j":634},{"i":639,"j":647},{"i":640,"j":652},{"i":635,"j":653},{"i":631,"j":645},{"i":645,"j":669},{"i":639,"j":640},{"i":656,"j":670},{"i":646,"j":654},{"i":647,"j":649},{"i":634,"j":647},{"i":644,"j":650},{"i":643,"j":644},{"i":648,"j":651},{"i":608,"j":648},{"i":647,"j":652},{"i":642,"j":656},{"i":649,"j":662},{"i":643,"j":656},{"i":642,"j":643},{"i":659,"j":666},{"i":654,"j":655},{"i":641,"j":654},{"i":655,"j":661},{"i":653,"j":657},{"i":653,"j":658},{"i":657,"j":659},{"i":652,"j":657},{"i":656,"j":658},{"i":658,"j":675},{"i":657,"j":666},{"i":661,"j":674},{"i":661,"j":664},{"i":660,"j":661},{"i":649,"j":666},{"i":660,"j":663},{"i":651,"j":660},{"i":671,"j":679},{"i":631,"j":663},{"i":645,"j":665},{"i":663,"j":672},{"i":664,"j":690},{"i":665,"j":667},{"i":664,"j":672},{"i":650,"j":676},{"i":662,"j":673},{"i":655,"j":662},{"i":656,"j":668},{"i":662,"j":681},{"i":669,"j":700},{"i":665,"j":669},{"i":666,"j":681},{"i":662,"j":666},{"i":673,"j":674},{"i":676,"j":705},{"i":675,"j":681},{"i":650,"j":671},{"i":675,"j":687},{"i":671,"j":677},{"i":667,"j":678},{"i":615,"j":667},{"i":615,"j":678},{"i":677,"j":680},{"i":676,"j":677},{"i":671,"j":698},{"i":677,"j":679},{"i":670,"j":683},{"i":687,"j":692},{"i":681,"j":682},{"i":684,"j":688},{"i":673,"j":693},{"i":668,"j":688},{"i":683,"j":687},{"i":668,"j":676},{"i":669,"j":672},{"i":674,"j":690},{"i":684,"j":686},{"i":670,"j":684},{"i":683,"j":697},{"i":672,"j":690},{"i":692,"j":697},{"i":688,"j":705},{"i":678,"j":685},{"i":685,"j":689},{"i":694,"j":714},{"i":689,"j":701},{"i":673,"j":702},{"i":679,"j":691},{"i":637,"j":698},{"i":683,"j":686},{"i":688,"j":696},{"i":686,"j":688},{"i":673,"j":682},{"i":702,"j":708},{"i":695,"j":704},{"i":692,"j":694},{"i":682,"j":692},{"i":695,"j":709},{"i":690,"j":709},{"i":680,"j":705},{"i":696,"j":711},{"i":680,"j":691},{"i":638,"j":721},{"i":678,"j":689},{"i":701,"j":706},{"i":699,"j":701},{"i":669,"j":695},{"i":699,"j":724},{"i":574,"j":699},{"i":701,"j":710},{"i":694,"j":708},{"i":702,"j":703},{"i":700,"j":712},{"i":685,"j":700},{"i":690,"j":693},{"i":707,"j":722},{"i":693,"j":703},{"i":691,"j":725},{"i":699,"j":706},{"i":705,"j":707},{"i":697,"j":714},{"i":705,"j":725},{"i":709,"j":728},{"i":712,"j":731},{"i":700,"j":720},{"i":710,"j":718},{"i":703,"j":728},{"i":707,"j":711},{"i":696,"j":707},{"i":704,"j":720},{"i":700,"j":704},{"i":719,"j":729},{"i":712,"j":713},{"i":713,"j":715},{"i":710,"j":713},{"i":712,"j":716},{"i":711,"j":714},{"i":715,"j":716},{"i":709,"j":719},{"i":698,"j":717},{"i":691,"j":698},{"i":715,"j":718},{"i":716,"j":731},{"i":704,"j":719},{"i":625,"j":721},{"i":717,"j":725},{"i":722,"j":726},{"i":728,"j":737},{"i":718,"j":724},{"i":706,"j":718},{"i":724,"j":769},{"i":722,"j":725},{"i":723,"j":727},{"i":714,"j":723},{"i":726,"j":727},{"i":723,"j":726},{"i":708,"j":727},{"i":729,"j":741},{"i":728,"j":729},{"i":731,"j":738},{"i":717,"j":732},{"i":730,"j":734},{"i":725,"j":730},{"i":729,"j":731},{"i":720,"j":729},{"i":736,"j":765},{"i":698,"j":721},{"i":721,"j":733},{"i":721,"j":770},{"i":730,"j":732},{"i":735,"j":739},{"i":726,"j":746},{"i":737,"j":750},{"i":733,"j":736},{"i":732,"j":733},{"i":727,"j":749},{"i":740,"j":745},{"i":735,"j":738},{"i":731,"j":735},{"i":742,"j":745},{"i":741,"j":742},{"i":735,"j":741},{"i":739,"j":744},{"i":739,"j":741},{"i":740,"j":742},{"i":737,"j":740},{"i":750,"j":773},{"i":722,"j":754},{"i":747,"j":751},{"i":722,"j":734},{"i":748,"j":751},{"i":744,"j":747},{"i":724,"j":743},{"i":747,"j":748},{"i":738,"j":747},{"i":743,"j":755},{"i":727,"j":746},{"i":749,"j":750},{"i":741,"j":745},{"i":748,"j":761},{"i":736,"j":752},{"i":748,"j":755},{"i":751,"j":771},{"i":755,"j":761},{"i":753,"j":755},{"i":752,"j":754},{"i":734,"j":752},{"i":750,"j":757},{"i":745,"j":750},{"i":754,"j":756},{"i":750,"j":760},{"i":758,"j":764},{"i":746,"j":772},{"i":736,"j":758},{"i":758,"j":759},{"i":760,"j":775},{"i":721,"j":784},{"i":744,"j":757},{"i":768,"j":773},{"i":749,"j":768},{"i":761,"j":779},{"i":760,"j":762},{"i":762,"j":763},{"i":757,"j":762},{"i":763,"j":767},{"i":759,"j":764},{"i":756,"j":759},{"i":756,"j":772},{"i":751,"j":763},{"i":772,"j":781},{"i":766,"j":771},{"i":751,"j":766},{"i":766,"j":780},{"i":764,"j":772},{"i":753,"j":769},{"i":743,"j":753},{"i":764,"j":765},{"i":733,"j":770},{"i":776,"j":782},{"i":771,"j":776},{"i":771,"j":774},{"i":780,"j":783},{"i":776,"j":780},{"i":773,"j":775},{"i":761,"j":786},{"i":766,"j":767},{"i":767,"j":790},{"i":772,"j":777},{"i":768,"j":772},{"i":770,"j":778},{"i":774,"j":786},{"i":761,"j":774},{"i":791,"j":795},{"i":790,"j":791},{"i":786,"j":798},{"i":775,"j":790},{"i":762,"j":775},{"i":777,"j":790},{"i":787,"j":799},{"i":782,"j":794},{"i":780,"j":794},{"i":778,"j":796},{"i":770,"j":784},{"i":784,"j":785},{"i":769,"j":779},{"i":779,"j":787},{"i":787,"j":793},{"i":781,"j":788},{"i":777,"j":781},{"i":765,"j":796},{"i":784,"j":789},{"i":788,"j":791},{"i":777,"j":788},{"i":795,"j":799},{"i":783,"j":794},{"i":782,"j":783},{"i":790,"j":794},{"i":795,"j":797},{"i":785,"j":796},{"i":778,"j":785},{"i":789,"j":796},{"i":794,"j":797},{"i":797,"j":798},{"i":793,"j":799},{"i":792,"j":793},{"i":798,"j":799},{"i":0,"j":7},{"i":7,"j":38},{"i":38,"j":212},{"i":212,"j":301},{"i":301,"j":333},{"i":333,"j":769},{"i":769,"j":792},{"i":792,"j":799},{"i":795,"j":796}],"type":"Solution"}