{"instance_name":"euro-night-0000500","edges":[{"i":8,"j":12},{"i":6,"j":8},{"i":0,"j":5},{"i":2,"j":3},{"i":0,"j":2},{"i":3,"j":10},{"i":1,"j":3},{"i":2,"j":10},{"i":0,"j":4},{"i":9,"j":15},{"i":0,"j":7},{"i":4,"j":15},{"i":6,"j":7},{"i":9,"j":11},{"i":0,"j":9},{"i":5,"j":6},{"i":9,"j":13},{"i":10,"j":22},{"i":12,"j":14},{"i":6,"j":12},{"i":11,"j":13},{"i":10,"j":11},{"i":4,"j":5},{"i":13,"j":19},{"i":14,"j":27},{"i":14,"j":15},{"i":35,"j":55},{"i":15,"j":19},{"i":14,"j":23},{"i":16,"j":17},{"i":7,"j":16},{"i":17,"j":18},{"i":7,"j":17},{"i":14,"j":21},{"i":7,"j":18},{"i":19,"j":29},{"i":23,"j":33},{"i":21,"j":23},{"i":21,"j":29},{"i":20,"j":24},{"i":18,"j":20},{"i":20,"j":25},{"i":22,"j":26},{"i":27,"j":33},{"i":26,"j":28},{"i":1,"j":26},{"i":22,"j":31},{"i":28,"j":30},{"i":21,"j":32},{"i":16,"j":55},{"i":28,"j":34},{"i":34,"j":44},{"i":31,"j":34},{"i":29,"j":37},{"i":27,"j":47},{"i":31,"j":36},{"i":33,"j":41},{"i":32,"j":33},{"i":24,"j":25},{"i":32,"j":38},{"i":36,"j":44},{"i":37,"j":39},{"i":31,"j":37},{"i":40,"j":55},{"i":39,"j":48},{"i":36,"j":39},{"i":25,"j":35},{"i":38,"j":48},{"i":37,"j":38},{"i":33,"j":45},{"i":41,"j":48},{"i":8,"j":24},{"i":40,"j":43},{"i":35,"j":40},{"i":50,"j":59},{"i":44,"j":57},{"i":30,"j":44},{"i":33,"j":42},{"i":55,"j":140},{"i":43,"j":49},{"i":45,"j":52},{"i":41,"j":45},{"i":48,"j":56},{"i":51,"j":73},{"i":46,"j":49},{"i":43,"j":46},{"i":42,"j":53},{"i":24,"j":60},{"i":50,"j":51},{"i":24,"j":50},{"i":54,"j":65},{"i":47,"j":54},{"i":60,"j":62},{"i":53,"j":58},{"i":52,"j":53},{"i":51,"j":54},{"i":47,"j":51},{"i":50,"j":61},{"i":57,"j":110},{"i":47,"j":74},{"i":42,"j":47},{"i":52,"j":58},{"i":24,"j":49},{"i":60,"j":64},{"i":60,"j":63},{"i":59,"j":73},{"i":62,"j":66},{"i":62,"j":67},{"i":49,"j":68},{"i":61,"j":71},{"i":65,"j":74},{"i":61,"j":66},{"i":63,"j":72},{"i":62,"j":63},{"i":64,"j":72},{"i":55,"j":68},{"i":46,"j":55},{"i":56,"j":82},{"i":67,"j":70},{"i":77,"j":92},{"i":64,"j":75},{"i":59,"j":71},{"i":65,"j":77},{"i":75,"j":95},{"i":70,"j":86},{"i":66,"j":70},{"i":68,"j":75},{"i":56,"j":78},{"i":57,"j":76},{"i":74,"j":87},{"i":69,"j":80},{"i":58,"j":69},{"i":78,"j":79},{"i":80,"j":85},{"i":82,"j":97},{"i":78,"j":82},{"i":80,"j":81},{"i":56,"j":81},{"i":76,"j":79},{"i":79,"j":83},{"i":83,"j":88},{"i":76,"j":83},{"i":77,"j":87},{"i":81,"j":99},{"i":73,"j":93},{"i":65,"j":92},{"i":87,"j":106},{"i":82,"j":99},{"i":88,"j":110},{"i":73,"j":92},{"i":72,"j":91},{"i":67,"j":72},{"i":71,"j":84},{"i":98,"j":101},{"i":94,"j":98},{"i":86,"j":94},{"i":84,"j":86},{"i":92,"j":118},{"i":89,"j":98},{"i":86,"j":89},{"i":94,"j":100},{"i":84,"j":94},{"i":87,"j":108},{"i":104,"j":129},{"i":102,"j":133},{"i":81,"j":85},{"i":100,"j":105},{"i":91,"j":103},{"i":89,"j":91},{"i":97,"j":102},{"i":85,"j":113},{"i":94,"j":101},{"i":103,"j":104},{"i":101,"j":103},{"i":105,"j":119},{"i":95,"j":129},{"i":91,"j":95},{"i":90,"j":108},{"i":87,"j":90},{"i":113,"j":128},{"i":112,"j":113},{"i":92,"j":114},{"i":104,"j":107},{"i":101,"j":104},{"i":99,"j":111},{"i":97,"j":99},{"i":90,"j":92},{"i":117,"j":127},{"i":88,"j":102},{"i":119,"j":122},{"i":85,"j":117},{"i":69,"j":96},{"i":112,"j":130},{"i":111,"j":112},{"i":96,"j":127},{"i":106,"j":127},{"i":96,"j":106},{"i":93,"j":105},{"i":108,"j":124},{"i":107,"j":116},{"i":100,"j":107},{"i":114,"j":120},{"i":109,"j":114},{"i":117,"j":123},{"i":115,"j":118},{"i":93,"j":115},{"i":118,"j":120},{"i":127,"j":145},{"i":119,"j":121},{"i":115,"j":119},{"i":109,"j":120},{"i":116,"j":122},{"i":108,"j":109},{"i":125,"j":134},{"i":120,"j":125},{"i":121,"j":125},{"i":124,"j":127},{"i":121,"j":135},{"i":131,"j":135},{"i":126,"j":130},{"i":126,"j":128},{"i":123,"j":126},{"i":122,"j":131},{"i":128,"j":130},{"i":123,"j":145},{"i":55,"j":132},{"i":110,"j":133},{"i":139,"j":142},{"i":134,"j":139},{"i":134,"j":141},{"i":131,"j":137},{"i":135,"j":139},{"i":129,"j":137},{"i":116,"j":129},{"i":136,"j":153},{"i":137,"j":146},{"i":111,"j":157},{"i":138,"j":154},{"i":133,"j":138},{"i":135,"j":136},{"i":136,"j":139},{"i":142,"j":151},{"i":146,"j":149},{"i":144,"j":155},{"i":144,"j":157},{"i":136,"j":137},{"i":142,"j":150},{"i":141,"j":142},{"i":138,"j":144},{"i":124,"j":141},{"i":141,"j":169},{"i":143,"j":147},{"i":136,"j":143},{"i":143,"j":146},{"i":129,"j":152},{"i":147,"j":153},{"i":129,"j":167},{"i":130,"j":157},{"i":147,"j":156},{"i":147,"j":159},{"i":95,"j":132},{"i":153,"j":164},{"i":145,"j":157},{"i":154,"j":155},{"i":147,"j":148},{"i":141,"j":175},{"i":148,"j":160},{"i":150,"j":181},{"i":148,"j":149},{"i":158,"j":159},{"i":152,"j":163},{"i":149,"j":152},{"i":156,"j":171},{"i":166,"j":171},{"i":159,"j":168},{"i":159,"j":160},{"i":158,"j":166},{"i":156,"j":158},{"i":169,"j":173},{"i":161,"j":169},{"i":161,"j":165},{"i":145,"j":161},{"i":165,"j":172},{"i":145,"j":165},{"i":141,"j":177},{"i":162,"j":168},{"i":160,"j":162},{"i":162,"j":163},{"i":132,"j":140},{"i":163,"j":170},{"i":151,"j":181},{"i":152,"j":180},{"i":170,"j":182},{"i":166,"j":182},{"i":175,"j":184},{"i":169,"j":176},{"i":157,"j":172},{"i":173,"j":174},{"i":172,"j":209},{"i":150,"j":178},{"i":176,"j":195},{"i":173,"j":176},{"i":164,"j":181},{"i":151,"j":164},{"i":175,"j":185},{"i":171,"j":179},{"i":164,"j":171},{"i":177,"j":185},{"i":168,"j":182},{"i":164,"j":179},{"i":185,"j":198},{"i":182,"j":199},{"i":180,"j":183},{"i":177,"j":178},{"i":191,"j":196},{"i":182,"j":191},{"i":184,"j":195},{"i":176,"j":184},{"i":140,"j":186},{"i":180,"j":192},{"i":188,"j":190},{"i":188,"j":189},{"i":183,"j":188},{"i":170,"j":183},{"i":167,"j":192},{"i":189,"j":194},{"i":189,"j":206},{"i":186,"j":193},{"i":194,"j":201},{"i":170,"j":194},{"i":192,"j":206},{"i":190,"j":192},{"i":174,"j":209},{"i":172,"j":174},{"i":196,"j":200},{"i":196,"j":197},{"i":179,"j":196},{"i":195,"j":198},{"i":181,"j":203},{"i":178,"j":181},{"i":181,"j":204},{"i":190,"j":206},{"i":203,"j":212},{"i":191,"j":199},{"i":210,"j":214},{"i":197,"j":210},{"i":181,"j":197},{"i":200,"j":210},{"i":212,"j":220},{"i":198,"j":212},{"i":199,"j":201},{"i":167,"j":211},{"i":207,"j":215},{"i":208,"j":224},{"i":202,"j":246},{"i":157,"j":202},{"i":205,"j":209},{"i":195,"j":205},{"i":207,"j":213},{"i":191,"j":207},{"i":201,"j":215},{"i":204,"j":226},{"i":194,"j":222},{"i":213,"j":217},{"i":210,"j":219},{"i":203,"j":229},{"i":213,"j":215},{"i":202,"j":209},{"i":224,"j":237},{"i":206,"j":208},{"i":218,"j":222},{"i":200,"j":217},{"i":205,"j":220},{"i":214,"j":223},{"i":204,"j":214},{"i":227,"j":235},{"i":219,"j":223},{"i":218,"j":221},{"i":215,"j":218},{"i":208,"j":211},{"i":217,"j":227},{"i":226,"j":229},{"i":221,"j":222},{"i":223,"j":226},{"i":221,"j":227},{"i":223,"j":228},{"i":230,"j":238},{"i":222,"j":224},{"i":226,"j":231},{"i":229,"j":239},{"i":231,"j":240},{"i":228,"j":231},{"i":228,"j":230},{"i":220,"j":239},{"i":230,"j":234},{"i":225,"j":227},{"i":219,"j":225},{"i":233,"j":238},{"i":225,"j":233},{"i":211,"j":237},{"i":232,"j":236},{"i":209,"j":232},{"i":234,"j":238},{"i":187,"j":268},{"i":167,"j":187},{"i":235,"j":242},{"i":233,"j":235},{"i":186,"j":245},{"i":239,"j":244},{"i":234,"j":241},{"i":241,"j":251},{"i":240,"j":241},{"i":235,"j":237},{"i":238,"j":242},{"i":193,"j":243},{"i":187,"j":193},{"i":240,"j":251},{"i":229,"j":240},{"i":216,"j":236},{"i":237,"j":256},{"i":248,"j":255},{"i":216,"j":253},{"i":202,"j":216},{"i":248,"j":256},{"i":244,"j":250},{"i":232,"j":244},{"i":186,"j":284},{"i":247,"j":264},{"i":236,"j":247},{"i":253,"j":260},{"i":246,"j":253},{"i":246,"j":252},{"i":250,"j":258},{"i":249,"j":250},{"i":266,"j":274},{"i":249,"j":264},{"i":247,"j":249},{"i":244,"j":261},{"i":242,"j":248},{"i":254,"j":259},{"i":242,"j":254},{"i":255,"j":259},{"i":254,"j":255},{"i":243,"j":268},{"i":155,"j":252},{"i":244,"j":263},{"i":255,"j":256},{"i":265,"j":296},{"i":253,"j":265},{"i":251,"j":263},{"i":243,"j":245},{"i":258,"j":269},{"i":251,"j":272},{"i":261,"j":266},{"i":258,"j":261},{"i":264,"j":287},{"i":264,"j":265},{"i":236,"j":264},{"i":257,"j":260},{"i":263,"j":266},{"i":268,"j":273},{"i":256,"j":268},{"i":186,"j":267},{"i":245,"j":262},{"i":270,"j":283},{"i":269,"j":281},{"i":259,"j":277},{"i":263,"j":282},{"i":270,"j":272},{"i":238,"j":270},{"i":275,"j":285},{"i":276,"j":280},{"i":259,"j":276},{"i":269,"j":274},{"i":299,"j":321},{"i":270,"j":277},{"i":273,"j":276},{"i":271,"j":289},{"i":263,"j":271},{"i":280,"j":299},{"i":262,"j":294},{"i":257,"j":279},{"i":252,"j":257},{"i":285,"j":286},{"i":277,"j":280},{"i":154,"j":279},{"i":275,"j":281},{"i":269,"j":275},{"i":282,"j":286},{"i":277,"j":290},{"i":273,"j":299},{"i":262,"j":267},{"i":274,"j":286},{"i":291,"j":297},{"i":281,"j":288},{"i":285,"j":300},{"i":289,"j":298},{"i":288,"j":304},{"i":287,"j":288},{"i":272,"j":306},{"i":271,"j":272},{"i":282,"j":298},{"i":283,"j":295},{"i":292,"j":298},{"i":292,"j":293},{"i":286,"j":292},{"i":298,"j":309},{"i":290,"j":303},{"i":291,"j":294},{"i":267,"j":291},{"i":283,"j":290},{"i":287,"j":296},{"i":299,"j":311},{"i":284,"j":297},{"i":296,"j":318},{"i":293,"j":309},{"i":293,"j":302},{"i":278,"j":317},{"i":268,"j":278},{"i":301,"j":318},{"i":296,"j":301},{"i":300,"j":304},{"i":302,"j":312},{"i":300,"j":302},{"i":310,"j":323},{"i":309,"j":310},{"i":295,"j":306},{"i":289,"j":305},{"i":306,"j":307},{"i":305,"j":306},{"i":312,"j":325},{"i":307,"j":310},{"i":305,"j":307},{"i":303,"j":319},{"i":295,"j":303},{"i":309,"j":322},{"i":303,"j":308},{"i":294,"j":334},{"i":278,"j":294},{"i":313,"j":317},{"i":304,"j":316},{"i":324,"j":328},{"i":310,"j":324},{"i":313,"j":315},{"i":299,"j":313},{"i":316,"j":326},{"i":314,"j":316},{"i":311,"j":342},{"i":308,"j":311},{"i":314,"j":318},{"i":301,"j":314},{"i":308,"j":342},{"i":299,"j":333},{"i":319,"j":330},{"i":299,"j":315},{"i":326,"j":336},{"i":306,"j":330},{"i":323,"j":338},{"i":322,"j":323},{"i":328,"j":341},{"i":322,"j":325},{"i":312,"j":322},{"i":340,"j":352},{"i":329,"j":335},{"i":320,"j":330},{"i":319,"j":320},{"i":317,"j":327},{"i":314,"j":326},{"i":318,"j":329},{"i":329,"j":331},{"i":260,"j":329},{"i":311,"j":321},{"i":330,"j":337},{"i":324,"j":330},{"i":325,"j":336},{"i":331,"j":339},{"i":260,"j":331},{"i":333,"j":359},{"i":333,"j":340},{"i":332,"j":335},{"i":318,"j":332},{"i":323,"j":328},{"i":320,"j":355},{"i":284,"j":375},{"i":335,"j":339},{"i":257,"j":339},{"i":324,"j":344},{"i":315,"j":356},{"i":336,"j":363},{"i":338,"j":341},{"i":321,"j":340},{"i":332,"j":346},{"i":343,"j":354},{"i":337,"j":368},{"i":332,"j":347},{"i":343,"j":345},{"i":332,"j":336},{"i":355,"j":362},{"i":346,"j":353},{"i":345,"j":346},{"i":338,"j":363},{"i":339,"j":343},{"i":279,"j":348},{"i":344,"j":363},{"i":341,"j":344},{"i":347,"j":351},{"i":350,"j":351},{"i":347,"j":350},{"i":362,"j":373},{"i":361,"j":362},{"i":315,"j":327},{"i":351,"j":353},{"i":346,"j":351},{"i":352,"j":359},{"i":345,"j":365},{"i":348,"j":354},{"i":360,"j":369},{"i":342,"j":352},{"i":337,"j":355},{"i":327,"j":334},{"i":349,"j":357},{"i":334,"j":349},{"i":348,"j":360},{"i":358,"j":497},{"i":279,"j":358},{"i":333,"j":356},{"i":356,"j":374},{"i":353,"j":365},{"i":352,"j":362},{"i":366,"j":382},{"i":359,"j":374},{"i":361,"j":366},{"i":355,"j":361},{"i":363,"j":368},{"i":297,"j":364},{"i":353,"j":370},{"i":360,"j":372},{"i":367,"j":438},{"i":358,"j":367},{"i":366,"j":368},{"i":365,"j":376},{"i":354,"j":365},{"i":369,"j":372},{"i":367,"j":369},{"i":363,"j":371},{"i":350,"j":363},{"i":368,"j":389},{"i":372,"j":438},{"i":373,"j":377},{"i":366,"j":373},{"i":364,"j":375},{"i":349,"j":364},{"i":370,"j":376},{"i":378,"j":392},{"i":374,"j":377},{"i":371,"j":389},{"i":370,"j":371},{"i":379,"j":438},{"i":372,"j":379},{"i":376,"j":381},{"i":376,"j":378},{"i":381,"j":386},{"i":380,"j":381},{"i":382,"j":389},{"i":375,"j":487},{"i":374,"j":387},{"i":379,"j":380},{"i":380,"j":385},{"i":386,"j":392},{"i":385,"j":386},{"i":385,"j":438},{"i":379,"j":385},{"i":381,"j":392},{"i":384,"j":390},{"i":377,"j":384},{"i":357,"j":391},{"i":356,"j":357},{"i":387,"j":388},{"i":389,"j":410},{"i":378,"j":389},{"i":383,"j":397},{"i":382,"j":383},{"i":383,"j":390},{"i":388,"j":390},{"i":384,"j":388},{"i":402,"j":414},{"i":375,"j":398},{"i":396,"j":399},{"i":387,"j":391},{"i":398,"j":460},{"i":390,"j":402},{"i":401,"j":410},{"i":389,"j":401},{"i":395,"j":396},{"i":383,"j":395},{"i":392,"j":426},{"i":383,"j":396},{"i":398,"j":407},{"i":375,"j":393},{"i":399,"j":408},{"i":397,"j":399},{"i":388,"j":394},{"i":397,"j":409},{"i":391,"j":404},{"i":403,"j":406},{"i":400,"j":406},{"i":395,"j":400},{"i":398,"j":404},{"i":403,"j":405},{"i":396,"j":403},{"i":407,"j":421},{"i":405,"j":413},{"i":400,"j":402},{"i":394,"j":404},{"i":410,"j":429},{"i":401,"j":409},{"i":405,"j":417},{"i":408,"j":418},{"i":402,"j":412},{"i":405,"j":416},{"i":394,"j":414},{"i":415,"j":416},{"i":394,"j":422},{"i":413,"j":415},{"i":408,"j":413},{"i":418,"j":423},{"i":409,"j":418},{"i":408,"j":415},{"i":411,"j":417},{"i":406,"j":411},{"i":411,"j":412},{"i":415,"j":444},{"i":422,"j":425},{"i":414,"j":427},{"i":412,"j":414},{"i":407,"j":420},{"i":404,"j":407},{"i":420,"j":421},{"i":416,"j":417},{"i":421,"j":434},{"i":423,"j":429},{"i":422,"j":424},{"i":424,"j":427},{"i":420,"j":428},{"i":419,"j":426},{"i":392,"j":419},{"i":431,"j":437},{"i":427,"j":432},{"i":425,"j":431},{"i":424,"j":425},{"i":430,"j":436},{"i":426,"j":430},{"i":429,"j":430},{"i":419,"j":429},{"i":425,"j":433},{"i":431,"j":432},{"i":439,"j":454},{"i":428,"j":433},{"i":425,"j":428},{"i":432,"j":437},{"i":417,"j":432},{"i":421,"j":441},{"i":435,"j":439},{"i":429,"j":435},{"i":433,"j":455},{"i":430,"j":439},{"i":426,"j":436},{"i":426,"j":438},{"i":442,"j":446},{"i":444,"j":454},{"i":435,"j":444},{"i":423,"j":444},{"i":437,"j":440},{"i":417,"j":437},{"i":444,"j":457},{"i":433,"j":434},{"i":446,"j":454},{"i":438,"j":452},{"i":442,"j":443},{"i":436,"j":442},{"i":443,"j":448},{"i":438,"j":443},{"i":440,"j":444},{"i":447,"j":456},{"i":443,"j":445},{"i":447,"j":448},{"i":443,"j":447},{"i":445,"j":450},{"i":451,"j":456},{"i":446,"j":449},{"i":445,"j":446},{"i":358,"j":452},{"i":449,"j":450},{"i":448,"j":452},{"i":451,"j":452},{"i":448,"j":451},{"i":457,"j":461},{"i":398,"j":453},{"i":440,"j":455},{"i":441,"j":459},{"i":434,"j":441},{"i":450,"j":463},{"i":457,"j":458},{"i":393,"j":469},{"i":458,"j":461},{"i":454,"j":458},{"i":441,"j":453},{"i":455,"j":462},{"i":453,"j":460},{"i":455,"j":464},{"i":461,"j":471},{"i":459,"j":464},{"i":449,"j":471},{"i":463,"j":475},{"i":462,"j":465},{"i":462,"j":472},{"i":456,"j":463},{"i":466,"j":478},{"i":466,"j":467},{"i":456,"j":466},{"i":467,"j":479},{"i":452,"j":467},{"i":464,"j":470},{"i":460,"j":468},{"i":459,"j":460},{"i":460,"j":469},{"i":468,"j":470},{"i":461,"j":465},{"i":462,"j":484},{"i":465,"j":474},{"i":473,"j":476},{"i":471,"j":473},{"i":472,"j":474},{"i":474,"j":477},{"i":473,"j":474},{"i":471,"j":481},{"i":479,"j":492},{"i":475,"j":481},{"i":476,"j":477},{"i":471,"j":476},{"i":484,"j":496},{"i":466,"j":475},{"i":478,"j":479},{"i":483,"j":490},{"i":470,"j":484},{"i":481,"j":483},{"i":478,"j":490},{"i":482,"j":492},{"i":479,"j":482},{"i":477,"j":485},{"i":490,"j":498},{"i":480,"j":486},{"i":472,"j":480},{"i":485,"j":494},{"i":485,"j":493},{"i":484,"j":486},{"i":480,"j":484},{"i":468,"j":469},{"i":393,"j":487},{"i":487,"j":488},{"i":487,"j":489},{"i":469,"j":488},{"i":483,"j":485},{"i":489,"j":491},{"i":488,"j":489},{"i":482,"j":490},{"i":490,"j":492},{"i":492,"j":497},{"i":486,"j":495},{"i":495,"j":499},{"i":494,"j":495},{"i":491,"j":496},{"i":493,"j":498},{"i":493,"j":494},{"i":498,"j":499},{"i":497,"j":498},{"i":496,"j":499},{"i":0,"j":1},{"i":1,"j":30},{"i":30,"j":110},{"i":110,"j":154},{"i":154,"j":497},{"i":497,"j":499}],"type":"Solution"}