{"instance_name":"euro-night-0000300","edges":[{"i":1,"j":2},{"i":0,"j":1},{"i":0,"j":5},{"i":2,"j":8},{"i":5,"j":11},{"i":4,"j":5},{"i":2,"j":12},{"i":3,"j":7},{"i":0,"j":3},{"i":4,"j":11},{"i":1,"j":4},{"i":5,"j":7},{"i":8,"j":9},{"i":6,"j":8},{"i":10,"j":20},{"i":9,"j":17},{"i":12,"j":22},{"i":10,"j":33},{"i":11,"j":12},{"i":10,"j":16},{"i":12,"j":15},{"i":9,"j":12},{"i":3,"j":10},{"i":13,"j":14},{"i":7,"j":13},{"i":13,"j":21},{"i":5,"j":24},{"i":15,"j":18},{"i":18,"j":32},{"i":15,"j":17},{"i":20,"j":33},{"i":17,"j":18},{"i":19,"j":89},{"i":17,"j":19},{"i":13,"j":16},{"i":16,"j":20},{"i":20,"j":23},{"i":5,"j":28},{"i":14,"j":25},{"i":7,"j":14},{"i":31,"j":36},{"i":22,"j":24},{"i":21,"j":37},{"i":24,"j":27},{"i":26,"j":32},{"i":22,"j":26},{"i":27,"j":29},{"i":26,"j":27},{"i":25,"j":28},{"i":38,"j":46},{"i":32,"j":41},{"i":33,"j":174},{"i":29,"j":41},{"i":32,"j":39},{"i":21,"j":23},{"i":31,"j":34},{"i":28,"j":31},{"i":34,"j":43},{"i":34,"j":35},{"i":33,"j":46},{"i":23,"j":33},{"i":36,"j":51},{"i":35,"j":44},{"i":30,"j":35},{"i":37,"j":38},{"i":25,"j":37},{"i":30,"j":41},{"i":29,"j":30},{"i":19,"j":39},{"i":40,"j":49},{"i":36,"j":43},{"i":44,"j":52},{"i":41,"j":44},{"i":40,"j":42},{"i":38,"j":40},{"i":35,"j":67},{"i":42,"j":48},{"i":45,"j":49},{"i":40,"j":45},{"i":54,"j":58},{"i":83,"j":127},{"i":42,"j":61},{"i":48,"j":53},{"i":28,"j":48},{"i":46,"j":50},{"i":45,"j":46},{"i":47,"j":52},{"i":47,"j":89},{"i":39,"j":47},{"i":43,"j":63},{"i":49,"j":55},{"i":50,"j":54},{"i":53,"j":56},{"i":51,"j":53},{"i":54,"j":55},{"i":53,"j":79},{"i":59,"j":65},{"i":56,"j":64},{"i":55,"j":57},{"i":57,"j":61},{"i":61,"j":69},{"i":48,"j":61},{"i":58,"j":65},{"i":50,"j":60},{"i":59,"j":61},{"i":57,"j":59},{"i":66,"j":83},{"i":33,"j":62},{"i":51,"j":64},{"i":43,"j":51},{"i":68,"j":73},{"i":56,"j":80},{"i":63,"j":71},{"i":58,"j":73},{"i":65,"j":68},{"i":62,"j":66},{"i":60,"j":77},{"i":52,"j":90},{"i":60,"j":73},{"i":61,"j":68},{"i":60,"j":66},{"i":67,"j":90},{"i":63,"j":75},{"i":70,"j":71},{"i":64,"j":75},{"i":72,"j":78},{"i":48,"j":69},{"i":71,"j":72},{"i":72,"j":74},{"i":74,"j":78},{"i":71,"j":74},{"i":75,"j":87},{"i":69,"j":82},{"i":76,"j":81},{"i":73,"j":82},{"i":72,"j":75},{"i":81,"j":86},{"i":79,"j":81},{"i":100,"j":112},{"i":53,"j":76},{"i":79,"j":91},{"i":76,"j":82},{"i":77,"j":82},{"i":82,"j":85},{"i":81,"j":82},{"i":77,"j":83},{"i":91,"j":97},{"i":80,"j":84},{"i":84,"j":94},{"i":82,"j":99},{"i":85,"j":86},{"i":88,"j":101},{"i":75,"j":84},{"i":87,"j":92},{"i":86,"j":88},{"i":70,"j":92},{"i":67,"j":70},{"i":78,"j":92},{"i":90,"j":105},{"i":89,"j":90},{"i":88,"j":91},{"i":84,"j":108},{"i":92,"j":93},{"i":90,"j":92},{"i":93,"j":105},{"i":96,"j":100},{"i":94,"j":95},{"i":87,"j":94},{"i":87,"j":95},{"i":85,"j":101},{"i":83,"j":96},{"i":91,"j":103},{"i":100,"j":109},{"i":80,"j":97},{"i":98,"j":99},{"i":96,"j":98},{"i":98,"j":107},{"i":99,"j":102},{"i":104,"j":110},{"i":91,"j":101},{"i":83,"j":120},{"i":84,"j":104},{"i":97,"j":103},{"i":93,"j":106},{"i":105,"j":175},{"i":105,"j":106},{"i":103,"j":113},{"i":100,"j":107},{"i":104,"j":113},{"i":95,"j":108},{"i":110,"j":121},{"i":118,"j":135},{"i":111,"j":118},{"i":109,"j":114},{"i":103,"j":111},{"i":95,"j":115},{"i":113,"j":118},{"i":109,"j":116},{"i":110,"j":115},{"i":108,"j":110},{"i":119,"j":125},{"i":102,"j":119},{"i":114,"j":117},{"i":107,"j":114},{"i":112,"j":116},{"i":117,"j":122},{"i":101,"j":102},{"i":117,"j":119},{"i":114,"j":116},{"i":112,"j":120},{"i":123,"j":130},{"i":106,"j":123},{"i":121,"j":123},{"i":115,"j":121},{"i":110,"j":136},{"i":119,"j":126},{"i":120,"j":124},{"i":116,"j":120},{"i":126,"j":129},{"i":122,"j":129},{"i":127,"j":163},{"i":126,"j":128},{"i":118,"j":132},{"i":122,"j":124},{"i":118,"j":131},{"i":136,"j":150},{"i":106,"j":130},{"i":125,"j":135},{"i":111,"j":125},{"i":131,"j":132},{"i":140,"j":155},{"i":124,"j":134},{"i":129,"j":145},{"i":127,"j":134},{"i":128,"j":141},{"i":125,"j":128},{"i":131,"j":136},{"i":138,"j":151},{"i":130,"j":138},{"i":135,"j":143},{"i":133,"j":140},{"i":122,"j":133},{"i":136,"j":138},{"i":143,"j":149},{"i":132,"j":143},{"i":134,"j":139},{"i":139,"j":140},{"i":133,"j":139},{"i":137,"j":145},{"i":128,"j":137},{"i":142,"j":147},{"i":137,"j":142},{"i":141,"j":149},{"i":129,"j":140},{"i":141,"j":143},{"i":153,"j":159},{"i":139,"j":152},{"i":144,"j":146},{"i":127,"j":144},{"i":142,"j":148},{"i":141,"j":147},{"i":142,"j":145},{"i":147,"j":161},{"i":131,"j":153},{"i":150,"j":151},{"i":150,"j":153},{"i":146,"j":152},{"i":134,"j":146},{"i":151,"j":175},{"i":147,"j":148},{"i":154,"j":158},{"i":151,"j":154},{"i":152,"j":155},{"i":145,"j":155},{"i":157,"j":162},{"i":149,"j":159},{"i":156,"j":166},{"i":154,"j":157},{"i":157,"j":159},{"i":155,"j":160},{"i":148,"j":156},{"i":158,"j":162},{"i":159,"j":165},{"i":164,"j":179},{"i":144,"j":169},{"i":160,"j":166},{"i":156,"j":160},{"i":164,"j":167},{"i":161,"j":164},{"i":161,"j":167},{"i":164,"j":166},{"i":167,"j":170},{"i":152,"j":191},{"i":165,"j":170},{"i":162,"j":165},{"i":163,"j":169},{"i":168,"j":172},{"i":162,"j":168},{"i":170,"j":173},{"i":163,"j":171},{"i":62,"j":174},{"i":168,"j":173},{"i":172,"j":177},{"i":158,"j":178},{"i":171,"j":184},{"i":179,"j":194},{"i":158,"j":177},{"i":174,"j":189},{"i":178,"j":200},{"i":164,"j":176},{"i":177,"j":181},{"i":180,"j":190},{"i":178,"j":180},{"i":173,"j":182},{"i":172,"j":173},{"i":180,"j":181},{"i":173,"j":183},{"i":189,"j":255},{"i":181,"j":187},{"i":179,"j":183},{"i":183,"j":186},{"i":171,"j":174},{"i":182,"j":187},{"i":186,"j":198},{"i":180,"j":185},{"i":176,"j":194},{"i":182,"j":186},{"i":187,"j":203},{"i":185,"j":187},{"i":184,"j":188},{"i":188,"j":192},{"i":169,"j":188},{"i":184,"j":204},{"i":185,"j":203},{"i":188,"j":197},{"i":190,"j":200},{"i":166,"j":191},{"i":191,"j":192},{"i":195,"j":201},{"i":192,"j":197},{"i":194,"j":199},{"i":193,"j":196},{"i":191,"j":193},{"i":195,"j":196},{"i":193,"j":195},{"i":189,"j":209},{"i":197,"j":208},{"i":205,"j":211},{"i":187,"j":198},{"i":190,"j":220},{"i":200,"j":210},{"i":175,"j":200},{"i":199,"j":202},{"i":198,"j":199},{"i":192,"j":207},{"i":202,"j":218},{"i":203,"j":206},{"i":205,"j":214},{"i":198,"j":214},{"i":209,"j":255},{"i":203,"j":205},{"i":211,"j":220},{"i":206,"j":211},{"i":190,"j":206},{"i":202,"j":214},{"i":188,"j":204},{"i":200,"j":222},{"i":216,"j":221},{"i":175,"j":210},{"i":207,"j":213},{"i":207,"j":208},{"i":209,"j":212},{"i":204,"j":209},{"i":208,"j":225},{"i":215,"j":227},{"i":196,"j":218},{"i":176,"j":196},{"i":213,"j":215},{"i":215,"j":216},{"i":201,"j":218},{"i":227,"j":232},{"i":216,"j":218},{"i":201,"j":216},{"i":217,"j":226},{"i":214,"j":217},{"i":218,"j":219},{"i":220,"j":230},{"i":217,"j":229},{"i":222,"j":223},{"i":223,"j":235},{"i":223,"j":224},{"i":210,"j":223},{"i":224,"j":281},{"i":175,"j":224},{"i":219,"j":229},{"i":212,"j":225},{"i":221,"j":232},{"i":219,"j":221},{"i":228,"j":231},{"i":220,"j":228},{"i":225,"j":227},{"i":213,"j":225},{"i":214,"j":234},{"i":211,"j":214},{"i":228,"j":238},{"i":222,"j":230},{"i":226,"j":229},{"i":229,"j":239},{"i":228,"j":234},{"i":231,"j":241},{"i":230,"j":231},{"i":234,"j":240},{"i":232,"j":236},{"i":229,"j":232},{"i":233,"j":240},{"i":226,"j":233},{"i":240,"j":251},{"i":237,"j":238},{"i":228,"j":237},{"i":238,"j":241},{"i":236,"j":239},{"i":242,"j":254},{"i":241,"j":246},{"i":235,"j":241},{"i":237,"j":240},{"i":239,"j":242},{"i":236,"j":244},{"i":225,"j":248},{"i":236,"j":243},{"i":238,"j":245},{"i":250,"j":256},{"i":241,"j":257},{"i":246,"j":249},{"i":243,"j":250},{"i":212,"j":247},{"i":246,"j":259},{"i":252,"j":260},{"i":242,"j":253},{"i":233,"j":242},{"i":259,"j":265},{"i":242,"j":244},{"i":242,"j":252},{"i":257,"j":259},{"i":257,"j":267},{"i":244,"j":256},{"i":248,"j":261},{"i":174,"j":255},{"i":248,"j":258},{"i":243,"j":248},{"i":253,"j":260},{"i":251,"j":253},{"i":235,"j":249},{"i":245,"j":267},{"i":250,"j":263},{"i":252,"j":254},{"i":261,"j":266},{"i":245,"j":251},{"i":256,"j":262},{"i":254,"j":256},{"i":247,"j":266},{"i":247,"j":255},{"i":258,"j":263},{"i":264,"j":265},{"i":251,"j":268},{"i":258,"j":273},{"i":268,"j":271},{"i":264,"j":272},{"i":249,"j":264},{"i":251,"j":260},{"i":261,"j":273},{"i":262,"j":270},{"i":260,"j":262},{"i":279,"j":291},{"i":263,"j":270},{"i":267,"j":268},{"i":271,"j":274},{"i":269,"j":271},{"i":269,"j":274},{"i":265,"j":269},{"i":270,"j":271},{"i":260,"j":270},{"i":266,"j":279},{"i":272,"j":274},{"i":272,"j":275},{"i":277,"j":283},{"i":224,"j":275},{"i":275,"j":276},{"i":277,"j":285},{"i":276,"j":278},{"i":224,"j":276},{"i":277,"j":278},{"i":276,"j":277},{"i":270,"j":273},{"i":279,"j":280},{"i":282,"j":289},{"i":278,"j":281},{"i":281,"j":287},{"i":273,"j":280},{"i":274,"j":285},{"i":288,"j":296},{"i":283,"j":284},{"i":284,"j":288},{"i":274,"j":282},{"i":283,"j":288},{"i":280,"j":286},{"i":281,"j":284},{"i":289,"j":292},{"i":287,"j":299},{"i":288,"j":295},{"i":282,"j":286},{"i":286,"j":292},{"i":255,"j":290},{"i":291,"j":297},{"i":286,"j":291},{"i":295,"j":299},{"i":293,"j":295},{"i":290,"j":294},{"i":285,"j":298},{"i":298,"j":299},{"i":296,"j":298},{"i":289,"j":298},{"i":295,"j":296},{"i":291,"j":294},{"i":294,"j":298},{"i":297,"j":298},{"i":292,"j":297},{"i":287,"j":293},{"i":293,"j":299},{"i":0,"j":6},{"i":6,"j":17},{"i":17,"j":89},{"i":89,"j":175},{"i":175,"j":299}],"type":"Solution"}