{"instance_name":"euro-night-0000060","edges":[{"i":0,"j":2},{"i":7,"j":9},{"i":5,"j":7},{"i":2,"j":29},{"i":0,"j":1},{"i":0,"j":4},{"i":1,"j":6},{"i":4,"j":5},{"i":3,"j":4},{"i":2,"j":12},{"i":3,"j":5},{"i":1,"j":2},{"i":4,"j":11},{"i":6,"j":12},{"i":13,"j":16},{"i":8,"j":15},{"i":3,"j":8},{"i":8,"j":9},{"i":6,"j":10},{"i":9,"j":21},{"i":10,"j":13},{"i":10,"j":12},{"i":13,"j":14},{"i":11,"j":18},{"i":7,"j":11},{"i":11,"j":14},{"i":14,"j":16},{"i":12,"j":17},{"i":11,"j":19},{"i":22,"j":27},{"i":16,"j":22},{"i":19,"j":23},{"i":18,"j":19},{"i":17,"j":20},{"i":16,"j":17},{"i":18,"j":21},{"i":21,"j":24},{"i":16,"j":26},{"i":19,"j":22},{"i":26,"j":30},{"i":21,"j":23},{"i":20,"j":25},{"i":25,"j":26},{"i":27,"j":31},{"i":28,"j":34},{"i":24,"j":28},{"i":27,"j":28},{"i":23,"j":27},{"i":12,"j":29},{"i":25,"j":32},{"i":30,"j":36},{"i":27,"j":30},{"i":29,"j":33},{"i":20,"j":29},{"i":28,"j":31},{"i":29,"j":58},{"i":34,"j":35},{"i":24,"j":34},{"i":29,"j":39},{"i":35,"j":42},{"i":33,"j":37},{"i":32,"j":33},{"i":36,"j":38},{"i":31,"j":36},{"i":39,"j":43},{"i":35,"j":38},{"i":37,"j":39},{"i":32,"j":37},{"i":32,"j":41},{"i":39,"j":44},{"i":38,"j":48},{"i":24,"j":42},{"i":41,"j":45},{"i":41,"j":43},{"i":43,"j":44},{"i":39,"j":58},{"i":45,"j":46},{"i":40,"j":45},{"i":46,"j":49},{"i":36,"j":40},{"i":50,"j":54},{"i":47,"j":52},{"i":42,"j":47},{"i":40,"j":53},{"i":48,"j":50},{"i":47,"j":48},{"i":46,"j":51},{"i":48,"j":53},{"i":53,"j":55},{"i":50,"j":53},{"i":49,"j":53},{"i":44,"j":51},{"i":56,"j":59},{"i":51,"j":53},{"i":49,"j":51},{"i":54,"j":55},{"i":54,"j":56},{"i":52,"j":56},{"i":51,"j":58},{"i":58,"j":59},{"i":55,"j":58},{"i":0,"j":3},{"i":3,"j":15},{"i":15,"j":24},{"i":24,"j":52},{"i":52,"j":57},{"i":57,"j":59}],"type":"Solution"}