{"instance_name":"euro-night-0001000","edges":[{"i":1,"j":3},{"i":9,"j":23},{"i":1,"j":5},{"i":3,"j":4},{"i":2,"j":3},{"i":4,"j":26},{"i":5,"j":10},{"i":0,"j":8},{"i":0,"j":6},{"i":6,"j":14},{"i":0,"j":9},{"i":13,"j":20},{"i":1,"j":8},{"i":11,"j":18},{"i":8,"j":13},{"i":11,"j":12},{"i":5,"j":11},{"i":12,"j":15},{"i":10,"j":12},{"i":11,"j":17},{"i":15,"j":21},{"i":10,"j":15},{"i":15,"j":16},{"i":13,"j":18},{"i":18,"j":20},{"i":18,"j":19},{"i":16,"j":17},{"i":9,"j":22},{"i":8,"j":9},{"i":16,"j":33},{"i":21,"j":25},{"i":10,"j":21},{"i":19,"j":29},{"i":17,"j":19},{"i":7,"j":23},{"i":0,"j":7},{"i":22,"j":31},{"i":24,"j":31},{"i":22,"j":24},{"i":23,"j":24},{"i":20,"j":29},{"i":25,"j":40},{"i":4,"j":25},{"i":32,"j":59},{"i":29,"j":33},{"i":28,"j":30},{"i":6,"j":28},{"i":7,"j":14},{"i":30,"j":35},{"i":31,"j":32},{"i":29,"j":32},{"i":35,"j":36},{"i":30,"j":36},{"i":33,"j":37},{"i":34,"j":38},{"i":14,"j":34},{"i":31,"j":47},{"i":34,"j":35},{"i":25,"j":48},{"i":35,"j":39},{"i":42,"j":44},{"i":40,"j":42},{"i":44,"j":46},{"i":42,"j":48},{"i":40,"j":45},{"i":43,"j":95},{"i":41,"j":43},{"i":44,"j":48},{"i":40,"j":46},{"i":28,"j":55},{"i":45,"j":57},{"i":43,"j":45},{"i":37,"j":48},{"i":46,"j":57},{"i":37,"j":50},{"i":48,"j":52},{"i":38,"j":60},{"i":52,"j":57},{"i":50,"j":52},{"i":49,"j":51},{"i":47,"j":49},{"i":50,"j":58},{"i":54,"j":67},{"i":52,"j":58},{"i":53,"j":56},{"i":36,"j":53},{"i":53,"j":54},{"i":28,"j":74},{"i":54,"j":55},{"i":50,"j":66},{"i":32,"j":51},{"i":51,"j":63},{"i":59,"j":64},{"i":39,"j":73},{"i":38,"j":39},{"i":59,"j":61},{"i":37,"j":59},{"i":50,"j":61},{"i":49,"j":65},{"i":59,"j":72},{"i":61,"j":71},{"i":55,"j":69},{"i":61,"j":68},{"i":77,"j":84},{"i":71,"j":77},{"i":64,"j":77},{"i":39,"j":56},{"i":63,"j":75},{"i":67,"j":85},{"i":62,"j":67},{"i":58,"j":80},{"i":70,"j":95},{"i":57,"j":70},{"i":66,"j":68},{"i":83,"j":94},{"i":65,"j":117},{"i":65,"j":83},{"i":63,"j":65},{"i":62,"j":79},{"i":56,"j":62},{"i":67,"j":69},{"i":64,"j":86},{"i":69,"j":82},{"i":67,"j":76},{"i":68,"j":71},{"i":60,"j":117},{"i":47,"j":60},{"i":66,"j":78},{"i":70,"j":80},{"i":55,"j":74},{"i":83,"j":162},{"i":86,"j":93},{"i":64,"j":72},{"i":84,"j":87},{"i":78,"j":84},{"i":76,"j":92},{"i":89,"j":96},{"i":86,"j":87},{"i":82,"j":88},{"i":76,"j":82},{"i":73,"j":79},{"i":81,"j":90},{"i":74,"j":81},{"i":89,"j":91},{"i":83,"j":89},{"i":116,"j":119},{"i":110,"j":116},{"i":96,"j":104},{"i":88,"j":92},{"i":75,"j":113},{"i":72,"j":75},{"i":93,"j":100},{"i":87,"j":93},{"i":75,"j":91},{"i":78,"j":87},{"i":111,"j":116},{"i":94,"j":96},{"i":89,"j":94},{"i":85,"j":98},{"i":85,"j":99},{"i":98,"j":101},{"i":92,"j":102},{"i":106,"j":246},{"i":95,"j":106},{"i":109,"j":132},{"i":105,"j":109},{"i":101,"j":111},{"i":98,"j":111},{"i":88,"j":120},{"i":103,"j":113},{"i":91,"j":103},{"i":73,"j":112},{"i":100,"j":121},{"i":78,"j":100},{"i":97,"j":107},{"i":79,"j":97},{"i":104,"j":108},{"i":103,"j":104},{"i":95,"j":246},{"i":80,"j":128},{"i":94,"j":125},{"i":101,"j":110},{"i":97,"j":101},{"i":73,"j":105},{"i":119,"j":134},{"i":108,"j":114},{"i":107,"j":109},{"i":107,"j":110},{"i":105,"j":141},{"i":108,"j":125},{"i":115,"j":124},{"i":107,"j":115},{"i":112,"j":137},{"i":114,"j":126},{"i":113,"j":114},{"i":60,"j":112},{"i":115,"j":118},{"i":90,"j":214},{"i":90,"j":120},{"i":82,"j":90},{"i":113,"j":126},{"i":132,"j":133},{"i":98,"j":148},{"i":120,"j":122},{"i":119,"j":123},{"i":118,"j":129},{"i":123,"j":131},{"i":118,"j":123},{"i":142,"j":153},{"i":130,"j":153},{"i":121,"j":130},{"i":124,"j":127},{"i":109,"j":124},{"i":121,"j":128},{"i":131,"j":134},{"i":137,"j":172},{"i":93,"j":145},{"i":127,"j":133},{"i":98,"j":99},{"i":122,"j":146},{"i":129,"j":135},{"i":127,"j":129},{"i":129,"j":138},{"i":102,"j":143},{"i":99,"j":102},{"i":131,"j":138},{"i":131,"j":139},{"i":128,"j":136},{"i":106,"j":136},{"i":132,"j":141},{"i":135,"j":140},{"i":133,"j":135},{"i":135,"j":149},{"i":132,"j":140},{"i":152,"j":214},{"i":136,"j":142},{"i":138,"j":157},{"i":93,"j":126},{"i":142,"j":144},{"i":126,"j":168},{"i":145,"j":151},{"i":134,"j":148},{"i":149,"j":157},{"i":143,"j":150},{"i":143,"j":146},{"i":139,"j":157},{"i":139,"j":174},{"i":151,"j":169},{"i":130,"j":151},{"i":139,"j":147},{"i":146,"j":152},{"i":144,"j":153},{"i":153,"j":154},{"i":149,"j":155},{"i":140,"j":149},{"i":154,"j":156},{"i":144,"j":154},{"i":156,"j":173},{"i":136,"j":156},{"i":147,"j":148},{"i":137,"j":159},{"i":117,"j":137},{"i":151,"j":180},{"i":112,"j":164},{"i":155,"j":160},{"i":159,"j":172},{"i":157,"j":160},{"i":150,"j":165},{"i":148,"j":150},{"i":159,"j":162},{"i":167,"j":195},{"i":141,"j":164},{"i":165,"j":197},{"i":155,"j":170},{"i":152,"j":165},{"i":163,"j":171},{"i":137,"j":163},{"i":164,"j":166},{"i":168,"j":181},{"i":145,"j":191},{"i":158,"j":168},{"i":161,"j":174},{"i":147,"j":161},{"i":166,"j":176},{"i":163,"j":166},{"i":145,"j":158},{"i":153,"j":179},{"i":162,"j":183},{"i":166,"j":170},{"i":170,"j":196},{"i":165,"j":175},{"i":161,"j":165},{"i":178,"j":200},{"i":162,"j":184},{"i":167,"j":181},{"i":125,"j":167},{"i":160,"j":200},{"i":173,"j":246},{"i":136,"j":173},{"i":169,"j":182},{"i":153,"j":169},{"i":180,"j":191},{"i":182,"j":187},{"i":172,"j":188},{"i":180,"j":182},{"i":180,"j":190},{"i":171,"j":185},{"i":137,"j":171},{"i":183,"j":195},{"i":191,"j":221},{"i":163,"j":176},{"i":179,"j":186},{"i":187,"j":192},{"i":185,"j":188},{"i":193,"j":209},{"i":186,"j":189},{"i":173,"j":186},{"i":179,"j":187},{"i":189,"j":262},{"i":177,"j":218},{"i":158,"j":177},{"i":184,"j":193},{"i":190,"j":192},{"i":191,"j":199},{"i":190,"j":191},{"i":184,"j":209},{"i":185,"j":207},{"i":170,"j":178},{"i":193,"j":195},{"i":183,"j":193},{"i":195,"j":217},{"i":194,"j":196},{"i":178,"j":194},{"i":174,"j":175},{"i":197,"j":198},{"i":175,"j":197},{"i":200,"j":203},{"i":177,"j":181},{"i":189,"j":192},{"i":174,"j":203},{"i":201,"j":205},{"i":201,"j":202},{"i":196,"j":201},{"i":208,"j":215},{"i":198,"j":203},{"i":208,"j":212},{"i":202,"j":204},{"i":176,"j":202},{"i":185,"j":210},{"i":200,"j":206},{"i":194,"j":200},{"i":205,"j":211},{"i":200,"j":215},{"i":204,"j":210},{"i":207,"j":216},{"i":206,"j":208},{"i":205,"j":206},{"i":188,"j":220},{"i":203,"j":224},{"i":207,"j":245},{"i":208,"j":211},{"i":211,"j":213},{"i":204,"j":211},{"i":212,"j":215},{"i":212,"j":213},{"i":81,"j":242},{"i":252,"j":272},{"i":122,"j":214},{"i":210,"j":213},{"i":207,"j":210},{"i":209,"j":220},{"i":181,"j":228},{"i":191,"j":218},{"i":216,"j":220},{"i":215,"j":219},{"i":213,"j":215},{"i":181,"j":217},{"i":218,"j":230},{"i":198,"j":254},{"i":221,"j":223},{"i":197,"j":254},{"i":219,"j":227},{"i":210,"j":219},{"i":220,"j":229},{"i":230,"j":237},{"i":224,"j":227},{"i":226,"j":228},{"i":217,"j":226},{"i":231,"j":236},{"i":216,"j":234},{"i":232,"j":236},{"i":223,"j":230},{"i":236,"j":237},{"i":231,"j":232},{"i":223,"j":231},{"i":232,"j":235},{"i":216,"j":253},{"i":225,"j":240},{"i":207,"j":225},{"i":228,"j":241},{"i":236,"j":243},{"i":229,"j":244},{"i":226,"j":229},{"i":229,"j":269},{"i":227,"j":238},{"i":225,"j":227},{"i":239,"j":247},{"i":225,"j":239},{"i":247,"j":250},{"i":240,"j":247},{"i":233,"j":257},{"i":229,"j":233},{"i":237,"j":266},{"i":243,"j":258},{"i":235,"j":243},{"i":234,"j":257},{"i":233,"j":234},{"i":245,"j":253},{"i":207,"j":240},{"i":235,"j":251},{"i":221,"j":235},{"i":256,"j":268},{"i":247,"j":255},{"i":244,"j":248},{"i":237,"j":241},{"i":238,"j":256},{"i":249,"j":259},{"i":245,"j":249},{"i":222,"j":254},{"i":214,"j":222},{"i":250,"j":259},{"i":249,"j":250},{"i":238,"j":252},{"i":242,"j":254},{"i":222,"j":242},{"i":255,"j":259},{"i":239,"j":256},{"i":253,"j":257},{"i":260,"j":266},{"i":237,"j":260},{"i":199,"j":274},{"i":192,"j":199},{"i":248,"j":270},{"i":241,"j":248},{"i":255,"j":263},{"i":244,"j":270},{"i":277,"j":285},{"i":199,"j":251},{"i":261,"j":330},{"i":246,"j":261},{"i":262,"j":274},{"i":262,"j":267},{"i":257,"j":301},{"i":229,"j":275},{"i":264,"j":288},{"i":273,"j":293},{"i":260,"j":264},{"i":274,"j":284},{"i":251,"j":258},{"i":267,"j":280},{"i":261,"j":267},{"i":256,"j":271},{"i":269,"j":288},{"i":265,"j":271},{"i":252,"j":265},{"i":263,"j":279},{"i":224,"j":254},{"i":272,"j":273},{"i":265,"j":272},{"i":258,"j":284},{"i":276,"j":282},{"i":280,"j":286},{"i":271,"j":277},{"i":270,"j":288},{"i":264,"j":270},{"i":273,"j":276},{"i":271,"j":276},{"i":263,"j":268},{"i":278,"j":283},{"i":259,"j":278},{"i":268,"j":281},{"i":266,"j":341},{"i":277,"j":281},{"i":279,"j":290},{"i":278,"j":279},{"i":282,"j":289},{"i":279,"j":281},{"i":289,"j":296},{"i":284,"j":315},{"i":282,"j":285},{"i":280,"j":284},{"i":286,"j":330},{"i":261,"j":286},{"i":285,"j":291},{"i":281,"j":285},{"i":272,"j":297},{"i":253,"j":283},{"i":287,"j":289},{"i":282,"j":287},{"i":279,"j":294},{"i":290,"j":302},{"i":289,"j":291},{"i":283,"j":290},{"i":269,"j":275},{"i":293,"j":299},{"i":291,"j":296},{"i":254,"j":316},{"i":294,"j":329},{"i":287,"j":293},{"i":289,"j":298},{"i":289,"j":295},{"i":254,"j":308},{"i":295,"j":304},{"i":298,"j":305},{"i":297,"j":299},{"i":283,"j":292},{"i":288,"j":300},{"i":294,"j":302},{"i":303,"j":327},{"i":301,"j":303},{"i":275,"j":301},{"i":301,"j":312},{"i":310,"j":314},{"i":301,"j":323},{"i":299,"j":311},{"i":304,"j":305},{"i":298,"j":304},{"i":305,"j":306},{"i":296,"j":305},{"i":306,"j":329},{"i":303,"j":307},{"i":308,"j":310},{"i":309,"j":318},{"i":309,"j":310},{"i":308,"j":309},{"i":297,"j":310},{"i":303,"j":332},{"i":292,"j":343},{"i":254,"j":324},{"i":307,"j":313},{"i":300,"j":307},{"i":315,"j":362},{"i":311,"j":321},{"i":295,"j":311},{"i":315,"j":330},{"i":314,"j":319},{"i":311,"j":314},{"i":317,"j":318},{"i":319,"j":338},{"i":317,"j":319},{"i":314,"j":317},{"i":322,"j":328},{"i":309,"j":322},{"i":321,"j":335},{"i":316,"j":322},{"i":308,"j":316},{"i":319,"j":321},{"i":306,"j":334},{"i":292,"j":302},{"i":316,"j":320},{"i":323,"j":343},{"i":327,"j":332},{"i":320,"j":326},{"i":323,"j":325},{"i":312,"j":323},{"i":326,"j":345},{"i":328,"j":345},{"i":324,"j":326},{"i":320,"j":324},{"i":313,"j":344},{"i":303,"j":312},{"i":304,"j":335},{"i":313,"j":341},{"i":300,"j":313},{"i":328,"j":331},{"i":325,"j":342},{"i":340,"j":350},{"i":331,"j":333},{"i":302,"j":381},{"i":334,"j":350},{"i":331,"j":347},{"i":334,"j":335},{"i":336,"j":337},{"i":321,"j":336},{"i":333,"j":338},{"i":318,"j":333},{"i":337,"j":340},{"i":335,"j":337},{"i":338,"j":339},{"i":342,"j":359},{"i":327,"j":344},{"i":348,"j":349},{"i":258,"j":341},{"i":329,"j":351},{"i":332,"j":342},{"i":344,"j":386},{"i":324,"j":345},{"i":339,"j":348},{"i":346,"j":350},{"i":340,"j":346},{"i":347,"j":354},{"i":339,"j":349},{"i":354,"j":358},{"i":349,"j":354},{"i":346,"j":353},{"i":347,"j":349},{"i":348,"j":352},{"i":336,"j":348},{"i":325,"j":385},{"i":350,"j":364},{"i":352,"j":353},{"i":358,"j":361},{"i":364,"j":376},{"i":354,"j":370},{"i":242,"j":356},{"i":347,"j":363},{"i":357,"j":361},{"i":358,"j":365},{"i":344,"j":355},{"i":351,"j":373},{"i":355,"j":379},{"i":357,"j":360},{"i":352,"j":357},{"i":350,"j":353},{"i":345,"j":363},{"i":361,"j":365},{"i":324,"j":368},{"i":360,"j":376},{"i":353,"j":360},{"i":364,"j":372},{"i":351,"j":364},{"i":358,"j":374},{"i":242,"j":366},{"i":356,"j":392},{"i":366,"j":369},{"i":366,"j":371},{"i":366,"j":431},{"i":368,"j":375},{"i":363,"j":368},{"i":369,"j":371},{"i":367,"j":369},{"i":372,"j":373},{"i":370,"j":374},{"i":365,"j":382},{"i":375,"j":396},{"i":372,"j":387},{"i":355,"j":359},{"i":378,"j":384},{"i":380,"j":384},{"i":386,"j":401},{"i":373,"j":378},{"i":380,"j":381},{"i":378,"j":380},{"i":392,"j":398},{"i":374,"j":391},{"i":370,"j":375},{"i":381,"j":383},{"i":383,"j":395},{"i":343,"j":383},{"i":385,"j":400},{"i":384,"j":410},{"i":379,"j":390},{"i":377,"j":379},{"i":386,"j":394},{"i":341,"j":386},{"i":383,"j":412},{"i":376,"j":404},{"i":372,"j":376},{"i":390,"j":401},{"i":377,"j":390},{"i":382,"j":389},{"i":385,"j":390},{"i":359,"j":385},{"i":393,"j":398},{"i":387,"j":410},{"i":384,"j":387},{"i":389,"j":399},{"i":376,"j":389},{"i":392,"j":393},{"i":368,"j":392},{"i":344,"j":377},{"i":389,"j":402},{"i":375,"j":393},{"i":395,"j":406},{"i":382,"j":403},{"i":397,"j":417},{"i":397,"j":399},{"i":389,"j":397},{"i":395,"j":400},{"i":362,"j":445},{"i":390,"j":421},{"i":403,"j":407},{"i":402,"j":403},{"i":399,"j":404},{"i":391,"j":407},{"i":391,"j":396},{"i":399,"j":409},{"i":400,"j":446},{"i":404,"j":405},{"i":424,"j":438},{"i":407,"j":415},{"i":387,"j":405},{"i":396,"j":408},{"i":398,"j":428},{"i":402,"j":417},{"i":412,"j":416},{"i":395,"j":412},{"i":411,"j":961},{"i":388,"j":411},{"i":409,"j":413},{"i":405,"j":409},{"i":413,"j":414},{"i":405,"j":413},{"i":415,"j":419},{"i":407,"j":419},{"i":390,"j":439},{"i":416,"j":435},{"i":415,"j":417},{"i":242,"j":511},{"i":408,"j":419},{"i":410,"j":426},{"i":417,"j":424},{"i":421,"j":425},{"i":362,"j":479},{"i":420,"j":422},{"i":416,"j":420},{"i":421,"j":423},{"i":427,"j":430},{"i":425,"j":457},{"i":429,"j":442},{"i":427,"j":429},{"i":400,"j":406},{"i":410,"j":427},{"i":410,"j":429},{"i":367,"j":448},{"i":356,"j":367},{"i":405,"j":414},{"i":420,"j":426},{"i":417,"j":419},{"i":371,"j":448},{"i":423,"j":433},{"i":401,"j":423},{"i":432,"j":664},{"i":411,"j":432},{"i":423,"j":457},{"i":437,"j":449},{"i":433,"j":444},{"i":394,"j":433},{"i":416,"j":422},{"i":418,"j":435},{"i":424,"j":437},{"i":414,"j":424},{"i":430,"j":441},{"i":426,"j":430},{"i":419,"j":447},{"i":430,"j":443},{"i":408,"j":428},{"i":418,"j":446},{"i":406,"j":418},{"i":441,"j":462},{"i":435,"j":453},{"i":429,"j":436},{"i":440,"j":450},{"i":422,"j":440},{"i":442,"j":464},{"i":434,"j":439},{"i":436,"j":460},{"i":430,"j":442},{"i":446,"j":455},{"i":439,"j":446},{"i":425,"j":434},{"i":450,"j":452},{"i":394,"j":479},{"i":445,"j":500},{"i":432,"j":445},{"i":394,"j":444},{"i":440,"j":441},{"i":437,"j":471},{"i":428,"j":461},{"i":431,"j":448},{"i":449,"j":465},{"i":450,"j":467},{"i":451,"j":452},{"i":441,"j":443},{"i":451,"j":453},{"i":435,"j":451},{"i":456,"j":466},{"i":449,"j":454},{"i":455,"j":476},{"i":438,"j":471},{"i":455,"j":456},{"i":434,"j":459},{"i":457,"j":468},{"i":444,"j":457},{"i":446,"j":476},{"i":454,"j":458},{"i":436,"j":454},{"i":456,"j":459},{"i":459,"j":468},{"i":436,"j":458},{"i":460,"j":464},{"i":443,"j":464},{"i":462,"j":467},{"i":242,"j":540},{"i":463,"j":472},{"i":460,"j":463},{"i":438,"j":447},{"i":453,"j":473},{"i":472,"j":480},{"i":467,"j":489},{"i":444,"j":468},{"i":452,"j":481},{"i":465,"j":469},{"i":458,"j":465},{"i":465,"j":488},{"i":461,"j":470},{"i":447,"j":461},{"i":469,"j":472},{"i":463,"j":469},{"i":470,"j":471},{"i":469,"j":480},{"i":467,"j":481},{"i":482,"j":487},{"i":466,"j":477},{"i":474,"j":482},{"i":468,"j":474},{"i":470,"j":478},{"i":448,"j":475},{"i":446,"j":473},{"i":466,"j":476},{"i":481,"j":501},{"i":485,"j":494},{"i":444,"j":537},{"i":471,"j":488},{"i":464,"j":486},{"i":482,"j":483},{"i":444,"j":482},{"i":476,"j":484},{"i":492,"j":497},{"i":444,"j":483},{"i":480,"j":485},{"i":485,"j":486},{"i":474,"j":477},{"i":483,"j":487},{"i":486,"j":498},{"i":462,"j":486},{"i":490,"j":491},{"i":484,"j":491},{"i":477,"j":484},{"i":487,"j":490},{"i":476,"j":503},{"i":506,"j":521},{"i":461,"j":497},{"i":480,"j":512},{"i":495,"j":502},{"i":490,"j":495},{"i":489,"j":501},{"i":493,"j":495},{"i":491,"j":493},{"i":496,"j":518},{"i":494,"j":498},{"i":492,"j":496},{"i":478,"j":492},{"i":428,"j":506},{"i":478,"j":496},{"i":498,"j":515},{"i":503,"j":525},{"i":502,"j":505},{"i":489,"j":498},{"i":432,"j":500},{"i":493,"j":503},{"i":510,"j":528},{"i":473,"j":501},{"i":503,"j":507},{"i":488,"j":499},{"i":502,"j":513},{"i":497,"j":516},{"i":475,"j":506},{"i":504,"j":512},{"i":488,"j":504},{"i":506,"j":508},{"i":506,"j":510},{"i":507,"j":509},{"i":505,"j":514},{"i":511,"j":519},{"i":508,"j":516},{"i":497,"j":508},{"i":475,"j":531},{"i":509,"j":514},{"i":505,"j":509},{"i":504,"j":523},{"i":505,"j":533},{"i":520,"j":529},{"i":501,"j":525},{"i":515,"j":524},{"i":512,"j":515},{"i":494,"j":512},{"i":511,"j":540},{"i":508,"j":510},{"i":516,"j":527},{"i":511,"j":517},{"i":431,"j":511},{"i":521,"j":570},{"i":517,"j":526},{"i":448,"j":517},{"i":499,"j":527},{"i":513,"j":522},{"i":483,"j":513},{"i":522,"j":537},{"i":518,"j":527},{"i":499,"j":518},{"i":525,"j":535},{"i":501,"j":524},{"i":521,"j":528},{"i":519,"j":526},{"i":527,"j":534},{"i":475,"j":520},{"i":523,"j":534},{"i":526,"j":529},{"i":507,"j":532},{"i":535,"j":539},{"i":532,"j":535},{"i":528,"j":534},{"i":520,"j":559},{"i":514,"j":530},{"i":533,"j":543},{"i":523,"j":555},{"i":532,"j":536},{"i":530,"j":532},{"i":547,"j":621},{"i":522,"j":557},{"i":537,"j":577},{"i":536,"j":538},{"i":530,"j":536},{"i":538,"j":541},{"i":533,"j":538},{"i":526,"j":542},{"i":519,"j":542},{"i":543,"j":556},{"i":540,"j":542},{"i":542,"j":547},{"i":541,"j":543},{"i":533,"j":541},{"i":548,"j":552},{"i":529,"j":542},{"i":544,"j":548},{"i":520,"j":544},{"i":540,"j":545},{"i":539,"j":553},{"i":536,"j":539},{"i":547,"j":552},{"i":545,"j":547},{"i":546,"j":551},{"i":544,"j":547},{"i":546,"j":549},{"i":523,"j":546},{"i":512,"j":560},{"i":534,"j":575},{"i":559,"j":594},{"i":548,"j":587},{"i":535,"j":554},{"i":551,"j":555},{"i":553,"j":561},{"i":524,"j":567},{"i":549,"j":586},{"i":521,"j":531},{"i":556,"j":583},{"i":556,"j":557},{"i":556,"j":561},{"i":512,"j":549},{"i":558,"j":564},{"i":550,"j":558},{"i":520,"j":585},{"i":574,"j":596},{"i":562,"j":574},{"i":558,"j":562},{"i":560,"j":562},{"i":558,"j":560},{"i":564,"j":574},{"i":528,"j":592},{"i":563,"j":565},{"i":553,"j":563},{"i":554,"j":566},{"i":565,"j":578},{"i":524,"j":550},{"i":572,"j":576},{"i":571,"j":572},{"i":569,"j":572},{"i":550,"j":564},{"i":566,"j":569},{"i":575,"j":590},{"i":531,"j":559},{"i":563,"j":569},{"i":568,"j":574},{"i":565,"j":571},{"i":566,"j":579},{"i":568,"j":584},{"i":550,"j":568},{"i":576,"j":581},{"i":571,"j":576},{"i":560,"j":586},{"i":567,"j":579},{"i":554,"j":567},{"i":557,"j":577},{"i":577,"j":600},{"i":578,"j":598},{"i":578,"j":583},{"i":561,"j":578},{"i":581,"j":597},{"i":573,"j":582},{"i":555,"j":573},{"i":576,"j":579},{"i":580,"j":584},{"i":568,"j":580},{"i":573,"j":575},{"i":578,"j":588},{"i":586,"j":596},{"i":580,"j":596},{"i":586,"j":630},{"i":579,"j":597},{"i":551,"j":613},{"i":570,"j":606},{"i":552,"j":621},{"i":581,"j":589},{"i":593,"j":614},{"i":588,"j":608},{"i":597,"j":618},{"i":589,"j":598},{"i":587,"j":591},{"i":555,"j":582},{"i":588,"j":593},{"i":600,"j":625},{"i":582,"j":604},{"i":585,"j":601},{"i":583,"j":593},{"i":594,"j":606},{"i":570,"j":594},{"i":589,"j":597},{"i":589,"j":607},{"i":598,"j":599},{"i":589,"j":602},{"i":610,"j":632},{"i":595,"j":600},{"i":577,"j":595},{"i":588,"j":599},{"i":567,"j":617},{"i":602,"j":608},{"i":599,"j":602},{"i":590,"j":612},{"i":603,"j":610},{"i":582,"j":603},{"i":604,"j":605},{"i":603,"j":604},{"i":621,"j":729},{"i":612,"j":636},{"i":617,"j":633},{"i":602,"j":644},{"i":608,"j":614},{"i":605,"j":612},{"i":601,"j":609},{"i":594,"j":601},{"i":605,"j":610},{"i":479,"j":600},{"i":611,"j":615},{"i":479,"j":611},{"i":610,"j":613},{"i":619,"j":631},{"i":607,"j":644},{"i":614,"j":622},{"i":595,"j":614},{"i":611,"j":625},{"i":616,"j":628},{"i":500,"j":616},{"i":618,"j":619},{"i":622,"j":634},{"i":617,"j":619},{"i":615,"j":620},{"i":627,"j":640},{"i":591,"j":642},{"i":625,"j":637},{"i":618,"j":624},{"i":609,"j":643},{"i":610,"j":612},{"i":629,"j":643},{"i":626,"j":629},{"i":615,"j":655},{"i":591,"j":629},{"i":585,"j":591},{"i":592,"j":636},{"i":590,"j":592},{"i":623,"j":627},{"i":613,"j":623},{"i":616,"j":620},{"i":628,"j":664},{"i":500,"j":628},{"i":591,"j":641},{"i":627,"j":630},{"i":622,"j":638},{"i":584,"j":633},{"i":567,"j":584},{"i":633,"j":644},{"i":631,"j":633},{"i":596,"j":662},{"i":596,"j":630},{"i":642,"j":661},{"i":624,"j":644},{"i":607,"j":624},{"i":634,"j":651},{"i":623,"j":652},{"i":636,"j":645},{"i":631,"j":644},{"i":624,"j":631},{"i":626,"j":643},{"i":609,"j":626},{"i":625,"j":634},{"i":637,"j":655},{"i":615,"j":637},{"i":632,"j":649},{"i":638,"j":648},{"i":635,"j":636},{"i":635,"j":650},{"i":632,"j":635},{"i":641,"j":643},{"i":621,"j":642},{"i":587,"j":621},{"i":641,"j":658},{"i":606,"j":646},{"i":592,"j":606},{"i":645,"j":668},{"i":639,"j":645},{"i":650,"j":659},{"i":644,"j":647},{"i":654,"j":666},{"i":647,"j":648},{"i":638,"j":647},{"i":639,"j":650},{"i":635,"j":639},{"i":649,"j":652},{"i":648,"j":651},{"i":646,"j":668},{"i":645,"j":646},{"i":642,"j":712},{"i":649,"j":659},{"i":640,"j":662},{"i":630,"j":640},{"i":656,"j":673},{"i":651,"j":656},{"i":652,"j":654},{"i":659,"j":689},{"i":654,"j":657},{"i":640,"j":654},{"i":642,"j":658},{"i":657,"j":662},{"i":655,"j":663},{"i":658,"j":661},{"i":651,"j":667},{"i":660,"j":663},{"i":655,"j":660},{"i":669,"j":693},{"i":653,"j":669},{"i":664,"j":961},{"i":663,"j":671},{"i":620,"j":663},{"i":662,"j":670},{"i":665,"j":676},{"i":660,"j":665},{"i":653,"j":693},{"i":644,"j":653},{"i":662,"j":675},{"i":643,"j":674},{"i":666,"j":672},{"i":657,"j":666},{"i":689,"j":713},{"i":670,"j":675},{"i":669,"j":670},{"i":663,"j":676},{"i":662,"j":672},{"i":679,"j":682},{"i":667,"j":679},{"i":665,"j":667},{"i":663,"j":678},{"i":676,"j":680},{"i":678,"j":683},{"i":677,"j":678},{"i":667,"j":673},{"i":681,"j":684},{"i":673,"j":681},{"i":682,"j":700},{"i":681,"j":718},{"i":680,"j":683},{"i":679,"j":684},{"i":680,"j":682},{"i":686,"j":689},{"i":683,"j":700},{"i":681,"j":687},{"i":664,"j":671},{"i":685,"j":868},{"i":664,"j":685},{"i":668,"j":688},{"i":659,"j":668},{"i":675,"j":692},{"i":686,"j":694},{"i":668,"j":674},{"i":686,"j":690},{"i":672,"j":686},{"i":697,"j":724},{"i":690,"j":691},{"i":662,"j":690},{"i":662,"j":695},{"i":687,"j":711},{"i":684,"j":687},{"i":669,"j":698},{"i":662,"j":691},{"i":695,"j":696},{"i":692,"j":695},{"i":696,"j":705},{"i":696,"j":701},{"i":692,"j":701},{"i":662,"j":707},{"i":697,"j":699},{"i":674,"j":697},{"i":693,"j":710},{"i":656,"j":693},{"i":698,"j":710},{"i":694,"j":704},{"i":691,"j":694},{"i":677,"j":703},{"i":663,"j":677},{"i":702,"j":714},{"i":685,"j":702},{"i":700,"j":703},{"i":709,"j":716},{"i":662,"j":708},{"i":705,"j":730},{"i":703,"j":706},{"i":671,"j":703},{"i":706,"j":709},{"i":702,"j":706},{"i":698,"j":723},{"i":704,"j":707},{"i":700,"j":734},{"i":703,"j":717},{"i":705,"j":721},{"i":704,"j":727},{"i":717,"j":745},{"i":688,"j":722},{"i":661,"j":724},{"i":688,"j":725},{"i":702,"j":709},{"i":714,"j":829},{"i":707,"j":719},{"i":718,"j":728},{"i":711,"j":734},{"i":716,"j":744},{"i":710,"j":718},{"i":716,"j":717},{"i":701,"j":723},{"i":723,"j":769},{"i":708,"j":730},{"i":705,"j":708},{"i":707,"j":732},{"i":719,"j":720},{"i":715,"j":719},{"i":708,"j":715},{"i":715,"j":738},{"i":721,"j":752},{"i":674,"j":736},{"i":721,"j":723},{"i":730,"j":752},{"i":712,"j":724},{"i":713,"j":727},{"i":674,"j":699},{"i":715,"j":720},{"i":722,"j":731},{"i":713,"j":722},{"i":732,"j":751},{"i":736,"j":750},{"i":545,"j":729},{"i":707,"j":726},{"i":722,"j":741},{"i":726,"j":727},{"i":729,"j":733},{"i":754,"j":755},{"i":732,"j":735},{"i":727,"j":731},{"i":736,"j":737},{"i":728,"j":747},{"i":711,"j":728},{"i":735,"j":738},{"i":720,"j":735},{"i":725,"j":739},{"i":737,"j":739},{"i":725,"j":737},{"i":734,"j":748},{"i":731,"j":741},{"i":726,"j":751},{"i":725,"j":749},{"i":741,"j":742},{"i":740,"j":741},{"i":540,"j":764},{"i":742,"j":765},{"i":733,"j":743},{"i":712,"j":733},{"i":714,"j":744},{"i":747,"j":759},{"i":740,"j":751},{"i":727,"j":740},{"i":744,"j":745},{"i":747,"j":748},{"i":748,"j":779},{"i":745,"j":748},{"i":738,"j":753},{"i":739,"j":767},{"i":751,"j":755},{"i":754,"j":761},{"i":746,"j":751},{"i":746,"j":760},{"i":738,"j":746},{"i":753,"j":770},{"i":753,"j":763},{"i":743,"j":771},{"i":729,"j":757},{"i":752,"j":756},{"i":746,"j":754},{"i":758,"j":763},{"i":753,"j":758},{"i":749,"j":765},{"i":742,"j":749},{"i":758,"j":760},{"i":763,"j":797},{"i":743,"j":757},{"i":771,"j":778},{"i":750,"j":768},{"i":757,"j":764},{"i":750,"j":767},{"i":765,"j":766},{"i":774,"j":907},{"i":766,"j":781},{"i":755,"j":766},{"i":724,"j":771},{"i":767,"j":772},{"i":765,"j":767},{"i":782,"j":813},{"i":728,"j":769},{"i":761,"j":793},{"i":760,"j":761},{"i":768,"j":786},{"i":762,"j":774},{"i":743,"j":762},{"i":775,"j":788},{"i":766,"j":775},{"i":699,"j":771},{"i":777,"j":789},{"i":764,"j":774},{"i":762,"j":764},{"i":772,"j":775},{"i":769,"j":780},{"i":783,"j":796},{"i":780,"j":783},{"i":773,"j":777},{"i":736,"j":773},{"i":768,"j":777},{"i":759,"j":779},{"i":744,"j":779},{"i":759,"j":803},{"i":756,"j":787},{"i":776,"j":780},{"i":772,"j":799},{"i":799,"j":812},{"i":798,"j":799},{"i":778,"j":782},{"i":773,"j":778},{"i":756,"j":770},{"i":788,"j":795},{"i":781,"j":788},{"i":776,"j":796},{"i":769,"j":776},{"i":784,"j":823},{"i":779,"j":784},{"i":770,"j":800},{"i":786,"j":792},{"i":767,"j":786},{"i":781,"j":793},{"i":785,"j":790},{"i":777,"j":785},{"i":782,"j":791},{"i":790,"j":794},{"i":790,"j":811},{"i":785,"j":811},{"i":794,"j":799},{"i":792,"j":794},{"i":795,"j":801},{"i":793,"j":795},{"i":783,"j":787},{"i":774,"j":821},{"i":796,"j":803},{"i":788,"j":798},{"i":792,"j":799},{"i":797,"j":806},{"i":797,"j":800},{"i":803,"j":804},{"i":798,"j":805},{"i":802,"j":825},{"i":804,"j":832},{"i":796,"j":802},{"i":803,"j":808},{"i":784,"j":803},{"i":802,"j":804},{"i":806,"j":837},{"i":793,"j":807},{"i":793,"j":801},{"i":787,"j":828},{"i":801,"j":818},{"i":808,"j":831},{"i":805,"j":814},{"i":801,"j":805},{"i":789,"j":811},{"i":791,"j":815},{"i":789,"j":791},{"i":809,"j":816},{"i":799,"j":809},{"i":810,"j":822},{"i":809,"j":810},{"i":812,"j":814},{"i":812,"j":816},{"i":817,"j":826},{"i":813,"j":815},{"i":817,"j":819},{"i":814,"j":817},{"i":835,"j":872},{"i":819,"j":820},{"i":818,"j":819},{"i":800,"j":827},{"i":813,"j":821},{"i":811,"j":830},{"i":810,"j":811},{"i":822,"j":834},{"i":816,"j":822},{"i":825,"j":843},{"i":824,"j":825},{"i":804,"j":833},{"i":806,"j":827},{"i":806,"j":807},{"i":818,"j":839},{"i":823,"j":829},{"i":744,"j":823},{"i":834,"j":842},{"i":826,"j":834},{"i":815,"j":835},{"i":811,"j":815},{"i":829,"j":854},{"i":824,"j":833},{"i":804,"j":824},{"i":836,"j":845},{"i":829,"j":836},{"i":828,"j":843},{"i":828,"j":850},{"i":833,"j":849},{"i":830,"j":840},{"i":821,"j":835},{"i":831,"j":836},{"i":823,"j":831},{"i":826,"j":838},{"i":820,"j":826},{"i":841,"j":847},{"i":827,"j":848},{"i":838,"j":839},{"i":820,"j":838},{"i":830,"j":847},{"i":827,"j":858},{"i":834,"j":840},{"i":841,"j":842},{"i":840,"j":841},{"i":835,"j":897},{"i":839,"j":844},{"i":807,"j":839},{"i":844,"j":862},{"i":837,"j":844},{"i":832,"j":852},{"i":808,"j":832},{"i":845,"j":865},{"i":837,"j":857},{"i":842,"j":846},{"i":838,"j":846},{"i":849,"j":855},{"i":844,"j":856},{"i":849,"j":851},{"i":848,"j":850},{"i":832,"j":851},{"i":847,"j":853},{"i":829,"j":845},{"i":854,"j":868},{"i":843,"j":859},{"i":855,"j":861},{"i":851,"j":855},{"i":857,"j":858},{"i":855,"j":859},{"i":850,"j":863},{"i":843,"j":850},{"i":862,"j":864},{"i":857,"j":862},{"i":853,"j":878},{"i":835,"j":860},{"i":852,"j":870},{"i":848,"j":858},{"i":871,"j":890},{"i":863,"j":866},{"i":864,"j":886},{"i":852,"j":861},{"i":898,"j":902},{"i":866,"j":869},{"i":859,"j":866},{"i":863,"j":879},{"i":865,"j":873},{"i":854,"j":873},{"i":870,"j":875},{"i":866,"j":874},{"i":871,"j":879},{"i":861,"j":869},{"i":869,"j":874},{"i":867,"j":871},{"i":863,"j":867},{"i":860,"j":876},{"i":853,"j":860},{"i":884,"j":903},{"i":870,"j":884},{"i":866,"j":885},{"i":878,"j":892},{"i":846,"j":878},{"i":877,"j":884},{"i":872,"j":876},{"i":873,"j":888},{"i":875,"j":877},{"i":865,"j":875},{"i":893,"j":895},{"i":876,"j":878},{"i":864,"j":881},{"i":858,"j":864},{"i":868,"j":961},{"i":873,"j":880},{"i":886,"j":895},{"i":880,"j":889},{"i":868,"j":880},{"i":877,"j":882},{"i":882,"j":887},{"i":865,"j":882},{"i":874,"j":885},{"i":887,"j":932},{"i":867,"j":881},{"i":886,"j":891},{"i":881,"j":886},{"i":540,"j":964},{"i":887,"j":888},{"i":888,"j":894},{"i":889,"j":896},{"i":868,"j":889},{"i":888,"j":899},{"i":886,"j":893},{"i":895,"j":914},{"i":883,"j":892},{"i":878,"j":883},{"i":891,"j":900},{"i":890,"j":891},{"i":864,"j":910},{"i":885,"j":903},{"i":894,"j":899},{"i":894,"j":896},{"i":892,"j":916},{"i":872,"j":897},{"i":835,"j":898},{"i":856,"j":892},{"i":896,"j":943},{"i":890,"j":900},{"i":901,"j":933},{"i":893,"j":904},{"i":898,"j":901},{"i":885,"j":909},{"i":911,"j":924},{"i":856,"j":915},{"i":774,"j":905},{"i":905,"j":906},{"i":883,"j":897},{"i":905,"j":907},{"i":904,"j":908},{"i":907,"j":964},{"i":879,"j":912},{"i":909,"j":928},{"i":904,"j":924},{"i":900,"j":908},{"i":912,"j":918},{"i":909,"j":912},{"i":911,"j":913},{"i":900,"j":911},{"i":923,"j":924},{"i":913,"j":918},{"i":912,"j":913},{"i":910,"j":914},{"i":921,"j":924},{"i":902,"j":919},{"i":901,"j":902},{"i":906,"j":919},{"i":898,"j":906},{"i":913,"j":921},{"i":909,"j":917},{"i":914,"j":922},{"i":915,"j":935},{"i":919,"j":933},{"i":907,"j":920},{"i":906,"j":907},{"i":918,"j":925},{"i":915,"j":922},{"i":910,"j":915},{"i":924,"j":951},{"i":908,"j":924},{"i":922,"j":937},{"i":916,"j":935},{"i":925,"j":929},{"i":917,"j":925},{"i":923,"j":927},{"i":921,"j":923},{"i":926,"j":929},{"i":925,"j":926},{"i":927,"j":930},{"i":926,"j":927},{"i":928,"j":938},{"i":929,"j":930},{"i":917,"j":929},{"i":936,"j":948},{"i":920,"j":931},{"i":903,"j":928},{"i":942,"j":949},{"i":934,"j":941},{"i":919,"j":931},{"i":932,"j":944},{"i":928,"j":934},{"i":937,"j":988},{"i":933,"j":936},{"i":897,"j":933},{"i":946,"j":956},{"i":930,"j":939},{"i":944,"j":962},{"i":927,"j":958},{"i":938,"j":941},{"i":954,"j":976},{"i":940,"j":945},{"i":899,"j":940},{"i":934,"j":953},{"i":937,"j":951},{"i":936,"j":942},{"i":916,"j":936},{"i":917,"j":939},{"i":945,"j":952},{"i":943,"j":945},{"i":932,"j":962},{"i":944,"j":946},{"i":940,"j":944},{"i":938,"j":955},{"i":916,"j":942},{"i":951,"j":988},{"i":933,"j":960},{"i":942,"j":948},{"i":946,"j":950},{"i":956,"j":968},{"i":950,"j":952},{"i":952,"j":963},{"i":950,"j":963},{"i":939,"j":957},{"i":948,"j":960},{"i":941,"j":953},{"i":959,"j":963},{"i":935,"j":988},{"i":953,"j":971},{"i":949,"j":960},{"i":947,"j":949},{"i":953,"j":973},{"i":955,"j":962},{"i":933,"j":954},{"i":957,"j":973},{"i":953,"j":957},{"i":959,"j":961},{"i":943,"j":959},{"i":961,"j":963},{"i":955,"j":971},{"i":956,"j":967},{"i":931,"j":965},{"i":920,"j":964},{"i":964,"j":965},{"i":962,"j":966},{"i":956,"j":972},{"i":967,"j":970},{"i":963,"j":967},{"i":935,"j":947},{"i":968,"j":984},{"i":965,"j":969},{"i":967,"j":968},{"i":980,"j":993},{"i":970,"j":981},{"i":958,"j":974},{"i":957,"j":958},{"i":966,"j":975},{"i":966,"j":971},{"i":964,"j":990},{"i":973,"j":979},{"i":960,"j":976},{"i":947,"j":960},{"i":971,"j":979},{"i":972,"j":984},{"i":961,"j":970},{"i":983,"j":986},{"i":973,"j":980},{"i":981,"j":989},{"i":978,"j":981},{"i":978,"j":992},{"i":977,"j":978},{"i":972,"j":975},{"i":976,"j":991},{"i":969,"j":982},{"i":954,"j":969},{"i":979,"j":983},{"i":980,"j":983},{"i":975,"j":985},{"i":975,"j":983},{"i":988,"j":998},{"i":974,"j":988},{"i":974,"j":993},{"i":984,"j":987},{"i":987,"j":992},{"i":984,"j":985},{"i":987,"j":989},{"i":989,"j":992},{"i":976,"j":982},{"i":985,"j":986},{"i":991,"j":998},{"i":993,"j":994},{"i":986,"j":993},{"i":996,"j":999},{"i":991,"j":996},{"i":994,"j":995},{"i":993,"j":995},{"i":995,"j":999},{"i":990,"j":996},{"i":982,"j":990},{"i":994,"j":997},{"i":985,"j":994},{"i":998,"j":999},{"i":995,"j":998},{"i":1,"j":2},{"i":2,"j":26},{"i":26,"j":27},{"i":27,"j":41},{"i":41,"j":246},{"i":246,"j":330},{"i":330,"j":388},{"i":388,"j":961},{"i":961,"j":977},{"i":977,"j":992},{"i":992,"j":997},{"i":997,"j":999},{"i":0,"j":1}],"type":"Solution"}