{"instance_name":"euro-night-0000050","edges":[{"i":1,"j":5},{"i":0,"j":6},{"i":5,"j":31},{"i":1,"j":3},{"i":0,"j":1},{"i":0,"j":3},{"i":0,"j":4},{"i":0,"j":7},{"i":8,"j":12},{"i":6,"j":9},{"i":7,"j":13},{"i":7,"j":11},{"i":5,"j":8},{"i":6,"j":11},{"i":12,"j":19},{"i":8,"j":10},{"i":3,"j":8},{"i":7,"j":16},{"i":11,"j":15},{"i":4,"j":10},{"i":4,"j":14},{"i":13,"j":15},{"i":10,"j":12},{"i":13,"j":17},{"i":17,"j":25},{"i":15,"j":28},{"i":14,"j":16},{"i":21,"j":26},{"i":16,"j":20},{"i":12,"j":18},{"i":18,"j":20},{"i":14,"j":18},{"i":18,"j":22},{"i":23,"j":27},{"i":20,"j":23},{"i":18,"j":19},{"i":19,"j":21},{"i":23,"j":29},{"i":22,"j":23},{"i":17,"j":23},{"i":27,"j":29},{"i":25,"j":27},{"i":23,"j":30},{"i":21,"j":31},{"i":24,"j":32},{"i":22,"j":24},{"i":25,"j":28},{"i":31,"j":36},{"i":28,"j":38},{"i":9,"j":28},{"i":29,"j":33},{"i":24,"j":26},{"i":8,"j":31},{"i":26,"j":34},{"i":32,"j":39},{"i":30,"j":32},{"i":30,"j":33},{"i":33,"j":39},{"i":26,"j":31},{"i":33,"j":35},{"i":37,"j":43},{"i":32,"j":34},{"i":36,"j":37},{"i":34,"j":36},{"i":39,"j":45},{"i":35,"j":38},{"i":40,"j":46},{"i":38,"j":40},{"i":41,"j":48},{"i":32,"j":37},{"i":9,"j":38},{"i":39,"j":40},{"i":35,"j":39},{"i":36,"j":42},{"i":31,"j":41},{"i":41,"j":42},{"i":37,"j":44},{"i":39,"j":43},{"i":42,"j":44},{"i":43,"j":48},{"i":45,"j":48},{"i":40,"j":45},{"i":46,"j":47},{"i":38,"j":46},{"i":44,"j":48},{"i":48,"j":49},{"i":0,"j":2},{"i":2,"j":9},{"i":9,"j":47},{"i":47,"j":49}],"type":"Solution"}