{"instance_name":"euro-night-0000025","edges":[{"i":3,"j":10},{"i":0,"j":22},{"i":4,"j":8},{"i":1,"j":2},{"i":2,"j":6},{"i":0,"j":4},{"i":3,"j":5},{"i":1,"j":3},{"i":2,"j":4},{"i":4,"j":7},{"i":6,"j":11},{"i":4,"j":15},{"i":6,"j":7},{"i":9,"j":10},{"i":6,"j":9},{"i":4,"j":22},{"i":9,"j":14},{"i":7,"j":8},{"i":11,"j":14},{"i":8,"j":12},{"i":14,"j":18},{"i":13,"j":14},{"i":11,"j":13},{"i":13,"j":16},{"i":12,"j":16},{"i":12,"j":15},{"i":16,"j":18},{"i":14,"j":17},{"i":10,"j":14},{"i":19,"j":22},{"i":5,"j":17},{"i":15,"j":18},{"i":17,"j":19},{"i":22,"j":23},{"i":20,"j":22},{"i":20,"j":21},{"i":19,"j":20},{"i":22,"j":24},{"i":18,"j":22},{"i":21,"j":23},{"i":17,"j":21},{"i":23,"j":24},{"i":0,"j":1},{"i":1,"j":5},{"i":5,"j":24}],"type":"Solution"}