{"instance_name":"euro-night-0000035","edges":[{"i":0,"j":1},{"i":1,"j":2},{"i":2,"j":8},{"i":8,"j":10},{"i":4,"j":5},{"i":1,"j":4},{"i":5,"j":14},{"i":2,"j":3},{"i":5,"j":7},{"i":1,"j":5},{"i":2,"j":6},{"i":8,"j":9},{"i":4,"j":8},{"i":6,"j":12},{"i":9,"j":11},{"i":6,"j":15},{"i":9,"j":16},{"i":13,"j":18},{"i":10,"j":16},{"i":11,"j":13},{"i":16,"j":19},{"i":13,"j":14},{"i":14,"j":31},{"i":12,"j":16},{"i":10,"j":12},{"i":3,"j":15},{"i":12,"j":15},{"i":17,"j":19},{"i":17,"j":18},{"i":11,"j":17},{"i":19,"j":22},{"i":18,"j":20},{"i":15,"j":19},{"i":18,"j":21},{"i":20,"j":31},{"i":21,"j":22},{"i":20,"j":21},{"i":15,"j":23},{"i":23,"j":24},{"i":22,"j":23},{"i":15,"j":30},{"i":24,"j":29},{"i":15,"j":25},{"i":25,"j":26},{"i":26,"j":27},{"i":24,"j":26},{"i":27,"j":29},{"i":28,"j":32},{"i":27,"j":28},{"i":25,"j":30},{"i":29,"j":31},{"i":22,"j":29},{"i":32,"j":34},{"i":31,"j":34},{"i":30,"j":32},{"i":28,"j":30},{"i":32,"j":33},{"i":31,"j":33},{"i":33,"j":34},{"i":0,"j":7},{"i":7,"j":34}],"type":"Solution"}