{"instance_name":"euro-night-0000600","edges":[{"i":0,"j":4},{"i":5,"j":23},{"i":1,"j":16},{"i":0,"j":1},{"i":0,"j":2},{"i":2,"j":3},{"i":1,"j":2},{"i":1,"j":3},{"i":0,"j":8},{"i":3,"j":6},{"i":1,"j":5},{"i":4,"j":9},{"i":7,"j":8},{"i":0,"j":7},{"i":10,"j":12},{"i":4,"j":10},{"i":4,"j":12},{"i":11,"j":24},{"i":5,"j":6},{"i":8,"j":10},{"i":8,"j":22},{"i":7,"j":14},{"i":14,"j":15},{"i":13,"j":14},{"i":11,"j":14},{"i":0,"j":11},{"i":7,"j":13},{"i":9,"j":17},{"i":6,"j":9},{"i":11,"j":28},{"i":12,"j":25},{"i":15,"j":19},{"i":13,"j":15},{"i":18,"j":20},{"i":8,"j":18},{"i":20,"j":26},{"i":18,"j":19},{"i":19,"j":26},{"i":8,"j":20},{"i":14,"j":21},{"i":22,"j":27},{"i":26,"j":44},{"i":17,"j":29},{"i":5,"j":17},{"i":23,"j":30},{"i":16,"j":23},{"i":22,"j":25},{"i":21,"j":48},{"i":19,"j":21},{"i":25,"j":32},{"i":11,"j":46},{"i":26,"j":27},{"i":29,"j":31},{"i":27,"j":32},{"i":14,"j":24},{"i":34,"j":38},{"i":29,"j":39},{"i":30,"j":40},{"i":28,"j":34},{"i":31,"j":40},{"i":30,"j":31},{"i":28,"j":38},{"i":29,"j":32},{"i":33,"j":35},{"i":28,"j":33},{"i":33,"j":34},{"i":14,"j":43},{"i":36,"j":48},{"i":11,"j":71},{"i":32,"j":49},{"i":35,"j":41},{"i":24,"j":35},{"i":39,"j":42},{"i":35,"j":58},{"i":26,"j":36},{"i":44,"j":52},{"i":42,"j":47},{"i":41,"j":43},{"i":37,"j":45},{"i":36,"j":37},{"i":35,"j":72},{"i":51,"j":54},{"i":40,"j":47},{"i":43,"j":48},{"i":45,"j":51},{"i":44,"j":45},{"i":42,"j":60},{"i":37,"j":48},{"i":46,"j":50},{"i":46,"j":71},{"i":44,"j":53},{"i":52,"j":55},{"i":56,"j":62},{"i":55,"j":56},{"i":52,"j":53},{"i":52,"j":56},{"i":51,"j":70},{"i":53,"j":68},{"i":39,"j":49},{"i":51,"j":78},{"i":62,"j":68},{"i":55,"j":62},{"i":50,"j":59},{"i":38,"j":50},{"i":57,"j":66},{"i":47,"j":57},{"i":55,"j":64},{"i":49,"j":55},{"i":59,"j":72},{"i":50,"j":61},{"i":60,"j":65},{"i":57,"j":60},{"i":61,"j":63},{"i":59,"j":61},{"i":65,"j":66},{"i":66,"j":167},{"i":40,"j":66},{"i":60,"j":64},{"i":48,"j":73},{"i":67,"j":69},{"i":64,"j":67},{"i":76,"j":90},{"i":65,"j":69},{"i":68,"j":70},{"i":67,"j":68},{"i":63,"j":74},{"i":41,"j":58},{"i":72,"j":80},{"i":71,"j":74},{"i":63,"j":71},{"i":77,"j":81},{"i":74,"j":76},{"i":73,"j":87},{"i":54,"j":73},{"i":58,"j":75},{"i":77,"j":79},{"i":72,"j":77},{"i":79,"j":82},{"i":79,"j":84},{"i":85,"j":97},{"i":82,"j":84},{"i":80,"j":82},{"i":83,"j":93},{"i":54,"j":83},{"i":75,"j":80},{"i":78,"j":110},{"i":86,"j":96},{"i":78,"j":86},{"i":85,"j":87},{"i":75,"j":85},{"i":84,"j":91},{"i":88,"j":89},{"i":81,"j":88},{"i":76,"j":98},{"i":89,"j":99},{"i":84,"j":89},{"i":96,"j":122},{"i":81,"j":90},{"i":87,"j":141},{"i":83,"j":87},{"i":91,"j":97},{"i":92,"j":94},{"i":88,"j":92},{"i":69,"j":70},{"i":86,"j":122},{"i":95,"j":108},{"i":70,"j":95},{"i":99,"j":100},{"i":90,"j":98},{"i":97,"j":112},{"i":94,"j":100},{"i":89,"j":94},{"i":99,"j":103},{"i":69,"j":116},{"i":107,"j":113},{"i":99,"j":107},{"i":66,"j":101},{"i":91,"j":106},{"i":95,"j":96},{"i":98,"j":104},{"i":92,"j":98},{"i":102,"j":109},{"i":97,"j":102},{"i":101,"j":105},{"i":91,"j":103},{"i":93,"j":110},{"i":104,"j":107},{"i":100,"j":104},{"i":106,"j":111},{"i":102,"j":106},{"i":115,"j":125},{"i":109,"j":112},{"i":103,"j":113},{"i":109,"j":118},{"i":112,"j":114},{"i":112,"j":118},{"i":104,"j":134},{"i":111,"j":115},{"i":109,"j":111},{"i":125,"j":136},{"i":125,"j":130},{"i":111,"j":119},{"i":108,"j":116},{"i":117,"j":124},{"i":105,"j":116},{"i":116,"j":117},{"i":105,"j":117},{"i":93,"j":121},{"i":109,"j":115},{"i":113,"j":119},{"i":106,"j":113},{"i":121,"j":135},{"i":108,"j":137},{"i":120,"j":122},{"i":110,"j":120},{"i":120,"j":121},{"i":105,"j":123},{"i":116,"j":126},{"i":123,"j":132},{"i":118,"j":128},{"i":129,"j":133},{"i":120,"j":129},{"i":123,"j":124},{"i":134,"j":146},{"i":126,"j":127},{"i":93,"j":135},{"i":122,"j":138},{"i":119,"j":136},{"i":124,"j":126},{"i":131,"j":167},{"i":101,"j":131},{"i":134,"j":139},{"i":114,"j":143},{"i":113,"j":134},{"i":134,"j":145},{"i":122,"j":133},{"i":122,"j":140},{"i":130,"j":151},{"i":128,"j":130},{"i":137,"j":150},{"i":127,"j":137},{"i":133,"j":147},{"i":129,"j":135},{"i":137,"j":155},{"i":138,"j":155},{"i":128,"j":144},{"i":114,"j":128},{"i":141,"j":142},{"i":148,"j":153},{"i":142,"j":148},{"i":141,"j":143},{"i":98,"j":159},{"i":71,"j":229},{"i":139,"j":145},{"i":136,"j":139},{"i":143,"j":144},{"i":142,"j":149},{"i":135,"j":142},{"i":130,"j":145},{"i":154,"j":158},{"i":148,"j":152},{"i":138,"j":140},{"i":127,"j":150},{"i":147,"j":155},{"i":140,"j":147},{"i":144,"j":151},{"i":148,"j":161},{"i":147,"j":166},{"i":127,"j":154},{"i":147,"j":149},{"i":150,"j":158},{"i":156,"j":169},{"i":154,"j":156},{"i":149,"j":153},{"i":151,"j":157},{"i":152,"j":157},{"i":160,"j":162},{"i":152,"j":160},{"i":164,"j":171},{"i":163,"j":174},{"i":153,"j":161},{"i":163,"j":164},{"i":157,"j":163},{"i":160,"j":168},{"i":155,"j":179},{"i":162,"j":172},{"i":161,"j":162},{"i":132,"j":169},{"i":131,"j":132},{"i":157,"j":164},{"i":170,"j":221},{"i":167,"j":170},{"i":158,"j":175},{"i":156,"j":158},{"i":167,"j":221},{"i":169,"j":170},{"i":165,"j":189},{"i":145,"j":176},{"i":162,"j":165},{"i":180,"j":186},{"i":168,"j":171},{"i":146,"j":176},{"i":173,"j":174},{"i":163,"j":173},{"i":176,"j":178},{"i":169,"j":175},{"i":176,"j":177},{"i":178,"j":185},{"i":173,"j":177},{"i":176,"j":190},{"i":166,"j":199},{"i":146,"j":196},{"i":182,"j":193},{"i":179,"j":191},{"i":175,"j":179},{"i":174,"j":182},{"i":181,"j":183},{"i":171,"j":181},{"i":180,"j":182},{"i":177,"j":180},{"i":181,"j":182},{"i":165,"j":168},{"i":178,"j":184},{"i":184,"j":186},{"i":184,"j":187},{"i":183,"j":193},{"i":185,"j":187},{"i":171,"j":183},{"i":192,"j":198},{"i":166,"j":203},{"i":192,"j":195},{"i":187,"j":192},{"i":191,"j":200},{"i":190,"j":192},{"i":185,"j":190},{"i":186,"j":194},{"i":198,"j":202},{"i":189,"j":193},{"i":186,"j":187},{"i":193,"j":194},{"i":194,"j":195},{"i":208,"j":237},{"i":199,"j":214},{"i":197,"j":199},{"i":190,"j":196},{"i":172,"j":205},{"i":166,"j":172},{"i":197,"j":200},{"i":191,"j":197},{"i":203,"j":214},{"i":169,"j":243},{"i":195,"j":202},{"i":172,"j":209},{"i":198,"j":204},{"i":172,"j":188},{"i":201,"j":206},{"i":193,"j":201},{"i":203,"j":216},{"i":202,"j":211},{"i":201,"j":202},{"i":188,"j":220},{"i":202,"j":219},{"i":196,"j":212},{"i":202,"j":204},{"i":159,"j":208},{"i":189,"j":206},{"i":209,"j":210},{"i":206,"j":211},{"i":196,"j":207},{"i":203,"j":205},{"i":207,"j":213},{"i":212,"j":219},{"i":204,"j":212},{"i":207,"j":208},{"i":216,"j":218},{"i":213,"j":215},{"i":219,"j":230},{"i":214,"j":216},{"i":211,"j":223},{"i":210,"j":224},{"i":205,"j":210},{"i":189,"j":239},{"i":188,"j":189},{"i":212,"j":215},{"i":217,"j":231},{"i":206,"j":217},{"i":200,"j":225},{"i":220,"j":222},{"i":209,"j":220},{"i":71,"j":312},{"i":209,"j":222},{"i":227,"j":236},{"i":215,"j":227},{"i":218,"j":228},{"i":225,"j":240},{"i":223,"j":231},{"i":217,"j":223},{"i":219,"j":226},{"i":213,"j":227},{"i":218,"j":235},{"i":234,"j":245},{"i":230,"j":250},{"i":225,"j":228},{"i":226,"j":249},{"i":223,"j":232},{"i":229,"j":311},{"i":231,"j":234},{"i":230,"j":232},{"i":222,"j":244},{"i":234,"j":241},{"i":218,"j":224},{"i":235,"j":240},{"i":228,"j":235},{"i":234,"j":239},{"i":227,"j":246},{"i":236,"j":246},{"i":159,"j":242},{"i":236,"j":238},{"i":232,"j":241},{"i":233,"j":253},{"i":224,"j":233},{"i":222,"j":251},{"i":238,"j":247},{"i":226,"j":238},{"i":229,"j":242},{"i":243,"j":248},{"i":221,"j":243},{"i":239,"j":251},{"i":247,"j":252},{"i":244,"j":253},{"i":233,"j":244},{"i":237,"j":246},{"i":237,"j":258},{"i":245,"j":251},{"i":254,"j":301},{"i":248,"j":338},{"i":221,"j":248},{"i":247,"j":249},{"i":249,"j":250},{"i":245,"j":256},{"i":244,"j":265},{"i":248,"j":254},{"i":252,"j":255},{"i":241,"j":264},{"i":266,"j":278},{"i":253,"j":263},{"i":255,"j":257},{"i":250,"j":255},{"i":241,"j":257},{"i":242,"j":258},{"i":237,"j":242},{"i":252,"j":260},{"i":259,"j":264},{"i":257,"j":259},{"i":246,"j":274},{"i":260,"j":271},{"i":259,"j":260},{"i":261,"j":262},{"i":240,"j":261},{"i":265,"j":269},{"i":251,"j":268},{"i":261,"j":263},{"i":251,"j":256},{"i":268,"j":276},{"i":265,"j":268},{"i":258,"j":266},{"i":264,"j":270},{"i":256,"j":264},{"i":267,"j":276},{"i":251,"j":267},{"i":269,"j":277},{"i":263,"j":269},{"i":267,"j":270},{"i":264,"j":282},{"i":240,"j":262},{"i":254,"j":272},{"i":264,"j":275},{"i":266,"j":296},{"i":273,"j":281},{"i":270,"j":273},{"i":279,"j":287},{"i":277,"j":285},{"i":277,"j":283},{"i":273,"j":275},{"i":274,"j":278},{"i":271,"j":274},{"i":277,"j":279},{"i":282,"j":323},{"i":279,"j":280},{"i":262,"j":279},{"i":288,"j":297},{"i":280,"j":295},{"i":276,"j":286},{"i":271,"j":313},{"i":276,"j":291},{"i":277,"j":290},{"i":283,"j":285},{"i":284,"j":290},{"i":277,"j":284},{"i":267,"j":292},{"i":283,"j":287},{"i":282,"j":288},{"i":288,"j":289},{"i":275,"j":288},{"i":292,"j":302},{"i":286,"j":293},{"i":284,"j":286},{"i":290,"j":298},{"i":267,"j":281},{"i":291,"j":294},{"i":286,"j":291},{"i":289,"j":292},{"i":281,"j":289},{"i":298,"j":305},{"i":280,"j":307},{"i":293,"j":310},{"i":278,"j":313},{"i":297,"j":304},{"i":292,"j":297},{"i":300,"j":305},{"i":287,"j":300},{"i":293,"j":298},{"i":298,"j":299},{"i":285,"j":298},{"i":295,"j":309},{"i":299,"j":300},{"i":283,"j":299},{"i":240,"j":295},{"i":301,"j":322},{"i":272,"j":301},{"i":302,"j":303},{"i":294,"j":302},{"i":304,"j":343},{"i":286,"j":294},{"i":288,"j":323},{"i":321,"j":335},{"i":307,"j":350},{"i":304,"j":306},{"i":287,"j":320},{"i":307,"j":308},{"i":315,"j":324},{"i":308,"j":309},{"i":303,"j":330},{"i":296,"j":313},{"i":311,"j":314},{"i":242,"j":311},{"i":313,"j":323},{"i":314,"j":315},{"i":296,"j":314},{"i":316,"j":319},{"i":317,"j":325},{"i":310,"j":317},{"i":325,"j":331},{"i":315,"j":319},{"i":313,"j":315},{"i":322,"j":329},{"i":318,"j":322},{"i":305,"j":325},{"i":272,"j":318},{"i":321,"j":328},{"i":316,"j":336},{"i":313,"j":316},{"i":334,"j":359},{"i":317,"j":321},{"i":335,"j":340},{"i":303,"j":306},{"i":324,"j":326},{"i":319,"j":324},{"i":312,"j":327},{"i":311,"j":312},{"i":327,"j":367},{"i":314,"j":327},{"i":306,"j":343},{"i":334,"j":337},{"i":326,"j":334},{"i":320,"j":350},{"i":329,"j":338},{"i":318,"j":329},{"i":325,"j":328},{"i":323,"j":342},{"i":325,"j":339},{"i":312,"j":332},{"i":312,"j":341},{"i":339,"j":340},{"i":330,"j":333},{"i":340,"j":358},{"i":316,"j":326},{"i":309,"j":382},{"i":301,"j":309},{"i":333,"j":335},{"i":310,"j":333},{"i":346,"j":356},{"i":336,"j":342},{"i":331,"j":349},{"i":320,"j":331},{"i":328,"j":340},{"i":349,"j":352},{"i":339,"j":349},{"i":332,"j":344},{"i":327,"j":332},{"i":337,"j":359},{"i":336,"j":337},{"i":347,"j":353},{"i":341,"j":344},{"i":344,"j":355},{"i":341,"j":348},{"i":312,"j":345},{"i":340,"j":356},{"i":346,"j":347},{"i":339,"j":346},{"i":345,"j":348},{"i":348,"j":406},{"i":339,"j":347},{"i":358,"j":370},{"i":308,"j":350},{"i":355,"j":406},{"i":351,"j":363},{"i":350,"j":351},{"i":351,"j":352},{"i":342,"j":354},{"i":342,"j":364},{"i":354,"j":360},{"i":343,"j":354},{"i":330,"j":343},{"i":340,"j":357},{"i":361,"j":369},{"i":356,"j":361},{"i":315,"j":365},{"i":358,"j":368},{"i":358,"j":361},{"i":370,"j":398},{"i":357,"j":370},{"i":352,"j":353},{"i":309,"j":385},{"i":359,"j":366},{"i":357,"j":360},{"i":314,"j":371},{"i":362,"j":372},{"i":359,"j":362},{"i":360,"j":375},{"i":362,"j":380},{"i":355,"j":367},{"i":368,"j":369},{"i":374,"j":398},{"i":369,"j":376},{"i":353,"j":369},{"i":366,"j":377},{"i":364,"j":366},{"i":372,"j":380},{"i":368,"j":370},{"i":362,"j":401},{"i":364,"j":375},{"i":373,"j":374},{"i":370,"j":373},{"i":389,"j":434},{"i":363,"j":390},{"i":364,"j":400},{"i":374,"j":376},{"i":363,"j":386},{"i":372,"j":377},{"i":362,"j":365},{"i":378,"j":381},{"i":367,"j":378},{"i":345,"j":463},{"i":384,"j":410},{"i":378,"j":379},{"i":381,"j":422},{"i":390,"j":393},{"i":382,"j":394},{"i":338,"j":382},{"i":377,"j":384},{"i":383,"j":391},{"i":364,"j":383},{"i":371,"j":399},{"i":376,"j":387},{"i":373,"j":398},{"i":410,"j":429},{"i":386,"j":388},{"i":384,"j":395},{"i":383,"j":384},{"i":371,"j":381},{"i":387,"j":393},{"i":385,"j":408},{"i":390,"j":392},{"i":392,"j":402},{"i":386,"j":392},{"i":387,"j":397},{"i":388,"j":411},{"i":385,"j":388},{"i":394,"j":414},{"i":375,"j":398},{"i":387,"j":405},{"i":396,"j":405},{"i":387,"j":396},{"i":391,"j":400},{"i":391,"j":409},{"i":389,"j":399},{"i":371,"j":389},{"i":400,"j":404},{"i":365,"j":399},{"i":380,"j":401},{"i":402,"j":411},{"i":388,"j":402},{"i":375,"j":404},{"i":405,"j":412},{"i":407,"j":420},{"i":395,"j":409},{"i":397,"j":415},{"i":393,"j":397},{"i":379,"j":419},{"i":398,"j":403},{"i":385,"j":421},{"i":413,"j":424},{"i":403,"j":413},{"i":404,"j":413},{"i":403,"j":404},{"i":395,"j":410},{"i":401,"j":427},{"i":408,"j":426},{"i":411,"j":421},{"i":396,"j":417},{"i":412,"j":423},{"i":404,"j":425},{"i":394,"j":408},{"i":421,"j":432},{"i":414,"j":435},{"i":338,"j":414},{"i":405,"j":416},{"i":398,"j":418},{"i":415,"j":423},{"i":398,"j":407},{"i":412,"j":440},{"i":409,"j":425},{"i":406,"j":419},{"i":379,"j":406},{"i":418,"j":420},{"i":417,"j":418},{"i":416,"j":423},{"i":415,"j":416},{"i":408,"j":430},{"i":419,"j":422},{"i":433,"j":444},{"i":399,"j":427},{"i":431,"j":448},{"i":424,"j":433},{"i":407,"j":424},{"i":428,"j":437},{"i":417,"j":440},{"i":338,"j":435},{"i":422,"j":434},{"i":406,"j":431},{"i":430,"j":439},{"i":423,"j":436},{"i":430,"j":446},{"i":429,"j":442},{"i":425,"j":429},{"i":426,"j":435},{"i":426,"j":439},{"i":420,"j":428},{"i":442,"j":450},{"i":438,"j":441},{"i":433,"j":437},{"i":428,"j":433},{"i":432,"j":446},{"i":430,"j":432},{"i":438,"j":439},{"i":430,"j":438},{"i":448,"j":466},{"i":428,"j":445},{"i":439,"j":462},{"i":435,"j":439},{"i":436,"j":443},{"i":427,"j":461},{"i":410,"j":427},{"i":451,"j":457},{"i":424,"j":450},{"i":437,"j":447},{"i":441,"j":452},{"i":439,"j":441},{"i":443,"j":446},{"i":449,"j":455},{"i":444,"j":451},{"i":444,"j":459},{"i":434,"j":448},{"i":440,"j":445},{"i":449,"j":454},{"i":446,"j":449},{"i":445,"j":447},{"i":461,"j":467},{"i":455,"j":472},{"i":458,"j":471},{"i":451,"j":453},{"i":447,"j":451},{"i":452,"j":462},{"i":443,"j":455},{"i":436,"j":440},{"i":454,"j":458},{"i":456,"j":458},{"i":453,"j":460},{"i":440,"j":453},{"i":450,"j":459},{"i":454,"j":464},{"i":457,"j":460},{"i":442,"j":465},{"i":345,"j":573},{"i":459,"j":473},{"i":457,"j":459},{"i":452,"j":456},{"i":456,"j":462},{"i":431,"j":470},{"i":406,"j":463},{"i":464,"j":472},{"i":458,"j":464},{"i":469,"j":476},{"i":448,"j":474},{"i":465,"j":468},{"i":461,"j":466},{"i":467,"j":475},{"i":465,"j":467},{"i":468,"j":469},{"i":459,"j":468},{"i":455,"j":492},{"i":476,"j":479},{"i":471,"j":499},{"i":460,"j":492},{"i":471,"j":472},{"i":469,"j":475},{"i":473,"j":498},{"i":460,"j":505},{"i":476,"j":477},{"i":470,"j":484},{"i":463,"j":478},{"i":479,"j":493},{"i":478,"j":480},{"i":466,"j":490},{"i":481,"j":482},{"i":475,"j":481},{"i":490,"j":506},{"i":480,"j":483},{"i":470,"j":480},{"i":479,"j":482},{"i":483,"j":484},{"i":484,"j":485},{"i":467,"j":489},{"i":486,"j":487},{"i":481,"j":486},{"i":494,"j":496},{"i":487,"j":488},{"i":482,"j":487},{"i":489,"j":497},{"i":474,"j":490},{"i":466,"j":474},{"i":486,"j":489},{"i":474,"j":485},{"i":482,"j":488},{"i":491,"j":495},{"i":488,"j":491},{"i":473,"j":477},{"i":477,"j":502},{"i":491,"j":494},{"i":493,"j":495},{"i":485,"j":507},{"i":493,"j":522},{"i":472,"j":503},{"i":498,"j":502},{"i":499,"j":520},{"i":494,"j":497},{"i":496,"j":504},{"i":495,"j":496},{"i":505,"j":516},{"i":499,"j":510},{"i":500,"j":503},{"i":492,"j":500},{"i":498,"j":508},{"i":501,"j":504},{"i":497,"j":501},{"i":513,"j":534},{"i":506,"j":511},{"i":501,"j":506},{"i":493,"j":504},{"i":507,"j":509},{"i":506,"j":507},{"i":503,"j":520},{"i":515,"j":522},{"i":504,"j":515},{"i":510,"j":526},{"i":462,"j":510},{"i":511,"j":515},{"i":509,"j":512},{"i":512,"j":513},{"i":511,"j":512},{"i":513,"j":527},{"i":483,"j":514},{"i":519,"j":539},{"i":500,"j":516},{"i":508,"j":524},{"i":505,"j":508},{"i":532,"j":539},{"i":517,"j":521},{"i":516,"j":517},{"i":502,"j":522},{"i":508,"j":525},{"i":514,"j":519},{"i":518,"j":538},{"i":517,"j":529},{"i":520,"j":521},{"i":520,"j":523},{"i":531,"j":536},{"i":518,"j":531},{"i":526,"j":541},{"i":508,"j":518},{"i":517,"j":524},{"i":524,"j":525},{"i":523,"j":526},{"i":533,"j":542},{"i":531,"j":533},{"i":509,"j":532},{"i":435,"j":526},{"i":521,"j":529},{"i":528,"j":530},{"i":523,"j":528},{"i":522,"j":531},{"i":529,"j":537},{"i":528,"j":529},{"i":530,"j":541},{"i":515,"j":533},{"i":507,"j":519},{"i":527,"j":542},{"i":532,"j":534},{"i":537,"j":540},{"i":543,"j":553},{"i":435,"j":535},{"i":525,"j":540},{"i":530,"j":548},{"i":536,"j":538},{"i":518,"j":536},{"i":514,"j":539},{"i":545,"j":553},{"i":542,"j":545},{"i":541,"j":547},{"i":534,"j":543},{"i":550,"j":554},{"i":534,"j":539},{"i":535,"j":541},{"i":541,"j":544},{"i":535,"j":544},{"i":543,"j":545},{"i":527,"j":543},{"i":537,"j":548},{"i":546,"j":567},{"i":544,"j":546},{"i":537,"j":549},{"i":547,"j":567},{"i":546,"j":547},{"i":538,"j":550},{"i":548,"j":558},{"i":549,"j":558},{"i":478,"j":551},{"i":540,"j":550},{"i":560,"j":564},{"i":542,"j":566},{"i":478,"j":573},{"i":553,"j":566},{"i":563,"j":570},{"i":555,"j":559},{"i":551,"j":555},{"i":563,"j":568},{"i":561,"j":563},{"i":552,"j":554},{"i":557,"j":559},{"i":555,"j":557},{"i":558,"j":567},{"i":552,"j":564},{"i":549,"j":552},{"i":560,"j":562},{"i":558,"j":560},{"i":559,"j":561},{"i":539,"j":559},{"i":562,"j":569},{"i":556,"j":561},{"i":556,"j":566},{"i":553,"j":556},{"i":562,"j":571},{"i":557,"j":565},{"i":551,"j":565},{"i":571,"j":572},{"i":567,"j":577},{"i":338,"j":567},{"i":564,"j":572},{"i":569,"j":574},{"i":568,"j":582},{"i":554,"j":576},{"i":565,"j":583},{"i":559,"j":565},{"i":569,"j":571},{"i":579,"j":584},{"i":576,"j":579},{"i":574,"j":575},{"i":574,"j":587},{"i":575,"j":587},{"i":567,"j":575},{"i":570,"j":580},{"i":579,"j":588},{"i":578,"j":582},{"i":568,"j":578},{"i":572,"j":576},{"i":584,"j":592},{"i":581,"j":584},{"i":578,"j":580},{"i":580,"j":590},{"i":566,"j":588},{"i":554,"j":566},{"i":570,"j":591},{"i":573,"j":585},{"i":581,"j":586},{"i":571,"j":581},{"i":586,"j":596},{"i":574,"j":586},{"i":584,"j":588},{"i":566,"j":589},{"i":582,"j":597},{"i":593,"j":599},{"i":583,"j":591},{"i":590,"j":598},{"i":585,"j":591},{"i":583,"j":585},{"i":589,"j":597},{"i":588,"j":589},{"i":592,"j":596},{"i":587,"j":595},{"i":593,"j":596},{"i":592,"j":593},{"i":596,"j":599},{"i":595,"j":596},{"i":582,"j":598},{"i":598,"j":599},{"i":597,"j":598},{"i":591,"j":598},{"i":590,"j":591},{"i":597,"j":599},{"i":0,"j":16},{"i":16,"j":40},{"i":40,"j":221},{"i":221,"j":577},{"i":577,"j":594},{"i":594,"j":595},{"i":595,"j":599}],"type":"Solution"}