{"instance_name":"london-0000070","edges":[{"i":3,"j":6},{"i":0,"j":15},{"i":0,"j":7},{"i":3,"j":4},{"i":1,"j":3},{"i":4,"j":5},{"i":0,"j":2},{"i":4,"j":10},{"i":13,"j":14},{"i":5,"j":8},{"i":10,"j":13},{"i":8,"j":10},{"i":6,"j":14},{"i":7,"j":11},{"i":2,"j":12},{"i":9,"j":14},{"i":6,"j":9},{"i":17,"j":20},{"i":13,"j":21},{"i":11,"j":16},{"i":9,"j":11},{"i":7,"j":17},{"i":2,"j":15},{"i":7,"j":12},{"i":22,"j":26},{"i":14,"j":16},{"i":17,"j":23},{"i":17,"j":18},{"i":18,"j":19},{"i":16,"j":18},{"i":21,"j":29},{"i":19,"j":25},{"i":12,"j":22},{"i":19,"j":21},{"i":19,"j":20},{"i":22,"j":24},{"i":25,"j":30},{"i":25,"j":27},{"i":21,"j":25},{"i":24,"j":28},{"i":23,"j":24},{"i":26,"j":32},{"i":23,"j":30},{"i":20,"j":23},{"i":15,"j":50},{"i":27,"j":36},{"i":21,"j":27},{"i":33,"j":37},{"i":29,"j":38},{"i":8,"j":29},{"i":30,"j":34},{"i":28,"j":33},{"i":32,"j":45},{"i":31,"j":33},{"i":28,"j":31},{"i":34,"j":40},{"i":15,"j":35},{"i":37,"j":42},{"i":31,"j":32},{"i":29,"j":36},{"i":39,"j":41},{"i":30,"j":39},{"i":34,"j":41},{"i":33,"j":44},{"i":39,"j":42},{"i":43,"j":44},{"i":32,"j":43},{"i":44,"j":48},{"i":26,"j":35},{"i":37,"j":47},{"i":49,"j":51},{"i":42,"j":49},{"i":46,"j":49},{"i":42,"j":46},{"i":43,"j":48},{"i":46,"j":47},{"i":52,"j":56},{"i":47,"j":52},{"i":35,"j":50},{"i":54,"j":58},{"i":51,"j":53},{"i":51,"j":52},{"i":52,"j":53},{"i":53,"j":57},{"i":41,"j":53},{"i":45,"j":58},{"i":43,"j":45},{"i":54,"j":55},{"i":48,"j":54},{"i":56,"j":61},{"i":52,"j":55},{"i":56,"j":57},{"i":58,"j":69},{"i":40,"j":57},{"i":45,"j":50},{"i":40,"j":60},{"i":36,"j":40},{"i":50,"j":69},{"i":57,"j":63},{"i":60,"j":63},{"i":59,"j":60},{"i":55,"j":62},{"i":57,"j":61},{"i":65,"j":67},{"i":61,"j":62},{"i":64,"j":65},{"i":62,"j":64},{"i":65,"j":66},{"i":61,"j":65},{"i":66,"j":67},{"i":66,"j":68},{"i":61,"j":66},{"i":67,"j":69},{"i":64,"j":69},{"i":0,"j":1},{"i":1,"j":5},{"i":5,"j":38},{"i":38,"j":59},{"i":59,"j":63},{"i":63,"j":68},{"i":68,"j":69}],"type":"Solution"}