{"instance_name":"london-0000050","edges":[{"i":1,"j":2},{"i":0,"j":3},{"i":2,"j":7},{"i":3,"j":5},{"i":5,"j":6},{"i":2,"j":5},{"i":3,"j":8},{"i":2,"j":6},{"i":4,"j":7},{"i":6,"j":10},{"i":12,"j":16},{"i":9,"j":21},{"i":7,"j":9},{"i":6,"j":8},{"i":9,"j":10},{"i":8,"j":11},{"i":11,"j":13},{"i":10,"j":11},{"i":12,"j":13},{"i":11,"j":12},{"i":15,"j":18},{"i":0,"j":14},{"i":14,"j":23},{"i":15,"j":22},{"i":13,"j":15},{"i":12,"j":17},{"i":16,"j":18},{"i":15,"j":16},{"i":14,"j":17},{"i":12,"j":14},{"i":16,"j":20},{"i":17,"j":20},{"i":14,"j":19},{"i":17,"j":32},{"i":20,"j":28},{"i":18,"j":24},{"i":10,"j":22},{"i":20,"j":26},{"i":21,"j":25},{"i":22,"j":29},{"i":24,"j":29},{"i":26,"j":28},{"i":24,"j":26},{"i":27,"j":29},{"i":26,"j":27},{"i":20,"j":30},{"i":33,"j":40},{"i":28,"j":30},{"i":25,"j":29},{"i":19,"j":23},{"i":19,"j":33},{"i":40,"j":43},{"i":23,"j":31},{"i":30,"j":36},{"i":27,"j":30},{"i":37,"j":42},{"i":25,"j":34},{"i":35,"j":49},{"i":21,"j":35},{"i":34,"j":38},{"i":32,"j":39},{"i":30,"j":32},{"i":36,"j":37},{"i":29,"j":36},{"i":34,"j":37},{"i":38,"j":49},{"i":35,"j":38},{"i":36,"j":42},{"i":32,"j":40},{"i":33,"j":43},{"i":43,"j":48},{"i":44,"j":46},{"i":41,"j":44},{"i":39,"j":41},{"i":43,"j":44},{"i":41,"j":43},{"i":31,"j":48},{"i":36,"j":39},{"i":45,"j":49},{"i":42,"j":45},{"i":45,"j":46},{"i":43,"j":47},{"i":46,"j":47},{"i":48,"j":49},{"i":47,"j":48},{"i":1,"j":4},{"i":4,"j":21},{"i":21,"j":49},{"i":0,"j":1}],"type":"Solution"}