{"instance_name":"london-0000100","edges":[{"i":0,"j":6},{"i":3,"j":7},{"i":1,"j":3},{"i":2,"j":4},{"i":0,"j":2},{"i":3,"j":9},{"i":4,"j":10},{"i":3,"j":4},{"i":2,"j":29},{"i":11,"j":14},{"i":5,"j":12},{"i":1,"j":5},{"i":5,"j":17},{"i":10,"j":16},{"i":5,"j":7},{"i":9,"j":17},{"i":7,"j":9},{"i":4,"j":24},{"i":5,"j":11},{"i":11,"j":18},{"i":8,"j":12},{"i":10,"j":13},{"i":3,"j":10},{"i":17,"j":23},{"i":14,"j":15},{"i":12,"j":14},{"i":16,"j":25},{"i":15,"j":19},{"i":8,"j":15},{"i":9,"j":21},{"i":9,"j":13},{"i":18,"j":19},{"i":16,"j":20},{"i":21,"j":23},{"i":23,"j":28},{"i":26,"j":31},{"i":18,"j":23},{"i":20,"j":26},{"i":13,"j":20},{"i":16,"j":24},{"i":22,"j":26},{"i":22,"j":28},{"i":21,"j":22},{"i":27,"j":33},{"i":18,"j":27},{"i":25,"j":31},{"i":6,"j":29},{"i":2,"j":6},{"i":28,"j":31},{"i":30,"j":31},{"i":25,"j":30},{"i":32,"j":40},{"i":37,"j":42},{"i":19,"j":33},{"i":27,"j":28},{"i":32,"j":45},{"i":32,"j":35},{"i":29,"j":32},{"i":34,"j":36},{"i":33,"j":34},{"i":42,"j":50},{"i":30,"j":39},{"i":36,"j":38},{"i":19,"j":36},{"i":28,"j":37},{"i":39,"j":42},{"i":31,"j":39},{"i":35,"j":40},{"i":24,"j":35},{"i":41,"j":44},{"i":37,"j":41},{"i":42,"j":51},{"i":36,"j":49},{"i":46,"j":52},{"i":41,"j":43},{"i":40,"j":59},{"i":39,"j":40},{"i":19,"j":38},{"i":54,"j":59},{"i":34,"j":44},{"i":48,"j":53},{"i":38,"j":48},{"i":46,"j":49},{"i":44,"j":46},{"i":49,"j":56},{"i":43,"j":55},{"i":43,"j":50},{"i":55,"j":60},{"i":48,"j":57},{"i":47,"j":53},{"i":52,"j":56},{"i":50,"j":62},{"i":51,"j":61},{"i":52,"j":60},{"i":56,"j":57},{"i":48,"j":56},{"i":57,"j":65},{"i":54,"j":58},{"i":51,"j":54},{"i":58,"j":61},{"i":45,"j":59},{"i":55,"j":62},{"i":62,"j":64},{"i":60,"j":63},{"i":58,"j":67},{"i":50,"j":61},{"i":72,"j":80},{"i":63,"j":72},{"i":56,"j":63},{"i":61,"j":66},{"i":65,"j":74},{"i":53,"j":65},{"i":63,"j":64},{"i":59,"j":67},{"i":66,"j":71},{"i":66,"j":70},{"i":64,"j":66},{"i":72,"j":76},{"i":72,"j":79},{"i":63,"j":69},{"i":6,"j":92},{"i":71,"j":78},{"i":45,"j":73},{"i":65,"j":72},{"i":74,"j":86},{"i":70,"j":77},{"i":69,"j":70},{"i":74,"j":75},{"i":71,"j":77},{"i":76,"j":79},{"i":75,"j":76},{"i":68,"j":78},{"i":67,"j":68},{"i":69,"j":80},{"i":68,"j":82},{"i":82,"j":95},{"i":80,"j":87},{"i":77,"j":87},{"i":78,"j":83},{"i":73,"j":81},{"i":68,"j":73},{"i":82,"j":83},{"i":79,"j":84},{"i":75,"j":79},{"i":81,"j":85},{"i":84,"j":86},{"i":83,"j":88},{"i":87,"j":89},{"i":79,"j":87},{"i":88,"j":93},{"i":87,"j":88},{"i":87,"j":91},{"i":91,"j":97},{"i":90,"j":91},{"i":89,"j":90},{"i":84,"j":89},{"i":81,"j":92},{"i":94,"j":99},{"i":93,"j":94},{"i":82,"j":85},{"i":93,"j":99},{"i":85,"j":96},{"i":95,"j":98},{"i":94,"j":95},{"i":92,"j":96},{"i":92,"j":98},{"i":96,"j":98},{"i":98,"j":99},{"i":1,"j":8},{"i":8,"j":47},{"i":47,"j":86},{"i":86,"j":90},{"i":90,"j":97},{"i":97,"j":99},{"i":0,"j":1}],"type":"Solution"}