{"instance_name":"london-0000030","edges":[{"i":0,"j":8},{"i":0,"j":3},{"i":1,"j":2},{"i":0,"j":1},{"i":4,"j":9},{"i":3,"j":4},{"i":4,"j":5},{"i":1,"j":4},{"i":7,"j":29},{"i":6,"j":7},{"i":2,"j":5},{"i":6,"j":29},{"i":2,"j":6},{"i":3,"j":12},{"i":5,"j":11},{"i":3,"j":9},{"i":3,"j":10},{"i":11,"j":16},{"i":9,"j":13},{"i":12,"j":17},{"i":10,"j":13},{"i":8,"j":12},{"i":15,"j":18},{"i":11,"j":13},{"i":12,"j":14},{"i":10,"j":12},{"i":14,"j":15},{"i":8,"j":20},{"i":13,"j":15},{"i":8,"j":28},{"i":7,"j":16},{"i":14,"j":17},{"i":15,"j":19},{"i":28,"j":29},{"i":18,"j":21},{"i":16,"j":18},{"i":17,"j":20},{"i":19,"j":21},{"i":21,"j":23},{"i":21,"j":29},{"i":23,"j":25},{"i":21,"j":22},{"i":20,"j":23},{"i":19,"j":20},{"i":25,"j":28},{"i":24,"j":27},{"i":22,"j":24},{"i":25,"j":26},{"i":24,"j":25},{"i":26,"j":27},{"i":26,"j":28},{"i":20,"j":28},{"i":27,"j":29},{"i":22,"j":27},{"i":0,"j":2},{"i":2,"j":29}],"type":"Solution"}