{"instance_name":"london-0000090","edges":[{"i":2,"j":7},{"i":0,"j":2},{"i":1,"j":15},{"i":1,"j":2},{"i":0,"j":1},{"i":1,"j":3},{"i":0,"j":5},{"i":6,"j":14},{"i":4,"j":6},{"i":7,"j":16},{"i":5,"j":10},{"i":8,"j":9},{"i":0,"j":8},{"i":5,"j":9},{"i":7,"j":11},{"i":1,"j":21},{"i":3,"j":16},{"i":9,"j":18},{"i":10,"j":20},{"i":6,"j":10},{"i":13,"j":20},{"i":10,"j":13},{"i":12,"j":16},{"i":3,"j":12},{"i":8,"j":11},{"i":14,"j":20},{"i":13,"j":17},{"i":11,"j":26},{"i":15,"j":19},{"i":12,"j":15},{"i":17,"j":27},{"i":15,"j":23},{"i":24,"j":28},{"i":21,"j":23},{"i":19,"j":31},{"i":24,"j":25},{"i":16,"j":24},{"i":22,"j":33},{"i":19,"j":22},{"i":25,"j":26},{"i":40,"j":71},{"i":18,"j":30},{"i":17,"j":18},{"i":29,"j":48},{"i":26,"j":30},{"i":20,"j":27},{"i":25,"j":43},{"i":14,"j":29},{"i":26,"j":36},{"i":27,"j":37},{"i":28,"j":32},{"i":28,"j":31},{"i":34,"j":39},{"i":31,"j":34},{"i":23,"j":40},{"i":22,"j":23},{"i":33,"j":34},{"i":25,"j":38},{"i":32,"j":38},{"i":29,"j":37},{"i":30,"j":45},{"i":41,"j":47},{"i":32,"j":39},{"i":33,"j":41},{"i":33,"j":50},{"i":44,"j":59},{"i":50,"j":62},{"i":38,"j":49},{"i":43,"j":53},{"i":42,"j":43},{"i":36,"j":57},{"i":49,"j":54},{"i":44,"j":46},{"i":38,"j":44},{"i":37,"j":45},{"i":41,"j":62},{"i":47,"j":49},{"i":39,"j":47},{"i":47,"j":54},{"i":33,"j":60},{"i":52,"j":68},{"i":37,"j":52},{"i":43,"j":46},{"i":45,"j":51},{"i":51,"j":55},{"i":46,"j":59},{"i":42,"j":57},{"i":36,"j":42},{"i":47,"j":59},{"i":51,"j":58},{"i":40,"j":66},{"i":55,"j":56},{"i":52,"j":55},{"i":53,"j":61},{"i":56,"j":68},{"i":57,"j":58},{"i":59,"j":69},{"i":58,"j":63},{"i":56,"j":58},{"i":54,"j":59},{"i":59,"j":64},{"i":50,"j":60},{"i":61,"j":63},{"i":57,"j":61},{"i":62,"j":69},{"i":64,"j":65},{"i":53,"j":64},{"i":60,"j":67},{"i":70,"j":82},{"i":66,"j":67},{"i":68,"j":75},{"i":48,"j":68},{"i":63,"j":65},{"i":69,"j":70},{"i":70,"j":73},{"i":21,"j":71},{"i":67,"j":82},{"i":72,"j":74},{"i":65,"j":72},{"i":74,"j":78},{"i":72,"j":73},{"i":48,"j":75},{"i":74,"j":76},{"i":63,"j":74},{"i":78,"j":81},{"i":71,"j":77},{"i":66,"j":71},{"i":76,"j":79},{"i":75,"j":76},{"i":78,"j":79},{"i":84,"j":87},{"i":79,"j":80},{"i":75,"j":79},{"i":82,"j":89},{"i":73,"j":84},{"i":80,"j":81},{"i":77,"j":82},{"i":81,"j":84},{"i":83,"j":86},{"i":80,"j":83},{"i":82,"j":84},{"i":80,"j":86},{"i":86,"j":87},{"i":83,"j":87},{"i":85,"j":86},{"i":85,"j":88},{"i":75,"j":85},{"i":87,"j":89},{"i":77,"j":89},{"i":0,"j":4},{"i":4,"j":14},{"i":14,"j":35},{"i":35,"j":48},{"i":48,"j":88},{"i":88,"j":89}],"type":"Solution"}