{"instance_name":"london-0000025","edges":[{"i":3,"j":14},{"i":1,"j":3},{"i":0,"j":11},{"i":0,"j":2},{"i":2,"j":3},{"i":9,"j":10},{"i":2,"j":7},{"i":0,"j":5},{"i":4,"j":5},{"i":0,"j":4},{"i":8,"j":12},{"i":7,"j":8},{"i":4,"j":6},{"i":5,"j":7},{"i":7,"j":14},{"i":6,"j":8},{"i":6,"j":9},{"i":8,"j":13},{"i":4,"j":11},{"i":8,"j":9},{"i":10,"j":11},{"i":10,"j":16},{"i":17,"j":20},{"i":12,"j":17},{"i":15,"j":23},{"i":14,"j":15},{"i":12,"j":13},{"i":13,"j":16},{"i":19,"j":22},{"i":16,"j":19},{"i":11,"j":18},{"i":17,"j":19},{"i":20,"j":23},{"i":15,"j":20},{"i":18,"j":21},{"i":16,"j":18},{"i":21,"j":22},{"i":19,"j":21},{"i":22,"j":23},{"i":22,"j":24},{"i":18,"j":24},{"i":1,"j":14},{"i":14,"j":23},{"i":23,"j":24},{"i":0,"j":1}],"type":"Solution"}