{"instance_name":"paris-0000700","edges":[{"i":2,"j":10},{"i":2,"j":11},{"i":0,"j":3},{"i":3,"j":5},{"i":0,"j":6},{"i":3,"j":13},{"i":1,"j":3},{"i":3,"j":29},{"i":9,"j":19},{"i":8,"j":9},{"i":1,"j":7},{"i":2,"j":9},{"i":0,"j":2},{"i":5,"j":20},{"i":2,"j":4},{"i":0,"j":8},{"i":4,"j":30},{"i":10,"j":12},{"i":12,"j":18},{"i":0,"j":15},{"i":13,"j":24},{"i":7,"j":13},{"i":8,"j":22},{"i":5,"j":6},{"i":10,"j":25},{"i":20,"j":38},{"i":14,"j":15},{"i":14,"j":21},{"i":0,"j":14},{"i":18,"j":40},{"i":19,"j":32},{"i":26,"j":56},{"i":30,"j":34},{"i":16,"j":20},{"i":19,"j":22},{"i":17,"j":23},{"i":12,"j":17},{"i":20,"j":36},{"i":17,"j":18},{"i":16,"j":27},{"i":5,"j":16},{"i":24,"j":35},{"i":7,"j":24},{"i":22,"j":33},{"i":11,"j":25},{"i":10,"j":11},{"i":30,"j":41},{"i":11,"j":26},{"i":15,"j":33},{"i":29,"j":35},{"i":4,"j":23},{"i":27,"j":29},{"i":23,"j":41},{"i":9,"j":30},{"i":31,"j":32},{"i":19,"j":31},{"i":31,"j":44},{"i":32,"j":33},{"i":43,"j":50},{"i":21,"j":39},{"i":6,"j":21},{"i":31,"j":34},{"i":26,"j":37},{"i":28,"j":51},{"i":21,"j":28},{"i":36,"j":50},{"i":38,"j":42},{"i":40,"j":52},{"i":41,"j":54},{"i":37,"j":40},{"i":25,"j":37},{"i":39,"j":42},{"i":38,"j":39},{"i":33,"j":51},{"i":28,"j":33},{"i":11,"j":80},{"i":27,"j":50},{"i":46,"j":61},{"i":35,"j":43},{"i":34,"j":48},{"i":42,"j":50},{"i":36,"j":42},{"i":45,"j":46},{"i":41,"j":45},{"i":44,"j":55},{"i":43,"j":47},{"i":46,"j":48},{"i":51,"j":53},{"i":37,"j":52},{"i":44,"j":51},{"i":50,"j":64},{"i":47,"j":50},{"i":48,"j":55},{"i":52,"j":54},{"i":53,"j":57},{"i":42,"j":53},{"i":68,"j":70},{"i":57,"j":64},{"i":49,"j":62},{"i":37,"j":49},{"i":59,"j":60},{"i":54,"j":59},{"i":61,"j":63},{"i":45,"j":60},{"i":55,"j":70},{"i":49,"j":66},{"i":61,"j":73},{"i":57,"j":58},{"i":65,"j":79},{"i":35,"j":65},{"i":64,"j":65},{"i":47,"j":64},{"i":59,"j":62},{"i":66,"j":67},{"i":62,"j":66},{"i":55,"j":63},{"i":73,"j":90},{"i":68,"j":69},{"i":53,"j":68},{"i":59,"j":71},{"i":69,"j":77},{"i":61,"j":72},{"i":73,"j":74},{"i":67,"j":71},{"i":59,"j":67},{"i":69,"j":70},{"i":60,"j":73},{"i":70,"j":83},{"i":72,"j":82},{"i":72,"j":81},{"i":71,"j":76},{"i":75,"j":78},{"i":74,"j":75},{"i":67,"j":86},{"i":100,"j":110},{"i":77,"j":92},{"i":58,"j":101},{"i":79,"j":97},{"i":35,"j":79},{"i":56,"j":84},{"i":89,"j":106},{"i":75,"j":76},{"i":81,"j":85},{"i":63,"j":81},{"i":87,"j":94},{"i":82,"j":88},{"i":81,"j":82},{"i":80,"j":84},{"i":56,"j":80},{"i":83,"j":91},{"i":83,"j":85},{"i":66,"j":100},{"i":78,"j":90},{"i":74,"j":78},{"i":82,"j":87},{"i":87,"j":96},{"i":88,"j":94},{"i":85,"j":88},{"i":76,"j":86},{"i":78,"j":93},{"i":94,"j":98},{"i":77,"j":99},{"i":58,"j":92},{"i":77,"j":91},{"i":78,"j":89},{"i":90,"j":96},{"i":93,"j":96},{"i":86,"j":100},{"i":64,"j":102},{"i":96,"j":105},{"i":98,"j":104},{"i":98,"j":99},{"i":91,"j":98},{"i":93,"j":108},{"i":102,"j":116},{"i":97,"j":102},{"i":92,"j":118},{"i":101,"j":107},{"i":99,"j":103},{"i":66,"j":120},{"i":94,"j":123},{"i":95,"j":106},{"i":89,"j":95},{"i":101,"j":132},{"i":95,"j":100},{"i":112,"j":117},{"i":106,"j":112},{"i":114,"j":121},{"i":110,"j":114},{"i":102,"j":107},{"i":104,"j":111},{"i":103,"j":104},{"i":108,"j":122},{"i":105,"j":108},{"i":106,"j":117},{"i":109,"j":136},{"i":94,"j":105},{"i":111,"j":118},{"i":103,"j":111},{"i":110,"j":112},{"i":110,"j":121},{"i":80,"j":113},{"i":66,"j":84},{"i":113,"j":115},{"i":107,"j":109},{"i":120,"j":125},{"i":114,"j":120},{"i":127,"j":141},{"i":116,"j":139},{"i":97,"j":116},{"i":101,"j":118},{"i":117,"j":119},{"i":121,"j":124},{"i":108,"j":119},{"i":119,"j":128},{"i":123,"j":126},{"i":111,"j":123},{"i":105,"j":129},{"i":123,"j":130},{"i":124,"j":128},{"i":122,"j":129},{"i":113,"j":152},{"i":126,"j":130},{"i":118,"j":126},{"i":125,"j":127},{"i":124,"j":125},{"i":129,"j":135},{"i":128,"j":129},{"i":122,"j":128},{"i":127,"j":131},{"i":118,"j":134},{"i":135,"j":142},{"i":130,"j":135},{"i":109,"j":137},{"i":118,"j":174},{"i":132,"j":146},{"i":133,"j":135},{"i":129,"j":133},{"i":109,"j":132},{"i":137,"j":147},{"i":139,"j":166},{"i":124,"j":150},{"i":115,"j":140},{"i":84,"j":115},{"i":136,"j":139},{"i":136,"j":137},{"i":138,"j":140},{"i":115,"j":138},{"i":138,"j":148},{"i":120,"j":153},{"i":152,"j":199},{"i":128,"j":143},{"i":147,"j":163},{"i":118,"j":130},{"i":124,"j":131},{"i":150,"j":156},{"i":146,"j":163},{"i":130,"j":142},{"i":134,"j":145},{"i":134,"j":158},{"i":132,"j":134},{"i":145,"j":177},{"i":137,"j":146},{"i":133,"j":143},{"i":140,"j":153},{"i":144,"j":149},{"i":139,"j":144},{"i":144,"j":147},{"i":154,"j":160},{"i":150,"j":154},{"i":141,"j":154},{"i":131,"j":141},{"i":139,"j":149},{"i":143,"j":156},{"i":138,"j":164},{"i":148,"j":155},{"i":141,"j":157},{"i":148,"j":161},{"i":149,"j":169},{"i":142,"j":151},{"i":153,"j":170},{"i":141,"j":153},{"i":158,"j":177},{"i":163,"j":171},{"i":157,"j":160},{"i":155,"j":159},{"i":153,"j":155},{"i":157,"j":176},{"i":168,"j":175},{"i":159,"j":162},{"i":148,"j":164},{"i":159,"j":161},{"i":165,"j":175},{"i":158,"j":163},{"i":149,"j":163},{"i":162,"j":175},{"i":138,"j":152},{"i":153,"j":162},{"i":161,"j":194},{"i":149,"j":167},{"i":167,"j":187},{"i":166,"j":167},{"i":165,"j":168},{"i":153,"j":165},{"i":151,"j":156},{"i":169,"j":172},{"i":168,"j":170},{"i":156,"j":180},{"i":172,"j":190},{"i":171,"j":172},{"i":169,"j":171},{"i":179,"j":196},{"i":167,"j":172},{"i":160,"j":178},{"i":151,"j":173},{"i":145,"j":182},{"i":180,"j":200},{"i":157,"j":179},{"i":173,"j":195},{"i":170,"j":179},{"i":186,"j":193},{"i":176,"j":178},{"i":176,"j":185},{"i":178,"j":180},{"i":171,"j":177},{"i":181,"j":182},{"i":174,"j":183},{"i":181,"j":188},{"i":181,"j":184},{"i":177,"j":181},{"i":184,"j":190},{"i":183,"j":186},{"i":182,"j":183},{"i":174,"j":195},{"i":190,"j":217},{"i":187,"j":282},{"i":184,"j":206},{"i":189,"j":191},{"i":186,"j":189},{"i":188,"j":191},{"i":173,"j":180},{"i":180,"j":202},{"i":189,"j":193},{"i":164,"j":192},{"i":194,"j":205},{"i":195,"j":203},{"i":194,"j":196},{"i":175,"j":194},{"i":202,"j":211},{"i":193,"j":203},{"i":192,"j":201},{"i":178,"j":185},{"i":201,"j":220},{"i":198,"j":220},{"i":192,"j":198},{"i":202,"j":207},{"i":200,"j":204},{"i":197,"j":210},{"i":191,"j":197},{"i":200,"j":209},{"i":194,"j":201},{"i":203,"j":210},{"i":197,"j":203},{"i":190,"j":206},{"i":203,"j":204},{"i":196,"j":208},{"i":185,"j":196},{"i":207,"j":211},{"i":207,"j":209},{"i":204,"j":209},{"i":203,"j":216},{"i":212,"j":224},{"i":210,"j":212},{"i":254,"j":363},{"i":188,"j":212},{"i":219,"j":234},{"i":213,"j":218},{"i":213,"j":227},{"i":214,"j":218},{"i":188,"j":214},{"i":209,"j":222},{"i":213,"j":223},{"i":206,"j":213},{"i":229,"j":235},{"i":214,"j":224},{"i":216,"j":244},{"i":208,"j":221},{"i":198,"j":199},{"i":208,"j":219},{"i":211,"j":243},{"i":211,"j":226},{"i":222,"j":240},{"i":216,"j":222},{"i":225,"j":232},{"i":217,"j":225},{"i":213,"j":215},{"i":217,"j":232},{"i":187,"j":217},{"i":223,"j":225},{"i":217,"j":223},{"i":218,"j":230},{"i":215,"j":218},{"i":232,"j":248},{"i":224,"j":229},{"i":228,"j":237},{"i":218,"j":228},{"i":215,"j":230},{"i":229,"j":231},{"i":227,"j":232},{"i":232,"j":282},{"i":230,"j":241},{"i":219,"j":238},{"i":226,"j":240},{"i":222,"j":226},{"i":234,"j":236},{"i":221,"j":234},{"i":231,"j":257},{"i":228,"j":231},{"i":237,"j":250},{"i":236,"j":238},{"i":211,"j":221},{"i":243,"j":283},{"i":244,"j":271},{"i":236,"j":249},{"i":242,"j":243},{"i":211,"j":242},{"i":240,"j":271},{"i":233,"j":255},{"i":227,"j":233},{"i":235,"j":265},{"i":243,"j":246},{"i":233,"j":241},{"i":244,"j":247},{"i":245,"j":282},{"i":232,"j":245},{"i":247,"j":265},{"i":235,"j":247},{"i":248,"j":255},{"i":237,"j":262},{"i":205,"j":252},{"i":324,"j":353},{"i":205,"j":220},{"i":251,"j":256},{"i":219,"j":251},{"i":252,"j":280},{"i":251,"j":252},{"i":252,"j":253},{"i":220,"j":254},{"i":248,"j":268},{"i":256,"j":290},{"i":267,"j":277},{"i":246,"j":261},{"i":240,"j":246},{"i":250,"j":263},{"i":241,"j":250},{"i":249,"j":259},{"i":242,"j":249},{"i":257,"j":264},{"i":239,"j":279},{"i":238,"j":239},{"i":243,"j":267},{"i":270,"j":276},{"i":264,"j":270},{"i":262,"j":273},{"i":250,"j":262},{"i":263,"j":269},{"i":260,"j":263},{"i":247,"j":258},{"i":264,"j":266},{"i":237,"j":264},{"i":265,"j":275},{"i":239,"j":256},{"i":266,"j":273},{"i":261,"j":271},{"i":243,"j":277},{"i":260,"j":268},{"i":255,"j":260},{"i":269,"j":284},{"i":268,"j":269},{"i":257,"j":274},{"i":274,"j":275},{"i":267,"j":272},{"i":261,"j":267},{"i":266,"j":278},{"i":253,"j":254},{"i":263,"j":292},{"i":258,"j":286},{"i":270,"j":274},{"i":275,"j":287},{"i":274,"j":285},{"i":273,"j":292},{"i":271,"j":304},{"i":276,"j":278},{"i":284,"j":299},{"i":258,"j":289},{"i":283,"j":301},{"i":253,"j":293},{"i":259,"j":279},{"i":286,"j":289},{"i":245,"j":268},{"i":268,"j":282},{"i":281,"j":283},{"i":259,"j":281},{"i":288,"j":291},{"i":282,"j":288},{"i":278,"j":292},{"i":258,"j":271},{"i":271,"j":298},{"i":286,"j":287},{"i":279,"j":290},{"i":284,"j":288},{"i":278,"j":296},{"i":276,"j":285},{"i":280,"j":290},{"i":289,"j":298},{"i":291,"j":307},{"i":285,"j":300},{"i":281,"j":306},{"i":291,"j":294},{"i":294,"j":325},{"i":282,"j":294},{"i":284,"j":303},{"i":287,"j":300},{"i":292,"j":295},{"i":272,"j":304},{"i":261,"j":272},{"i":295,"j":313},{"i":292,"j":303},{"i":291,"j":299},{"i":277,"j":297},{"i":279,"j":308},{"i":298,"j":334},{"i":296,"j":305},{"i":300,"j":305},{"i":303,"j":312},{"i":300,"j":310},{"i":297,"j":315},{"i":302,"j":309},{"i":289,"j":302},{"i":302,"j":334},{"i":297,"j":301},{"i":307,"j":325},{"i":310,"j":336},{"i":304,"j":334},{"i":309,"j":310},{"i":301,"j":316},{"i":315,"j":335},{"i":299,"j":312},{"i":313,"j":317},{"i":311,"j":314},{"i":305,"j":311},{"i":296,"j":319},{"i":295,"j":296},{"i":306,"j":316},{"i":315,"j":330},{"i":306,"j":337},{"i":317,"j":321},{"i":312,"j":317},{"i":314,"j":322},{"i":296,"j":314},{"i":318,"j":332},{"i":313,"j":318},{"i":317,"j":332},{"i":309,"j":336},{"i":320,"j":323},{"i":312,"j":320},{"i":321,"j":323},{"i":320,"j":321},{"i":280,"j":293},{"i":307,"j":326},{"i":334,"j":347},{"i":323,"j":331},{"i":324,"j":327},{"i":293,"j":324},{"i":326,"j":328},{"i":318,"j":319},{"i":330,"j":335},{"i":316,"j":335},{"i":328,"j":343},{"i":325,"j":328},{"i":323,"j":329},{"i":326,"j":331},{"i":319,"j":322},{"i":341,"j":346},{"i":333,"j":334},{"i":330,"j":333},{"i":308,"j":337},{"i":338,"j":340},{"i":322,"j":338},{"i":333,"j":347},{"i":329,"j":355},{"i":336,"j":338},{"i":311,"j":336},{"i":345,"j":350},{"i":337,"j":345},{"i":339,"j":346},{"i":332,"j":339},{"i":340,"j":341},{"i":339,"j":340},{"i":342,"j":352},{"i":316,"j":337},{"i":332,"j":354},{"i":335,"j":374},{"i":350,"j":364},{"i":342,"j":348},{"i":327,"j":342},{"i":290,"j":327},{"i":344,"j":357},{"i":336,"j":344},{"i":359,"j":365},{"i":358,"j":359},{"i":346,"j":360},{"i":345,"j":361},{"i":332,"j":360},{"i":347,"j":380},{"i":437,"j":445},{"i":367,"j":378},{"i":220,"j":363},{"i":351,"j":355},{"i":329,"j":351},{"i":346,"j":362},{"i":356,"j":389},{"i":355,"j":356},{"i":331,"j":355},{"i":343,"j":356},{"i":354,"j":383},{"i":351,"j":354},{"i":347,"j":359},{"i":344,"j":347},{"i":358,"j":365},{"i":344,"j":358},{"i":338,"j":349},{"i":364,"j":382},{"i":349,"j":369},{"i":371,"j":377},{"i":361,"j":371},{"i":352,"j":430},{"i":348,"j":352},{"i":350,"j":376},{"i":362,"j":373},{"i":359,"j":368},{"i":362,"j":370},{"i":349,"j":357},{"i":348,"j":378},{"i":327,"j":348},{"i":367,"j":377},{"i":347,"j":372},{"i":365,"j":375},{"i":366,"j":379},{"i":338,"j":366},{"i":341,"j":379},{"i":360,"j":387},{"i":367,"j":371},{"i":308,"j":367},{"i":335,"j":364},{"i":382,"j":386},{"i":374,"j":382},{"i":366,"j":369},{"i":360,"j":370},{"i":368,"j":385},{"i":372,"j":385},{"i":368,"j":372},{"i":375,"j":390},{"i":357,"j":375},{"i":347,"j":381},{"i":361,"j":401},{"i":369,"j":392},{"i":391,"j":402},{"i":373,"j":379},{"i":347,"j":374},{"i":380,"j":385},{"i":376,"j":382},{"i":376,"j":401},{"i":373,"j":384},{"i":393,"j":398},{"i":380,"j":391},{"i":375,"j":393},{"i":380,"j":381},{"i":379,"j":404},{"i":370,"j":384},{"i":355,"j":383},{"i":388,"j":403},{"i":343,"j":388},{"i":389,"j":397},{"i":389,"j":396},{"i":387,"j":395},{"i":383,"j":387},{"i":386,"j":391},{"i":381,"j":386},{"i":390,"j":392},{"i":385,"j":399},{"i":384,"j":409},{"i":393,"j":394},{"i":400,"j":404},{"i":392,"j":400},{"i":396,"j":414},{"i":395,"j":397},{"i":397,"j":414},{"i":401,"j":413},{"i":398,"j":405},{"i":394,"j":398},{"i":377,"j":401},{"i":390,"j":394},{"i":378,"j":428},{"i":399,"j":405},{"i":398,"j":399},{"i":407,"j":415},{"i":388,"j":396},{"i":407,"j":411},{"i":405,"j":407},{"i":343,"j":403},{"i":404,"j":409},{"i":407,"j":412},{"i":411,"j":421},{"i":400,"j":411},{"i":402,"j":416},{"i":401,"j":408},{"i":382,"j":401},{"i":404,"j":435},{"i":409,"j":410},{"i":395,"j":409},{"i":199,"j":445},{"i":410,"j":420},{"i":399,"j":402},{"i":406,"j":419},{"i":397,"j":410},{"i":403,"j":427},{"i":386,"j":417},{"i":411,"j":412},{"i":386,"j":406},{"i":415,"j":426},{"i":417,"j":418},{"i":422,"j":433},{"i":412,"j":422},{"i":406,"j":408},{"i":411,"j":433},{"i":436,"j":449},{"i":415,"j":416},{"i":414,"j":423},{"i":418,"j":426},{"i":416,"j":418},{"i":420,"j":423},{"i":414,"j":420},{"i":409,"j":429},{"i":417,"j":436},{"i":413,"j":425},{"i":408,"j":413},{"i":417,"j":419},{"i":414,"j":434},{"i":419,"j":425},{"i":352,"j":353},{"i":421,"j":435},{"i":404,"j":421},{"i":436,"j":448},{"i":353,"j":363},{"i":428,"j":431},{"i":401,"j":428},{"i":80,"j":445},{"i":363,"j":432},{"i":426,"j":441},{"i":422,"j":426},{"i":429,"j":434},{"i":423,"j":429},{"i":435,"j":439},{"i":428,"j":443},{"i":430,"j":432},{"i":424,"j":427},{"i":434,"j":438},{"i":462,"j":487},{"i":439,"j":440},{"i":440,"j":452},{"i":429,"j":440},{"i":430,"j":446},{"i":437,"j":442},{"i":432,"j":437},{"i":446,"j":462},{"i":437,"j":444},{"i":442,"j":446},{"i":425,"j":450},{"i":425,"j":431},{"i":433,"j":459},{"i":441,"j":458},{"i":443,"j":454},{"i":431,"j":443},{"i":449,"j":464},{"i":443,"j":465},{"i":438,"j":452},{"i":438,"j":453},{"i":427,"j":438},{"i":453,"j":471},{"i":424,"j":453},{"i":448,"j":466},{"i":441,"j":448},{"i":443,"j":447},{"i":440,"j":475},{"i":457,"j":463},{"i":430,"j":457},{"i":442,"j":487},{"i":451,"j":473},{"i":456,"j":457},{"i":446,"j":456},{"i":450,"j":464},{"i":449,"j":450},{"i":461,"j":466},{"i":448,"j":461},{"i":455,"j":459},{"i":458,"j":460},{"i":467,"j":486},{"i":458,"j":477},{"i":450,"j":451},{"i":456,"j":468},{"i":444,"j":487},{"i":457,"j":491},{"i":454,"j":465},{"i":451,"j":454},{"i":447,"j":480},{"i":473,"j":490},{"i":461,"j":464},{"i":478,"j":482},{"i":466,"j":476},{"i":462,"j":468},{"i":460,"j":469},{"i":459,"j":460},{"i":439,"j":455},{"i":470,"j":472},{"i":452,"j":470},{"i":455,"j":485},{"i":472,"j":488},{"i":451,"j":467},{"i":471,"j":633},{"i":424,"j":471},{"i":472,"j":474},{"i":474,"j":479},{"i":471,"j":474},{"i":455,"j":484},{"i":481,"j":482},{"i":464,"j":490},{"i":458,"j":476},{"i":480,"j":495},{"i":470,"j":475},{"i":467,"j":478},{"i":473,"j":486},{"i":477,"j":485},{"i":480,"j":482},{"i":465,"j":480},{"i":469,"j":485},{"i":455,"j":469},{"i":490,"j":493},{"i":476,"j":490},{"i":483,"j":488},{"i":475,"j":483},{"i":485,"j":503},{"i":481,"j":496},{"i":478,"j":481},{"i":457,"j":499},{"i":444,"j":445},{"i":483,"j":497},{"i":488,"j":508},{"i":479,"j":488},{"i":447,"j":463},{"i":493,"j":519},{"i":486,"j":500},{"i":491,"j":515},{"i":477,"j":493},{"i":482,"j":489},{"i":492,"j":494},{"i":485,"j":492},{"i":502,"j":505},{"i":494,"j":503},{"i":485,"j":494},{"i":491,"j":495},{"i":463,"j":491},{"i":489,"j":498},{"i":498,"j":512},{"i":484,"j":507},{"i":483,"j":484},{"i":488,"j":497},{"i":486,"j":502},{"i":495,"j":498},{"i":489,"j":495},{"i":468,"j":501},{"i":486,"j":496},{"i":498,"j":506},{"i":502,"j":513},{"i":487,"j":501},{"i":502,"j":509},{"i":500,"j":504},{"i":490,"j":500},{"i":503,"j":510},{"i":512,"j":520},{"i":493,"j":511},{"i":492,"j":493},{"i":495,"j":525},{"i":506,"j":520},{"i":503,"j":507},{"i":497,"j":514},{"i":508,"j":521},{"i":505,"j":516},{"i":504,"j":505},{"i":508,"j":529},{"i":509,"j":516},{"i":499,"j":515},{"i":496,"j":512},{"i":504,"j":524},{"i":507,"j":518},{"i":499,"j":538},{"i":509,"j":513},{"i":525,"j":544},{"i":508,"j":517},{"i":514,"j":518},{"i":511,"j":523},{"i":510,"j":511},{"i":519,"j":523},{"i":506,"j":530},{"i":521,"j":522},{"i":514,"j":526},{"i":508,"j":514},{"i":517,"j":522},{"i":479,"j":517},{"i":522,"j":540},{"i":471,"j":522},{"i":504,"j":516},{"i":445,"j":557},{"i":510,"j":539},{"i":516,"j":536},{"i":520,"j":536},{"i":513,"j":520},{"i":515,"j":525},{"i":518,"j":527},{"i":544,"j":558},{"i":519,"j":541},{"i":531,"j":551},{"i":519,"j":524},{"i":526,"j":529},{"i":528,"j":542},{"i":525,"j":530},{"i":521,"j":545},{"i":527,"j":537},{"i":526,"j":527},{"i":537,"j":555},{"i":528,"j":533},{"i":523,"j":528},{"i":532,"j":538},{"i":501,"j":532},{"i":487,"j":535},{"i":533,"j":539},{"i":520,"j":550},{"i":529,"j":546},{"i":536,"j":547},{"i":524,"j":536},{"i":534,"j":538},{"i":532,"j":534},{"i":533,"j":542},{"i":540,"j":633},{"i":471,"j":540},{"i":529,"j":531},{"i":528,"j":541},{"i":531,"j":549},{"i":545,"j":572},{"i":545,"j":546},{"i":536,"j":543},{"i":547,"j":548},{"i":541,"j":547},{"i":554,"j":568},{"i":552,"j":554},{"i":539,"j":555},{"i":537,"j":539},{"i":549,"j":572},{"i":546,"j":549},{"i":542,"j":552},{"i":530,"j":544},{"i":560,"j":571},{"i":559,"j":577},{"i":555,"j":559},{"i":548,"j":553},{"i":541,"j":548},{"i":552,"j":559},{"i":547,"j":560},{"i":553,"j":554},{"i":552,"j":555},{"i":551,"j":555},{"i":543,"j":562},{"i":544,"j":566},{"i":535,"j":557},{"i":534,"j":535},{"i":543,"j":564},{"i":558,"j":566},{"i":543,"j":550},{"i":560,"j":561},{"i":571,"j":582},{"i":562,"j":571},{"i":556,"j":563},{"i":550,"j":556},{"i":568,"j":575},{"i":558,"j":565},{"i":556,"j":558},{"i":563,"j":564},{"i":574,"j":579},{"i":563,"j":570},{"i":565,"j":570},{"i":538,"j":567},{"i":525,"j":538},{"i":566,"j":569},{"i":538,"j":576},{"i":570,"j":583},{"i":568,"j":573},{"i":567,"j":569},{"i":565,"j":583},{"i":571,"j":574},{"i":562,"j":582},{"i":551,"j":572},{"i":579,"j":581},{"i":578,"j":579},{"i":572,"j":587},{"i":573,"j":577},{"i":561,"j":578},{"i":553,"j":561},{"i":583,"j":594},{"i":575,"j":589},{"i":578,"j":580},{"i":574,"j":585},{"i":576,"j":637},{"i":573,"j":589},{"i":564,"j":586},{"i":581,"j":585},{"i":580,"j":581},{"i":577,"j":584},{"i":589,"j":593},{"i":584,"j":592},{"i":551,"j":584},{"i":582,"j":586},{"i":580,"j":589},{"i":575,"j":580},{"i":591,"j":606},{"i":588,"j":591},{"i":584,"j":588},{"i":589,"j":590},{"i":592,"j":603},{"i":602,"j":637},{"i":591,"j":592},{"i":590,"j":593},{"i":588,"j":590},{"i":586,"j":607},{"i":569,"j":598},{"i":576,"j":595},{"i":594,"j":597},{"i":597,"j":619},{"i":567,"j":595},{"i":596,"j":609},{"i":594,"j":596},{"i":600,"j":601},{"i":592,"j":600},{"i":596,"j":598},{"i":595,"j":602},{"i":592,"j":601},{"i":587,"j":599},{"i":599,"j":604},{"i":587,"j":604},{"i":603,"j":612},{"i":599,"j":603},{"i":597,"j":607},{"i":586,"j":597},{"i":605,"j":606},{"i":593,"j":605},{"i":601,"j":616},{"i":606,"j":622},{"i":607,"j":608},{"i":585,"j":607},{"i":609,"j":615},{"i":598,"j":618},{"i":609,"j":610},{"i":611,"j":619},{"i":608,"j":611},{"i":605,"j":608},{"i":609,"j":636},{"i":600,"j":622},{"i":612,"j":627},{"i":611,"j":613},{"i":610,"j":614},{"i":597,"j":610},{"i":614,"j":615},{"i":597,"j":614},{"i":605,"j":613},{"i":617,"j":639},{"i":616,"j":617},{"i":598,"j":602},{"i":623,"j":625},{"i":619,"j":623},{"i":612,"j":617},{"i":639,"j":645},{"i":626,"j":631},{"i":616,"j":626},{"i":606,"j":620},{"i":620,"j":624},{"i":613,"j":619},{"i":630,"j":634},{"i":620,"j":630},{"i":623,"j":628},{"i":621,"j":632},{"i":612,"j":621},{"i":622,"j":626},{"i":612,"j":632},{"i":630,"j":649},{"i":615,"j":629},{"i":624,"j":649},{"i":615,"j":642},{"i":622,"j":635},{"i":635,"j":638},{"i":621,"j":640},{"i":632,"j":647},{"i":627,"j":633},{"i":604,"j":627},{"i":631,"j":639},{"i":634,"j":641},{"i":634,"j":635},{"i":609,"j":618},{"i":557,"j":637},{"i":624,"j":625},{"i":628,"j":629},{"i":631,"j":638},{"i":642,"j":657},{"i":639,"j":640},{"i":621,"j":639},{"i":650,"j":662},{"i":640,"j":647},{"i":636,"j":642},{"i":641,"j":643},{"i":638,"j":641},{"i":636,"j":644},{"i":628,"j":646},{"i":625,"j":628},{"i":629,"j":648},{"i":618,"j":650},{"i":643,"j":645},{"i":645,"j":655},{"i":642,"j":648},{"i":646,"j":664},{"i":654,"j":662},{"i":618,"j":637},{"i":648,"j":652},{"i":653,"j":661},{"i":651,"j":664},{"i":646,"j":651},{"i":644,"j":653},{"i":644,"j":654},{"i":642,"j":653},{"i":644,"j":650},{"i":649,"j":667},{"i":655,"j":656},{"i":658,"j":663},{"i":656,"j":658},{"i":658,"j":659},{"i":647,"j":658},{"i":633,"j":659},{"i":657,"j":660},{"i":652,"j":657},{"i":651,"j":652},{"i":654,"j":661},{"i":637,"j":662},{"i":656,"j":669},{"i":667,"j":679},{"i":664,"j":675},{"i":637,"j":686},{"i":649,"j":664},{"i":663,"j":666},{"i":659,"j":663},{"i":655,"j":669},{"i":649,"j":665},{"i":669,"j":672},{"i":666,"j":669},{"i":667,"j":668},{"i":634,"j":667},{"i":668,"j":673},{"i":643,"j":668},{"i":660,"j":677},{"i":666,"j":671},{"i":659,"j":666},{"i":673,"j":679},{"i":681,"j":690},{"i":672,"j":676},{"i":672,"j":674},{"i":671,"j":672},{"i":665,"j":687},{"i":660,"j":694},{"i":674,"j":681},{"i":671,"j":674},{"i":669,"j":678},{"i":661,"j":694},{"i":676,"j":678},{"i":670,"j":687},{"i":665,"j":670},{"i":637,"j":691},{"i":679,"j":687},{"i":662,"j":680},{"i":676,"j":683},{"i":685,"j":687},{"i":684,"j":692},{"i":673,"j":688},{"i":643,"j":673},{"i":681,"j":684},{"i":683,"j":684},{"i":681,"j":683},{"i":682,"j":692},{"i":678,"j":682},{"i":670,"j":675},{"i":685,"j":689},{"i":673,"j":685},{"i":671,"j":690},{"i":695,"j":698},{"i":687,"j":695},{"i":688,"j":698},{"i":686,"j":691},{"i":680,"j":686},{"i":682,"j":688},{"i":692,"j":693},{"i":690,"j":692},{"i":689,"j":698},{"i":688,"j":689},{"i":697,"j":699},{"i":693,"j":698},{"i":690,"j":693},{"i":677,"j":697},{"i":675,"j":677},{"i":694,"j":697},{"i":680,"j":691},{"i":696,"j":697},{"i":694,"j":696},{"i":697,"j":698},{"i":695,"j":697},{"i":696,"j":699},{"i":691,"j":699},{"i":0,"j":1},{"i":1,"j":35},{"i":35,"j":97},{"i":97,"j":166},{"i":166,"j":282},{"i":282,"j":343},{"i":343,"j":424},{"i":424,"j":633},{"i":633,"j":690},{"i":690,"j":698},{"i":698,"j":699}],"type":"Solution"}