{"instance_name":"paris-0000600","edges":[{"i":1,"j":76},{"i":0,"j":1},{"i":5,"j":11},{"i":2,"j":3},{"i":0,"j":2},{"i":5,"j":7},{"i":1,"j":4},{"i":0,"j":8},{"i":0,"j":9},{"i":7,"j":12},{"i":6,"j":7},{"i":8,"j":10},{"i":3,"j":15},{"i":3,"j":33},{"i":12,"j":22},{"i":6,"j":12},{"i":5,"j":10},{"i":10,"j":16},{"i":9,"j":19},{"i":8,"j":9},{"i":16,"j":31},{"i":22,"j":25},{"i":10,"j":18},{"i":13,"j":19},{"i":9,"j":13},{"i":14,"j":24},{"i":5,"j":14},{"i":13,"j":29},{"i":19,"j":20},{"i":24,"j":30},{"i":7,"j":11},{"i":7,"j":27},{"i":18,"j":31},{"i":17,"j":18},{"i":25,"j":34},{"i":23,"j":25},{"i":21,"j":24},{"i":32,"j":47},{"i":21,"j":36},{"i":11,"j":21},{"i":27,"j":40},{"i":22,"j":27},{"i":21,"j":26},{"i":20,"j":28},{"i":17,"j":37},{"i":14,"j":17},{"i":16,"j":28},{"i":31,"j":35},{"i":36,"j":45},{"i":28,"j":35},{"i":26,"j":45},{"i":20,"j":29},{"i":22,"j":61},{"i":26,"j":30},{"i":34,"j":41},{"i":23,"j":34},{"i":31,"j":37},{"i":40,"j":61},{"i":36,"j":42},{"i":32,"j":48},{"i":29,"j":32},{"i":4,"j":38},{"i":2,"j":4},{"i":38,"j":54},{"i":1,"j":79},{"i":37,"j":44},{"i":30,"j":37},{"i":43,"j":60},{"i":42,"j":43},{"i":41,"j":84},{"i":23,"j":41},{"i":36,"j":43},{"i":42,"j":56},{"i":40,"j":42},{"i":13,"j":15},{"i":30,"j":59},{"i":45,"j":60},{"i":15,"j":52},{"i":46,"j":48},{"i":32,"j":46},{"i":33,"j":51},{"i":48,"j":49},{"i":35,"j":48},{"i":38,"j":39},{"i":30,"j":44},{"i":47,"j":50},{"i":46,"j":47},{"i":59,"j":68},{"i":33,"j":53},{"i":51,"j":52},{"i":55,"j":80},{"i":52,"j":58},{"i":47,"j":52},{"i":51,"j":57},{"i":53,"j":57},{"i":54,"j":55},{"i":58,"j":86},{"i":48,"j":50},{"i":44,"j":49},{"i":56,"j":62},{"i":53,"j":55},{"i":59,"j":63},{"i":44,"j":68},{"i":60,"j":64},{"i":56,"j":61},{"i":62,"j":74},{"i":61,"j":66},{"i":61,"j":71},{"i":60,"j":73},{"i":72,"j":78},{"i":63,"j":72},{"i":60,"j":63},{"i":58,"j":67},{"i":50,"j":58},{"i":66,"j":84},{"i":41,"j":66},{"i":62,"j":64},{"i":58,"j":81},{"i":67,"j":68},{"i":49,"j":67},{"i":65,"j":90},{"i":67,"j":93},{"i":54,"j":69},{"i":39,"j":70},{"i":63,"j":65},{"i":71,"j":84},{"i":73,"j":78},{"i":64,"j":73},{"i":60,"j":72},{"i":75,"j":76},{"i":71,"j":74},{"i":69,"j":80},{"i":70,"j":92},{"i":69,"j":70},{"i":1,"j":99},{"i":75,"j":79},{"i":1,"j":75},{"i":68,"j":93},{"i":65,"j":68},{"i":75,"j":87},{"i":77,"j":81},{"i":58,"j":77},{"i":77,"j":91},{"i":78,"j":90},{"i":57,"j":85},{"i":82,"j":83},{"i":57,"j":82},{"i":86,"j":91},{"i":89,"j":103},{"i":83,"j":91},{"i":80,"j":89},{"i":83,"j":86},{"i":85,"j":96},{"i":39,"j":92},{"i":79,"j":92},{"i":87,"j":95},{"i":80,"j":88},{"i":91,"j":94},{"i":81,"j":93},{"i":90,"j":97},{"i":82,"j":96},{"i":95,"j":100},{"i":92,"j":95},{"i":91,"j":105},{"i":84,"j":98},{"i":90,"j":93},{"i":85,"j":89},{"i":88,"j":92},{"i":88,"j":102},{"i":97,"j":98},{"i":74,"j":97},{"i":94,"j":101},{"i":76,"j":99},{"i":100,"j":123},{"i":103,"j":111},{"i":96,"j":105},{"i":103,"j":118},{"i":93,"j":107},{"i":100,"j":102},{"i":89,"j":102},{"i":102,"j":115},{"i":93,"j":101},{"i":106,"j":114},{"i":101,"j":106},{"i":96,"j":109},{"i":94,"j":105},{"i":112,"j":116},{"i":106,"j":112},{"i":98,"j":113},{"i":108,"j":125},{"i":84,"j":108},{"i":105,"j":112},{"i":109,"j":111},{"i":99,"j":110},{"i":109,"j":116},{"i":115,"j":121},{"i":104,"j":107},{"i":113,"j":120},{"i":108,"j":113},{"i":106,"j":117},{"i":100,"j":122},{"i":111,"j":118},{"i":119,"j":127},{"i":110,"j":137},{"i":117,"j":127},{"i":115,"j":118},{"i":114,"j":127},{"i":107,"j":114},{"i":119,"j":124},{"i":104,"j":119},{"i":98,"j":104},{"i":121,"j":132},{"i":87,"j":134},{"i":118,"j":128},{"i":117,"j":130},{"i":120,"j":129},{"i":125,"j":131},{"i":84,"j":125},{"i":120,"j":150},{"i":117,"j":136},{"i":129,"j":150},{"i":126,"j":130},{"i":116,"j":126},{"i":121,"j":133},{"i":124,"j":138},{"i":126,"j":128},{"i":132,"j":145},{"i":129,"j":131},{"i":130,"j":140},{"i":122,"j":133},{"i":121,"j":122},{"i":122,"j":135},{"i":141,"j":148},{"i":110,"j":144},{"i":128,"j":145},{"i":143,"j":157},{"i":135,"j":148},{"i":127,"j":146},{"i":124,"j":127},{"i":144,"j":199},{"i":136,"j":139},{"i":127,"j":139},{"i":133,"j":135},{"i":140,"j":142},{"i":136,"j":140},{"i":123,"j":148},{"i":140,"j":163},{"i":134,"j":137},{"i":139,"j":167},{"i":141,"j":143},{"i":135,"j":141},{"i":143,"j":145},{"i":132,"j":143},{"i":146,"j":152},{"i":139,"j":142},{"i":153,"j":181},{"i":146,"j":167},{"i":134,"j":149},{"i":123,"j":134},{"i":147,"j":148},{"i":138,"j":153},{"i":150,"j":188},{"i":154,"j":183},{"i":145,"j":163},{"i":138,"j":152},{"i":138,"j":166},{"i":155,"j":164},{"i":143,"j":147},{"i":144,"j":154},{"i":155,"j":156},{"i":137,"j":155},{"i":148,"j":149},{"i":162,"j":168},{"i":157,"j":162},{"i":153,"j":158},{"i":150,"j":158},{"i":151,"j":161},{"i":149,"j":151},{"i":159,"j":162},{"i":147,"j":159},{"i":156,"j":160},{"i":151,"j":156},{"i":160,"j":161},{"i":161,"j":165},{"i":159,"j":161},{"i":163,"j":167},{"i":142,"j":163},{"i":157,"j":168},{"i":172,"j":178},{"i":154,"j":164},{"i":160,"j":171},{"i":162,"j":165},{"i":152,"j":169},{"i":169,"j":173},{"i":166,"j":181},{"i":162,"j":186},{"i":144,"j":185},{"i":167,"j":175},{"i":164,"j":170},{"i":156,"j":164},{"i":167,"j":180},{"i":170,"j":172},{"i":170,"j":178},{"i":165,"j":171},{"i":175,"j":187},{"i":166,"j":173},{"i":171,"j":177},{"i":176,"j":189},{"i":173,"j":176},{"i":169,"j":175},{"i":179,"j":180},{"i":163,"j":168},{"i":171,"j":172},{"i":168,"j":184},{"i":200,"j":211},{"i":174,"j":186},{"i":165,"j":174},{"i":181,"j":193},{"i":174,"j":214},{"i":154,"j":182},{"i":177,"j":178},{"i":182,"j":191},{"i":184,"j":195},{"i":180,"j":184},{"i":175,"j":203},{"i":176,"j":187},{"i":158,"j":181},{"i":200,"j":205},{"i":183,"j":191},{"i":183,"j":185},{"i":190,"j":192},{"i":182,"j":190},{"i":99,"j":362},{"i":188,"j":260},{"i":131,"j":188},{"i":189,"j":193},{"i":193,"j":200},{"i":184,"j":198},{"i":194,"j":196},{"i":179,"j":194},{"i":186,"j":198},{"i":194,"j":195},{"i":206,"j":308},{"i":186,"j":207},{"i":191,"j":197},{"i":190,"j":191},{"i":203,"j":212},{"i":197,"j":206},{"i":185,"j":199},{"i":175,"j":179},{"i":179,"j":196},{"i":202,"j":208},{"i":187,"j":202},{"i":198,"j":207},{"i":201,"j":205},{"i":201,"j":260},{"i":188,"j":201},{"i":200,"j":209},{"i":195,"j":223},{"i":197,"j":199},{"i":202,"j":203},{"i":177,"j":219},{"i":174,"j":177},{"i":196,"j":210},{"i":189,"j":216},{"i":209,"j":227},{"i":205,"j":209},{"i":204,"j":213},{"i":189,"j":204},{"i":210,"j":223},{"i":204,"j":218},{"i":211,"j":227},{"i":210,"j":212},{"i":204,"j":215},{"i":208,"j":215},{"i":204,"j":208},{"i":189,"j":220},{"i":192,"j":219},{"i":178,"j":192},{"i":215,"j":228},{"i":218,"j":222},{"i":213,"j":220},{"i":216,"j":225},{"i":211,"j":216},{"i":229,"j":237},{"i":212,"j":228},{"i":206,"j":219},{"i":217,"j":226},{"i":213,"j":217},{"i":220,"j":231},{"i":207,"j":224},{"i":217,"j":241},{"i":218,"j":228},{"i":212,"j":235},{"i":214,"j":229},{"i":223,"j":242},{"i":221,"j":223},{"i":216,"j":231},{"i":225,"j":236},{"i":221,"j":230},{"i":212,"j":221},{"i":225,"j":227},{"i":226,"j":231},{"i":220,"j":226},{"i":217,"j":222},{"i":214,"j":237},{"i":224,"j":233},{"i":223,"j":224},{"i":234,"j":254},{"i":226,"j":238},{"i":231,"j":255},{"i":230,"j":235},{"i":229,"j":232},{"i":232,"j":233},{"i":233,"j":234},{"i":235,"j":245},{"i":242,"j":257},{"i":219,"j":237},{"i":227,"j":236},{"i":228,"j":239},{"i":222,"j":228},{"i":241,"j":252},{"i":238,"j":241},{"i":239,"j":244},{"i":223,"j":234},{"i":236,"j":256},{"i":239,"j":247},{"i":232,"j":250},{"i":242,"j":243},{"i":240,"j":248},{"i":235,"j":240},{"i":243,"j":246},{"i":230,"j":243},{"i":245,"j":247},{"i":244,"j":252},{"i":241,"j":244},{"i":240,"j":246},{"i":249,"j":256},{"i":247,"j":253},{"i":249,"j":251},{"i":227,"j":249},{"i":251,"j":265},{"i":238,"j":259},{"i":248,"j":258},{"i":245,"j":248},{"i":252,"j":267},{"i":250,"j":254},{"i":255,"j":256},{"i":256,"j":265},{"i":254,"j":257},{"i":199,"j":362},{"i":246,"j":262},{"i":253,"j":258},{"i":253,"j":261},{"i":261,"j":287},{"i":227,"j":251},{"i":259,"j":264},{"i":255,"j":259},{"i":258,"j":288},{"i":259,"j":267},{"i":243,"j":263},{"i":252,"j":261},{"i":250,"j":269},{"i":248,"j":262},{"i":264,"j":270},{"i":260,"j":265},{"i":262,"j":271},{"i":272,"j":278},{"i":267,"j":268},{"i":263,"j":271},{"i":262,"j":263},{"i":269,"j":293},{"i":270,"j":272},{"i":265,"j":270},{"i":257,"j":273},{"i":268,"j":276},{"i":272,"j":275},{"i":265,"j":272},{"i":266,"j":271},{"i":257,"j":277},{"i":276,"j":282},{"i":275,"j":290},{"i":265,"j":275},{"i":268,"j":274},{"i":264,"j":282},{"i":269,"j":277},{"i":264,"j":279},{"i":284,"j":296},{"i":276,"j":301},{"i":206,"j":280},{"i":278,"j":290},{"i":279,"j":281},{"i":281,"j":290},{"i":278,"j":281},{"i":271,"j":273},{"i":282,"j":285},{"i":279,"j":282},{"i":273,"j":292},{"i":283,"j":284},{"i":266,"j":283},{"i":289,"j":293},{"i":274,"j":301},{"i":285,"j":295},{"i":266,"j":284},{"i":274,"j":287},{"i":266,"j":288},{"i":258,"j":266},{"i":283,"j":292},{"i":285,"j":302},{"i":266,"j":286},{"i":286,"j":303},{"i":232,"j":294},{"i":265,"j":290},{"i":289,"j":291},{"i":277,"j":289},{"i":297,"j":312},{"i":277,"j":313},{"i":237,"j":298},{"i":287,"j":306},{"i":301,"j":328},{"i":277,"j":291},{"i":286,"j":296},{"i":294,"j":297},{"i":297,"j":299},{"i":293,"j":297},{"i":299,"j":311},{"i":299,"j":300},{"i":306,"j":331},{"i":317,"j":350},{"i":314,"j":317},{"i":288,"j":306},{"i":301,"j":302},{"i":304,"j":330},{"i":296,"j":326},{"i":295,"j":304},{"i":290,"j":295},{"i":300,"j":313},{"i":291,"j":300},{"i":304,"j":320},{"i":303,"j":306},{"i":304,"j":307},{"i":280,"j":309},{"i":280,"j":310},{"i":308,"j":310},{"i":310,"j":343},{"i":309,"j":310},{"i":294,"j":298},{"i":300,"j":305},{"i":298,"j":314},{"i":305,"j":318},{"i":316,"j":319},{"i":300,"j":316},{"i":318,"j":350},{"i":298,"j":323},{"i":313,"j":315},{"i":292,"j":313},{"i":320,"j":351},{"i":305,"j":311},{"i":312,"j":314},{"i":309,"j":323},{"i":311,"j":350},{"i":319,"j":334},{"i":316,"j":318},{"i":325,"j":335},{"i":320,"j":324},{"i":320,"j":321},{"i":307,"j":321},{"i":322,"j":412},{"i":321,"j":322},{"i":296,"j":315},{"i":319,"j":325},{"i":306,"j":332},{"i":315,"j":336},{"i":325,"j":327},{"i":313,"j":325},{"i":306,"j":339},{"i":327,"j":336},{"i":322,"j":324},{"i":302,"j":337},{"i":330,"j":351},{"i":303,"j":326},{"i":328,"j":342},{"i":326,"j":333},{"i":331,"j":342},{"i":328,"j":331},{"i":327,"j":329},{"i":311,"j":312},{"i":332,"j":349},{"i":336,"j":356},{"i":340,"j":347},{"i":334,"j":341},{"i":317,"j":323},{"i":336,"j":340},{"i":326,"j":336},{"i":339,"j":345},{"i":335,"j":341},{"i":329,"j":335},{"i":332,"j":333},{"i":338,"j":341},{"i":334,"j":338},{"i":341,"j":360},{"i":343,"j":344},{"i":323,"j":376},{"i":342,"j":348},{"i":333,"j":340},{"i":345,"j":353},{"i":342,"j":345},{"i":336,"j":355},{"i":333,"j":346},{"i":329,"j":356},{"i":350,"j":374},{"i":338,"j":350},{"i":337,"j":365},{"i":346,"j":352},{"i":339,"j":349},{"i":337,"j":361},{"i":330,"j":337},{"i":346,"j":347},{"i":353,"j":372},{"i":337,"j":348},{"i":352,"j":368},{"i":355,"j":358},{"i":347,"j":355},{"i":356,"j":363},{"i":354,"j":357},{"i":310,"j":354},{"i":358,"j":359},{"i":368,"j":369},{"i":359,"j":369},{"i":353,"j":364},{"i":361,"j":370},{"i":351,"j":361},{"i":354,"j":366},{"i":308,"j":362},{"i":360,"j":363},{"i":356,"j":360},{"i":349,"j":368},{"i":364,"j":367},{"i":364,"j":365},{"i":348,"j":364},{"i":358,"j":369},{"i":365,"j":370},{"i":352,"j":359},{"i":355,"j":377},{"i":368,"j":372},{"i":363,"j":377},{"i":370,"j":380},{"i":323,"j":344},{"i":362,"j":371},{"i":367,"j":385},{"i":344,"j":390},{"i":350,"j":373},{"i":377,"j":382},{"i":369,"j":377},{"i":371,"j":375},{"i":354,"j":371},{"i":374,"j":377},{"i":373,"j":388},{"i":377,"j":383},{"i":381,"j":388},{"i":370,"j":378},{"i":351,"j":370},{"i":376,"j":381},{"i":373,"j":376},{"i":354,"j":375},{"i":324,"j":378},{"i":372,"j":387},{"i":367,"j":372},{"i":380,"j":392},{"i":384,"j":400},{"i":382,"j":384},{"i":374,"j":396},{"i":385,"j":394},{"i":380,"j":385},{"i":384,"j":386},{"i":393,"j":413},{"i":379,"j":393},{"i":387,"j":399},{"i":382,"j":383},{"i":381,"j":389},{"i":343,"j":357},{"i":357,"j":366},{"i":375,"j":391},{"i":380,"j":405},{"i":391,"j":393},{"i":404,"j":436},{"i":392,"j":412},{"i":378,"j":392},{"i":379,"j":404},{"i":366,"j":379},{"i":395,"j":411},{"i":390,"j":395},{"i":389,"j":397},{"i":388,"j":389},{"i":396,"j":417},{"i":383,"j":396},{"i":390,"j":411},{"i":386,"j":402},{"i":368,"j":386},{"i":405,"j":422},{"i":387,"j":401},{"i":399,"j":401},{"i":394,"j":399},{"i":387,"j":406},{"i":400,"j":417},{"i":398,"j":406},{"i":387,"j":398},{"i":401,"j":426},{"i":386,"j":408},{"i":400,"j":403},{"i":386,"j":410},{"i":388,"j":409},{"i":407,"j":418},{"i":406,"j":415},{"i":386,"j":403},{"i":386,"j":420},{"i":408,"j":414},{"i":402,"j":408},{"i":396,"j":407},{"i":410,"j":424},{"i":414,"j":419},{"i":395,"j":404},{"i":391,"j":502},{"i":405,"j":412},{"i":418,"j":441},{"i":397,"j":421},{"i":408,"j":410},{"i":412,"j":429},{"i":380,"j":394},{"i":398,"j":402},{"i":401,"j":415},{"i":409,"j":418},{"i":407,"j":409},{"i":397,"j":411},{"i":415,"j":416},{"i":417,"j":423},{"i":421,"j":451},{"i":415,"j":430},{"i":427,"j":444},{"i":420,"j":427},{"i":442,"j":443},{"i":416,"j":433},{"i":403,"j":423},{"i":422,"j":426},{"i":420,"j":425},{"i":419,"j":439},{"i":413,"j":436},{"i":391,"j":428},{"i":422,"j":429},{"i":416,"j":419},{"i":430,"j":445},{"i":426,"j":430},{"i":421,"j":434},{"i":431,"j":441},{"i":431,"j":432},{"i":423,"j":431},{"i":427,"j":440},{"i":424,"j":427},{"i":414,"j":424},{"i":433,"j":445},{"i":434,"j":451},{"i":428,"j":435},{"i":435,"j":443},{"i":413,"j":435},{"i":434,"j":437},{"i":438,"j":455},{"i":418,"j":437},{"i":436,"j":448},{"i":411,"j":436},{"i":425,"j":444},{"i":425,"j":432},{"i":439,"j":452},{"i":436,"j":438},{"i":448,"j":466},{"i":440,"j":446},{"i":439,"j":440},{"i":447,"j":453},{"i":440,"j":450},{"i":445,"j":447},{"i":446,"j":452},{"i":429,"j":447},{"i":449,"j":472},{"i":429,"j":449},{"i":441,"j":454},{"i":432,"j":454},{"i":450,"j":456},{"i":446,"j":450},{"i":448,"j":451},{"i":445,"j":463},{"i":453,"j":472},{"i":449,"j":453},{"i":452,"j":457},{"i":433,"j":452},{"i":437,"j":473},{"i":454,"j":465},{"i":444,"j":459},{"i":428,"j":458},{"i":455,"j":466},{"i":456,"j":469},{"i":442,"j":461},{"i":438,"j":442},{"i":451,"j":473},{"i":443,"j":458},{"i":461,"j":470},{"i":460,"j":461},{"i":457,"j":462},{"i":462,"j":464},{"i":462,"j":463},{"i":453,"j":463},{"i":463,"j":464},{"i":462,"j":475},{"i":455,"j":460},{"i":459,"j":465},{"i":460,"j":485},{"i":466,"j":489},{"i":459,"j":468},{"i":467,"j":469},{"i":468,"j":481},{"i":471,"j":489},{"i":458,"j":470},{"i":468,"j":474},{"i":456,"j":468},{"i":466,"j":471},{"i":464,"j":472},{"i":472,"j":487},{"i":471,"j":473},{"i":474,"j":484},{"i":469,"j":474},{"i":460,"j":486},{"i":467,"j":477},{"i":457,"j":467},{"i":475,"j":478},{"i":475,"j":476},{"i":478,"j":487},{"i":475,"j":482},{"i":479,"j":489},{"i":473,"j":479},{"i":480,"j":505},{"i":465,"j":473},{"i":477,"j":492},{"i":478,"j":482},{"i":481,"j":484},{"i":480,"j":483},{"i":479,"j":480},{"i":484,"j":495},{"i":483,"j":490},{"i":485,"j":486},{"i":470,"j":488},{"i":472,"j":476},{"i":476,"j":487},{"i":429,"j":487},{"i":485,"j":489},{"i":483,"j":505},{"i":493,"j":497},{"i":477,"j":497},{"i":496,"j":515},{"i":482,"j":491},{"i":484,"j":493},{"i":491,"j":492},{"i":484,"j":496},{"i":488,"j":494},{"i":486,"j":488},{"i":490,"j":496},{"i":481,"j":490},{"i":495,"j":498},{"i":493,"j":495},{"i":500,"j":515},{"i":495,"j":500},{"i":509,"j":525},{"i":497,"j":503},{"i":495,"j":499},{"i":498,"j":499},{"i":497,"j":498},{"i":489,"j":505},{"i":500,"j":501},{"i":501,"j":506},{"i":458,"j":502},{"i":499,"j":501},{"i":508,"j":535},{"i":502,"j":504},{"i":494,"j":516},{"i":511,"j":514},{"i":494,"j":504},{"i":490,"j":515},{"i":504,"j":508},{"i":503,"j":509},{"i":492,"j":503},{"i":503,"j":506},{"i":500,"j":511},{"i":510,"j":512},{"i":506,"j":510},{"i":490,"j":522},{"i":510,"j":511},{"i":527,"j":536},{"i":509,"j":513},{"i":509,"j":523},{"i":512,"j":514},{"i":506,"j":512},{"i":514,"j":517},{"i":494,"j":554},{"i":507,"j":518},{"i":494,"j":507},{"i":503,"j":525},{"i":490,"j":505},{"i":507,"j":508},{"i":513,"j":519},{"i":491,"j":513},{"i":519,"j":520},{"i":487,"j":520},{"i":515,"j":528},{"i":511,"j":515},{"i":517,"j":521},{"i":516,"j":527},{"i":505,"j":516},{"i":503,"j":517},{"i":523,"j":524},{"i":529,"j":534},{"i":525,"j":533},{"i":524,"j":526},{"i":519,"j":524},{"i":522,"j":528},{"i":522,"j":529},{"i":521,"j":533},{"i":522,"j":527},{"i":526,"j":530},{"i":519,"j":526},{"i":530,"j":537},{"i":520,"j":530},{"i":521,"j":528},{"i":526,"j":544},{"i":529,"j":532},{"i":528,"j":529},{"i":532,"j":533},{"i":533,"j":543},{"i":531,"j":533},{"i":502,"j":535},{"i":516,"j":538},{"i":532,"j":534},{"i":531,"j":544},{"i":523,"j":531},{"i":494,"j":518},{"i":536,"j":545},{"i":518,"j":535},{"i":362,"j":539},{"i":534,"j":536},{"i":537,"j":541},{"i":541,"j":549},{"i":520,"j":541},{"i":540,"j":550},{"i":533,"j":540},{"i":543,"j":544},{"i":542,"j":550},{"i":540,"j":542},{"i":538,"j":546},{"i":538,"j":559},{"i":544,"j":547},{"i":554,"j":560},{"i":539,"j":548},{"i":560,"j":568},{"i":549,"j":556},{"i":487,"j":549},{"i":546,"j":562},{"i":545,"j":546},{"i":547,"j":552},{"i":553,"j":558},{"i":551,"j":553},{"i":547,"j":555},{"i":552,"j":553},{"i":537,"j":552},{"i":551,"j":558},{"i":548,"j":554},{"i":535,"j":548},{"i":543,"j":557},{"i":562,"j":591},{"i":549,"j":551},{"i":556,"j":572},{"i":487,"j":556},{"i":552,"j":565},{"i":550,"j":570},{"i":555,"j":565},{"i":558,"j":572},{"i":555,"j":587},{"i":559,"j":562},{"i":560,"j":561},{"i":538,"j":560},{"i":562,"j":564},{"i":559,"j":561},{"i":569,"j":579},{"i":568,"j":569},{"i":542,"j":545},{"i":567,"j":571},{"i":563,"j":567},{"i":550,"j":563},{"i":561,"j":566},{"i":557,"j":587},{"i":571,"j":575},{"i":564,"j":571},{"i":560,"j":566},{"i":548,"j":588},{"i":564,"j":567},{"i":548,"j":569},{"i":563,"j":573},{"i":565,"j":574},{"i":564,"j":585},{"i":583,"j":594},{"i":573,"j":576},{"i":570,"j":573},{"i":566,"j":578},{"i":575,"j":576},{"i":548,"j":596},{"i":588,"j":596},{"i":574,"j":577},{"i":576,"j":593},{"i":568,"j":579},{"i":574,"j":583},{"i":570,"j":581},{"i":565,"j":594},{"i":575,"j":585},{"i":572,"j":582},{"i":487,"j":572},{"i":577,"j":582},{"i":572,"j":577},{"i":584,"j":597},{"i":582,"j":584},{"i":580,"j":586},{"i":557,"j":580},{"i":583,"j":584},{"i":557,"j":586},{"i":586,"j":590},{"i":579,"j":588},{"i":578,"j":579},{"i":581,"j":593},{"i":580,"j":581},{"i":587,"j":589},{"i":585,"j":593},{"i":589,"j":597},{"i":578,"j":588},{"i":591,"j":599},{"i":588,"j":592},{"i":590,"j":595},{"i":589,"j":590},{"i":594,"j":597},{"i":593,"j":595},{"i":595,"j":598},{"i":592,"j":596},{"i":591,"j":592},{"i":595,"j":597},{"i":585,"j":599},{"i":598,"j":599},{"i":597,"j":598},{"i":596,"j":599},{"i":0,"j":5},{"i":5,"j":6},{"i":6,"j":23},{"i":23,"j":131},{"i":131,"j":260},{"i":260,"j":307},{"i":307,"j":429},{"i":429,"j":582},{"i":582,"j":597},{"i":597,"j":599}],"type":"Solution"}