{"instance_name":"paris-0000900","edges":[{"i":0,"j":1},{"i":9,"j":36},{"i":3,"j":22},{"i":6,"j":9},{"i":3,"j":4},{"i":0,"j":3},{"i":6,"j":11},{"i":4,"j":5},{"i":4,"j":29},{"i":1,"j":2},{"i":1,"j":6},{"i":2,"j":9},{"i":7,"j":8},{"i":1,"j":7},{"i":8,"j":13},{"i":1,"j":8},{"i":7,"j":11},{"i":9,"j":19},{"i":14,"j":24},{"i":6,"j":15},{"i":10,"j":12},{"i":0,"j":10},{"i":0,"j":12},{"i":13,"j":20},{"i":14,"j":25},{"i":10,"j":13},{"i":13,"j":17},{"i":3,"j":14},{"i":11,"j":15},{"i":8,"j":21},{"i":15,"j":19},{"i":2,"j":75},{"i":17,"j":20},{"i":16,"j":17},{"i":18,"j":38},{"i":12,"j":27},{"i":18,"j":26},{"i":11,"j":18},{"i":14,"j":27},{"i":20,"j":30},{"i":16,"j":28},{"i":10,"j":16},{"i":22,"j":32},{"i":24,"j":31},{"i":23,"j":24},{"i":23,"j":31},{"i":22,"j":23},{"i":16,"j":35},{"i":36,"j":75},{"i":25,"j":34},{"i":30,"j":53},{"i":24,"j":25},{"i":5,"j":29},{"i":27,"j":33},{"i":21,"j":40},{"i":27,"j":49},{"i":29,"j":32},{"i":34,"j":81},{"i":27,"j":28},{"i":33,"j":41},{"i":30,"j":35},{"i":21,"j":26},{"i":18,"j":19},{"i":35,"j":37},{"i":28,"j":54},{"i":40,"j":47},{"i":33,"j":58},{"i":46,"j":55},{"i":38,"j":46},{"i":32,"j":45},{"i":5,"j":42},{"i":43,"j":44},{"i":40,"j":43},{"i":38,"j":51},{"i":34,"j":41},{"i":42,"j":45},{"i":37,"j":57},{"i":39,"j":46},{"i":19,"j":39},{"i":26,"j":51},{"i":50,"j":61},{"i":44,"j":69},{"i":75,"j":108},{"i":37,"j":50},{"i":57,"j":64},{"i":49,"j":58},{"i":30,"j":44},{"i":43,"j":47},{"i":48,"j":51},{"i":36,"j":52},{"i":47,"j":48},{"i":39,"j":70},{"i":28,"j":50},{"i":62,"j":67},{"i":56,"j":73},{"i":51,"j":56},{"i":55,"j":56},{"i":51,"j":55},{"i":49,"j":54},{"i":66,"j":82},{"i":54,"j":61},{"i":59,"j":71},{"i":45,"j":68},{"i":59,"j":63},{"i":42,"j":59},{"i":57,"j":61},{"i":53,"j":62},{"i":68,"j":72},{"i":53,"j":69},{"i":37,"j":67},{"i":62,"j":74},{"i":52,"j":65},{"i":39,"j":65},{"i":56,"j":70},{"i":60,"j":69},{"i":48,"j":60},{"i":41,"j":58},{"i":68,"j":71},{"i":69,"j":74},{"i":39,"j":66},{"i":58,"j":91},{"i":71,"j":90},{"i":64,"j":67},{"i":56,"j":77},{"i":60,"j":73},{"i":65,"j":95},{"i":74,"j":76},{"i":77,"j":93},{"i":67,"j":76},{"i":66,"j":85},{"i":73,"j":79},{"i":80,"j":83},{"i":76,"j":80},{"i":76,"j":78},{"i":77,"j":79},{"i":78,"j":92},{"i":81,"j":91},{"i":61,"j":91},{"i":84,"j":94},{"i":80,"j":92},{"i":78,"j":79},{"i":87,"j":89},{"i":81,"j":84},{"i":31,"j":81},{"i":86,"j":90},{"i":72,"j":86},{"i":72,"j":84},{"i":82,"j":89},{"i":70,"j":82},{"i":89,"j":106},{"i":64,"j":102},{"i":88,"j":94},{"i":84,"j":88},{"i":79,"j":100},{"i":86,"j":94},{"i":90,"j":131},{"i":64,"j":83},{"i":77,"j":87},{"i":88,"j":91},{"i":87,"j":96},{"i":90,"j":94},{"i":52,"j":75},{"i":93,"j":101},{"i":95,"j":105},{"i":85,"j":95},{"i":93,"j":96},{"i":75,"j":98},{"i":97,"j":98},{"i":75,"j":99},{"i":96,"j":106},{"i":104,"j":112},{"i":97,"j":105},{"i":95,"j":97},{"i":92,"j":110},{"i":83,"j":92},{"i":102,"j":103},{"i":104,"j":109},{"i":91,"j":104},{"i":103,"j":104},{"i":91,"j":103},{"i":108,"j":554},{"i":85,"j":107},{"i":82,"j":85},{"i":106,"j":130},{"i":101,"j":113},{"i":100,"j":101},{"i":105,"j":107},{"i":100,"j":116},{"i":115,"j":120},{"i":101,"j":119},{"i":110,"j":114},{"i":102,"j":110},{"i":111,"j":115},{"i":100,"j":111},{"i":110,"j":117},{"i":114,"j":117},{"i":112,"j":114},{"i":111,"j":113},{"i":115,"j":116},{"i":117,"j":123},{"i":112,"j":117},{"i":120,"j":135},{"i":109,"j":118},{"i":94,"j":109},{"i":118,"j":131},{"i":90,"j":118},{"i":116,"j":121},{"i":106,"j":133},{"i":113,"j":127},{"i":128,"j":134},{"i":121,"j":128},{"i":113,"j":132},{"i":108,"j":122},{"i":99,"j":108},{"i":110,"j":121},{"i":124,"j":138},{"i":118,"j":124},{"i":99,"j":122},{"i":125,"j":126},{"i":122,"j":125},{"i":125,"j":129},{"i":113,"j":119},{"i":128,"j":135},{"i":107,"j":133},{"i":136,"j":238},{"i":98,"j":142},{"i":124,"j":152},{"i":139,"j":161},{"i":142,"j":154},{"i":130,"j":132},{"i":119,"j":130},{"i":135,"j":141},{"i":98,"j":126},{"i":120,"j":127},{"i":135,"j":140},{"i":108,"j":136},{"i":123,"j":158},{"i":131,"j":147},{"i":138,"j":150},{"i":137,"j":139},{"i":130,"j":137},{"i":138,"j":147},{"i":127,"j":141},{"i":140,"j":144},{"i":134,"j":140},{"i":142,"j":143},{"i":139,"j":149},{"i":132,"j":139},{"i":145,"j":146},{"i":141,"j":145},{"i":149,"j":157},{"i":145,"j":149},{"i":150,"j":152},{"i":147,"j":169},{"i":63,"j":147},{"i":109,"j":158},{"i":143,"j":148},{"i":133,"j":143},{"i":123,"j":134},{"i":134,"j":182},{"i":168,"j":174},{"i":146,"j":157},{"i":144,"j":146},{"i":152,"j":165},{"i":151,"j":152},{"i":148,"j":153},{"i":137,"j":148},{"i":129,"j":156},{"i":151,"j":155},{"i":150,"j":151},{"i":155,"j":169},{"i":147,"j":155},{"i":154,"j":163},{"i":136,"j":156},{"i":129,"j":136},{"i":149,"j":160},{"i":161,"j":166},{"i":158,"j":164},{"i":158,"j":162},{"i":158,"j":182},{"i":154,"j":159},{"i":148,"j":154},{"i":153,"j":161},{"i":171,"j":174},{"i":154,"j":175},{"i":155,"j":165},{"i":165,"j":170},{"i":159,"j":167},{"i":157,"j":190},{"i":167,"j":168},{"i":153,"j":167},{"i":152,"j":173},{"i":152,"j":162},{"i":168,"j":171},{"i":159,"j":163},{"i":164,"j":176},{"i":162,"j":164},{"i":172,"j":173},{"i":152,"j":172},{"i":144,"j":190},{"i":126,"j":183},{"i":160,"j":206},{"i":160,"j":166},{"i":163,"j":179},{"i":180,"j":193},{"i":177,"j":178},{"i":163,"j":177},{"i":178,"j":181},{"i":173,"j":180},{"i":176,"j":204},{"i":192,"j":201},{"i":183,"j":192},{"i":178,"j":184},{"i":180,"j":188},{"i":170,"j":180},{"i":166,"j":171},{"i":175,"j":185},{"i":179,"j":191},{"i":177,"j":179},{"i":174,"j":195},{"i":183,"j":185},{"i":175,"j":183},{"i":185,"j":197},{"i":170,"j":189},{"i":188,"j":232},{"i":183,"j":197},{"i":156,"j":187},{"i":202,"j":209},{"i":200,"j":202},{"i":172,"j":176},{"i":186,"j":254},{"i":169,"j":186},{"i":170,"j":188},{"i":193,"j":232},{"i":184,"j":196},{"i":190,"j":203},{"i":179,"j":185},{"i":187,"j":192},{"i":189,"j":254},{"i":186,"j":189},{"i":174,"j":200},{"i":174,"j":181},{"i":181,"j":202},{"i":196,"j":202},{"i":195,"j":198},{"i":194,"j":195},{"i":156,"j":199},{"i":196,"j":224},{"i":191,"j":220},{"i":184,"j":191},{"i":187,"j":208},{"i":200,"j":205},{"i":205,"j":209},{"i":199,"j":235},{"i":204,"j":210},{"i":193,"j":204},{"i":164,"j":214},{"i":194,"j":211},{"i":166,"j":194},{"i":212,"j":233},{"i":211,"j":212},{"i":198,"j":205},{"i":199,"j":208},{"i":194,"j":212},{"i":197,"j":226},{"i":203,"j":206},{"i":198,"j":207},{"i":196,"j":220},{"i":206,"j":216},{"i":207,"j":221},{"i":182,"j":219},{"i":213,"j":218},{"i":210,"j":213},{"i":182,"j":222},{"i":214,"j":230},{"i":203,"j":222},{"i":211,"j":216},{"i":209,"j":221},{"i":207,"j":209},{"i":213,"j":214},{"i":214,"j":217},{"i":210,"j":218},{"i":222,"j":229},{"i":201,"j":226},{"i":229,"j":251},{"i":222,"j":228},{"i":215,"j":234},{"i":203,"j":215},{"i":220,"j":227},{"i":219,"j":230},{"i":218,"j":242},{"i":238,"j":554},{"i":201,"j":231},{"i":223,"j":224},{"i":191,"j":236},{"i":216,"j":234},{"i":215,"j":216},{"i":217,"j":249},{"i":213,"j":217},{"i":228,"j":251},{"i":221,"j":223},{"i":219,"j":228},{"i":233,"j":255},{"i":226,"j":236},{"i":210,"j":239},{"i":227,"j":237},{"i":224,"j":227},{"i":225,"j":251},{"i":250,"j":534},{"i":231,"j":236},{"i":226,"j":231},{"i":231,"j":246},{"i":237,"j":245},{"i":223,"j":237},{"i":217,"j":225},{"i":232,"j":239},{"i":240,"j":254},{"i":232,"j":240},{"i":223,"j":245},{"i":203,"j":234},{"i":242,"j":258},{"i":208,"j":253},{"i":242,"j":266},{"i":244,"j":251},{"i":229,"j":244},{"i":236,"j":260},{"i":243,"j":260},{"i":236,"j":243},{"i":259,"j":268},{"i":239,"j":258},{"i":241,"j":268},{"i":233,"j":241},{"i":230,"j":251},{"i":225,"j":230},{"i":247,"j":252},{"i":235,"j":247},{"i":238,"j":250},{"i":235,"j":238},{"i":252,"j":267},{"i":252,"j":253},{"i":253,"j":278},{"i":246,"j":253},{"i":248,"j":254},{"i":240,"j":248},{"i":63,"j":254},{"i":255,"j":261},{"i":255,"j":256},{"i":250,"j":279},{"i":256,"j":257},{"i":234,"j":256},{"i":265,"j":309},{"i":251,"j":262},{"i":248,"j":275},{"i":246,"j":260},{"i":243,"j":246},{"i":245,"j":265},{"i":241,"j":245},{"i":259,"j":261},{"i":255,"j":259},{"i":249,"j":283},{"i":247,"j":264},{"i":263,"j":264},{"i":260,"j":270},{"i":227,"j":260},{"i":263,"j":267},{"i":252,"j":263},{"i":250,"j":452},{"i":257,"j":276},{"i":244,"j":257},{"i":261,"j":280},{"i":260,"j":295},{"i":258,"j":273},{"i":254,"j":271},{"i":266,"j":281},{"i":273,"j":281},{"i":272,"j":274},{"i":251,"j":272},{"i":249,"j":262},{"i":273,"j":275},{"i":275,"j":284},{"i":271,"j":275},{"i":269,"j":274},{"i":268,"j":277},{"i":277,"j":300},{"i":280,"j":292},{"i":276,"j":280},{"i":264,"j":279},{"i":262,"j":269},{"i":284,"j":302},{"i":269,"j":290},{"i":282,"j":291},{"i":266,"j":282},{"i":274,"j":307},{"i":282,"j":298},{"i":284,"j":285},{"i":271,"j":284},{"i":287,"j":293},{"i":284,"j":287},{"i":279,"j":286},{"i":286,"j":297},{"i":285,"j":294},{"i":254,"j":285},{"i":276,"j":289},{"i":288,"j":323},{"i":265,"j":270},{"i":269,"j":288},{"i":282,"j":322},{"i":281,"j":291},{"i":287,"j":306},{"i":293,"j":294},{"i":292,"j":303},{"i":278,"j":308},{"i":267,"j":286},{"i":299,"j":305},{"i":296,"j":299},{"i":253,"j":296},{"i":296,"j":332},{"i":283,"j":311},{"i":282,"j":283},{"i":277,"j":309},{"i":300,"j":318},{"i":299,"j":301},{"i":278,"j":299},{"i":298,"j":302},{"i":291,"j":298},{"i":288,"j":307},{"i":302,"j":306},{"i":292,"j":300},{"i":303,"j":304},{"i":289,"j":303},{"i":301,"j":308},{"i":283,"j":290},{"i":309,"j":329},{"i":289,"j":327},{"i":272,"j":289},{"i":295,"j":310},{"i":270,"j":295},{"i":290,"j":323},{"i":319,"j":336},{"i":310,"j":319},{"i":309,"j":310},{"i":305,"j":312},{"i":301,"j":305},{"i":315,"j":367},{"i":304,"j":316},{"i":314,"j":321},{"i":314,"j":315},{"i":306,"j":314},{"i":313,"j":320},{"i":307,"j":313},{"i":304,"j":324},{"i":315,"j":317},{"i":293,"j":315},{"i":325,"j":369},{"i":318,"j":329},{"i":295,"j":308},{"i":313,"j":330},{"i":322,"j":339},{"i":321,"j":322},{"i":320,"j":323},{"i":333,"j":336},{"i":318,"j":324},{"i":317,"j":325},{"i":293,"j":317},{"i":294,"j":325},{"i":323,"j":328},{"i":289,"j":316},{"i":323,"j":338},{"i":316,"j":342},{"i":320,"j":326},{"i":330,"j":335},{"i":326,"j":330},{"i":327,"j":330},{"i":328,"j":340},{"i":311,"j":328},{"i":308,"j":363},{"i":297,"j":331},{"i":296,"j":297},{"i":296,"j":331},{"i":324,"j":351},{"i":332,"j":364},{"i":311,"j":340},{"i":335,"j":348},{"i":326,"j":335},{"i":338,"j":355},{"i":329,"j":351},{"i":319,"j":341},{"i":337,"j":345},{"i":335,"j":361},{"i":334,"j":350},{"i":322,"j":334},{"i":341,"j":354},{"i":339,"j":353},{"i":338,"j":340},{"i":329,"j":333},{"i":308,"j":312},{"i":340,"j":350},{"i":334,"j":340},{"i":316,"j":337},{"i":336,"j":354},{"i":332,"j":343},{"i":351,"j":370},{"i":337,"j":351},{"i":364,"j":452},{"i":327,"j":342},{"i":344,"j":346},{"i":333,"j":344},{"i":321,"j":366},{"i":356,"j":365},{"i":353,"j":372},{"i":348,"j":356},{"i":329,"j":346},{"i":349,"j":355},{"i":338,"j":349},{"i":348,"j":352},{"i":366,"j":375},{"i":339,"j":350},{"i":349,"j":352},{"i":355,"j":357},{"i":345,"j":362},{"i":342,"j":345},{"i":352,"j":365},{"i":350,"j":372},{"i":354,"j":360},{"i":343,"j":359},{"i":312,"j":343},{"i":358,"j":359},{"i":343,"j":358},{"i":341,"j":368},{"i":370,"j":386},{"i":351,"j":362},{"i":361,"j":371},{"i":346,"j":370},{"i":359,"j":376},{"i":363,"j":376},{"i":331,"j":364},{"i":356,"j":371},{"i":353,"j":366},{"i":369,"j":379},{"i":366,"j":367},{"i":357,"j":378},{"i":350,"j":357},{"i":341,"j":363},{"i":347,"j":437},{"i":294,"j":347},{"i":367,"j":369},{"i":362,"j":374},{"i":374,"j":387},{"i":357,"j":388},{"i":370,"j":374},{"i":360,"j":405},{"i":380,"j":403},{"i":366,"j":381},{"i":383,"j":410},{"i":344,"j":360},{"i":376,"j":430},{"i":368,"j":405},{"i":361,"j":387},{"i":375,"j":385},{"i":365,"j":380},{"i":347,"j":379},{"i":372,"j":384},{"i":371,"j":377},{"i":378,"j":384},{"i":357,"j":380},{"i":368,"j":373},{"i":376,"j":383},{"i":373,"j":376},{"i":375,"j":381},{"i":385,"j":396},{"i":379,"j":385},{"i":386,"j":405},{"i":390,"j":409},{"i":377,"j":403},{"i":384,"j":393},{"i":381,"j":384},{"i":389,"j":401},{"i":389,"j":400},{"i":387,"j":389},{"i":387,"j":400},{"i":398,"j":435},{"i":394,"j":403},{"i":377,"j":394},{"i":384,"j":397},{"i":392,"j":406},{"i":391,"j":392},{"i":390,"j":394},{"i":377,"j":390},{"i":392,"j":393},{"i":388,"j":397},{"i":378,"j":388},{"i":385,"j":391},{"i":396,"j":437},{"i":379,"j":396},{"i":397,"j":408},{"i":397,"j":399},{"i":403,"j":414},{"i":388,"j":403},{"i":374,"j":382},{"i":382,"j":402},{"i":390,"j":400},{"i":382,"j":386},{"i":393,"j":395},{"i":402,"j":412},{"i":401,"j":402},{"i":386,"j":398},{"i":407,"j":424},{"i":402,"j":407},{"i":373,"j":383},{"i":391,"j":422},{"i":404,"j":407},{"i":398,"j":404},{"i":403,"j":416},{"i":395,"j":423},{"i":401,"j":415},{"i":407,"j":432},{"i":411,"j":423},{"i":406,"j":411},{"i":405,"j":435},{"i":419,"j":464},{"i":404,"j":457},{"i":413,"j":422},{"i":408,"j":414},{"i":412,"j":415},{"i":399,"j":423},{"i":395,"j":399},{"i":409,"j":427},{"i":408,"j":423},{"i":406,"j":428},{"i":410,"j":418},{"i":418,"j":419},{"i":426,"j":433},{"i":415,"j":426},{"i":426,"j":434},{"i":417,"j":428},{"i":411,"j":417},{"i":413,"j":441},{"i":417,"j":421},{"i":409,"j":431},{"i":416,"j":442},{"i":414,"j":416},{"i":412,"j":424},{"i":400,"j":415},{"i":423,"j":429},{"i":421,"j":423},{"i":427,"j":431},{"i":420,"j":440},{"i":410,"j":420},{"i":364,"j":430},{"i":358,"j":364},{"i":431,"j":433},{"i":405,"j":419},{"i":424,"j":434},{"i":435,"j":466},{"i":420,"j":425},{"i":428,"j":446},{"i":422,"j":428},{"i":427,"j":442},{"i":396,"j":413},{"i":446,"j":469},{"i":437,"j":441},{"i":436,"j":438},{"i":408,"j":436},{"i":434,"j":443},{"i":433,"j":434},{"i":425,"j":430},{"i":439,"j":440},{"i":425,"j":439},{"i":431,"j":443},{"i":421,"j":456},{"i":443,"j":462},{"i":442,"j":463},{"i":436,"j":442},{"i":434,"j":460},{"i":444,"j":445},{"i":427,"j":444},{"i":450,"j":454},{"i":439,"j":465},{"i":430,"j":448},{"i":447,"j":448},{"i":430,"j":447},{"i":447,"j":449},{"i":446,"j":450},{"i":441,"j":446},{"i":429,"j":458},{"i":448,"j":449},{"i":449,"j":451},{"i":279,"j":452},{"i":450,"j":453},{"i":462,"j":493},{"i":429,"j":438},{"i":455,"j":475},{"i":442,"j":445},{"i":440,"j":484},{"i":418,"j":440},{"i":453,"j":454},{"i":456,"j":480},{"i":432,"j":460},{"i":443,"j":459},{"i":432,"j":457},{"i":453,"j":461},{"i":461,"j":490},{"i":437,"j":461},{"i":455,"j":467},{"i":444,"j":455},{"i":456,"j":458},{"i":457,"j":476},{"i":448,"j":465},{"i":466,"j":474},{"i":451,"j":514},{"i":455,"j":462},{"i":468,"j":495},{"i":467,"j":468},{"i":438,"j":471},{"i":463,"j":478},{"i":468,"j":477},{"i":445,"j":468},{"i":459,"j":460},{"i":473,"j":491},{"i":466,"j":473},{"i":476,"j":483},{"i":457,"j":472},{"i":463,"j":477},{"i":472,"j":483},{"i":472,"j":474},{"i":471,"j":479},{"i":463,"j":498},{"i":478,"j":479},{"i":471,"j":478},{"i":470,"j":485},{"i":458,"j":470},{"i":469,"j":497},{"i":454,"j":469},{"i":479,"j":500},{"i":476,"j":481},{"i":481,"j":482},{"i":460,"j":481},{"i":473,"j":487},{"i":482,"j":493},{"i":471,"j":486},{"i":470,"j":471},{"i":486,"j":488},{"i":485,"j":486},{"i":480,"j":485},{"i":464,"j":491},{"i":492,"j":509},{"i":475,"j":492},{"i":459,"j":493},{"i":467,"j":475},{"i":464,"j":502},{"i":451,"j":452},{"i":480,"j":494},{"i":469,"j":480},{"i":490,"j":628},{"i":437,"j":490},{"i":464,"j":484},{"i":483,"j":505},{"i":482,"j":483},{"i":497,"j":531},{"i":487,"j":504},{"i":474,"j":487},{"i":496,"j":510},{"i":485,"j":488},{"i":501,"j":517},{"i":494,"j":497},{"i":498,"j":515},{"i":499,"j":515},{"i":477,"j":528},{"i":500,"j":523},{"i":488,"j":500},{"i":498,"j":499},{"i":497,"j":521},{"i":499,"j":500},{"i":496,"j":501},{"i":484,"j":496},{"i":501,"j":510},{"i":464,"j":501},{"i":493,"j":506},{"i":492,"j":493},{"i":495,"j":503},{"i":505,"j":511},{"i":504,"j":505},{"i":493,"j":507},{"i":502,"j":519},{"i":501,"j":508},{"i":506,"j":509},{"i":506,"j":530},{"i":465,"j":518},{"i":508,"j":512},{"i":502,"j":508},{"i":525,"j":537},{"i":507,"j":530},{"i":509,"j":513},{"i":503,"j":509},{"i":520,"j":524},{"i":504,"j":520},{"i":512,"j":519},{"i":477,"j":536},{"i":515,"j":543},{"i":491,"j":519},{"i":516,"j":520},{"i":487,"j":516},{"i":510,"j":518},{"i":465,"j":514},{"i":519,"j":520},{"i":516,"j":519},{"i":517,"j":518},{"i":494,"j":523},{"i":519,"j":546},{"i":523,"j":538},{"i":513,"j":529},{"i":495,"j":536},{"i":503,"j":513},{"i":522,"j":530},{"i":511,"j":522},{"i":517,"j":537},{"i":489,"j":526},{"i":452,"j":489},{"i":525,"j":527},{"i":512,"j":525},{"i":540,"j":548},{"i":507,"j":511},{"i":549,"j":557},{"i":537,"j":549},{"i":531,"j":539},{"i":524,"j":532},{"i":522,"j":524},{"i":530,"j":551},{"i":529,"j":530},{"i":519,"j":533},{"i":529,"j":558},{"i":519,"j":527},{"i":538,"j":543},{"i":531,"j":535},{"i":532,"j":533},{"i":514,"j":526},{"i":539,"j":545},{"i":528,"j":541},{"i":535,"j":545},{"i":538,"j":539},{"i":531,"j":538},{"i":540,"j":541},{"i":528,"j":540},{"i":521,"j":542},{"i":490,"j":521},{"i":521,"j":535},{"i":545,"j":597},{"i":515,"j":550},{"i":556,"j":586},{"i":490,"j":542},{"i":538,"j":547},{"i":527,"j":537},{"i":541,"j":550},{"i":547,"j":560},{"i":545,"j":547},{"i":536,"j":570},{"i":530,"j":532},{"i":518,"j":586},{"i":555,"j":566},{"i":553,"j":555},{"i":533,"j":546},{"i":552,"j":561},{"i":532,"j":552},{"i":546,"j":559},{"i":489,"j":534},{"i":553,"j":579},{"i":554,"j":555},{"i":534,"j":554},{"i":564,"j":580},{"i":526,"j":544},{"i":559,"j":567},{"i":549,"j":556},{"i":543,"j":568},{"i":551,"j":558},{"i":563,"j":577},{"i":567,"j":573},{"i":550,"j":568},{"i":560,"j":597},{"i":552,"j":559},{"i":530,"j":563},{"i":536,"j":558},{"i":561,"j":563},{"i":569,"j":581},{"i":579,"j":590},{"i":544,"j":553},{"i":571,"j":575},{"i":557,"j":571},{"i":564,"j":565},{"i":544,"j":564},{"i":566,"j":590},{"i":558,"j":574},{"i":568,"j":592},{"i":560,"j":568},{"i":567,"j":572},{"i":561,"j":567},{"i":548,"j":584},{"i":556,"j":569},{"i":555,"j":590},{"i":546,"j":575},{"i":562,"j":577},{"i":562,"j":578},{"i":551,"j":562},{"i":557,"j":575},{"i":572,"j":577},{"i":570,"j":589},{"i":569,"j":585},{"i":548,"j":570},{"i":576,"j":606},{"i":568,"j":576},{"i":573,"j":582},{"i":608,"j":674},{"i":553,"j":566},{"i":586,"j":603},{"i":579,"j":580},{"i":565,"j":583},{"i":575,"j":587},{"i":573,"j":575},{"i":588,"j":602},{"i":581,"j":585},{"i":571,"j":581},{"i":576,"j":584},{"i":569,"j":593},{"i":587,"j":604},{"i":582,"j":587},{"i":514,"j":583},{"i":588,"j":609},{"i":594,"j":602},{"i":574,"j":598},{"i":570,"j":574},{"i":589,"j":595},{"i":580,"j":614},{"i":584,"j":589},{"i":578,"j":601},{"i":582,"j":609},{"i":572,"j":582},{"i":589,"j":598},{"i":588,"j":594},{"i":577,"j":588},{"i":594,"j":596},{"i":592,"j":597},{"i":597,"j":605},{"i":584,"j":591},{"i":574,"j":578},{"i":578,"j":596},{"i":591,"j":595},{"i":596,"j":610},{"i":600,"j":601},{"i":604,"j":619},{"i":599,"j":603},{"i":583,"j":599},{"i":593,"j":617},{"i":603,"j":617},{"i":593,"j":603},{"i":591,"j":629},{"i":605,"j":628},{"i":542,"j":605},{"i":600,"j":607},{"i":598,"j":600},{"i":592,"j":651},{"i":596,"j":615},{"i":599,"j":611},{"i":590,"j":608},{"i":607,"j":618},{"i":595,"j":607},{"i":582,"j":604},{"i":624,"j":636},{"i":609,"j":620},{"i":583,"j":612},{"i":565,"j":614},{"i":610,"j":613},{"i":616,"j":623},{"i":608,"j":614},{"i":613,"j":616},{"i":601,"j":613},{"i":602,"j":622},{"i":610,"j":615},{"i":612,"j":624},{"i":611,"j":612},{"i":607,"j":623},{"i":622,"j":630},{"i":585,"j":621},{"i":626,"j":645},{"i":619,"j":626},{"i":609,"j":619},{"i":627,"j":631},{"i":620,"j":627},{"i":620,"j":622},{"i":618,"j":629},{"i":616,"j":625},{"i":612,"j":638},{"i":618,"j":648},{"i":615,"j":630},{"i":626,"j":627},{"i":630,"j":643},{"i":641,"j":668},{"i":621,"j":644},{"i":619,"j":621},{"i":617,"j":650},{"i":611,"j":633},{"i":624,"j":633},{"i":632,"j":634},{"i":617,"j":632},{"i":606,"j":651},{"i":625,"j":630},{"i":632,"j":633},{"i":635,"j":637},{"i":625,"j":635},{"i":653,"j":661},{"i":639,"j":658},{"i":612,"j":614},{"i":625,"j":637},{"i":634,"j":650},{"i":617,"j":634},{"i":645,"j":652},{"i":642,"j":648},{"i":640,"j":642},{"i":640,"j":648},{"i":623,"j":640},{"i":641,"j":642},{"i":637,"j":641},{"i":631,"j":646},{"i":635,"j":665},{"i":621,"j":639},{"i":644,"j":645},{"i":643,"j":681},{"i":631,"j":645},{"i":629,"j":649},{"i":648,"j":659},{"i":649,"j":663},{"i":643,"j":646},{"i":629,"j":663},{"i":636,"j":653},{"i":633,"j":636},{"i":647,"j":704},{"i":628,"j":647},{"i":606,"j":649},{"i":669,"j":687},{"i":644,"j":658},{"i":650,"j":656},{"i":636,"j":654},{"i":653,"j":654},{"i":654,"j":662},{"i":614,"j":655},{"i":650,"j":672},{"i":662,"j":671},{"i":661,"j":662},{"i":635,"j":643},{"i":660,"j":676},{"i":659,"j":660},{"i":663,"j":680},{"i":657,"j":660},{"i":648,"j":657},{"i":656,"j":664},{"i":639,"j":656},{"i":638,"j":662},{"i":638,"j":655},{"i":647,"j":651},{"i":659,"j":663},{"i":671,"j":679},{"i":646,"j":652},{"i":666,"j":669},{"i":665,"j":666},{"i":658,"j":677},{"i":665,"j":669},{"i":668,"j":670},{"i":668,"j":669},{"i":554,"j":699},{"i":661,"j":679},{"i":673,"j":688},{"i":554,"j":674},{"i":655,"j":673},{"i":657,"j":670},{"i":676,"j":690},{"i":664,"j":685},{"i":675,"j":678},{"i":655,"j":675},{"i":677,"j":683},{"i":667,"j":677},{"i":671,"j":678},{"i":686,"j":695},{"i":652,"j":667},{"i":685,"j":689},{"i":672,"j":716},{"i":681,"j":687},{"i":666,"j":681},{"i":684,"j":705},{"i":683,"j":686},{"i":667,"j":683},{"i":682,"j":685},{"i":664,"j":682},{"i":687,"j":706},{"i":674,"j":688},{"i":673,"j":674},{"i":682,"j":716},{"i":689,"j":701},{"i":677,"j":689},{"i":676,"j":696},{"i":690,"j":691},{"i":680,"j":691},{"i":680,"j":697},{"i":684,"j":692},{"i":695,"j":702},{"i":670,"j":703},{"i":697,"j":708},{"i":692,"j":697},{"i":686,"j":693},{"i":701,"j":715},{"i":693,"j":701},{"i":690,"j":709},{"i":694,"j":697},{"i":691,"j":694},{"i":692,"j":723},{"i":670,"j":698},{"i":688,"j":699},{"i":675,"j":688},{"i":695,"j":700},{"i":702,"j":710},{"i":700,"j":702},{"i":672,"j":679},{"i":706,"j":710},{"i":698,"j":714},{"i":651,"j":684},{"i":705,"j":732},{"i":704,"j":705},{"i":681,"j":700},{"i":696,"j":721},{"i":707,"j":708},{"i":694,"j":707},{"i":706,"j":712},{"i":698,"j":706},{"i":726,"j":773},{"i":703,"j":713},{"i":696,"j":703},{"i":708,"j":723},{"i":709,"j":711},{"i":707,"j":709},{"i":706,"j":724},{"i":713,"j":721},{"i":698,"j":712},{"i":714,"j":719},{"i":679,"j":729},{"i":693,"j":720},{"i":715,"j":720},{"i":731,"j":752},{"i":716,"j":718},{"i":714,"j":725},{"i":713,"j":719},{"i":723,"j":733},{"i":717,"j":727},{"i":710,"j":717},{"i":718,"j":722},{"i":715,"j":718},{"i":711,"j":735},{"i":708,"j":711},{"i":726,"j":730},{"i":719,"j":736},{"i":712,"j":728},{"i":699,"j":726},{"i":731,"j":748},{"i":727,"j":731},{"i":724,"j":727},{"i":724,"j":738},{"i":728,"j":751},{"i":678,"j":726},{"i":716,"j":729},{"i":738,"j":748},{"i":723,"j":732},{"i":742,"j":751},{"i":738,"j":742},{"i":719,"j":725},{"i":725,"j":728},{"i":741,"j":747},{"i":709,"j":721},{"i":724,"j":731},{"i":739,"j":771},{"i":735,"j":737},{"i":737,"j":755},{"i":729,"j":730},{"i":733,"j":740},{"i":732,"j":733},{"i":737,"j":740},{"i":734,"j":747},{"i":741,"j":744},{"i":734,"j":741},{"i":717,"j":720},{"i":752,"j":757},{"i":721,"j":734},{"i":743,"j":744},{"i":740,"j":775},{"i":743,"j":745},{"i":735,"j":743},{"i":745,"j":755},{"i":734,"j":736},{"i":753,"j":758},{"i":748,"j":754},{"i":739,"j":749},{"i":716,"j":739},{"i":760,"j":767},{"i":742,"j":750},{"i":746,"j":759},{"i":750,"j":765},{"i":752,"j":761},{"i":744,"j":746},{"i":762,"j":770},{"i":753,"j":756},{"i":745,"j":753},{"i":756,"j":766},{"i":746,"j":747},{"i":720,"j":722},{"i":747,"j":764},{"i":751,"j":763},{"i":736,"j":751},{"i":756,"j":786},{"i":750,"j":768},{"i":749,"j":760},{"i":760,"j":761},{"i":722,"j":760},{"i":750,"j":754},{"i":763,"j":764},{"i":757,"j":772},{"i":777,"j":786},{"i":765,"j":769},{"i":763,"j":765},{"i":762,"j":767},{"i":749,"j":762},{"i":755,"j":766},{"i":768,"j":769},{"i":761,"j":778},{"i":757,"j":761},{"i":730,"j":771},{"i":761,"j":795},{"i":699,"j":773},{"i":772,"j":774},{"i":754,"j":772},{"i":772,"j":778},{"i":779,"j":793},{"i":783,"j":808},{"i":774,"j":776},{"i":781,"j":785},{"i":775,"j":781},{"i":774,"j":784},{"i":777,"j":781},{"i":766,"j":777},{"i":776,"j":779},{"i":768,"j":776},{"i":775,"j":780},{"i":704,"j":775},{"i":628,"j":780},{"i":758,"j":799},{"i":788,"j":799},{"i":771,"j":787},{"i":699,"j":783},{"i":782,"j":784},{"i":778,"j":782},{"i":785,"j":789},{"i":758,"j":759},{"i":785,"j":797},{"i":786,"j":788},{"i":784,"j":793},{"i":773,"j":791},{"i":763,"j":769},{"i":788,"j":789},{"i":790,"j":803},{"i":769,"j":790},{"i":768,"j":779},{"i":783,"j":791},{"i":782,"j":794},{"i":764,"j":803},{"i":759,"j":764},{"i":767,"j":822},{"i":792,"j":793},{"i":794,"j":796},{"i":793,"j":796},{"i":794,"j":795},{"i":785,"j":804},{"i":806,"j":818},{"i":803,"j":809},{"i":790,"j":792},{"i":758,"j":798},{"i":797,"j":800},{"i":797,"j":805},{"i":801,"j":814},{"i":780,"j":800},{"i":800,"j":802},{"i":804,"j":815},{"i":789,"j":799},{"i":780,"j":802},{"i":805,"j":815},{"i":802,"j":805},{"i":798,"j":818},{"i":806,"j":811},{"i":804,"j":806},{"i":801,"j":807},{"i":792,"j":801},{"i":791,"j":808},{"i":803,"j":810},{"i":799,"j":818},{"i":804,"j":811},{"i":798,"j":819},{"i":809,"j":819},{"i":803,"j":807},{"i":812,"j":813},{"i":796,"j":812},{"i":813,"j":817},{"i":813,"j":814},{"i":804,"j":830},{"i":821,"j":851},{"i":836,"j":885},{"i":814,"j":816},{"i":809,"j":820},{"i":811,"j":837},{"i":810,"j":821},{"i":809,"j":810},{"i":820,"j":829},{"i":819,"j":820},{"i":807,"j":816},{"i":770,"j":787},{"i":817,"j":828},{"i":825,"j":833},{"i":812,"j":825},{"i":808,"j":824},{"i":787,"j":808},{"i":823,"j":828},{"i":795,"j":822},{"i":823,"j":826},{"i":816,"j":823},{"i":822,"j":846},{"i":828,"j":835},{"i":824,"j":827},{"i":770,"j":824},{"i":821,"j":829},{"i":848,"j":885},{"i":829,"j":831},{"i":818,"j":829},{"i":803,"j":826},{"i":837,"j":850},{"i":834,"j":837},{"i":831,"j":837},{"i":833,"j":839},{"i":830,"j":837},{"i":834,"j":844},{"i":817,"j":833},{"i":827,"j":836},{"i":822,"j":827},{"i":830,"j":834},{"i":832,"j":835},{"i":836,"j":838},{"i":830,"j":842},{"i":840,"j":841},{"i":815,"j":840},{"i":840,"j":842},{"i":841,"j":864},{"i":802,"j":841},{"i":832,"j":845},{"i":826,"j":832},{"i":844,"j":855},{"i":842,"j":844},{"i":810,"j":870},{"i":838,"j":846},{"i":822,"j":838},{"i":847,"j":853},{"i":854,"j":862},{"i":847,"j":852},{"i":845,"j":847},{"i":825,"j":846},{"i":843,"j":864},{"i":841,"j":843},{"i":851,"j":860},{"i":831,"j":861},{"i":845,"j":857},{"i":856,"j":872},{"i":839,"j":853},{"i":835,"j":839},{"i":852,"j":857},{"i":852,"j":853},{"i":848,"j":854},{"i":846,"j":848},{"i":859,"j":863},{"i":844,"j":850},{"i":849,"j":856},{"i":843,"j":849},{"i":849,"j":855},{"i":855,"j":867},{"i":851,"j":869},{"i":854,"j":859},{"i":833,"j":854},{"i":858,"j":859},{"i":854,"j":858},{"i":863,"j":871},{"i":860,"j":866},{"i":860,"j":861},{"i":861,"j":881},{"i":824,"j":885},{"i":859,"j":877},{"i":863,"j":865},{"i":867,"j":868},{"i":851,"j":873},{"i":850,"j":868},{"i":867,"j":879},{"i":850,"j":881},{"i":857,"j":870},{"i":810,"j":857},{"i":874,"j":883},{"i":857,"j":882},{"i":856,"j":867},{"i":869,"j":880},{"i":866,"j":869},{"i":851,"j":878},{"i":866,"j":881},{"i":886,"j":897},{"i":865,"j":876},{"i":853,"j":865},{"i":875,"j":882},{"i":857,"j":875},{"i":858,"j":862},{"i":896,"j":899},{"i":874,"j":879},{"i":867,"j":874},{"i":880,"j":883},{"i":869,"j":873},{"i":883,"j":894},{"i":880,"j":888},{"i":876,"j":884},{"i":875,"j":876},{"i":879,"j":894},{"i":881,"j":883},{"i":868,"j":881},{"i":878,"j":891},{"i":873,"j":878},{"i":871,"j":897},{"i":877,"j":887},{"i":808,"j":885},{"i":862,"j":885},{"i":887,"j":897},{"i":871,"j":887},{"i":877,"j":886},{"i":882,"j":893},{"i":883,"j":888},{"i":808,"j":896},{"i":872,"j":890},{"i":864,"j":872},{"i":878,"j":892},{"i":891,"j":898},{"i":888,"j":891},{"i":889,"j":892},{"i":870,"j":889},{"i":893,"j":899},{"i":884,"j":899},{"i":893,"j":898},{"i":889,"j":893},{"i":885,"j":895},{"i":895,"j":896},{"i":886,"j":895},{"i":896,"j":897},{"i":892,"j":898},{"i":897,"j":899},{"i":884,"j":897},{"i":0,"j":5},{"i":5,"j":63},{"i":63,"j":294},{"i":294,"j":437},{"i":437,"j":628},{"i":628,"j":864},{"i":864,"j":890},{"i":890,"j":894},{"i":894,"j":898},{"i":898,"j":899}],"type":"Solution"}