{"instance_name":"paris-0000300","edges":[{"i":11,"j":38},{"i":1,"j":8},{"i":7,"j":15},{"i":2,"j":5},{"i":0,"j":2},{"i":2,"j":9},{"i":2,"j":4},{"i":3,"j":7},{"i":4,"j":11},{"i":7,"j":13},{"i":6,"j":7},{"i":5,"j":10},{"i":0,"j":5},{"i":13,"j":20},{"i":6,"j":13},{"i":14,"j":30},{"i":9,"j":24},{"i":7,"j":12},{"i":12,"j":20},{"i":17,"j":33},{"i":11,"j":14},{"i":9,"j":11},{"i":18,"j":19},{"i":12,"j":15},{"i":10,"j":17},{"i":8,"j":19},{"i":17,"j":23},{"i":16,"j":17},{"i":8,"j":16},{"i":16,"j":23},{"i":25,"j":27},{"i":20,"j":47},{"i":18,"j":22},{"i":15,"j":18},{"i":21,"j":39},{"i":20,"j":21},{"i":22,"j":39},{"i":21,"j":22},{"i":23,"j":39},{"i":19,"j":23},{"i":14,"j":24},{"i":24,"j":25},{"i":25,"j":31},{"i":14,"j":26},{"i":31,"j":35},{"i":27,"j":28},{"i":10,"j":27},{"i":28,"j":32},{"i":17,"j":28},{"i":24,"j":26},{"i":29,"j":34},{"i":26,"j":29},{"i":4,"j":38},{"i":32,"j":35},{"i":31,"j":32},{"i":35,"j":42},{"i":36,"j":43},{"i":33,"j":39},{"i":31,"j":51},{"i":35,"j":36},{"i":41,"j":45},{"i":34,"j":40},{"i":31,"j":34},{"i":29,"j":30},{"i":30,"j":48},{"i":33,"j":36},{"i":38,"j":53},{"i":37,"j":41},{"i":29,"j":37},{"i":42,"j":43},{"i":39,"j":43},{"i":43,"j":50},{"i":41,"j":44},{"i":40,"j":41},{"i":44,"j":49},{"i":40,"j":44},{"i":37,"j":46},{"i":45,"j":49},{"i":37,"j":56},{"i":46,"j":49},{"i":45,"j":46},{"i":46,"j":61},{"i":50,"j":52},{"i":47,"j":50},{"i":40,"j":55},{"i":56,"j":62},{"i":52,"j":59},{"i":37,"j":48},{"i":42,"j":57},{"i":53,"j":90},{"i":54,"j":59},{"i":52,"j":54},{"i":49,"j":58},{"i":51,"j":55},{"i":51,"j":65},{"i":54,"j":57},{"i":54,"j":67},{"i":59,"j":60},{"i":47,"j":60},{"i":57,"j":65},{"i":58,"j":64},{"i":55,"j":58},{"i":56,"j":66},{"i":63,"j":81},{"i":61,"j":68},{"i":64,"j":65},{"i":65,"j":69},{"i":48,"j":53},{"i":63,"j":67},{"i":54,"j":63},{"i":75,"j":80},{"i":62,"j":71},{"i":61,"j":62},{"i":68,"j":73},{"i":64,"j":68},{"i":64,"j":83},{"i":66,"j":78},{"i":70,"j":76},{"i":62,"j":72},{"i":70,"j":72},{"i":62,"j":70},{"i":72,"j":76},{"i":66,"j":74},{"i":67,"j":75},{"i":75,"j":77},{"i":60,"j":75},{"i":61,"j":71},{"i":77,"j":95},{"i":60,"j":77},{"i":74,"j":78},{"i":70,"j":74},{"i":38,"j":183},{"i":83,"j":89},{"i":63,"j":69},{"i":80,"j":95},{"i":69,"j":91},{"i":73,"j":84},{"i":76,"j":87},{"i":71,"j":76},{"i":79,"j":84},{"i":73,"j":79},{"i":83,"j":86},{"i":81,"j":85},{"i":84,"j":86},{"i":83,"j":84},{"i":82,"j":88},{"i":79,"j":82},{"i":82,"j":87},{"i":88,"j":93},{"i":89,"j":94},{"i":78,"j":92},{"i":66,"j":96},{"i":89,"j":91},{"i":93,"j":101},{"i":85,"j":109},{"i":93,"j":94},{"i":86,"j":93},{"i":100,"j":105},{"i":80,"j":85},{"i":99,"j":109},{"i":85,"j":99},{"i":92,"j":100},{"i":90,"j":96},{"i":95,"j":97},{"i":47,"j":95},{"i":91,"j":102},{"i":98,"j":99},{"i":81,"j":98},{"i":101,"j":106},{"i":98,"j":110},{"i":107,"j":138},{"i":117,"j":131},{"i":104,"j":111},{"i":87,"j":100},{"i":102,"j":104},{"i":104,"j":110},{"i":98,"j":104},{"i":101,"j":112},{"i":100,"j":130},{"i":103,"j":107},{"i":88,"j":103},{"i":103,"j":105},{"i":106,"j":108},{"i":94,"j":106},{"i":117,"j":136},{"i":109,"j":113},{"i":111,"j":114},{"i":107,"j":112},{"i":110,"j":114},{"i":119,"j":127},{"i":113,"j":116},{"i":108,"j":115},{"i":102,"j":108},{"i":114,"j":120},{"i":106,"j":119},{"i":116,"j":148},{"i":97,"j":116},{"i":115,"j":118},{"i":111,"j":115},{"i":112,"j":136},{"i":114,"j":122},{"i":106,"j":117},{"i":114,"j":123},{"i":113,"j":120},{"i":124,"j":126},{"i":121,"j":148},{"i":116,"j":121},{"i":114,"j":125},{"i":122,"j":124},{"i":120,"j":122},{"i":118,"j":125},{"i":123,"j":124},{"i":121,"j":126},{"i":123,"j":133},{"i":125,"j":137},{"i":126,"j":134},{"i":119,"j":132},{"i":127,"j":128},{"i":118,"j":127},{"i":129,"j":141},{"i":121,"j":129},{"i":128,"j":149},{"i":96,"j":130},{"i":92,"j":96},{"i":131,"j":132},{"i":133,"j":137},{"i":125,"j":128},{"i":126,"j":133},{"i":90,"j":183},{"i":105,"j":138},{"i":96,"j":135},{"i":130,"j":138},{"i":140,"j":145},{"i":132,"j":139},{"i":137,"j":144},{"i":134,"j":137},{"i":130,"j":150},{"i":136,"j":140},{"i":131,"j":136},{"i":145,"j":153},{"i":139,"j":147},{"i":127,"j":139},{"i":129,"j":134},{"i":143,"j":154},{"i":139,"j":143},{"i":135,"j":142},{"i":137,"j":157},{"i":140,"j":143},{"i":137,"j":155},{"i":138,"j":152},{"i":136,"j":138},{"i":142,"j":150},{"i":135,"j":146},{"i":144,"j":160},{"i":141,"j":144},{"i":139,"j":156},{"i":141,"j":148},{"i":152,"j":158},{"i":147,"j":149},{"i":128,"j":147},{"i":150,"j":169},{"i":158,"j":173},{"i":150,"j":151},{"i":138,"j":151},{"i":154,"j":161},{"i":153,"j":154},{"i":156,"j":175},{"i":149,"j":157},{"i":160,"j":165},{"i":156,"j":157},{"i":159,"j":166},{"i":153,"j":159},{"i":154,"j":164},{"i":152,"j":168},{"i":158,"j":159},{"i":145,"j":158},{"i":155,"j":160},{"i":148,"j":160},{"i":162,"j":180},{"i":162,"j":163},{"i":160,"j":162},{"i":163,"j":189},{"i":148,"j":163},{"i":165,"j":180},{"i":157,"j":171},{"i":155,"j":157},{"i":151,"j":169},{"i":161,"j":175},{"i":156,"j":161},{"i":165,"j":167},{"i":171,"j":194},{"i":166,"j":174},{"i":164,"j":166},{"i":142,"j":170},{"i":169,"j":176},{"i":168,"j":169},{"i":142,"j":146},{"i":164,"j":175},{"i":176,"j":185},{"i":167,"j":171},{"i":171,"j":172},{"i":168,"j":177},{"i":178,"j":184},{"i":174,"j":175},{"i":177,"j":185},{"i":173,"j":186},{"i":169,"j":170},{"i":172,"j":178},{"i":167,"j":172},{"i":181,"j":184},{"i":175,"j":182},{"i":173,"j":177},{"i":165,"j":181},{"i":180,"j":190},{"i":178,"j":181},{"i":182,"j":196},{"i":184,"j":194},{"i":174,"j":186},{"i":181,"j":190},{"i":179,"j":185},{"i":179,"j":188},{"i":173,"j":179},{"i":183,"j":191},{"i":146,"j":183},{"i":183,"j":262},{"i":185,"j":192},{"i":186,"j":188},{"i":190,"j":218},{"i":189,"j":190},{"i":171,"j":182},{"i":183,"j":187},{"i":176,"j":198},{"i":201,"j":220},{"i":192,"j":199},{"i":188,"j":192},{"i":187,"j":195},{"i":187,"j":262},{"i":186,"j":197},{"i":193,"j":198},{"i":192,"j":200},{"i":191,"j":201},{"i":170,"j":191},{"i":192,"j":193},{"i":204,"j":210},{"i":197,"j":204},{"i":193,"j":208},{"i":195,"j":201},{"i":197,"j":199},{"i":199,"j":203},{"i":202,"j":206},{"i":196,"j":202},{"i":200,"j":203},{"i":199,"j":200},{"i":199,"j":210},{"i":196,"j":206},{"i":220,"j":243},{"i":194,"j":205},{"i":202,"j":207},{"i":206,"j":214},{"i":202,"j":204},{"i":198,"j":212},{"i":208,"j":213},{"i":203,"j":208},{"i":201,"j":209},{"i":198,"j":201},{"i":212,"j":216},{"i":210,"j":215},{"i":207,"j":210},{"i":209,"j":211},{"i":198,"j":211},{"i":213,"j":217},{"i":212,"j":213},{"i":208,"j":212},{"i":207,"j":224},{"i":219,"j":223},{"i":214,"j":219},{"i":206,"j":224},{"i":205,"j":223},{"i":216,"j":217},{"i":223,"j":230},{"i":229,"j":241},{"i":211,"j":221},{"i":209,"j":220},{"i":221,"j":229},{"i":212,"j":221},{"i":218,"j":240},{"i":205,"j":214},{"i":218,"j":222},{"i":215,"j":226},{"i":222,"j":223},{"i":215,"j":227},{"i":220,"j":225},{"i":195,"j":243},{"i":217,"j":227},{"i":227,"j":238},{"i":219,"j":233},{"i":216,"j":229},{"i":228,"j":236},{"i":221,"j":225},{"i":228,"j":230},{"i":226,"j":235},{"i":222,"j":228},{"i":233,"j":239},{"i":231,"j":245},{"i":227,"j":234},{"i":232,"j":233},{"i":224,"j":232},{"i":230,"j":244},{"i":226,"j":234},{"i":232,"j":235},{"i":230,"j":233},{"i":236,"j":245},{"i":231,"j":236},{"i":234,"j":237},{"i":237,"j":239},{"i":235,"j":237},{"i":238,"j":241},{"i":218,"j":231},{"i":240,"j":263},{"i":189,"j":240},{"i":238,"j":246},{"i":237,"j":238},{"i":242,"j":247},{"i":239,"j":242},{"i":225,"j":243},{"i":248,"j":260},{"i":240,"j":245},{"i":244,"j":252},{"i":250,"j":256},{"i":247,"j":248},{"i":246,"j":250},{"i":251,"j":257},{"i":247,"j":251},{"i":250,"j":251},{"i":242,"j":250},{"i":244,"j":248},{"i":245,"j":252},{"i":241,"j":249},{"i":249,"j":253},{"i":243,"j":254},{"i":229,"j":243},{"i":253,"j":264},{"i":256,"j":257},{"i":255,"j":264},{"i":257,"j":258},{"i":258,"j":271},{"i":255,"j":259},{"i":249,"j":255},{"i":258,"j":260},{"i":264,"j":268},{"i":260,"j":265},{"i":252,"j":260},{"i":259,"j":261},{"i":246,"j":259},{"i":253,"j":254},{"i":243,"j":262},{"i":270,"j":277},{"i":264,"j":270},{"i":256,"j":261},{"i":265,"j":266},{"i":265,"j":273},{"i":261,"j":269},{"i":258,"j":267},{"i":269,"j":272},{"i":267,"j":269},{"i":260,"j":274},{"i":271,"j":274},{"i":259,"j":268},{"i":267,"j":272},{"i":274,"j":292},{"i":270,"j":275},{"i":268,"j":270},{"i":275,"j":276},{"i":278,"j":286},{"i":262,"j":277},{"i":254,"j":262},{"i":274,"j":280},{"i":277,"j":279},{"i":262,"j":289},{"i":278,"j":280},{"i":281,"j":285},{"i":273,"j":278},{"i":273,"j":281},{"i":285,"j":298},{"i":282,"j":283},{"i":281,"j":282},{"i":266,"j":283},{"i":283,"j":284},{"i":293,"j":294},{"i":280,"j":291},{"i":282,"j":285},{"i":276,"j":287},{"i":272,"j":276},{"i":286,"j":298},{"i":285,"j":286},{"i":266,"j":284},{"i":284,"j":288},{"i":271,"j":293},{"i":279,"j":289},{"i":275,"j":279},{"i":289,"j":290},{"i":295,"j":298},{"i":292,"j":295},{"i":291,"j":292},{"i":287,"j":294},{"i":272,"j":287},{"i":289,"j":299},{"i":292,"j":293},{"i":287,"j":290},{"i":295,"j":299},{"i":290,"j":297},{"i":296,"j":299},{"i":294,"j":296},{"i":289,"j":297},{"i":291,"j":298},{"i":297,"j":299},{"i":296,"j":297},{"i":1,"j":3},{"i":3,"j":6},{"i":6,"j":47},{"i":47,"j":97},{"i":97,"j":148},{"i":148,"j":263},{"i":263,"j":266},{"i":266,"j":288},{"i":288,"j":298},{"i":298,"j":299},{"i":0,"j":1}],"type":"Solution"}