{"instance_name":"paris-0000500","edges":[{"i":1,"j":12},{"i":1,"j":5},{"i":0,"j":1},{"i":2,"j":3},{"i":0,"j":2},{"i":3,"j":6},{"i":1,"j":3},{"i":3,"j":4},{"i":10,"j":13},{"i":2,"j":7},{"i":5,"j":11},{"i":0,"j":5},{"i":6,"j":10},{"i":7,"j":15},{"i":7,"j":8},{"i":3,"j":7},{"i":2,"j":9},{"i":6,"j":20},{"i":2,"j":16},{"i":3,"j":8},{"i":1,"j":4},{"i":11,"j":70},{"i":4,"j":13},{"i":13,"j":17},{"i":12,"j":18},{"i":14,"j":22},{"i":12,"j":14},{"i":7,"j":9},{"i":17,"j":40},{"i":21,"j":26},{"i":16,"j":21},{"i":14,"j":24},{"i":17,"j":19},{"i":16,"j":62},{"i":19,"j":24},{"i":18,"j":19},{"i":8,"j":15},{"i":10,"j":28},{"i":9,"j":16},{"i":18,"j":24},{"i":22,"j":27},{"i":11,"j":22},{"i":25,"j":32},{"i":20,"j":25},{"i":23,"j":25},{"i":15,"j":23},{"i":25,"j":43},{"i":27,"j":38},{"i":11,"j":27},{"i":20,"j":30},{"i":24,"j":34},{"i":24,"j":40},{"i":30,"j":31},{"i":25,"j":39},{"i":28,"j":29},{"i":28,"j":35},{"i":21,"j":42},{"i":33,"j":38},{"i":27,"j":33},{"i":29,"j":57},{"i":33,"j":34},{"i":31,"j":37},{"i":29,"j":31},{"i":35,"j":40},{"i":30,"j":32},{"i":36,"j":37},{"i":32,"j":36},{"i":47,"j":51},{"i":38,"j":70},{"i":37,"j":57},{"i":40,"j":52},{"i":39,"j":44},{"i":23,"j":26},{"i":41,"j":43},{"i":26,"j":41},{"i":44,"j":45},{"i":36,"j":44},{"i":21,"j":58},{"i":45,"j":47},{"i":37,"j":45},{"i":42,"j":46},{"i":41,"j":42},{"i":39,"j":55},{"i":50,"j":60},{"i":47,"j":49},{"i":46,"j":48},{"i":53,"j":78},{"i":39,"j":54},{"i":48,"j":50},{"i":43,"j":48},{"i":35,"j":57},{"i":49,"j":57},{"i":56,"j":73},{"i":34,"j":52},{"i":53,"j":70},{"i":38,"j":53},{"i":49,"j":51},{"i":54,"j":63},{"i":50,"j":55},{"i":54,"j":56},{"i":51,"j":56},{"i":55,"j":60},{"i":46,"j":58},{"i":2,"j":62},{"i":55,"j":65},{"i":57,"j":73},{"i":72,"j":85},{"i":63,"j":73},{"i":58,"j":61},{"i":68,"j":79},{"i":61,"j":83},{"i":65,"j":69},{"i":64,"j":65},{"i":67,"j":68},{"i":60,"j":67},{"i":67,"j":72},{"i":65,"j":68},{"i":52,"j":59},{"i":74,"j":80},{"i":63,"j":64},{"i":64,"j":75},{"i":66,"j":72},{"i":58,"j":66},{"i":66,"j":83},{"i":69,"j":76},{"i":62,"j":91},{"i":59,"j":82},{"i":69,"j":74},{"i":59,"j":71},{"i":77,"j":88},{"i":70,"j":77},{"i":71,"j":73},{"i":77,"j":78},{"i":75,"j":76},{"i":67,"j":81},{"i":74,"j":79},{"i":85,"j":96},{"i":73,"j":75},{"i":80,"j":84},{"i":76,"j":80},{"i":78,"j":82},{"i":79,"j":89},{"i":61,"j":62},{"i":81,"j":89},{"i":84,"j":92},{"i":86,"j":87},{"i":73,"j":86},{"i":70,"j":88},{"i":87,"j":90},{"i":81,"j":85},{"i":87,"j":93},{"i":89,"j":101},{"i":84,"j":89},{"i":90,"j":95},{"i":71,"j":90},{"i":86,"j":92},{"i":92,"j":101},{"i":95,"j":104},{"i":95,"j":99},{"i":82,"j":95},{"i":91,"j":97},{"i":89,"j":96},{"i":94,"j":103},{"i":83,"j":94},{"i":93,"j":104},{"i":82,"j":115},{"i":98,"j":100},{"i":96,"j":98},{"i":102,"j":111},{"i":88,"j":102},{"i":100,"j":110},{"i":93,"j":101},{"i":107,"j":120},{"i":102,"j":105},{"i":105,"j":115},{"i":98,"j":103},{"i":100,"j":106},{"i":97,"j":107},{"i":94,"j":97},{"i":99,"j":115},{"i":109,"j":118},{"i":110,"j":125},{"i":101,"j":110},{"i":105,"j":109},{"i":115,"j":117},{"i":107,"j":112},{"i":112,"j":113},{"i":114,"j":118},{"i":109,"j":114},{"i":99,"j":119},{"i":113,"j":116},{"i":103,"j":113},{"i":120,"j":140},{"i":108,"j":134},{"i":106,"j":108},{"i":114,"j":117},{"i":118,"j":124},{"i":119,"j":128},{"i":106,"j":134},{"i":119,"j":121},{"i":91,"j":313},{"i":122,"j":125},{"i":122,"j":123},{"i":101,"j":122},{"i":126,"j":132},{"i":117,"j":129},{"i":111,"j":124},{"i":123,"j":127},{"i":116,"j":126},{"i":108,"j":116},{"i":125,"j":135},{"i":123,"j":125},{"i":127,"j":128},{"i":104,"j":127},{"i":117,"j":121},{"i":124,"j":129},{"i":121,"j":138},{"i":130,"j":141},{"i":129,"j":130},{"i":128,"j":147},{"i":126,"j":131},{"i":135,"j":144},{"i":112,"j":120},{"i":131,"j":137},{"i":120,"j":133},{"i":131,"j":134},{"i":134,"j":171},{"i":125,"j":134},{"i":135,"j":136},{"i":136,"j":146},{"i":127,"j":136},{"i":132,"j":139},{"i":128,"j":151},{"i":134,"j":144},{"i":132,"j":145},{"i":132,"j":133},{"i":91,"j":140},{"i":130,"j":138},{"i":148,"j":307},{"i":140,"j":142},{"i":134,"j":137},{"i":146,"j":151},{"i":139,"j":145},{"i":137,"j":139},{"i":143,"j":144},{"i":143,"j":149},{"i":136,"j":143},{"i":147,"j":152},{"i":142,"j":148},{"i":133,"j":142},{"i":145,"j":150},{"i":149,"j":154},{"i":146,"j":149},{"i":158,"j":181},{"i":147,"j":155},{"i":137,"j":150},{"i":152,"j":153},{"i":155,"j":163},{"i":138,"j":153},{"i":154,"j":182},{"i":151,"j":158},{"i":155,"j":156},{"i":152,"j":155},{"i":155,"j":165},{"i":141,"j":161},{"i":157,"j":168},{"i":153,"j":166},{"i":151,"j":170},{"i":148,"j":159},{"i":156,"j":166},{"i":153,"j":156},{"i":160,"j":167},{"i":141,"j":160},{"i":171,"j":186},{"i":158,"j":165},{"i":159,"j":162},{"i":155,"j":169},{"i":124,"j":157},{"i":151,"j":154},{"i":163,"j":177},{"i":156,"j":163},{"i":166,"j":173},{"i":160,"j":166},{"i":161,"j":176},{"i":157,"j":176},{"i":164,"j":168},{"i":155,"j":172},{"i":162,"j":198},{"i":144,"j":184},{"i":172,"j":179},{"i":169,"j":172},{"i":162,"j":171},{"i":150,"j":162},{"i":165,"j":185},{"i":172,"j":185},{"i":169,"j":177},{"i":167,"j":176},{"i":161,"j":167},{"i":175,"j":191},{"i":168,"j":175},{"i":173,"j":178},{"i":176,"j":187},{"i":184,"j":190},{"i":182,"j":184},{"i":174,"j":180},{"i":173,"j":174},{"i":176,"j":178},{"i":174,"j":177},{"i":177,"j":183},{"i":180,"j":183},{"i":178,"j":180},{"i":149,"j":184},{"i":177,"j":195},{"i":170,"j":182},{"i":181,"j":193},{"i":183,"j":192},{"i":182,"j":190},{"i":162,"j":196},{"i":178,"j":192},{"i":177,"j":179},{"i":188,"j":190},{"i":188,"j":189},{"i":170,"j":188},{"i":179,"j":197},{"i":190,"j":207},{"i":175,"j":187},{"i":195,"j":197},{"i":164,"j":191},{"i":181,"j":189},{"i":194,"j":207},{"i":189,"j":194},{"i":186,"j":204},{"i":184,"j":186},{"i":185,"j":206},{"i":198,"j":211},{"i":162,"j":199},{"i":205,"j":225},{"i":186,"j":196},{"i":202,"j":210},{"i":197,"j":202},{"i":201,"j":203},{"i":194,"j":201},{"i":196,"j":211},{"i":200,"j":205},{"i":192,"j":200},{"i":187,"j":205},{"i":193,"j":212},{"i":228,"j":241},{"i":202,"j":206},{"i":204,"j":207},{"i":203,"j":209},{"i":193,"j":203},{"i":206,"j":214},{"i":201,"j":228},{"i":208,"j":212},{"i":193,"j":208},{"i":200,"j":216},{"i":217,"j":234},{"i":209,"j":220},{"i":208,"j":209},{"i":187,"j":215},{"i":211,"j":233},{"i":212,"j":214},{"i":191,"j":213},{"i":192,"j":195},{"i":215,"j":223},{"i":213,"j":215},{"i":210,"j":218},{"i":214,"j":217},{"i":210,"j":214},{"i":217,"j":218},{"i":218,"j":221},{"i":216,"j":225},{"i":207,"j":228},{"i":224,"j":242},{"i":220,"j":222},{"i":230,"j":235},{"i":219,"j":224},{"i":216,"j":219},{"i":223,"j":227},{"i":213,"j":223},{"i":221,"j":226},{"i":219,"j":221},{"i":224,"j":225},{"i":215,"j":231},{"i":225,"j":230},{"i":191,"j":227},{"i":220,"j":238},{"i":228,"j":229},{"i":231,"j":235},{"i":215,"j":230},{"i":224,"j":226},{"i":231,"j":232},{"i":236,"j":261},{"i":222,"j":240},{"i":212,"j":222},{"i":238,"j":256},{"i":226,"j":234},{"i":227,"j":232},{"i":236,"j":250},{"i":191,"j":236},{"i":232,"j":261},{"i":204,"j":233},{"i":238,"j":246},{"i":237,"j":239},{"i":233,"j":237},{"i":238,"j":240},{"i":237,"j":247},{"i":239,"j":241},{"i":228,"j":239},{"i":234,"j":244},{"i":242,"j":254},{"i":199,"j":245},{"i":198,"j":199},{"i":246,"j":251},{"i":243,"j":245},{"i":199,"j":243},{"i":242,"j":244},{"i":249,"j":267},{"i":248,"j":249},{"i":245,"j":247},{"i":237,"j":249},{"i":220,"j":229},{"i":235,"j":254},{"i":251,"j":272},{"i":240,"j":253},{"i":253,"j":258},{"i":240,"j":246},{"i":242,"j":257},{"i":254,"j":266},{"i":252,"j":253},{"i":241,"j":248},{"i":244,"j":252},{"i":254,"j":257},{"i":255,"j":258},{"i":240,"j":255},{"i":255,"j":272},{"i":243,"j":301},{"i":159,"j":259},{"i":232,"j":254},{"i":268,"j":283},{"i":260,"j":262},{"i":252,"j":260},{"i":262,"j":271},{"i":244,"j":262},{"i":263,"j":264},{"i":247,"j":263},{"i":264,"j":268},{"i":266,"j":276},{"i":261,"j":277},{"i":265,"j":266},{"i":254,"j":265},{"i":249,"j":264},{"i":229,"j":269},{"i":267,"j":269},{"i":248,"j":267},{"i":274,"j":288},{"i":267,"j":268},{"i":264,"j":294},{"i":251,"j":256},{"i":258,"j":270},{"i":271,"j":284},{"i":256,"j":273},{"i":270,"j":285},{"i":269,"j":274},{"i":273,"j":282},{"i":271,"j":275},{"i":257,"j":271},{"i":271,"j":281},{"i":276,"j":293},{"i":261,"j":276},{"i":277,"j":295},{"i":250,"j":277},{"i":275,"j":286},{"i":265,"j":275},{"i":270,"j":272},{"i":278,"j":279},{"i":260,"j":278},{"i":282,"j":289},{"i":272,"j":282},{"i":274,"j":280},{"i":279,"j":281},{"i":273,"j":287},{"i":273,"j":280},{"i":283,"j":294},{"i":286,"j":308},{"i":275,"j":297},{"i":284,"j":297},{"i":285,"j":290},{"i":278,"j":285},{"i":280,"j":298},{"i":283,"j":288},{"i":282,"j":292},{"i":290,"j":291},{"i":279,"j":290},{"i":298,"j":302},{"i":287,"j":298},{"i":293,"j":324},{"i":289,"j":292},{"i":285,"j":289},{"i":276,"j":286},{"i":291,"j":296},{"i":281,"j":291},{"i":263,"j":347},{"i":293,"j":295},{"i":299,"j":310},{"i":286,"j":297},{"i":292,"j":299},{"i":296,"j":300},{"i":284,"j":296},{"i":287,"j":303},{"i":296,"j":305},{"i":297,"j":309},{"i":288,"j":294},{"i":243,"j":259},{"i":294,"j":316},{"i":306,"j":314},{"i":306,"j":315},{"i":303,"j":306},{"i":299,"j":303},{"i":304,"j":311},{"i":301,"j":304},{"i":259,"j":307},{"i":140,"j":307},{"i":300,"j":309},{"i":293,"j":308},{"i":305,"j":321},{"i":300,"j":305},{"i":304,"j":307},{"i":310,"j":312},{"i":290,"j":310},{"i":316,"j":334},{"i":307,"j":325},{"i":312,"j":318},{"i":302,"j":320},{"i":312,"j":326},{"i":320,"j":328},{"i":313,"j":317},{"i":307,"j":313},{"i":312,"j":323},{"i":309,"j":321},{"i":302,"j":331},{"i":318,"j":322},{"i":305,"j":318},{"i":319,"j":321},{"i":329,"j":335},{"i":310,"j":314},{"i":319,"j":324},{"i":308,"j":319},{"i":324,"j":343},{"i":315,"j":329},{"i":322,"j":349},{"i":327,"j":330},{"i":314,"j":327},{"i":315,"j":328},{"i":330,"j":352},{"i":326,"j":330},{"i":327,"j":329},{"i":326,"j":339},{"i":316,"j":333},{"i":328,"j":341},{"i":323,"j":339},{"i":322,"j":323},{"i":332,"j":344},{"i":331,"j":333},{"i":301,"j":347},{"i":320,"j":331},{"i":311,"j":325},{"i":317,"j":340},{"i":336,"j":337},{"i":325,"j":336},{"i":311,"j":347},{"i":326,"j":352},{"i":338,"j":344},{"i":321,"j":338},{"i":336,"j":340},{"i":333,"j":334},{"i":335,"j":352},{"i":311,"j":337},{"i":334,"j":342},{"i":324,"j":332},{"i":332,"j":343},{"i":343,"j":372},{"i":295,"j":343},{"i":338,"j":349},{"i":346,"j":358},{"i":344,"j":346},{"i":344,"j":369},{"i":339,"j":349},{"i":337,"j":357},{"i":347,"j":360},{"i":342,"j":347},{"i":348,"j":368},{"i":345,"j":351},{"i":341,"j":345},{"i":346,"j":349},{"i":348,"j":350},{"i":331,"j":348},{"i":341,"j":356},{"i":335,"j":341},{"i":350,"j":351},{"i":345,"j":350},{"i":353,"j":358},{"i":349,"j":353},{"i":352,"j":355},{"i":362,"j":365},{"i":340,"j":354},{"i":354,"j":388},{"i":351,"j":367},{"i":359,"j":377},{"i":354,"j":357},{"i":357,"j":393},{"i":355,"j":359},{"i":353,"j":355},{"i":355,"j":356},{"i":359,"j":370},{"i":342,"j":371},{"i":357,"j":361},{"i":363,"j":378},{"i":357,"j":362},{"i":361,"j":363},{"i":366,"j":371},{"i":360,"j":366},{"i":362,"j":364},{"i":361,"j":362},{"i":364,"j":365},{"i":361,"j":364},{"i":360,"j":363},{"i":358,"j":370},{"i":373,"j":384},{"i":367,"j":373},{"i":369,"j":385},{"i":359,"j":375},{"i":350,"j":374},{"i":366,"j":378},{"i":369,"j":372},{"i":372,"j":414},{"i":373,"j":374},{"i":367,"j":395},{"i":368,"j":383},{"i":356,"j":367},{"i":375,"j":379},{"i":375,"j":376},{"i":377,"j":395},{"i":361,"j":382},{"i":370,"j":376},{"i":375,"j":377},{"i":379,"j":380},{"i":381,"j":387},{"i":358,"j":381},{"i":380,"j":381},{"i":376,"j":380},{"i":365,"j":382},{"i":368,"j":371},{"i":379,"j":390},{"i":385,"j":387},{"i":374,"j":383},{"i":378,"j":391},{"i":371,"j":378},{"i":379,"j":407},{"i":382,"j":389},{"i":317,"j":402},{"i":396,"j":404},{"i":384,"j":395},{"i":384,"j":392},{"i":378,"j":417},{"i":392,"j":404},{"i":391,"j":400},{"i":386,"j":391},{"i":388,"j":393},{"i":389,"j":419},{"i":390,"j":394},{"i":390,"j":408},{"i":387,"j":394},{"i":386,"j":401},{"i":383,"j":386},{"i":396,"j":397},{"i":392,"j":396},{"i":392,"j":401},{"i":385,"j":398},{"i":398,"j":414},{"i":372,"j":398},{"i":397,"j":399},{"i":395,"j":397},{"i":400,"j":413},{"i":399,"j":403},{"i":401,"j":413},{"i":400,"j":401},{"i":409,"j":416},{"i":388,"j":402},{"i":313,"j":402},{"i":399,"j":409},{"i":408,"j":421},{"i":403,"j":406},{"i":404,"j":416},{"i":395,"j":406},{"i":379,"j":395},{"i":391,"j":426},{"i":402,"j":447},{"i":406,"j":407},{"i":407,"j":408},{"i":408,"j":412},{"i":405,"j":410},{"i":394,"j":405},{"i":410,"j":415},{"i":409,"j":411},{"i":412,"j":415},{"i":405,"j":412},{"i":378,"j":389},{"i":398,"j":410},{"i":414,"j":452},{"i":411,"j":418},{"i":403,"j":411},{"i":413,"j":416},{"i":416,"j":420},{"i":393,"j":419},{"i":423,"j":431},{"i":420,"j":423},{"i":418,"j":420},{"i":416,"j":431},{"i":418,"j":422},{"i":421,"j":432},{"i":421,"j":422},{"i":423,"j":424},{"i":434,"j":447},{"i":424,"j":425},{"i":424,"j":439},{"i":428,"j":430},{"i":417,"j":427},{"i":425,"j":428},{"i":422,"j":425},{"i":430,"j":450},{"i":429,"j":430},{"i":428,"j":429},{"i":421,"j":429},{"i":413,"j":435},{"i":421,"j":436},{"i":429,"j":450},{"i":432,"j":433},{"i":415,"j":432},{"i":431,"j":446},{"i":427,"j":434},{"i":426,"j":427},{"i":417,"j":419},{"i":435,"j":444},{"i":436,"j":440},{"i":441,"j":444},{"i":433,"j":437},{"i":445,"j":455},{"i":414,"j":437},{"i":436,"j":438},{"i":433,"j":436},{"i":438,"j":440},{"i":437,"j":438},{"i":436,"j":443},{"i":437,"j":449},{"i":426,"j":444},{"i":435,"j":441},{"i":443,"j":450},{"i":443,"j":449},{"i":434,"j":444},{"i":442,"j":446},{"i":441,"j":442},{"i":449,"j":457},{"i":442,"j":451},{"i":442,"j":444},{"i":419,"j":447},{"i":440,"j":449},{"i":454,"j":462},{"i":448,"j":459},{"i":439,"j":445},{"i":451,"j":465},{"i":448,"j":452},{"i":437,"j":448},{"i":455,"j":479},{"i":446,"j":455},{"i":445,"j":446},{"i":450,"j":457},{"i":451,"j":454},{"i":454,"j":455},{"i":447,"j":487},{"i":439,"j":467},{"i":448,"j":456},{"i":453,"j":461},{"i":439,"j":453},{"i":457,"j":458},{"i":455,"j":460},{"i":453,"j":455},{"i":453,"j":460},{"i":467,"j":472},{"i":457,"j":467},{"i":461,"j":476},{"i":444,"j":465},{"i":458,"j":469},{"i":463,"j":469},{"i":463,"j":464},{"i":458,"j":463},{"i":456,"j":474},{"i":460,"j":479},{"i":459,"j":466},{"i":466,"j":486},{"i":452,"j":466},{"i":461,"j":470},{"i":465,"j":468},{"i":447,"j":468},{"i":456,"j":464},{"i":460,"j":476},{"i":472,"j":482},{"i":469,"j":472},{"i":471,"j":473},{"i":459,"j":471},{"i":471,"j":478},{"i":469,"j":481},{"i":466,"j":473},{"i":473,"j":475},{"i":475,"j":477},{"i":466,"j":475},{"i":467,"j":470},{"i":477,"j":486},{"i":478,"j":486},{"i":477,"j":478},{"i":476,"j":480},{"i":462,"j":488},{"i":476,"j":489},{"i":480,"j":485},{"i":474,"j":484},{"i":480,"j":483},{"i":470,"j":480},{"i":481,"j":484},{"i":464,"j":481},{"i":483,"j":485},{"i":467,"j":483},{"i":447,"j":498},{"i":471,"j":474},{"i":484,"j":493},{"i":468,"j":488},{"i":462,"j":468},{"i":479,"j":492},{"i":482,"j":496},{"i":481,"j":482},{"i":490,"j":499},{"i":486,"j":490},{"i":491,"j":496},{"i":490,"j":491},{"i":488,"j":492},{"i":485,"j":497},{"i":493,"j":496},{"i":491,"j":493},{"i":489,"j":497},{"i":487,"j":494},{"i":494,"j":495},{"i":488,"j":494},{"i":487,"j":498},{"i":489,"j":492},{"i":496,"j":499},{"i":492,"j":498},{"i":498,"j":499},{"i":495,"j":498},{"i":492,"j":495},{"i":497,"j":499},{"i":0,"j":70},{"i":70,"j":111},{"i":111,"j":164},{"i":164,"j":250},{"i":250,"j":295},{"i":295,"j":452},{"i":452,"j":486},{"i":486,"j":499}],"type":"Solution"}