{"instance_name":"paris-0001000","edges":[{"i":5,"j":19},{"i":4,"j":5},{"i":0,"j":3},{"i":1,"j":13},{"i":0,"j":2},{"i":2,"j":5},{"i":2,"j":11},{"i":0,"j":7},{"i":14,"j":29},{"i":4,"j":19},{"i":0,"j":4},{"i":7,"j":15},{"i":1,"j":17},{"i":3,"j":9},{"i":2,"j":3},{"i":9,"j":11},{"i":3,"j":10},{"i":3,"j":29},{"i":8,"j":27},{"i":10,"j":12},{"i":9,"j":10},{"i":8,"j":15},{"i":7,"j":8},{"i":12,"j":16},{"i":8,"j":31},{"i":15,"j":23},{"i":12,"j":14},{"i":21,"j":38},{"i":18,"j":34},{"i":6,"j":18},{"i":13,"j":40},{"i":11,"j":16},{"i":16,"j":21},{"i":21,"j":22},{"i":29,"j":63},{"i":23,"j":35},{"i":24,"j":33},{"i":23,"j":24},{"i":28,"j":32},{"i":15,"j":28},{"i":24,"j":25},{"i":17,"j":24},{"i":13,"j":36},{"i":26,"j":34},{"i":18,"j":26},{"i":25,"j":30},{"i":17,"j":25},{"i":27,"j":28},{"i":26,"j":36},{"i":19,"j":37},{"i":22,"j":46},{"i":35,"j":54},{"i":22,"j":37},{"i":19,"j":22},{"i":30,"j":40},{"i":39,"j":51},{"i":30,"j":41},{"i":39,"j":62},{"i":33,"j":41},{"i":33,"j":35},{"i":20,"j":39},{"i":14,"j":20},{"i":32,"j":45},{"i":27,"j":31},{"i":41,"j":44},{"i":37,"j":48},{"i":32,"j":42},{"i":38,"j":39},{"i":41,"j":54},{"i":31,"j":48},{"i":40,"j":44},{"i":42,"j":85},{"i":44,"j":58},{"i":43,"j":46},{"i":38,"j":43},{"i":36,"j":50},{"i":45,"j":77},{"i":53,"j":57},{"i":48,"j":53},{"i":47,"j":50},{"i":31,"j":55},{"i":47,"j":56},{"i":34,"j":47},{"i":35,"j":45},{"i":46,"j":53},{"i":60,"j":74},{"i":53,"j":60},{"i":20,"j":29},{"i":63,"j":106},{"i":42,"j":49},{"i":59,"j":98},{"i":50,"j":71},{"i":54,"j":77},{"i":50,"j":58},{"i":49,"j":55},{"i":61,"j":68},{"i":55,"j":61},{"i":48,"j":66},{"i":43,"j":51},{"i":57,"j":66},{"i":60,"j":73},{"i":29,"j":67},{"i":62,"j":78},{"i":52,"j":67},{"i":29,"j":52},{"i":65,"j":70},{"i":65,"j":80},{"i":57,"j":65},{"i":78,"j":96},{"i":69,"j":96},{"i":61,"j":66},{"i":87,"j":96},{"i":64,"j":87},{"i":67,"j":69},{"i":59,"j":71},{"i":58,"j":59},{"i":68,"j":75},{"i":71,"j":72},{"i":64,"j":74},{"i":51,"j":64},{"i":66,"j":70},{"i":77,"j":79},{"i":76,"j":87},{"i":73,"j":81},{"i":62,"j":69},{"i":75,"j":82},{"i":49,"j":75},{"i":82,"j":85},{"i":59,"j":79},{"i":74,"j":83},{"i":73,"j":74},{"i":68,"j":86},{"i":88,"j":91},{"i":81,"j":89},{"i":80,"j":81},{"i":76,"j":84},{"i":74,"j":76},{"i":81,"j":83},{"i":70,"j":94},{"i":80,"j":94},{"i":85,"j":88},{"i":84,"j":89},{"i":83,"j":84},{"i":64,"j":78},{"i":94,"j":102},{"i":93,"j":94},{"i":86,"j":91},{"i":82,"j":86},{"i":84,"j":92},{"i":88,"j":90},{"i":90,"j":105},{"i":86,"j":93},{"i":93,"j":125},{"i":89,"j":94},{"i":95,"j":111},{"i":105,"j":130},{"i":92,"j":97},{"i":92,"j":114},{"i":52,"j":103},{"i":95,"j":99},{"i":92,"j":95},{"i":97,"j":118},{"i":108,"j":127},{"i":97,"j":102},{"i":95,"j":100},{"i":106,"j":152},{"i":95,"j":96},{"i":102,"j":110},{"i":99,"j":119},{"i":92,"j":99},{"i":63,"j":103},{"i":96,"j":101},{"i":63,"j":104},{"i":105,"j":107},{"i":79,"j":105},{"i":103,"j":115},{"i":91,"j":112},{"i":90,"j":91},{"i":109,"j":110},{"i":108,"j":122},{"i":72,"j":108},{"i":107,"j":113},{"i":102,"j":109},{"i":112,"j":117},{"i":107,"j":136},{"i":98,"j":127},{"i":99,"j":100},{"i":114,"j":126},{"i":104,"j":161},{"i":121,"j":141},{"i":105,"j":116},{"i":106,"j":159},{"i":116,"j":117},{"i":100,"j":111},{"i":118,"j":120},{"i":121,"j":125},{"i":109,"j":121},{"i":120,"j":121},{"i":110,"j":120},{"i":129,"j":137},{"i":119,"j":129},{"i":118,"j":126},{"i":101,"j":132},{"i":137,"j":145},{"i":112,"j":131},{"i":112,"j":135},{"i":114,"j":128},{"i":133,"j":149},{"i":119,"j":138},{"i":125,"j":135},{"i":127,"j":133},{"i":124,"j":130},{"i":116,"j":124},{"i":130,"j":136},{"i":131,"j":140},{"i":115,"j":132},{"i":101,"j":115},{"i":131,"j":134},{"i":117,"j":131},{"i":146,"j":168},{"i":145,"j":146},{"i":126,"j":128},{"i":124,"j":134},{"i":98,"j":113},{"i":135,"j":140},{"i":123,"j":139},{"i":111,"j":123},{"i":137,"j":138},{"i":138,"j":144},{"i":128,"j":138},{"i":126,"j":144},{"i":132,"j":139},{"i":123,"j":132},{"i":134,"j":171},{"i":143,"j":153},{"i":113,"j":169},{"i":133,"j":142},{"i":141,"j":143},{"i":149,"j":155},{"i":140,"j":143},{"i":138,"j":156},{"i":141,"j":153},{"i":139,"j":146},{"i":129,"j":139},{"i":120,"j":157},{"i":157,"j":172},{"i":136,"j":169},{"i":151,"j":155},{"i":142,"j":151},{"i":122,"j":150},{"i":142,"j":149},{"i":150,"j":151},{"i":145,"j":168},{"i":150,"j":178},{"i":140,"j":171},{"i":155,"j":174},{"i":154,"j":155},{"i":156,"j":168},{"i":144,"j":158},{"i":157,"j":158},{"i":156,"j":158},{"i":147,"j":161},{"i":104,"j":147},{"i":161,"j":185},{"i":161,"j":181},{"i":153,"j":172},{"i":166,"j":173},{"i":163,"j":166},{"i":148,"j":171},{"i":140,"j":148},{"i":146,"j":160},{"i":165,"j":173},{"i":115,"j":167},{"i":164,"j":165},{"i":132,"j":164},{"i":165,"j":166},{"i":160,"j":175},{"i":161,"j":167},{"i":163,"j":186},{"i":160,"j":163},{"i":148,"j":162},{"i":169,"j":171},{"i":168,"j":170},{"i":158,"j":168},{"i":162,"j":172},{"i":169,"j":179},{"i":149,"j":169},{"i":179,"j":200},{"i":174,"j":179},{"i":154,"j":174},{"i":150,"j":154},{"i":164,"j":203},{"i":178,"j":192},{"i":169,"j":180},{"i":176,"j":221},{"i":122,"j":176},{"i":177,"j":178},{"i":174,"j":177},{"i":177,"j":197},{"i":162,"j":184},{"i":173,"j":186},{"i":147,"j":152},{"i":182,"j":194},{"i":171,"j":182},{"i":186,"j":196},{"i":159,"j":183},{"i":152,"j":159},{"i":170,"j":188},{"i":182,"j":184},{"i":186,"j":199},{"i":161,"j":183},{"i":173,"j":201},{"i":189,"j":226},{"i":175,"j":188},{"i":170,"j":175},{"i":190,"j":195},{"i":188,"j":190},{"i":172,"j":187},{"i":187,"j":188},{"i":186,"j":189},{"i":189,"j":190},{"i":191,"j":195},{"i":174,"j":200},{"i":159,"j":212},{"i":191,"j":193},{"i":187,"j":191},{"i":192,"j":221},{"i":176,"j":192},{"i":184,"j":193},{"i":179,"j":180},{"i":194,"j":202},{"i":185,"j":198},{"i":181,"j":185},{"i":197,"j":221},{"i":183,"j":198},{"i":196,"j":215},{"i":167,"j":203},{"i":199,"j":206},{"i":194,"j":218},{"i":206,"j":215},{"i":196,"j":206},{"i":199,"j":201},{"i":181,"j":204},{"i":203,"j":205},{"i":203,"j":211},{"i":205,"j":214},{"i":201,"j":205},{"i":200,"j":234},{"i":194,"j":247},{"i":204,"j":208},{"i":208,"j":209},{"i":203,"j":208},{"i":159,"j":230},{"i":209,"j":211},{"i":213,"j":231},{"i":211,"j":219},{"i":198,"j":217},{"i":198,"j":212},{"i":205,"j":219},{"i":215,"j":226},{"i":180,"j":202},{"i":216,"j":234},{"i":224,"j":256},{"i":222,"j":224},{"i":159,"j":283},{"i":213,"j":217},{"i":198,"j":213},{"i":216,"j":236},{"i":197,"j":216},{"i":206,"j":214},{"i":209,"j":224},{"i":210,"j":223},{"i":204,"j":210},{"i":217,"j":220},{"i":221,"j":321},{"i":219,"j":222},{"i":226,"j":235},{"i":220,"j":223},{"i":210,"j":220},{"i":209,"j":228},{"i":222,"j":225},{"i":214,"j":222},{"i":225,"j":242},{"i":218,"j":229},{"i":207,"j":218},{"i":227,"j":236},{"i":216,"j":227},{"i":223,"j":228},{"i":195,"j":238},{"i":242,"j":248},{"i":235,"j":242},{"i":220,"j":233},{"i":212,"j":231},{"i":231,"j":237},{"i":215,"j":225},{"i":231,"j":233},{"i":265,"j":275},{"i":202,"j":207},{"i":207,"j":243},{"i":232,"j":245},{"i":232,"j":240},{"i":227,"j":251},{"i":241,"j":244},{"i":180,"j":241},{"i":233,"j":252},{"i":230,"j":237},{"i":236,"j":253},{"i":232,"j":239},{"i":226,"j":232},{"i":232,"j":249},{"i":238,"j":239},{"i":235,"j":249},{"i":193,"j":238},{"i":240,"j":245},{"i":239,"j":240},{"i":244,"j":263},{"i":234,"j":244},{"i":241,"j":243},{"i":229,"j":260},{"i":245,"j":246},{"i":250,"j":257},{"i":228,"j":256},{"i":246,"j":250},{"i":248,"j":249},{"i":249,"j":250},{"i":246,"j":249},{"i":234,"j":263},{"i":244,"j":290},{"i":236,"j":270},{"i":253,"j":321},{"i":221,"j":253},{"i":229,"j":261},{"i":243,"j":254},{"i":247,"j":273},{"i":228,"j":252},{"i":249,"j":266},{"i":257,"j":258},{"i":238,"j":257},{"i":261,"j":267},{"i":260,"j":261},{"i":252,"j":259},{"i":237,"j":275},{"i":262,"j":269},{"i":260,"j":262},{"i":254,"j":260},{"i":255,"j":271},{"i":243,"j":255},{"i":251,"j":263},{"i":262,"j":264},{"i":254,"j":262},{"i":283,"j":597},{"i":256,"j":259},{"i":255,"j":264},{"i":256,"j":268},{"i":267,"j":278},{"i":258,"j":274},{"i":247,"j":258},{"i":267,"j":269},{"i":251,"j":277},{"i":264,"j":281},{"i":259,"j":265},{"i":267,"j":282},{"i":268,"j":276},{"i":248,"j":268},{"i":278,"j":293},{"i":272,"j":279},{"i":265,"j":272},{"i":276,"j":300},{"i":266,"j":276},{"i":296,"j":319},{"i":263,"j":291},{"i":267,"j":286},{"i":273,"j":286},{"i":253,"j":270},{"i":280,"j":289},{"i":277,"j":289},{"i":269,"j":278},{"i":270,"j":289},{"i":274,"j":294},{"i":273,"j":274},{"i":275,"j":284},{"i":272,"j":275},{"i":230,"j":283},{"i":283,"j":285},{"i":258,"j":266},{"i":253,"j":280},{"i":280,"j":287},{"i":253,"j":287},{"i":244,"j":271},{"i":287,"j":288},{"i":295,"j":302},{"i":282,"j":293},{"i":288,"j":313},{"i":290,"j":291},{"i":291,"j":292},{"i":277,"j":291},{"i":289,"j":292},{"i":282,"j":299},{"i":281,"j":298},{"i":271,"j":281},{"i":294,"j":300},{"i":281,"j":304},{"i":294,"j":299},{"i":286,"j":294},{"i":285,"j":296},{"i":295,"j":297},{"i":290,"j":295},{"i":297,"j":307},{"i":292,"j":297},{"i":293,"j":304},{"i":301,"j":306},{"i":279,"j":303},{"i":268,"j":279},{"i":295,"j":298},{"i":302,"j":307},{"i":301,"j":302},{"i":295,"j":301},{"i":305,"j":306},{"i":284,"j":308},{"i":279,"j":284},{"i":302,"j":305},{"i":298,"j":323},{"i":315,"j":349},{"i":302,"j":316},{"i":307,"j":311},{"i":289,"j":311},{"i":288,"j":289},{"i":309,"j":336},{"i":303,"j":312},{"i":318,"j":340},{"i":307,"j":325},{"i":303,"j":328},{"i":311,"j":313},{"i":305,"j":318},{"i":313,"j":314},{"i":325,"j":345},{"i":312,"j":315},{"i":310,"j":312},{"i":320,"j":331},{"i":303,"j":308},{"i":275,"j":296},{"i":285,"j":322},{"i":307,"j":363},{"i":300,"j":310},{"i":287,"j":309},{"i":329,"j":334},{"i":299,"j":329},{"i":317,"j":326},{"i":296,"j":317},{"i":322,"j":530},{"i":304,"j":320},{"i":326,"j":338},{"i":324,"j":326},{"i":317,"j":362},{"i":317,"j":319},{"i":324,"j":327},{"i":308,"j":324},{"i":306,"j":340},{"i":303,"j":390},{"i":338,"j":367},{"i":309,"j":314},{"i":318,"j":332},{"i":307,"j":316},{"i":320,"j":334},{"i":323,"j":331},{"i":328,"j":333},{"i":329,"j":341},{"i":362,"j":497},{"i":335,"j":346},{"i":335,"j":347},{"i":314,"j":325},{"i":352,"j":356},{"i":333,"j":352},{"i":327,"j":337},{"i":308,"j":327},{"i":310,"j":357},{"i":321,"j":336},{"i":330,"j":358},{"i":316,"j":330},{"i":309,"j":339},{"i":335,"j":340},{"i":323,"j":335},{"i":330,"j":332},{"i":310,"j":343},{"i":338,"j":342},{"i":331,"j":360},{"i":333,"j":344},{"i":341,"j":354},{"i":328,"j":356},{"i":339,"j":345},{"i":331,"j":364},{"i":346,"j":353},{"i":346,"j":347},{"i":344,"j":349},{"i":315,"j":344},{"i":348,"j":350},{"i":336,"j":348},{"i":332,"j":351},{"i":350,"j":378},{"i":321,"j":350},{"i":340,"j":353},{"i":341,"j":343},{"i":349,"j":357},{"i":359,"j":383},{"i":351,"j":369},{"i":344,"j":352},{"i":337,"j":390},{"i":355,"j":394},{"i":349,"j":355},{"i":351,"j":361},{"i":367,"j":460},{"i":343,"j":368},{"i":354,"j":370},{"i":361,"j":381},{"i":358,"j":361},{"i":334,"j":364},{"i":351,"j":353},{"i":337,"j":342},{"i":319,"j":322},{"i":363,"j":395},{"i":334,"j":359},{"i":345,"j":373},{"i":363,"j":373},{"i":347,"j":360},{"i":368,"j":394},{"i":366,"j":394},{"i":362,"j":367},{"i":366,"j":368},{"i":357,"j":366},{"i":370,"j":382},{"i":364,"j":374},{"i":358,"j":388},{"i":377,"j":389},{"i":343,"j":377},{"i":365,"j":371},{"i":339,"j":365},{"i":371,"j":393},{"i":370,"j":372},{"i":365,"j":401},{"i":374,"j":379},{"i":360,"j":391},{"i":375,"j":376},{"i":353,"j":375},{"i":375,"j":386},{"i":374,"j":392},{"i":355,"j":356},{"i":348,"j":371},{"i":369,"j":380},{"i":372,"j":383},{"i":359,"j":372},{"i":386,"j":403},{"i":376,"j":380},{"i":369,"j":376},{"i":378,"j":640},{"i":369,"j":385},{"i":380,"j":397},{"i":354,"j":384},{"i":382,"j":383},{"i":375,"j":391},{"i":354,"j":389},{"i":379,"j":387},{"i":388,"j":396},{"i":379,"j":392},{"i":380,"j":386},{"i":383,"j":392},{"i":360,"j":387},{"i":381,"j":396},{"i":388,"j":395},{"i":394,"j":402},{"i":377,"j":394},{"i":342,"j":417},{"i":387,"j":399},{"i":385,"j":410},{"i":398,"j":400},{"i":373,"j":401},{"i":460,"j":497},{"i":384,"j":405},{"i":382,"j":384},{"i":356,"j":464},{"i":395,"j":408},{"i":381,"j":385},{"i":401,"j":406},{"i":391,"j":403},{"i":392,"j":398},{"i":397,"j":410},{"i":387,"j":400},{"i":414,"j":420},{"i":399,"j":403},{"i":404,"j":411},{"i":393,"j":404},{"i":399,"j":407},{"i":378,"j":393},{"i":371,"j":401},{"i":389,"j":428},{"i":409,"j":420},{"i":403,"j":415},{"i":397,"j":403},{"i":404,"j":406},{"i":400,"j":409},{"i":412,"j":416},{"i":396,"j":412},{"i":398,"j":419},{"i":407,"j":415},{"i":406,"j":408},{"i":405,"j":421},{"i":410,"j":412},{"i":412,"j":413},{"i":395,"j":412},{"i":413,"j":425},{"i":408,"j":413},{"i":415,"j":424},{"i":402,"j":438},{"i":414,"j":418},{"i":407,"j":414},{"i":424,"j":442},{"i":415,"j":442},{"i":409,"j":419},{"i":389,"j":402},{"i":393,"j":411},{"i":425,"j":462},{"i":422,"j":423},{"i":393,"j":422},{"i":378,"j":423},{"i":422,"j":439},{"i":415,"j":443},{"i":416,"j":433},{"i":413,"j":416},{"i":425,"j":431},{"i":408,"j":427},{"i":430,"j":444},{"i":419,"j":421},{"i":426,"j":429},{"i":411,"j":426},{"i":447,"j":452},{"i":436,"j":447},{"i":427,"j":449},{"i":427,"j":430},{"i":427,"j":446},{"i":416,"j":424},{"i":415,"j":418},{"i":428,"j":432},{"i":405,"j":428},{"i":420,"j":434},{"i":432,"j":435},{"i":421,"j":432},{"i":440,"j":464},{"i":390,"j":440},{"i":428,"j":436},{"i":422,"j":429},{"i":426,"j":430},{"i":441,"j":455},{"i":437,"j":439},{"i":429,"j":437},{"i":465,"j":475},{"i":417,"j":440},{"i":418,"j":434},{"i":431,"j":462},{"i":427,"j":431},{"i":441,"j":448},{"i":419,"j":441},{"i":438,"j":445},{"i":444,"j":454},{"i":437,"j":444},{"i":445,"j":447},{"i":436,"j":445},{"i":452,"j":475},{"i":450,"j":452},{"i":435,"j":451},{"i":448,"j":453},{"i":443,"j":456},{"i":446,"j":449},{"i":435,"j":450},{"i":455,"j":470},{"i":448,"j":455},{"i":451,"j":465},{"i":453,"j":457},{"i":434,"j":453},{"i":446,"j":458},{"i":444,"j":446},{"i":459,"j":465},{"i":451,"j":455},{"i":458,"j":463},{"i":443,"j":466},{"i":433,"j":469},{"i":451,"j":459},{"i":454,"j":458},{"i":439,"j":454},{"i":449,"j":463},{"i":442,"j":456},{"i":450,"j":465},{"i":417,"j":461},{"i":460,"j":461},{"i":443,"j":457},{"i":462,"j":499},{"i":449,"j":462},{"i":463,"j":510},{"i":470,"j":494},{"i":459,"j":467},{"i":466,"j":473},{"i":466,"j":474},{"i":456,"j":487},{"i":445,"j":481},{"i":433,"j":468},{"i":469,"j":482},{"i":462,"j":469},{"i":461,"j":479},{"i":476,"j":484},{"i":470,"j":474},{"i":457,"j":470},{"i":473,"j":487},{"i":467,"j":494},{"i":468,"j":487},{"i":472,"j":476},{"i":465,"j":472},{"i":464,"j":477},{"i":472,"j":478},{"i":476,"j":478},{"i":472,"j":483},{"i":159,"j":634},{"i":477,"j":501},{"i":488,"j":514},{"i":477,"j":481},{"i":438,"j":477},{"i":468,"j":485},{"i":487,"j":509},{"i":467,"j":484},{"i":480,"j":483},{"i":475,"j":480},{"i":478,"j":502},{"i":462,"j":482},{"i":474,"j":486},{"i":467,"j":504},{"i":496,"j":505},{"i":471,"j":496},{"i":473,"j":486},{"i":483,"j":502},{"i":479,"j":488},{"i":471,"j":479},{"i":488,"j":489},{"i":480,"j":503},{"i":482,"j":485},{"i":487,"j":491},{"i":491,"j":492},{"i":485,"j":491},{"i":492,"j":525},{"i":491,"j":493},{"i":499,"j":529},{"i":471,"j":489},{"i":494,"j":506},{"i":495,"j":496},{"i":489,"j":495},{"i":498,"j":575},{"i":497,"j":498},{"i":490,"j":497},{"i":461,"j":490},{"i":482,"j":492},{"i":481,"j":503},{"i":494,"j":504},{"i":502,"j":520},{"i":500,"j":502},{"i":480,"j":500},{"i":500,"j":503},{"i":484,"j":515},{"i":506,"j":516},{"i":501,"j":533},{"i":495,"j":508},{"i":499,"j":507},{"i":505,"j":508},{"i":471,"j":517},{"i":464,"j":471},{"i":507,"j":527},{"i":486,"j":516},{"i":507,"j":510},{"i":510,"j":549},{"i":423,"j":510},{"i":505,"j":517},{"i":513,"j":519},{"i":504,"j":513},{"i":502,"j":523},{"i":493,"j":509},{"i":504,"j":512},{"i":490,"j":498},{"i":513,"j":557},{"i":516,"j":534},{"i":512,"j":524},{"i":515,"j":524},{"i":512,"j":515},{"i":517,"j":518},{"i":511,"j":540},{"i":501,"j":511},{"i":519,"j":534},{"i":506,"j":519},{"i":503,"j":533},{"i":516,"j":521},{"i":509,"j":546},{"i":521,"j":546},{"i":501,"j":539},{"i":520,"j":531},{"i":530,"j":538},{"i":522,"j":525},{"i":493,"j":522},{"i":529,"j":558},{"i":518,"j":528},{"i":511,"j":518},{"i":514,"j":526},{"i":508,"j":514},{"i":518,"j":578},{"i":528,"j":540},{"i":525,"j":529},{"i":538,"j":592},{"i":529,"j":543},{"i":537,"j":551},{"i":527,"j":532},{"i":510,"j":532},{"i":534,"j":535},{"i":524,"j":531},{"i":533,"j":541},{"i":523,"j":533},{"i":530,"j":536},{"i":520,"j":523},{"i":497,"j":584},{"i":531,"j":537},{"i":542,"j":564},{"i":533,"j":542},{"i":540,"j":542},{"i":539,"j":540},{"i":539,"j":542},{"i":521,"j":535},{"i":550,"j":568},{"i":545,"j":565},{"i":541,"j":551},{"i":551,"j":561},{"i":543,"j":563},{"i":527,"j":543},{"i":546,"j":574},{"i":548,"j":553},{"i":547,"j":548},{"i":547,"j":552},{"i":525,"j":547},{"i":546,"j":548},{"i":522,"j":546},{"i":548,"j":559},{"i":532,"j":545},{"i":544,"j":555},{"i":537,"j":544},{"i":541,"j":542},{"i":541,"j":550},{"i":423,"j":549},{"i":529,"j":552},{"i":552,"j":553},{"i":535,"j":573},{"i":544,"j":551},{"i":554,"j":599},{"i":512,"j":556},{"i":554,"j":558},{"i":552,"j":554},{"i":563,"j":580},{"i":546,"j":570},{"i":556,"j":569},{"i":550,"j":561},{"i":550,"j":560},{"i":568,"j":594},{"i":560,"j":568},{"i":555,"j":566},{"i":535,"j":557},{"i":558,"j":563},{"i":563,"j":567},{"i":560,"j":571},{"i":528,"j":587},{"i":545,"j":567},{"i":565,"j":595},{"i":549,"j":565},{"i":561,"j":571},{"i":555,"j":561},{"i":553,"j":559},{"i":565,"j":606},{"i":564,"j":568},{"i":566,"j":569},{"i":556,"j":566},{"i":562,"j":576},{"i":557,"j":562},{"i":569,"j":576},{"i":562,"j":569},{"i":573,"j":577},{"i":579,"j":596},{"i":497,"j":536},{"i":566,"j":579},{"i":582,"j":583},{"i":576,"j":586},{"i":571,"j":596},{"i":566,"j":571},{"i":574,"j":585},{"i":576,"j":579},{"i":593,"j":657},{"i":605,"j":618},{"i":546,"j":577},{"i":582,"j":588},{"i":574,"j":582},{"i":581,"j":583},{"i":577,"j":581},{"i":578,"j":589},{"i":536,"j":538},{"i":567,"j":604},{"i":574,"j":588},{"i":559,"j":570},{"i":564,"j":600},{"i":583,"j":603},{"i":578,"j":605},{"i":588,"j":590},{"i":572,"j":587},{"i":526,"j":618},{"i":581,"j":603},{"i":585,"j":590},{"i":570,"j":585},{"i":591,"j":601},{"i":580,"j":591},{"i":575,"j":623},{"i":526,"j":575},{"i":611,"j":625},{"i":572,"j":600},{"i":564,"j":572},{"i":580,"j":604},{"i":598,"j":619},{"i":599,"j":616},{"i":594,"j":596},{"i":589,"j":615},{"i":587,"j":589},{"i":530,"j":597},{"i":599,"j":602},{"i":591,"j":599},{"i":573,"j":610},{"i":599,"j":609},{"i":572,"j":593},{"i":601,"j":613},{"i":573,"j":586},{"i":601,"j":602},{"i":586,"j":611},{"i":594,"j":630},{"i":601,"j":604},{"i":595,"j":640},{"i":549,"j":595},{"i":606,"j":640},{"i":604,"j":608},{"i":608,"j":640},{"i":606,"j":608},{"i":598,"j":612},{"i":590,"j":598},{"i":603,"j":628},{"i":596,"j":625},{"i":612,"j":619},{"i":602,"j":609},{"i":609,"j":627},{"i":604,"j":613},{"i":610,"j":620},{"i":605,"j":614},{"i":599,"j":612},{"i":621,"j":633},{"i":611,"j":621},{"i":615,"j":626},{"i":607,"j":617},{"i":597,"j":607},{"i":575,"j":584},{"i":616,"j":627},{"i":610,"j":632},{"i":620,"j":628},{"i":603,"j":620},{"i":615,"j":622},{"i":614,"j":626},{"i":584,"j":592},{"i":622,"j":629},{"i":617,"j":624},{"i":592,"j":617},{"i":623,"j":661},{"i":618,"j":623},{"i":594,"j":639},{"i":625,"j":630},{"i":629,"j":645},{"i":614,"j":645},{"i":616,"j":638},{"i":626,"j":629},{"i":600,"j":657},{"i":641,"j":651},{"i":630,"j":641},{"i":627,"j":631},{"i":637,"j":642},{"i":619,"j":637},{"i":631,"j":636},{"i":613,"j":631},{"i":628,"j":646},{"i":625,"j":650},{"i":621,"j":625},{"i":607,"j":634},{"i":597,"j":634},{"i":619,"j":628},{"i":635,"j":693},{"i":635,"j":636},{"i":631,"j":635},{"i":638,"j":644},{"i":616,"j":619},{"i":637,"j":646},{"i":593,"j":622},{"i":639,"j":641},{"i":658,"j":662},{"i":638,"j":642},{"i":632,"j":664},{"i":620,"j":632},{"i":638,"j":649},{"i":641,"j":653},{"i":614,"j":618},{"i":636,"j":648},{"i":659,"j":670},{"i":635,"j":644},{"i":648,"j":698},{"i":647,"j":648},{"i":642,"j":656},{"i":644,"j":649},{"i":639,"j":657},{"i":652,"j":664},{"i":654,"j":663},{"i":646,"j":652},{"i":650,"j":675},{"i":643,"j":645},{"i":654,"j":656},{"i":652,"j":654},{"i":651,"j":665},{"i":650,"j":651},{"i":643,"j":660},{"i":622,"j":643},{"i":674,"j":683},{"i":624,"j":662},{"i":660,"j":700},{"i":658,"j":659},{"i":592,"j":658},{"i":655,"j":660},{"i":645,"j":655},{"i":656,"j":663},{"i":649,"j":656},{"i":669,"j":672},{"i":657,"j":669},{"i":653,"j":667},{"i":653,"j":672},{"i":665,"j":675},{"i":661,"j":666},{"i":675,"j":681},{"i":665,"j":671},{"i":665,"j":668},{"i":667,"j":671},{"i":660,"j":673},{"i":672,"j":685},{"i":672,"j":679},{"i":667,"j":672},{"i":673,"j":685},{"i":669,"j":673},{"i":660,"j":688},{"i":662,"j":674},{"i":659,"j":662},{"i":668,"j":686},{"i":679,"j":691},{"i":632,"j":633},{"i":678,"j":689},{"i":676,"j":678},{"i":674,"j":677},{"i":634,"j":712},{"i":675,"j":678},{"i":633,"j":675},{"i":676,"j":699},{"i":679,"j":680},{"i":671,"j":679},{"i":681,"j":689},{"i":664,"j":676},{"i":682,"j":703},{"i":663,"j":682},{"i":705,"j":713},{"i":680,"j":684},{"i":668,"j":680},{"i":687,"j":692},{"i":684,"j":694},{"i":666,"j":700},{"i":655,"j":666},{"i":668,"j":684},{"i":686,"j":692},{"i":685,"j":695},{"i":687,"j":689},{"i":681,"j":687},{"i":685,"j":690},{"i":695,"j":702},{"i":691,"j":695},{"i":688,"j":690},{"i":689,"j":697},{"i":686,"j":694},{"i":644,"j":663},{"i":692,"j":697},{"i":691,"j":694},{"i":690,"j":714},{"i":670,"j":705},{"i":661,"j":670},{"i":634,"j":696},{"i":624,"j":634},{"i":693,"j":698},{"i":697,"j":699},{"i":670,"j":677},{"i":694,"j":702},{"i":682,"j":699},{"i":695,"j":711},{"i":698,"j":718},{"i":701,"j":703},{"i":682,"j":701},{"i":703,"j":710},{"i":704,"j":706},{"i":699,"j":704},{"i":683,"j":709},{"i":710,"j":726},{"i":705,"j":719},{"i":706,"j":725},{"i":701,"j":706},{"i":688,"j":721},{"i":700,"j":719},{"i":696,"j":712},{"i":683,"j":696},{"i":707,"j":717},{"i":677,"j":707},{"i":708,"j":744},{"i":705,"j":708},{"i":711,"j":723},{"i":693,"j":710},{"i":716,"j":742},{"i":715,"j":716},{"i":693,"j":715},{"i":707,"j":709},{"i":713,"j":717},{"i":698,"j":716},{"i":647,"j":718},{"i":719,"j":753},{"i":714,"j":755},{"i":720,"j":724},{"i":692,"j":720},{"i":700,"j":729},{"i":721,"j":722},{"i":711,"j":714},{"i":711,"j":734},{"i":734,"j":761},{"i":725,"j":733},{"i":706,"j":739},{"i":703,"j":727},{"i":715,"j":726},{"i":727,"j":732},{"i":726,"j":727},{"i":702,"j":723},{"i":728,"j":734},{"i":708,"j":713},{"i":729,"j":730},{"i":721,"j":729},{"i":724,"j":736},{"i":728,"j":731},{"i":723,"j":728},{"i":725,"j":740},{"i":732,"j":740},{"i":726,"j":732},{"i":704,"j":724},{"i":733,"j":740},{"i":732,"j":733},{"i":731,"j":736},{"i":720,"j":731},{"i":714,"j":722},{"i":729,"j":752},{"i":713,"j":738},{"i":737,"j":743},{"i":737,"j":746},{"i":706,"j":737},{"i":750,"j":779},{"i":741,"j":777},{"i":718,"j":741},{"i":742,"j":773},{"i":739,"j":751},{"i":708,"j":735},{"i":739,"j":760},{"i":735,"j":749},{"i":744,"j":753},{"i":738,"j":745},{"i":735,"j":738},{"i":734,"j":748},{"i":743,"j":766},{"i":739,"j":743},{"i":742,"j":747},{"i":730,"j":755},{"i":722,"j":730},{"i":754,"j":787},{"i":748,"j":756},{"i":736,"j":748},{"i":744,"j":749},{"i":741,"j":747},{"i":740,"j":751},{"i":729,"j":759},{"i":744,"j":750},{"i":753,"j":754},{"i":752,"j":768},{"i":752,"j":758},{"i":771,"j":783},{"i":745,"j":771},{"i":712,"j":757},{"i":709,"j":712},{"i":729,"j":754},{"i":758,"j":767},{"i":759,"j":787},{"i":776,"j":785},{"i":756,"j":775},{"i":752,"j":759},{"i":765,"j":814},{"i":757,"j":763},{"i":717,"j":757},{"i":751,"j":760},{"i":762,"j":768},{"i":752,"j":762},{"i":763,"j":765},{"i":764,"j":773},{"i":740,"j":764},{"i":746,"j":756},{"i":758,"j":778},{"i":749,"j":783},{"i":767,"j":770},{"i":755,"j":767},{"i":782,"j":786},{"i":779,"j":782},{"i":768,"j":778},{"i":745,"j":765},{"i":769,"j":773},{"i":769,"j":784},{"i":769,"j":774},{"i":747,"j":769},{"i":774,"j":798},{"i":760,"j":766},{"i":761,"j":780},{"i":772,"j":789},{"i":746,"j":772},{"i":761,"j":770},{"i":747,"j":774},{"i":647,"j":777},{"i":761,"j":776},{"i":762,"j":787},{"i":778,"j":781},{"i":750,"j":783},{"i":770,"j":781},{"i":786,"j":805},{"i":780,"j":788},{"i":779,"j":787},{"i":771,"j":814},{"i":802,"j":824},{"i":775,"j":788},{"i":772,"j":775},{"i":781,"j":796},{"i":776,"j":793},{"i":785,"j":792},{"i":780,"j":785},{"i":782,"j":802},{"i":786,"j":787},{"i":802,"j":811},{"i":790,"j":795},{"i":799,"j":819},{"i":789,"j":799},{"i":791,"j":804},{"i":764,"j":791},{"i":789,"j":790},{"i":784,"j":800},{"i":766,"j":790},{"i":789,"j":795},{"i":788,"j":815},{"i":794,"j":797},{"i":791,"j":794},{"i":795,"j":797},{"i":794,"j":795},{"i":792,"j":793},{"i":788,"j":799},{"i":797,"j":803},{"i":792,"j":815},{"i":801,"j":841},{"i":777,"j":801},{"i":784,"j":820},{"i":798,"j":801},{"i":777,"j":798},{"i":800,"j":801},{"i":793,"j":796},{"i":782,"j":783},{"i":800,"j":841},{"i":806,"j":810},{"i":763,"j":833},{"i":805,"j":806},{"i":804,"j":817},{"i":773,"j":804},{"i":807,"j":808},{"i":796,"j":807},{"i":808,"j":812},{"i":796,"j":808},{"i":787,"j":806},{"i":806,"j":813},{"i":809,"j":813},{"i":778,"j":809},{"i":805,"j":811},{"i":810,"j":813},{"i":809,"j":810},{"i":634,"j":884},{"i":812,"j":826},{"i":813,"j":840},{"i":799,"j":828},{"i":813,"j":818},{"i":807,"j":813},{"i":803,"j":825},{"i":820,"j":849},{"i":816,"j":826},{"i":812,"j":816},{"i":811,"j":829},{"i":799,"j":834},{"i":825,"j":843},{"i":784,"j":817},{"i":816,"j":818},{"i":819,"j":828},{"i":783,"j":814},{"i":803,"j":819},{"i":821,"j":823},{"i":814,"j":821},{"i":824,"j":851},{"i":823,"j":824},{"i":814,"j":823},{"i":826,"j":830},{"i":820,"j":845},{"i":803,"j":822},{"i":831,"j":842},{"i":826,"j":832},{"i":822,"j":843},{"i":826,"j":827},{"i":811,"j":851},{"i":829,"j":840},{"i":821,"j":851},{"i":757,"j":831},{"i":827,"j":835},{"i":815,"j":827},{"i":818,"j":840},{"i":830,"j":835},{"i":822,"j":828},{"i":832,"j":844},{"i":830,"j":832},{"i":834,"j":835},{"i":835,"j":836},{"i":834,"j":839},{"i":837,"j":838},{"i":825,"j":837},{"i":851,"j":863},{"i":836,"j":839},{"i":839,"j":847},{"i":850,"j":869},{"i":841,"j":887},{"i":777,"j":841},{"i":835,"j":844},{"i":833,"j":842},{"i":821,"j":833},{"i":828,"j":859},{"i":852,"j":856},{"i":832,"j":840},{"i":845,"j":848},{"i":841,"j":845},{"i":840,"j":850},{"i":838,"j":849},{"i":817,"j":838},{"i":836,"j":857},{"i":837,"j":855},{"i":841,"j":848},{"i":843,"j":854},{"i":849,"j":873},{"i":850,"j":862},{"i":842,"j":846},{"i":850,"j":852},{"i":853,"j":856},{"i":844,"j":852},{"i":854,"j":860},{"i":849,"j":855},{"i":836,"j":853},{"i":853,"j":864},{"i":860,"j":877},{"i":855,"j":860},{"i":859,"j":872},{"i":859,"j":867},{"i":843,"j":859},{"i":854,"j":858},{"i":857,"j":865},{"i":861,"j":862},{"i":851,"j":874},{"i":856,"j":861},{"i":864,"j":865},{"i":857,"j":864},{"i":869,"j":871},{"i":847,"j":872},{"i":858,"j":867},{"i":859,"j":866},{"i":858,"j":881},{"i":863,"j":868},{"i":869,"j":870},{"i":875,"j":883},{"i":868,"j":871},{"i":829,"j":868},{"i":865,"j":878},{"i":847,"j":865},{"i":867,"j":895},{"i":870,"j":875},{"i":862,"j":870},{"i":885,"j":890},{"i":875,"j":879},{"i":861,"j":875},{"i":846,"j":876},{"i":866,"j":895},{"i":873,"j":877},{"i":878,"j":886},{"i":874,"j":880},{"i":879,"j":885},{"i":864,"j":879},{"i":874,"j":876},{"i":872,"j":886},{"i":883,"j":894},{"i":882,"j":883},{"i":873,"j":899},{"i":848,"j":873},{"i":870,"j":893},{"i":882,"j":885},{"i":879,"j":882},{"i":846,"j":912},{"i":831,"j":884},{"i":889,"j":895},{"i":886,"j":889},{"i":892,"j":901},{"i":889,"j":892},{"i":885,"j":888},{"i":887,"j":891},{"i":866,"j":886},{"i":888,"j":892},{"i":878,"j":888},{"i":871,"j":898},{"i":881,"j":897},{"i":877,"j":881},{"i":888,"j":900},{"i":896,"j":923},{"i":888,"j":890},{"i":880,"j":896},{"i":863,"j":880},{"i":890,"j":904},{"i":881,"j":907},{"i":894,"j":904},{"i":876,"j":923},{"i":897,"j":903},{"i":896,"j":898},{"i":900,"j":921},{"i":897,"j":899},{"i":900,"j":901},{"i":901,"j":905},{"i":898,"j":902},{"i":899,"j":909},{"i":894,"j":928},{"i":906,"j":922},{"i":914,"j":917},{"i":905,"j":906},{"i":895,"j":905},{"i":893,"j":928},{"i":884,"j":908},{"i":910,"j":929},{"i":907,"j":910},{"i":903,"j":907},{"i":906,"j":911},{"i":881,"j":906},{"i":899,"j":918},{"i":911,"j":917},{"i":908,"j":912},{"i":891,"j":909},{"i":909,"j":913},{"i":934,"j":945},{"i":913,"j":952},{"i":891,"j":913},{"i":910,"j":911},{"i":914,"j":915},{"i":910,"j":914},{"i":903,"j":937},{"i":904,"j":920},{"i":915,"j":929},{"i":916,"j":918},{"i":913,"j":916},{"i":916,"j":919},{"i":913,"j":919},{"i":917,"j":924},{"i":915,"j":917},{"i":893,"j":902},{"i":900,"j":931},{"i":921,"j":930},{"i":921,"j":925},{"i":905,"j":921},{"i":917,"j":922},{"i":924,"j":929},{"i":918,"j":937},{"i":926,"j":938},{"i":919,"j":926},{"i":924,"j":936},{"i":902,"j":923},{"i":935,"j":957},{"i":922,"j":925},{"i":903,"j":940},{"i":920,"j":931},{"i":930,"j":933},{"i":925,"j":930},{"i":928,"j":931},{"i":920,"j":928},{"i":930,"j":941},{"i":936,"j":946},{"i":932,"j":936},{"i":933,"j":939},{"i":927,"j":934},{"i":923,"j":927},{"i":934,"j":942},{"i":928,"j":934},{"i":912,"j":935},{"i":929,"j":940},{"i":922,"j":933},{"i":929,"j":944},{"i":926,"j":937},{"i":932,"j":946},{"i":929,"j":932},{"i":945,"j":950},{"i":937,"j":951},{"i":939,"j":947},{"i":935,"j":943},{"i":936,"j":939},{"i":944,"j":946},{"i":927,"j":943},{"i":941,"j":947},{"i":939,"j":941},{"i":942,"j":954},{"i":940,"j":959},{"i":945,"j":948},{"i":951,"j":958},{"i":938,"j":949},{"i":943,"j":950},{"i":955,"j":958},{"i":949,"j":951},{"i":938,"j":952},{"i":944,"j":961},{"i":953,"j":956},{"i":952,"j":953},{"i":955,"j":956},{"i":949,"j":955},{"i":948,"j":967},{"i":942,"j":948},{"i":946,"j":975},{"i":960,"j":963},{"i":958,"j":960},{"i":960,"j":968},{"i":956,"j":962},{"i":959,"j":968},{"i":958,"j":959},{"i":931,"j":954},{"i":980,"j":993},{"i":950,"j":967},{"i":953,"j":969},{"i":965,"j":974},{"i":954,"j":965},{"i":950,"j":957},{"i":961,"j":976},{"i":963,"j":972},{"i":962,"j":963},{"i":966,"j":970},{"i":952,"j":966},{"i":966,"j":969},{"i":967,"j":980},{"i":971,"j":995},{"i":947,"j":983},{"i":972,"j":977},{"i":972,"j":973},{"i":962,"j":972},{"i":973,"j":978},{"i":969,"j":973},{"i":947,"j":988},{"i":961,"j":975},{"i":976,"j":981},{"i":959,"j":976},{"i":977,"j":979},{"i":977,"j":978},{"i":978,"j":979},{"i":968,"j":981},{"i":947,"j":964},{"i":967,"j":971},{"i":981,"j":982},{"i":975,"j":984},{"i":982,"j":998},{"i":979,"j":982},{"i":974,"j":985},{"i":983,"j":986},{"i":975,"j":986},{"i":984,"j":998},{"i":976,"j":984},{"i":983,"j":989},{"i":986,"j":998},{"i":985,"j":987},{"i":964,"j":985},{"i":983,"j":988},{"i":983,"j":991},{"i":989,"j":998},{"i":987,"j":990},{"i":964,"j":987},{"i":997,"j":999},{"i":989,"j":991},{"i":990,"j":997},{"i":988,"j":990},{"i":965,"j":980},{"i":971,"j":996},{"i":992,"j":994},{"i":974,"j":992},{"i":993,"j":999},{"i":992,"j":993},{"i":957,"j":996},{"i":996,"j":999},{"i":995,"j":996},{"i":912,"j":996},{"i":990,"j":994},{"i":994,"j":999},{"i":997,"j":998},{"i":991,"j":997},{"i":995,"j":999},{"i":0,"j":1},{"i":1,"j":6},{"i":6,"j":34},{"i":34,"j":56},{"i":56,"j":72},{"i":72,"j":122},{"i":122,"j":321},{"i":321,"j":640},{"i":640,"j":647},{"i":647,"j":887},{"i":887,"j":952},{"i":952,"j":970},{"i":970,"j":978},{"i":978,"j":998},{"i":998,"j":999}],"type":"Solution"}