{"instance_name":"paris-0000400","edges":[{"i":0,"j":2},{"i":2,"j":7},{"i":1,"j":2},{"i":0,"j":5},{"i":3,"j":4},{"i":0,"j":3},{"i":2,"j":4},{"i":3,"j":6},{"i":0,"j":11},{"i":5,"j":6},{"i":6,"j":14},{"i":4,"j":6},{"i":8,"j":9},{"i":4,"j":8},{"i":11,"j":69},{"i":1,"j":7},{"i":12,"j":16},{"i":1,"j":12},{"i":7,"j":17},{"i":12,"j":19},{"i":11,"j":15},{"i":5,"j":11},{"i":1,"j":16},{"i":18,"j":28},{"i":10,"j":13},{"i":2,"j":18},{"i":15,"j":37},{"i":14,"j":15},{"i":9,"j":18},{"i":2,"j":9},{"i":20,"j":26},{"i":13,"j":23},{"i":18,"j":32},{"i":12,"j":17},{"i":17,"j":22},{"i":23,"j":29},{"i":18,"j":20},{"i":16,"j":23},{"i":17,"j":25},{"i":21,"j":24},{"i":13,"j":21},{"i":19,"j":27},{"i":21,"j":23},{"i":7,"j":20},{"i":27,"j":30},{"i":22,"j":31},{"i":19,"j":22},{"i":25,"j":41},{"i":14,"j":32},{"i":8,"j":14},{"i":27,"j":33},{"i":29,"j":51},{"i":24,"j":29},{"i":30,"j":42},{"i":29,"j":30},{"i":25,"j":26},{"i":31,"j":35},{"i":26,"j":28},{"i":40,"j":53},{"i":33,"j":42},{"i":28,"j":36},{"i":31,"j":41},{"i":35,"j":42},{"i":33,"j":35},{"i":34,"j":39},{"i":26,"j":34},{"i":32,"j":38},{"i":37,"j":38},{"i":39,"j":46},{"i":36,"j":44},{"i":34,"j":36},{"i":39,"j":40},{"i":48,"j":69},{"i":25,"j":40},{"i":41,"j":43},{"i":43,"j":60},{"i":42,"j":43},{"i":41,"j":53},{"i":42,"j":60},{"i":38,"j":45},{"i":36,"j":38},{"i":44,"j":46},{"i":54,"j":66},{"i":44,"j":45},{"i":47,"j":50},{"i":37,"j":47},{"i":11,"j":48},{"i":45,"j":59},{"i":46,"j":53},{"i":52,"j":57},{"i":24,"j":51},{"i":45,"j":49},{"i":53,"j":58},{"i":52,"j":55},{"i":46,"j":52},{"i":50,"j":54},{"i":49,"j":50},{"i":55,"j":56},{"i":53,"j":55},{"i":53,"j":56},{"i":56,"j":57},{"i":49,"j":54},{"i":58,"j":60},{"i":60,"j":67},{"i":59,"j":62},{"i":52,"j":59},{"i":48,"j":61},{"i":47,"j":48},{"i":62,"j":63},{"i":52,"j":62},{"i":64,"j":77},{"i":64,"j":75},{"i":60,"j":64},{"i":61,"j":66},{"i":48,"j":82},{"i":61,"j":74},{"i":57,"j":63},{"i":67,"j":87},{"i":51,"j":67},{"i":59,"j":66},{"i":70,"j":78},{"i":68,"j":70},{"i":66,"j":68},{"i":124,"j":248},{"i":73,"j":90},{"i":72,"j":85},{"i":63,"j":72},{"i":70,"j":72},{"i":59,"j":70},{"i":69,"j":73},{"i":65,"j":69},{"i":71,"j":77},{"i":58,"j":71},{"i":72,"j":76},{"i":75,"j":87},{"i":68,"j":74},{"i":76,"j":86},{"i":79,"j":80},{"i":70,"j":79},{"i":65,"j":82},{"i":48,"j":65},{"i":81,"j":83},{"i":74,"j":81},{"i":86,"j":96},{"i":76,"j":78},{"i":89,"j":95},{"i":88,"j":89},{"i":77,"j":95},{"i":80,"j":93},{"i":78,"j":80},{"i":75,"j":89},{"i":94,"j":104},{"i":82,"j":94},{"i":51,"j":87},{"i":87,"j":88},{"i":83,"j":92},{"i":83,"j":101},{"i":90,"j":94},{"i":73,"j":91},{"i":81,"j":104},{"i":79,"j":92},{"i":79,"j":98},{"i":93,"j":100},{"i":90,"j":119},{"i":85,"j":97},{"i":71,"j":85},{"i":95,"j":102},{"i":88,"j":95},{"i":86,"j":100},{"i":98,"j":109},{"i":96,"j":97},{"i":107,"j":116},{"i":98,"j":111},{"i":97,"j":105},{"i":103,"j":110},{"i":102,"j":103},{"i":84,"j":99},{"i":93,"j":98},{"i":99,"j":110},{"i":84,"j":103},{"i":77,"j":84},{"i":104,"j":107},{"i":102,"j":118},{"i":92,"j":111},{"i":104,"j":117},{"i":106,"j":108},{"i":101,"j":106},{"i":107,"j":108},{"i":106,"j":107},{"i":108,"j":113},{"i":101,"j":108},{"i":112,"j":115},{"i":99,"j":115},{"i":110,"j":112},{"i":99,"j":105},{"i":105,"j":122},{"i":111,"j":113},{"i":109,"j":111},{"i":100,"j":129},{"i":96,"j":100},{"i":107,"j":114},{"i":109,"j":129},{"i":113,"j":114},{"i":141,"j":156},{"i":118,"j":127},{"i":118,"j":128},{"i":87,"j":118},{"i":117,"j":120},{"i":116,"j":117},{"i":91,"j":119},{"i":119,"j":120},{"i":94,"j":119},{"i":126,"j":138},{"i":121,"j":133},{"i":113,"j":146},{"i":115,"j":125},{"i":112,"j":123},{"i":91,"j":124},{"i":122,"j":125},{"i":123,"j":139},{"i":124,"j":126},{"i":125,"j":134},{"i":118,"j":121},{"i":121,"j":128},{"i":127,"j":133},{"i":116,"j":162},{"i":126,"j":130},{"i":119,"j":126},{"i":129,"j":131},{"i":123,"j":140},{"i":132,"j":133},{"i":127,"j":132},{"i":135,"j":142},{"i":122,"j":131},{"i":125,"j":140},{"i":133,"j":135},{"i":137,"j":158},{"i":128,"j":137},{"i":130,"j":136},{"i":119,"j":130},{"i":128,"j":135},{"i":141,"j":148},{"i":114,"j":116},{"i":136,"j":162},{"i":120,"j":136},{"i":139,"j":144},{"i":132,"j":139},{"i":144,"j":145},{"i":141,"j":143},{"i":131,"j":141},{"i":142,"j":157},{"i":137,"j":142},{"i":140,"j":145},{"i":139,"j":140},{"i":144,"j":157},{"i":142,"j":144},{"i":134,"j":147},{"i":146,"j":162},{"i":145,"j":147},{"i":141,"j":149},{"i":162,"j":186},{"i":148,"j":150},{"i":143,"j":148},{"i":141,"j":155},{"i":149,"j":150},{"i":156,"j":164},{"i":134,"j":143},{"i":151,"j":160},{"i":147,"j":151},{"i":152,"j":163},{"i":147,"j":152},{"i":150,"j":154},{"i":150,"j":159},{"i":151,"j":154},{"i":146,"j":156},{"i":129,"j":146},{"i":159,"j":161},{"i":146,"j":153},{"i":163,"j":170},{"i":137,"j":157},{"i":157,"j":166},{"i":154,"j":159},{"i":73,"j":248},{"i":152,"j":160},{"i":155,"j":167},{"i":149,"j":155},{"i":136,"j":138},{"i":160,"j":169},{"i":160,"j":161},{"i":153,"j":165},{"i":155,"j":164},{"i":165,"j":168},{"i":164,"j":165},{"i":185,"j":199},{"i":164,"j":180},{"i":163,"j":176},{"i":170,"j":172},{"i":166,"j":170},{"i":161,"j":174},{"i":166,"j":205},{"i":163,"j":175},{"i":167,"j":178},{"i":162,"j":171},{"i":153,"j":162},{"i":167,"j":173},{"i":176,"j":190},{"i":166,"j":172},{"i":167,"j":180},{"i":173,"j":174},{"i":178,"j":196},{"i":172,"j":179},{"i":169,"j":182},{"i":174,"j":181},{"i":175,"j":179},{"i":177,"j":205},{"i":166,"j":177},{"i":168,"j":180},{"i":175,"j":190},{"i":179,"j":190},{"i":177,"j":179},{"i":173,"j":185},{"i":178,"j":185},{"i":181,"j":185},{"i":169,"j":184},{"i":182,"j":189},{"i":171,"j":194},{"i":168,"j":171},{"i":162,"j":183},{"i":169,"j":181},{"i":201,"j":226},{"i":184,"j":187},{"i":185,"j":188},{"i":184,"j":188},{"i":191,"j":198},{"i":189,"j":191},{"i":187,"j":191},{"i":182,"j":187},{"i":190,"j":192},{"i":190,"j":203},{"i":176,"j":189},{"i":198,"j":210},{"i":189,"j":198},{"i":198,"j":212},{"i":171,"j":193},{"i":194,"j":195},{"i":196,"j":199},{"i":195,"j":196},{"i":180,"j":195},{"i":200,"j":214},{"i":193,"j":200},{"i":171,"j":183},{"i":202,"j":207},{"i":194,"j":202},{"i":198,"j":208},{"i":192,"j":198},{"i":186,"j":201},{"i":183,"j":186},{"i":200,"j":202},{"i":194,"j":200},{"i":214,"j":222},{"i":190,"j":204},{"i":206,"j":223},{"i":203,"j":213},{"i":199,"j":206},{"i":204,"j":219},{"i":195,"j":209},{"i":187,"j":212},{"i":193,"j":197},{"i":208,"j":211},{"i":192,"j":208},{"i":207,"j":209},{"i":212,"j":217},{"i":210,"j":219},{"i":208,"j":210},{"i":206,"j":215},{"i":188,"j":206},{"i":215,"j":220},{"i":203,"j":219},{"i":197,"j":222},{"i":205,"j":213},{"i":213,"j":216},{"i":218,"j":230},{"i":226,"j":242},{"i":215,"j":217},{"i":216,"j":218},{"i":205,"j":216},{"i":211,"j":219},{"i":204,"j":211},{"i":210,"j":217},{"i":219,"j":230},{"i":196,"j":209},{"i":217,"j":220},{"i":214,"j":221},{"i":207,"j":214},{"i":197,"j":201},{"i":221,"j":225},{"i":209,"j":221},{"i":223,"j":224},{"i":225,"j":227},{"i":223,"j":231},{"i":232,"j":237},{"i":231,"j":232},{"i":225,"j":234},{"i":209,"j":225},{"i":226,"j":228},{"i":222,"j":226},{"i":229,"j":269},{"i":218,"j":229},{"i":229,"j":230},{"i":223,"j":239},{"i":186,"j":236},{"i":138,"j":233},{"i":227,"j":254},{"i":231,"j":237},{"i":186,"j":233},{"i":242,"j":265},{"i":238,"j":241},{"i":235,"j":238},{"i":217,"j":244},{"i":224,"j":251},{"i":220,"j":224},{"i":223,"j":234},{"i":239,"j":240},{"i":232,"j":239},{"i":237,"j":240},{"i":235,"j":241},{"i":230,"j":235},{"i":229,"j":241},{"i":239,"j":243},{"i":239,"j":250},{"i":224,"j":237},{"i":244,"j":266},{"i":238,"j":244},{"i":240,"j":243},{"i":228,"j":254},{"i":227,"j":228},{"i":247,"j":256},{"i":245,"j":258},{"i":233,"j":245},{"i":246,"j":249},{"i":225,"j":246},{"i":239,"j":253},{"i":250,"j":252},{"i":243,"j":250},{"i":237,"j":247},{"i":257,"j":261},{"i":244,"j":251},{"i":252,"j":255},{"i":249,"j":253},{"i":234,"j":249},{"i":255,"j":261},{"i":242,"j":264},{"i":252,"j":257},{"i":252,"j":260},{"i":247,"j":255},{"i":256,"j":261},{"i":251,"j":256},{"i":253,"j":260},{"i":254,"j":259},{"i":246,"j":254},{"i":248,"j":258},{"i":245,"j":248},{"i":259,"j":260},{"i":248,"j":272},{"i":267,"j":274},{"i":260,"j":262},{"i":261,"j":280},{"i":242,"j":263},{"i":236,"j":276},{"i":263,"j":275},{"i":267,"j":273},{"i":268,"j":284},{"i":262,"j":268},{"i":272,"j":281},{"i":254,"j":274},{"i":266,"j":282},{"i":267,"j":268},{"i":259,"j":267},{"i":241,"j":271},{"i":254,"j":265},{"i":258,"j":270},{"i":269,"j":271},{"i":236,"j":270},{"i":265,"j":275},{"i":278,"j":283},{"i":257,"j":262},{"i":274,"j":278},{"i":273,"j":274},{"i":263,"j":264},{"i":272,"j":276},{"i":270,"j":272},{"i":281,"j":300},{"i":277,"j":286},{"i":264,"j":277},{"i":264,"j":276},{"i":273,"j":283},{"i":280,"j":297},{"i":275,"j":287},{"i":276,"j":281},{"i":266,"j":280},{"i":284,"j":294},{"i":280,"j":285},{"i":284,"j":285},{"i":283,"j":291},{"i":279,"j":289},{"i":277,"j":279},{"i":286,"j":292},{"i":289,"j":303},{"i":286,"j":289},{"i":281,"j":288},{"i":279,"j":281},{"i":288,"j":289},{"i":271,"j":282},{"i":290,"j":351},{"i":269,"j":290},{"i":283,"j":296},{"i":300,"j":335},{"i":286,"j":306},{"i":284,"j":291},{"i":287,"j":295},{"i":291,"j":302},{"i":296,"j":309},{"i":302,"j":308},{"i":287,"j":292},{"i":285,"j":294},{"i":297,"j":298},{"i":282,"j":297},{"i":296,"j":299},{"i":293,"j":296},{"i":308,"j":315},{"i":288,"j":300},{"i":327,"j":336},{"i":294,"j":302},{"i":301,"j":307},{"i":301,"j":302},{"i":291,"j":293},{"i":298,"j":305},{"i":301,"j":304},{"i":285,"j":301},{"i":290,"j":298},{"i":304,"j":305},{"i":297,"j":304},{"i":303,"j":306},{"i":299,"j":308},{"i":293,"j":299},{"i":312,"j":318},{"i":304,"j":311},{"i":295,"j":309},{"i":278,"j":295},{"i":295,"j":313},{"i":304,"j":319},{"i":315,"j":321},{"i":310,"j":332},{"i":305,"j":310},{"i":307,"j":308},{"i":311,"j":322},{"i":310,"j":311},{"i":309,"j":315},{"i":292,"j":316},{"i":312,"j":314},{"i":308,"j":312},{"i":318,"j":322},{"i":314,"j":319},{"i":307,"j":314},{"i":309,"j":320},{"i":309,"j":323},{"i":306,"j":317},{"i":313,"j":323},{"i":323,"j":334},{"i":318,"j":325},{"i":319,"j":322},{"i":313,"j":328},{"i":320,"j":321},{"i":303,"j":335},{"i":321,"j":325},{"i":312,"j":321},{"i":316,"j":328},{"i":248,"j":361},{"i":324,"j":331},{"i":322,"j":324},{"i":324,"j":325},{"i":323,"j":326},{"i":320,"j":323},{"i":327,"j":330},{"i":317,"j":327},{"i":316,"j":317},{"i":325,"j":337},{"i":323,"j":328},{"i":327,"j":329},{"i":329,"j":330},{"i":328,"j":329},{"i":327,"j":333},{"i":326,"j":337},{"i":325,"j":326},{"i":333,"j":338},{"i":322,"j":332},{"i":290,"j":332},{"i":331,"j":340},{"i":330,"j":333},{"i":335,"j":336},{"i":334,"j":358},{"i":334,"j":337},{"i":334,"j":342},{"i":337,"j":339},{"i":331,"j":337},{"i":345,"j":349},{"i":339,"j":340},{"i":340,"j":341},{"i":332,"j":341},{"i":334,"j":360},{"i":342,"j":343},{"i":343,"j":344},{"i":339,"j":343},{"i":336,"j":345},{"i":346,"j":355},{"i":339,"j":344},{"i":346,"j":347},{"i":341,"j":346},{"i":335,"j":348},{"i":272,"j":350},{"i":347,"j":351},{"i":332,"j":347},{"i":359,"j":363},{"i":342,"j":353},{"i":334,"j":338},{"i":340,"j":365},{"i":354,"j":356},{"i":347,"j":354},{"i":352,"j":359},{"i":344,"j":352},{"i":354,"j":355},{"i":354,"j":366},{"i":356,"j":366},{"i":356,"j":357},{"i":352,"j":353},{"i":349,"j":360},{"i":338,"j":349},{"i":353,"j":362},{"i":345,"j":371},{"i":358,"j":370},{"i":350,"j":361},{"i":348,"j":350},{"i":358,"j":364},{"i":359,"j":378},{"i":362,"j":373},{"i":365,"j":381},{"i":360,"j":367},{"i":340,"j":363},{"i":366,"j":375},{"i":362,"j":364},{"i":365,"j":368},{"i":371,"j":387},{"i":367,"j":373},{"i":361,"j":369},{"i":348,"j":361},{"i":367,"j":370},{"i":367,"j":387},{"i":369,"j":372},{"i":368,"j":374},{"i":355,"j":368},{"i":370,"j":373},{"i":364,"j":370},{"i":363,"j":381},{"i":374,"j":376},{"i":376,"j":379},{"i":376,"j":377},{"i":375,"j":376},{"i":369,"j":399},{"i":379,"j":380},{"i":373,"j":378},{"i":379,"j":385},{"i":379,"j":384},{"i":377,"j":380},{"i":375,"j":377},{"i":389,"j":399},{"i":385,"j":388},{"i":382,"j":388},{"i":376,"j":382},{"i":378,"j":383},{"i":384,"j":385},{"i":382,"j":397},{"i":380,"j":386},{"i":357,"j":380},{"i":384,"j":386},{"i":381,"j":396},{"i":371,"j":393},{"i":383,"j":392},{"i":381,"j":383},{"i":388,"j":397},{"i":386,"j":388},{"i":372,"j":389},{"i":371,"j":372},{"i":387,"j":391},{"i":394,"j":399},{"i":390,"j":392},{"i":378,"j":390},{"i":391,"j":398},{"i":390,"j":391},{"i":387,"j":393},{"i":389,"j":394},{"i":394,"j":395},{"i":393,"j":394},{"i":392,"j":396},{"i":396,"j":397},{"i":374,"j":396},{"i":396,"j":398},{"i":391,"j":395},{"i":398,"j":399},{"i":395,"j":399},{"i":0,"j":1},{"i":1,"j":10},{"i":10,"j":24},{"i":24,"j":128},{"i":128,"j":158},{"i":158,"j":205},{"i":205,"j":269},{"i":269,"j":351},{"i":351,"j":357},{"i":357,"j":386},{"i":386,"j":397},{"i":397,"j":399}],"type":"Solution"}