{"instance_name":"paris-0000800","edges":[{"i":0,"j":2},{"i":6,"j":17},{"i":0,"j":4},{"i":0,"j":5},{"i":4,"j":52},{"i":5,"j":7},{"i":2,"j":5},{"i":4,"j":6},{"i":3,"j":4},{"i":5,"j":9},{"i":9,"j":16},{"i":7,"j":8},{"i":2,"j":7},{"i":6,"j":29},{"i":2,"j":13},{"i":1,"j":2},{"i":3,"j":10},{"i":0,"j":3},{"i":3,"j":11},{"i":6,"j":11},{"i":3,"j":6},{"i":15,"j":32},{"i":1,"j":15},{"i":12,"j":15},{"i":1,"j":12},{"i":12,"j":13},{"i":10,"j":16},{"i":19,"j":21},{"i":8,"j":19},{"i":10,"j":20},{"i":11,"j":24},{"i":16,"j":18},{"i":14,"j":22},{"i":9,"j":14},{"i":17,"j":29},{"i":19,"j":28},{"i":10,"j":25},{"i":25,"j":27},{"i":21,"j":32},{"i":13,"j":21},{"i":22,"j":30},{"i":20,"j":23},{"i":14,"j":34},{"i":17,"j":24},{"i":25,"j":26},{"i":20,"j":25},{"i":24,"j":27},{"i":23,"j":26},{"i":8,"j":22},{"i":31,"j":35},{"i":23,"j":31},{"i":18,"j":23},{"i":27,"j":31},{"i":26,"j":27},{"i":30,"j":42},{"i":28,"j":30},{"i":30,"j":33},{"i":33,"j":54},{"i":36,"j":37},{"i":24,"j":36},{"i":38,"j":45},{"i":27,"j":37},{"i":36,"j":41},{"i":38,"j":39},{"i":37,"j":38},{"i":41,"j":67},{"i":35,"j":46},{"i":34,"j":40},{"i":39,"j":45},{"i":35,"j":39},{"i":33,"j":34},{"i":42,"j":43},{"i":41,"j":49},{"i":43,"j":44},{"i":28,"j":43},{"i":44,"j":48},{"i":32,"j":44},{"i":55,"j":67},{"i":49,"j":55},{"i":47,"j":63},{"i":44,"j":47},{"i":47,"j":48},{"i":48,"j":137},{"i":45,"j":58},{"i":29,"j":50},{"i":58,"j":61},{"i":4,"j":82},{"i":40,"j":65},{"i":58,"j":69},{"i":46,"j":57},{"i":18,"j":46},{"i":56,"j":81},{"i":49,"j":50},{"i":54,"j":56},{"i":42,"j":54},{"i":406,"j":522},{"i":56,"j":63},{"i":43,"j":56},{"i":46,"j":53},{"i":40,"j":74},{"i":45,"j":69},{"i":58,"j":59},{"i":53,"j":58},{"i":50,"j":71},{"i":59,"j":60},{"i":64,"j":68},{"i":60,"j":64},{"i":53,"j":60},{"i":59,"j":64},{"i":64,"j":78},{"i":54,"j":65},{"i":71,"j":72},{"i":59,"j":61},{"i":63,"j":98},{"i":40,"j":57},{"i":62,"j":67},{"i":55,"j":62},{"i":51,"j":52},{"i":62,"j":83},{"i":67,"j":70},{"i":61,"j":78},{"i":68,"j":74},{"i":57,"j":68},{"i":69,"j":78},{"i":51,"j":72},{"i":50,"j":51},{"i":70,"j":73},{"i":69,"j":70},{"i":62,"j":71},{"i":76,"j":87},{"i":73,"j":76},{"i":52,"j":66},{"i":74,"j":84},{"i":69,"j":73},{"i":75,"j":77},{"i":66,"j":75},{"i":81,"j":98},{"i":78,"j":79},{"i":71,"j":97},{"i":65,"j":84},{"i":88,"j":94},{"i":77,"j":88},{"i":66,"j":86},{"i":80,"j":83},{"i":79,"j":90},{"i":68,"j":79},{"i":82,"j":85},{"i":85,"j":86},{"i":52,"j":85},{"i":80,"j":89},{"i":76,"j":80},{"i":96,"j":109},{"i":86,"j":88},{"i":75,"j":86},{"i":79,"j":87},{"i":87,"j":100},{"i":97,"j":108},{"i":74,"j":95},{"i":91,"j":92},{"i":84,"j":91},{"i":92,"j":107},{"i":90,"j":95},{"i":72,"j":77},{"i":93,"j":99},{"i":83,"j":93},{"i":97,"j":106},{"i":93,"j":97},{"i":91,"j":114},{"i":94,"j":96},{"i":96,"j":97},{"i":72,"j":96},{"i":99,"j":104},{"i":81,"j":92},{"i":48,"j":98},{"i":89,"j":101},{"i":100,"j":113},{"i":90,"j":100},{"i":89,"j":103},{"i":101,"j":102},{"i":100,"j":105},{"i":102,"j":105},{"i":99,"j":103},{"i":103,"j":110},{"i":82,"j":122},{"i":104,"j":110},{"i":91,"j":143},{"i":107,"j":117},{"i":98,"j":107},{"i":104,"j":106},{"i":112,"j":126},{"i":85,"j":118},{"i":108,"j":111},{"i":106,"j":108},{"i":105,"j":130},{"i":108,"j":112},{"i":111,"j":116},{"i":101,"j":110},{"i":121,"j":124},{"i":95,"j":120},{"i":115,"j":128},{"i":114,"j":115},{"i":114,"j":128},{"i":113,"j":120},{"i":107,"j":115},{"i":117,"j":137},{"i":98,"j":117},{"i":112,"j":119},{"i":109,"j":121},{"i":110,"j":116},{"i":120,"j":123},{"i":109,"j":135},{"i":119,"j":125},{"i":111,"j":119},{"i":129,"j":138},{"i":121,"j":126},{"i":112,"j":121},{"i":125,"j":131},{"i":124,"j":133},{"i":116,"j":129},{"i":132,"j":135},{"i":114,"j":134},{"i":128,"j":137},{"i":127,"j":130},{"i":102,"j":127},{"i":125,"j":153},{"i":127,"j":129},{"i":140,"j":191},{"i":134,"j":156},{"i":126,"j":133},{"i":94,"j":162},{"i":132,"j":133},{"i":124,"j":132},{"i":130,"j":136},{"i":134,"j":139},{"i":129,"j":131},{"i":118,"j":144},{"i":131,"j":154},{"i":137,"j":150},{"i":123,"j":146},{"i":137,"j":139},{"i":118,"j":122},{"i":138,"j":141},{"i":146,"j":165},{"i":141,"j":142},{"i":136,"j":141},{"i":152,"j":174},{"i":133,"j":153},{"i":122,"j":140},{"i":143,"j":146},{"i":145,"j":155},{"i":143,"j":145},{"i":113,"j":136},{"i":145,"j":146},{"i":142,"j":147},{"i":136,"j":142},{"i":149,"j":154},{"i":151,"j":158},{"i":147,"j":151},{"i":147,"j":158},{"i":139,"j":156},{"i":149,"j":151},{"i":138,"j":149},{"i":175,"j":206},{"i":135,"j":159},{"i":140,"j":152},{"i":153,"j":154},{"i":155,"j":166},{"i":155,"j":163},{"i":134,"j":157},{"i":156,"j":184},{"i":134,"j":163},{"i":148,"j":170},{"i":157,"j":184},{"i":155,"j":164},{"i":159,"j":161},{"i":159,"j":160},{"i":82,"j":191},{"i":144,"j":168},{"i":148,"j":165},{"i":123,"j":148},{"i":161,"j":176},{"i":153,"j":161},{"i":163,"j":179},{"i":148,"j":158},{"i":164,"j":166},{"i":163,"j":164},{"i":155,"j":186},{"i":166,"j":192},{"i":162,"j":167},{"i":135,"j":162},{"i":160,"j":167},{"i":185,"j":194},{"i":144,"j":172},{"i":173,"j":187},{"i":144,"j":152},{"i":168,"j":178},{"i":162,"j":168},{"i":173,"j":177},{"i":167,"j":173},{"i":170,"j":209},{"i":264,"j":522},{"i":158,"j":206},{"i":160,"j":200},{"i":186,"j":208},{"i":168,"j":181},{"i":160,"j":177},{"i":171,"j":180},{"i":144,"j":171},{"i":179,"j":197},{"i":169,"j":179},{"i":172,"j":182},{"i":171,"j":172},{"i":178,"j":181},{"i":180,"j":183},{"i":172,"j":203},{"i":189,"j":198},{"i":169,"j":184},{"i":157,"j":169},{"i":190,"j":200},{"i":183,"j":185},{"i":181,"j":183},{"i":184,"j":254},{"i":150,"j":184},{"i":186,"j":192},{"i":173,"j":178},{"i":189,"j":193},{"i":188,"j":189},{"i":185,"j":188},{"i":187,"j":190},{"i":177,"j":187},{"i":178,"j":188},{"i":210,"j":221},{"i":180,"j":194},{"i":172,"j":174},{"i":193,"j":199},{"i":182,"j":205},{"i":180,"j":182},{"i":175,"j":201},{"i":170,"j":175},{"i":195,"j":213},{"i":192,"j":195},{"i":192,"j":213},{"i":196,"j":197},{"i":179,"j":196},{"i":196,"j":213},{"i":194,"j":198},{"i":203,"j":223},{"i":199,"j":226},{"i":202,"j":221},{"i":190,"j":216},{"i":204,"j":211},{"i":176,"j":204},{"i":154,"j":176},{"i":165,"j":209},{"i":174,"j":191},{"i":176,"j":202},{"i":190,"j":199},{"i":204,"j":207},{"i":182,"j":203},{"i":206,"j":222},{"i":201,"j":206},{"i":201,"j":219},{"i":202,"j":210},{"i":195,"j":217},{"i":195,"j":208},{"i":206,"j":207},{"i":200,"j":221},{"i":204,"j":215},{"i":197,"j":212},{"i":222,"j":231},{"i":212,"j":254},{"i":184,"j":212},{"i":209,"j":214},{"i":213,"j":220},{"i":214,"j":228},{"i":204,"j":210},{"i":198,"j":218},{"i":208,"j":214},{"i":221,"j":230},{"i":215,"j":221},{"i":198,"j":205},{"i":222,"j":236},{"i":213,"j":235},{"i":220,"j":238},{"i":212,"j":220},{"i":219,"j":228},{"i":221,"j":242},{"i":215,"j":230},{"i":233,"j":271},{"i":193,"j":229},{"i":223,"j":224},{"i":205,"j":223},{"i":229,"j":255},{"i":222,"j":225},{"i":224,"j":255},{"i":225,"j":245},{"i":218,"j":227},{"i":227,"j":255},{"i":218,"j":224},{"i":219,"j":225},{"i":234,"j":243},{"i":221,"j":232},{"i":193,"j":227},{"i":216,"j":242},{"i":231,"j":237},{"i":225,"j":231},{"i":230,"j":246},{"i":211,"j":240},{"i":207,"j":211},{"i":226,"j":233},{"i":226,"j":229},{"i":234,"j":247},{"i":238,"j":250},{"i":234,"j":235},{"i":213,"j":234},{"i":236,"j":237},{"i":235,"j":244},{"i":238,"j":239},{"i":212,"j":239},{"i":228,"j":248},{"i":217,"j":228},{"i":232,"j":256},{"i":240,"j":241},{"i":246,"j":253},{"i":240,"j":246},{"i":216,"j":233},{"i":243,"j":244},{"i":249,"j":278},{"i":259,"j":268},{"i":237,"j":252},{"i":245,"j":248},{"i":217,"j":248},{"i":244,"j":261},{"i":241,"j":252},{"i":236,"j":241},{"i":244,"j":251},{"i":243,"j":247},{"i":245,"j":249},{"i":239,"j":262},{"i":232,"j":242},{"i":242,"j":283},{"i":255,"j":271},{"i":257,"j":274},{"i":257,"j":259},{"i":248,"j":257},{"i":257,"j":277},{"i":250,"j":269},{"i":247,"j":263},{"i":251,"j":270},{"i":250,"j":251},{"i":248,"j":259},{"i":252,"j":253},{"i":258,"j":272},{"i":223,"j":258},{"i":191,"j":264},{"i":260,"j":262},{"i":260,"j":265},{"i":264,"j":266},{"i":266,"j":304},{"i":249,"j":252},{"i":268,"j":276},{"i":267,"j":268},{"i":269,"j":282},{"i":262,"j":269},{"i":261,"j":263},{"i":270,"j":279},{"i":269,"j":270},{"i":258,"j":266},{"i":271,"j":273},{"i":252,"j":290},{"i":277,"j":305},{"i":274,"j":276},{"i":274,"j":284},{"i":275,"j":277},{"i":257,"j":275},{"i":283,"j":289},{"i":282,"j":291},{"i":256,"j":286},{"i":253,"j":256},{"i":261,"j":280},{"i":279,"j":291},{"i":263,"j":267},{"i":273,"j":283},{"i":272,"j":281},{"i":283,"j":312},{"i":284,"j":310},{"i":276,"j":297},{"i":283,"j":292},{"i":275,"j":278},{"i":265,"j":282},{"i":282,"j":287},{"i":280,"j":309},{"i":267,"j":276},{"i":286,"j":290},{"i":290,"j":301},{"i":288,"j":295},{"i":265,"j":296},{"i":280,"j":298},{"i":279,"j":280},{"i":281,"j":299},{"i":255,"j":281},{"i":289,"j":330},{"i":285,"j":293},{"i":272,"j":285},{"i":291,"j":302},{"i":294,"j":295},{"i":263,"j":294},{"i":287,"j":296},{"i":265,"j":287},{"i":288,"j":303},{"i":280,"j":288},{"i":290,"j":300},{"i":286,"j":301},{"i":293,"j":299},{"i":289,"j":313},{"i":286,"j":289},{"i":301,"j":317},{"i":298,"j":302},{"i":306,"j":381},{"i":302,"j":327},{"i":294,"j":297},{"i":293,"j":318},{"i":285,"j":318},{"i":313,"j":324},{"i":300,"j":307},{"i":304,"j":306},{"i":285,"j":304},{"i":284,"j":305},{"i":300,"j":311},{"i":297,"j":310},{"i":303,"j":321},{"i":309,"j":321},{"i":298,"j":309},{"i":294,"j":308},{"i":305,"j":316},{"i":307,"j":326},{"i":278,"j":307},{"i":310,"j":329},{"i":308,"j":310},{"i":299,"j":323},{"i":273,"j":299},{"i":289,"j":292},{"i":292,"j":337},{"i":308,"j":322},{"i":312,"j":323},{"i":314,"j":315},{"i":295,"j":314},{"i":315,"j":336},{"i":311,"j":319},{"i":307,"j":311},{"i":319,"j":331},{"i":313,"j":317},{"i":285,"j":306},{"i":317,"j":319},{"i":315,"j":320},{"i":295,"j":315},{"i":322,"j":335},{"i":314,"j":322},{"i":303,"j":320},{"i":320,"j":336},{"i":327,"j":354},{"i":310,"j":316},{"i":305,"j":333},{"i":325,"j":329},{"i":316,"j":325},{"i":319,"j":328},{"i":313,"j":330},{"i":327,"j":340},{"i":296,"j":327},{"i":324,"j":331},{"i":319,"j":324},{"i":326,"j":333},{"i":329,"j":335},{"i":292,"j":312},{"i":330,"j":360},{"i":331,"j":334},{"i":318,"j":332},{"i":326,"j":348},{"i":329,"j":339},{"i":325,"j":333},{"i":330,"j":349},{"i":335,"j":341},{"i":336,"j":347},{"i":333,"j":345},{"i":323,"j":342},{"i":332,"j":342},{"i":323,"j":332},{"i":318,"j":338},{"i":326,"j":328},{"i":337,"j":387},{"i":321,"j":350},{"i":346,"j":364},{"i":349,"j":357},{"i":343,"j":351},{"i":341,"j":343},{"i":347,"j":356},{"i":343,"j":344},{"i":328,"j":334},{"i":339,"j":364},{"i":348,"j":359},{"i":367,"j":375},{"i":344,"j":347},{"i":336,"j":344},{"i":334,"j":358},{"i":346,"j":353},{"i":335,"j":346},{"i":354,"j":369},{"i":350,"j":363},{"i":348,"j":352},{"i":347,"j":351},{"i":339,"j":345},{"i":260,"j":340},{"i":350,"j":354},{"i":352,"j":355},{"i":345,"j":352},{"i":357,"j":365},{"i":350,"j":356},{"i":345,"j":372},{"i":349,"j":360},{"i":334,"j":357},{"i":348,"j":362},{"i":358,"j":362},{"i":353,"j":368},{"i":341,"j":353},{"i":361,"j":371},{"i":351,"j":361},{"i":358,"j":365},{"i":356,"j":371},{"i":360,"j":388},{"i":355,"j":376},{"i":362,"j":366},{"i":355,"j":359},{"i":364,"j":379},{"i":368,"j":373},{"i":363,"j":369},{"i":379,"j":389},{"i":367,"j":370},{"i":365,"j":367},{"i":382,"j":406},{"i":340,"j":369},{"i":366,"j":374},{"i":372,"j":379},{"i":370,"j":384},{"i":366,"j":370},{"i":337,"j":342},{"i":374,"j":376},{"i":359,"j":374},{"i":374,"j":384},{"i":371,"j":378},{"i":373,"j":377},{"i":361,"j":373},{"i":377,"j":378},{"i":380,"j":390},{"i":376,"j":379},{"i":372,"j":376},{"i":378,"j":380},{"i":363,"j":378},{"i":375,"j":384},{"i":338,"j":392},{"i":342,"j":383},{"i":375,"j":388},{"i":381,"j":386},{"i":385,"j":392},{"i":338,"j":385},{"i":382,"j":386},{"i":381,"j":382},{"i":383,"j":391},{"i":387,"j":399},{"i":396,"j":407},{"i":380,"j":409},{"i":390,"j":398},{"i":383,"j":394},{"i":394,"j":413},{"i":389,"j":393},{"i":384,"j":411},{"i":392,"j":394},{"i":393,"j":395},{"i":368,"j":393},{"i":384,"j":388},{"i":373,"j":395},{"i":401,"j":412},{"i":389,"j":401},{"i":405,"j":428},{"i":369,"j":397},{"i":390,"j":400},{"i":396,"j":405},{"i":377,"j":396},{"i":398,"j":415},{"i":385,"j":386},{"i":413,"j":425},{"i":304,"j":406},{"i":400,"j":427},{"i":398,"j":400},{"i":395,"j":407},{"i":413,"j":444},{"i":405,"j":421},{"i":402,"j":408},{"i":386,"j":402},{"i":413,"j":436},{"i":414,"j":441},{"i":401,"j":414},{"i":412,"j":418},{"i":407,"j":412},{"i":403,"j":413},{"i":392,"j":403},{"i":401,"j":411},{"i":420,"j":432},{"i":399,"j":417},{"i":388,"j":399},{"i":419,"j":423},{"i":414,"j":418},{"i":409,"j":421},{"i":410,"j":422},{"i":384,"j":410},{"i":419,"j":434},{"i":411,"j":419},{"i":416,"j":430},{"i":410,"j":416},{"i":423,"j":460},{"i":420,"j":422},{"i":410,"j":420},{"i":409,"j":429},{"i":422,"j":423},{"i":391,"j":425},{"i":387,"j":391},{"i":417,"j":443},{"i":416,"j":417},{"i":402,"j":404},{"i":415,"j":426},{"i":397,"j":415},{"i":426,"j":449},{"i":405,"j":407},{"i":429,"j":433},{"i":427,"j":429},{"i":426,"j":450},{"i":421,"j":446},{"i":430,"j":439},{"i":425,"j":435},{"i":406,"j":431},{"i":404,"j":406},{"i":430,"j":432},{"i":437,"j":447},{"i":421,"j":428},{"i":434,"j":441},{"i":435,"j":437},{"i":424,"j":435},{"i":436,"j":444},{"i":435,"j":436},{"i":439,"j":451},{"i":424,"j":440},{"i":399,"j":424},{"i":434,"j":454},{"i":418,"j":452},{"i":446,"j":459},{"i":440,"j":443},{"i":438,"j":469},{"i":432,"j":438},{"i":443,"j":476},{"i":438,"j":471},{"i":431,"j":445},{"i":404,"j":431},{"i":428,"j":442},{"i":427,"j":433},{"i":439,"j":466},{"i":427,"j":457},{"i":449,"j":450},{"i":449,"j":467},{"i":397,"j":449},{"i":433,"j":446},{"i":441,"j":448},{"i":439,"j":443},{"i":448,"j":463},{"i":442,"j":452},{"i":454,"j":460},{"i":446,"j":462},{"i":455,"j":457},{"i":433,"j":455},{"i":465,"j":494},{"i":454,"j":458},{"i":453,"j":454},{"i":472,"j":515},{"i":456,"j":462},{"i":442,"j":456},{"i":465,"j":470},{"i":447,"j":476},{"i":440,"j":447},{"i":453,"j":464},{"i":448,"j":453},{"i":461,"j":477},{"i":456,"j":461},{"i":468,"j":475},{"i":452,"j":468},{"i":458,"j":464},{"i":464,"j":502},{"i":450,"j":478},{"i":457,"j":478},{"i":460,"j":473},{"i":437,"j":479},{"i":449,"j":465},{"i":467,"j":470},{"i":369,"j":467},{"i":463,"j":468},{"i":452,"j":463},{"i":438,"j":451},{"i":459,"j":497},{"i":460,"j":469},{"i":451,"j":480},{"i":471,"j":474},{"i":402,"j":445},{"i":469,"j":474},{"i":471,"j":480},{"i":463,"j":484},{"i":474,"j":493},{"i":463,"j":464},{"i":475,"j":477},{"i":461,"j":475},{"i":459,"j":483},{"i":455,"j":459},{"i":466,"j":487},{"i":444,"j":481},{"i":476,"j":487},{"i":466,"j":476},{"i":482,"j":484},{"i":476,"j":479},{"i":408,"j":496},{"i":403,"j":408},{"i":464,"j":488},{"i":477,"j":490},{"i":483,"j":491},{"i":487,"j":505},{"i":483,"j":485},{"i":478,"j":514},{"i":481,"j":486},{"i":486,"j":495},{"i":479,"j":486},{"i":458,"j":473},{"i":489,"j":516},{"i":488,"j":489},{"i":484,"j":488},{"i":475,"j":482},{"i":490,"j":497},{"i":462,"j":490},{"i":483,"j":513},{"i":485,"j":491},{"i":490,"j":504},{"i":487,"j":492},{"i":480,"j":487},{"i":492,"j":493},{"i":481,"j":562},{"i":478,"j":485},{"i":506,"j":532},{"i":492,"j":508},{"i":481,"j":518},{"i":500,"j":507},{"i":498,"j":500},{"i":482,"j":489},{"i":494,"j":595},{"i":470,"j":494},{"i":491,"j":500},{"i":472,"j":499},{"i":445,"j":472},{"i":498,"j":509},{"i":478,"j":498},{"i":501,"j":516},{"i":493,"j":508},{"i":501,"j":512},{"i":475,"j":501},{"i":519,"j":523},{"i":503,"j":518},{"i":495,"j":506},{"i":503,"j":506},{"i":495,"j":503},{"i":497,"j":510},{"i":507,"j":520},{"i":507,"j":526},{"i":510,"j":525},{"i":499,"j":533},{"i":496,"j":499},{"i":497,"j":529},{"i":488,"j":502},{"i":509,"j":528},{"i":510,"j":513},{"i":509,"j":514},{"i":494,"j":514},{"i":82,"j":522},{"i":512,"j":517},{"i":504,"j":512},{"i":517,"j":530},{"i":504,"j":517},{"i":473,"j":508},{"i":519,"j":521},{"i":502,"j":519},{"i":520,"j":543},{"i":508,"j":527},{"i":538,"j":547},{"i":511,"j":539},{"i":522,"j":524},{"i":517,"j":540},{"i":513,"j":542},{"i":526,"j":543},{"i":523,"j":547},{"i":508,"j":535},{"i":520,"j":528},{"i":529,"j":530},{"i":528,"j":543},{"i":514,"j":528},{"i":529,"j":531},{"i":525,"j":529},{"i":516,"j":545},{"i":531,"j":542},{"i":525,"j":531},{"i":527,"j":538},{"i":523,"j":527},{"i":538,"j":550},{"i":511,"j":536},{"i":499,"j":511},{"i":534,"j":535},{"i":534,"j":550},{"i":535,"j":555},{"i":532,"j":573},{"i":511,"j":515},{"i":515,"j":524},{"i":522,"j":537},{"i":527,"j":534},{"i":540,"j":545},{"i":536,"j":558},{"i":533,"j":536},{"i":516,"j":521},{"i":540,"j":548},{"i":540,"j":541},{"i":530,"j":540},{"i":553,"j":561},{"i":551,"j":553},{"i":541,"j":542},{"i":542,"j":560},{"i":526,"j":542},{"i":539,"j":544},{"i":536,"j":539},{"i":544,"j":546},{"i":521,"j":547},{"i":537,"j":546},{"i":524,"j":537},{"i":505,"j":555},{"i":548,"j":552},{"i":548,"j":556},{"i":541,"j":548},{"i":546,"j":584},{"i":549,"j":559},{"i":541,"j":549},{"i":532,"j":551},{"i":505,"j":532},{"i":547,"j":554},{"i":533,"j":570},{"i":549,"j":552},{"i":551,"j":555},{"i":547,"j":574},{"i":559,"j":579},{"i":554,"j":556},{"i":545,"j":554},{"i":556,"j":557},{"i":518,"j":565},{"i":544,"j":566},{"i":557,"j":559},{"i":552,"j":557},{"i":559,"j":560},{"i":560,"j":589},{"i":547,"j":550},{"i":496,"j":576},{"i":550,"j":555},{"i":563,"j":569},{"i":532,"j":563},{"i":562,"j":568},{"i":558,"j":570},{"i":566,"j":584},{"i":565,"j":571},{"i":564,"j":565},{"i":496,"j":570},{"i":564,"j":571},{"i":563,"j":564},{"i":573,"j":578},{"i":571,"j":580},{"i":567,"j":570},{"i":558,"j":567},{"i":569,"j":573},{"i":565,"j":568},{"i":580,"j":585},{"i":569,"j":580},{"i":572,"j":581},{"i":561,"j":588},{"i":555,"j":561},{"i":566,"j":575},{"i":570,"j":593},{"i":572,"j":577},{"i":554,"j":572},{"i":577,"j":583},{"i":568,"j":580},{"i":557,"j":577},{"i":579,"j":587},{"i":578,"j":582},{"i":553,"j":578},{"i":581,"j":590},{"i":581,"j":583},{"i":537,"j":584},{"i":576,"j":594},{"i":582,"j":603},{"i":579,"j":586},{"i":588,"j":596},{"i":589,"j":604},{"i":582,"j":588},{"i":586,"j":587},{"i":586,"j":604},{"i":574,"j":591},{"i":583,"j":599},{"i":579,"j":583},{"i":574,"j":588},{"i":591,"j":592},{"i":599,"j":608},{"i":567,"j":575},{"i":593,"j":601},{"i":594,"j":602},{"i":589,"j":595},{"i":543,"j":589},{"i":582,"j":618},{"i":590,"j":609},{"i":593,"j":598},{"i":576,"j":593},{"i":622,"j":680},{"i":609,"j":614},{"i":594,"j":598},{"i":600,"j":605},{"i":575,"j":622},{"i":600,"j":602},{"i":594,"j":600},{"i":591,"j":596},{"i":578,"j":585},{"i":611,"j":617},{"i":592,"j":611},{"i":597,"j":613},{"i":587,"j":597},{"i":607,"j":616},{"i":585,"j":607},{"i":602,"j":606},{"i":562,"j":602},{"i":598,"j":624},{"i":605,"j":606},{"i":618,"j":629},{"i":568,"j":606},{"i":610,"j":620},{"i":597,"j":608},{"i":603,"j":610},{"i":599,"j":609},{"i":603,"j":619},{"i":610,"j":611},{"i":596,"j":610},{"i":607,"j":631},{"i":592,"j":614},{"i":590,"j":592},{"i":608,"j":625},{"i":613,"j":625},{"i":613,"j":615},{"i":604,"j":615},{"i":614,"j":617},{"i":612,"j":614},{"i":607,"j":621},{"i":612,"j":625},{"i":599,"j":612},{"i":616,"j":618},{"i":620,"j":644},{"i":625,"j":637},{"i":619,"j":620},{"i":628,"j":640},{"i":584,"j":622},{"i":601,"j":628},{"i":624,"j":632},{"i":617,"j":643},{"i":624,"j":626},{"i":605,"j":624},{"i":616,"j":630},{"i":622,"j":668},{"i":621,"j":630},{"i":621,"j":639},{"i":623,"j":625},{"i":626,"j":631},{"i":606,"j":626},{"i":626,"j":634},{"i":631,"j":634},{"i":624,"j":628},{"i":645,"j":661},{"i":615,"j":623},{"i":641,"j":646},{"i":629,"j":641},{"i":632,"j":634},{"i":617,"j":620},{"i":627,"j":629},{"i":635,"j":636},{"i":623,"j":635},{"i":636,"j":650},{"i":630,"j":641},{"i":633,"j":638},{"i":604,"j":633},{"i":648,"j":661},{"i":634,"j":645},{"i":622,"j":640},{"i":601,"j":622},{"i":635,"j":637},{"i":636,"j":642},{"i":633,"j":636},{"i":627,"j":644},{"i":619,"j":627},{"i":643,"j":651},{"i":637,"j":643},{"i":639,"j":657},{"i":651,"j":655},{"i":638,"j":649},{"i":595,"j":638},{"i":642,"j":647},{"i":638,"j":642},{"i":643,"j":644},{"i":639,"j":645},{"i":647,"j":649},{"i":638,"j":647},{"i":643,"j":653},{"i":656,"j":669},{"i":652,"j":656},{"i":650,"j":652},{"i":646,"j":662},{"i":644,"j":646},{"i":649,"j":676},{"i":652,"j":654},{"i":642,"j":652},{"i":662,"j":666},{"i":655,"j":656},{"i":650,"j":655},{"i":653,"j":659},{"i":651,"j":653},{"i":648,"j":657},{"i":639,"j":648},{"i":649,"j":654},{"i":658,"j":673},{"i":654,"j":658},{"i":659,"j":663},{"i":655,"j":659},{"i":657,"j":660},{"i":660,"j":665},{"i":646,"j":660},{"i":632,"j":640},{"i":669,"j":670},{"i":653,"j":672},{"i":653,"j":666},{"i":667,"j":670},{"i":663,"j":667},{"i":653,"j":664},{"i":584,"j":727},{"i":665,"j":691},{"i":640,"j":671},{"i":655,"j":663},{"i":669,"j":681},{"i":658,"j":669},{"i":675,"j":679},{"i":668,"j":671},{"i":669,"j":682},{"i":662,"j":683},{"i":673,"j":702},{"i":667,"j":672},{"i":674,"j":675},{"i":666,"j":674},{"i":674,"j":684},{"i":649,"j":673},{"i":522,"j":727},{"i":664,"j":678},{"i":664,"j":675},{"i":678,"j":679},{"i":677,"j":678},{"i":665,"j":686},{"i":668,"j":680},{"i":682,"j":690},{"i":673,"j":681},{"i":682,"j":687},{"i":681,"j":682},{"i":683,"j":686},{"i":683,"j":684},{"i":686,"j":691},{"i":680,"j":685},{"i":679,"j":693},{"i":700,"j":708},{"i":677,"j":689},{"i":672,"j":677},{"i":679,"j":689},{"i":690,"j":698},{"i":688,"j":690},{"i":670,"j":688},{"i":689,"j":692},{"i":688,"j":689},{"i":699,"j":700},{"i":692,"j":696},{"i":679,"j":684},{"i":693,"j":694},{"i":692,"j":693},{"i":684,"j":691},{"i":695,"j":720},{"i":692,"j":697},{"i":696,"j":698},{"i":694,"j":697},{"i":713,"j":720},{"i":691,"j":700},{"i":697,"j":707},{"i":687,"j":695},{"i":694,"j":699},{"i":701,"j":702},{"i":687,"j":701},{"i":706,"j":710},{"i":703,"j":706},{"i":699,"j":706},{"i":697,"j":703},{"i":671,"j":705},{"i":661,"j":671},{"i":706,"j":711},{"i":685,"j":705},{"i":704,"j":706},{"i":700,"j":704},{"i":709,"j":729},{"i":703,"j":714},{"i":710,"j":717},{"i":707,"j":712},{"i":696,"j":707},{"i":665,"j":725},{"i":708,"j":711},{"i":704,"j":708},{"i":705,"j":709},{"i":661,"j":705},{"i":714,"j":722},{"i":707,"j":714},{"i":710,"j":714},{"i":711,"j":717},{"i":717,"j":723},{"i":701,"j":720},{"i":712,"j":722},{"i":712,"j":715},{"i":695,"j":698},{"i":716,"j":721},{"i":713,"j":716},{"i":715,"j":718},{"i":717,"j":728},{"i":720,"j":724},{"i":702,"j":713},{"i":720,"j":735},{"i":724,"j":726},{"i":716,"j":724},{"i":698,"j":718},{"i":716,"j":731},{"i":728,"j":738},{"i":721,"j":734},{"i":719,"j":721},{"i":665,"j":709},{"i":715,"j":722},{"i":705,"j":727},{"i":685,"j":727},{"i":708,"j":725},{"i":728,"j":756},{"i":723,"j":736},{"i":723,"j":733},{"i":726,"j":731},{"i":732,"j":735},{"i":718,"j":732},{"i":722,"j":730},{"i":732,"j":766},{"i":723,"j":738},{"i":721,"j":737},{"i":745,"j":750},{"i":732,"j":749},{"i":734,"j":751},{"i":731,"j":739},{"i":729,"j":741},{"i":725,"j":729},{"i":737,"j":743},{"i":726,"j":740},{"i":737,"j":739},{"i":730,"j":733},{"i":742,"j":752},{"i":736,"j":748},{"i":733,"j":736},{"i":738,"j":745},{"i":727,"j":771},{"i":740,"j":747},{"i":742,"j":744},{"i":735,"j":742},{"i":740,"j":744},{"i":743,"j":746},{"i":750,"j":758},{"i":748,"j":750},{"i":746,"j":762},{"i":744,"j":757},{"i":757,"j":776},{"i":739,"j":747},{"i":745,"j":754},{"i":746,"j":751},{"i":734,"j":746},{"i":755,"j":766},{"i":771,"j":786},{"i":742,"j":749},{"i":752,"j":776},{"i":748,"j":758},{"i":753,"j":758},{"i":728,"j":741},{"i":764,"j":776},{"i":753,"j":755},{"i":730,"j":753},{"i":754,"j":758},{"i":741,"j":760},{"i":739,"j":759},{"i":752,"j":757},{"i":759,"j":764},{"i":757,"j":759},{"i":747,"j":757},{"i":758,"j":769},{"i":719,"j":751},{"i":761,"j":762},{"i":743,"j":761},{"i":761,"j":763},{"i":765,"j":766},{"i":755,"j":765},{"i":764,"j":770},{"i":763,"j":764},{"i":767,"j":768},{"i":762,"j":767},{"i":756,"j":772},{"i":754,"j":756},{"i":763,"j":770},{"i":769,"j":773},{"i":769,"j":772},{"i":766,"j":784},{"i":749,"j":766},{"i":751,"j":768},{"i":768,"j":774},{"i":774,"j":787},{"i":751,"j":774},{"i":760,"j":777},{"i":756,"j":760},{"i":765,"j":773},{"i":779,"j":789},{"i":760,"j":781},{"i":780,"j":785},{"i":770,"j":780},{"i":778,"j":785},{"i":776,"j":783},{"i":772,"j":775},{"i":760,"j":771},{"i":778,"j":782},{"i":767,"j":778},{"i":773,"j":779},{"i":785,"j":793},{"i":777,"j":781},{"i":786,"j":792},{"i":782,"j":787},{"i":790,"j":796},{"i":784,"j":790},{"i":775,"j":798},{"i":788,"j":790},{"i":779,"j":788},{"i":775,"j":777},{"i":789,"j":790},{"i":788,"j":789},{"i":794,"j":798},{"i":789,"j":798},{"i":786,"j":791},{"i":781,"j":786},{"i":791,"j":792},{"i":783,"j":796},{"i":780,"j":783},{"i":793,"j":795},{"i":782,"j":793},{"i":791,"j":794},{"i":783,"j":784},{"i":798,"j":799},{"i":790,"j":799},{"i":792,"j":797},{"i":727,"j":797},{"i":797,"j":798},{"i":794,"j":797},{"i":796,"j":799},{"i":0,"j":1},{"i":1,"j":32},{"i":32,"j":150},{"i":150,"j":254},{"i":254,"j":260},{"i":260,"j":470},{"i":470,"j":595},{"i":595,"j":676},{"i":676,"j":719},{"i":719,"j":787},{"i":787,"j":795},{"i":795,"j":799}],"type":"Solution"}