{"instance_name":"skylake-0001000","edges":[{"i":2,"j":13},{"i":0,"j":2},{"i":3,"j":149},{"i":0,"j":6},{"i":2,"j":8},{"i":1,"j":2},{"i":0,"j":1},{"i":4,"j":6},{"i":0,"j":7},{"i":7,"j":9},{"i":7,"j":11},{"i":10,"j":21},{"i":0,"j":10},{"i":3,"j":17},{"i":2,"j":3},{"i":11,"j":20},{"i":10,"j":11},{"i":5,"j":16},{"i":1,"j":5},{"i":12,"j":15},{"i":1,"j":12},{"i":13,"j":14},{"i":12,"j":18},{"i":15,"j":24},{"i":9,"j":15},{"i":16,"j":19},{"i":1,"j":16},{"i":5,"j":8},{"i":15,"j":29},{"i":14,"j":27},{"i":8,"j":14},{"i":9,"j":23},{"i":27,"j":28},{"i":21,"j":25},{"i":21,"j":31},{"i":22,"j":26},{"i":9,"j":22},{"i":22,"j":52},{"i":10,"j":20},{"i":25,"j":68},{"i":6,"j":25},{"i":22,"j":23},{"i":20,"j":49},{"i":13,"j":28},{"i":15,"j":18},{"i":33,"j":55},{"i":17,"j":30},{"i":9,"j":26},{"i":30,"j":55},{"i":29,"j":32},{"i":24,"j":29},{"i":23,"j":24},{"i":30,"j":33},{"i":33,"j":34},{"i":2,"j":34},{"i":34,"j":38},{"i":27,"j":37},{"i":36,"j":40},{"i":18,"j":36},{"i":36,"j":41},{"i":32,"j":46},{"i":26,"j":67},{"i":19,"j":43},{"i":40,"j":42},{"i":8,"j":37},{"i":42,"j":51},{"i":48,"j":56},{"i":32,"j":42},{"i":40,"j":41},{"i":39,"j":71},{"i":42,"j":70},{"i":43,"j":60},{"i":41,"j":43},{"i":55,"j":81},{"i":19,"j":53},{"i":45,"j":48},{"i":5,"j":45},{"i":22,"j":39},{"i":31,"j":49},{"i":50,"j":52},{"i":22,"j":50},{"i":44,"j":54},{"i":39,"j":44},{"i":44,"j":46},{"i":48,"j":53},{"i":50,"j":71},{"i":60,"j":69},{"i":47,"j":65},{"i":43,"j":47},{"i":37,"j":57},{"i":54,"j":71},{"i":35,"j":58},{"i":13,"j":35},{"i":38,"j":75},{"i":35,"j":38},{"i":58,"j":88},{"i":53,"j":65},{"i":47,"j":53},{"i":65,"j":77},{"i":49,"j":67},{"i":61,"j":62},{"i":49,"j":61},{"i":61,"j":98},{"i":62,"j":63},{"i":31,"j":62},{"i":52,"j":59},{"i":63,"j":68},{"i":54,"j":80},{"i":64,"j":89},{"i":59,"j":64},{"i":57,"j":66},{"i":60,"j":76},{"i":57,"j":84},{"i":59,"j":89},{"i":71,"j":92},{"i":64,"j":71},{"i":68,"j":190},{"i":4,"j":68},{"i":65,"j":73},{"i":69,"j":70},{"i":51,"j":80},{"i":46,"j":51},{"i":66,"j":90},{"i":45,"j":66},{"i":56,"j":74},{"i":58,"j":72},{"i":79,"j":97},{"i":74,"j":99},{"i":74,"j":77},{"i":76,"j":79},{"i":69,"j":76},{"i":55,"j":78},{"i":73,"j":83},{"i":60,"j":73},{"i":75,"j":88},{"i":70,"j":82},{"i":80,"j":87},{"i":30,"j":149},{"i":73,"j":112},{"i":28,"j":85},{"i":72,"j":86},{"i":66,"j":116},{"i":72,"j":91},{"i":84,"j":85},{"i":88,"j":107},{"i":80,"j":82},{"i":71,"j":87},{"i":78,"j":107},{"i":75,"j":78},{"i":92,"j":101},{"i":67,"j":98},{"i":86,"j":91},{"i":85,"j":86},{"i":82,"j":97},{"i":78,"j":81},{"i":99,"j":123},{"i":88,"j":93},{"i":95,"j":111},{"i":63,"j":95},{"i":67,"j":89},{"i":96,"j":121},{"i":89,"j":104},{"i":94,"j":102},{"i":90,"j":99},{"i":56,"j":90},{"i":92,"j":94},{"i":95,"j":98},{"i":94,"j":103},{"i":97,"j":106},{"i":91,"j":113},{"i":96,"j":103},{"i":87,"j":96},{"i":104,"j":114},{"i":89,"j":101},{"i":103,"j":120},{"i":83,"j":118},{"i":79,"j":83},{"i":102,"j":114},{"i":101,"j":102},{"i":102,"j":124},{"i":98,"j":104},{"i":113,"j":125},{"i":100,"j":113},{"i":77,"j":99},{"i":90,"j":126},{"i":93,"j":108},{"i":93,"j":110},{"i":109,"j":136},{"i":107,"j":122},{"i":100,"j":125},{"i":111,"j":134},{"i":119,"j":142},{"i":114,"j":127},{"i":105,"j":114},{"i":108,"j":113},{"i":108,"j":131},{"i":115,"j":190},{"i":96,"j":106},{"i":111,"j":115},{"i":68,"j":111},{"i":105,"j":127},{"i":98,"j":105},{"i":100,"j":117},{"i":84,"j":100},{"i":108,"j":110},{"i":112,"j":138},{"i":124,"j":141},{"i":119,"j":121},{"i":96,"j":119},{"i":107,"j":109},{"i":117,"j":133},{"i":116,"j":117},{"i":121,"j":128},{"i":120,"j":124},{"i":128,"j":161},{"i":116,"j":129},{"i":127,"j":141},{"i":123,"j":130},{"i":126,"j":132},{"i":132,"j":139},{"i":132,"j":137},{"i":123,"j":132},{"i":125,"j":146},{"i":127,"j":134},{"i":118,"j":153},{"i":106,"j":118},{"i":131,"j":144},{"i":122,"j":135},{"i":110,"j":122},{"i":135,"j":136},{"i":131,"j":135},{"i":17,"j":149},{"i":129,"j":139},{"i":126,"j":129},{"i":130,"j":143},{"i":112,"j":130},{"i":137,"j":143},{"i":139,"j":162},{"i":131,"j":147},{"i":81,"j":140},{"i":120,"j":128},{"i":145,"j":155},{"i":124,"j":145},{"i":138,"j":153},{"i":121,"j":168},{"i":144,"j":150},{"i":134,"j":166},{"i":125,"j":144},{"i":144,"j":154},{"i":147,"j":154},{"i":109,"j":157},{"i":136,"j":148},{"i":148,"j":192},{"i":146,"j":150},{"i":133,"j":146},{"i":157,"j":200},{"i":138,"j":164},{"i":145,"j":151},{"i":151,"j":195},{"i":152,"j":201},{"i":129,"j":133},{"i":147,"j":163},{"i":145,"j":152},{"i":141,"j":181},{"i":162,"j":187},{"i":109,"j":160},{"i":158,"j":170},{"i":109,"j":140},{"i":148,"j":156},{"i":143,"j":180},{"i":133,"j":187},{"i":155,"j":181},{"i":156,"j":186},{"i":140,"j":149},{"i":142,"j":175},{"i":159,"j":172},{"i":147,"j":158},{"i":164,"j":173},{"i":158,"j":186},{"i":170,"j":194},{"i":137,"j":159},{"i":169,"j":189},{"i":115,"j":169},{"i":161,"j":195},{"i":151,"j":161},{"i":153,"j":174},{"i":165,"j":169},{"i":134,"j":165},{"i":165,"j":191},{"i":167,"j":178},{"i":142,"j":167},{"i":163,"j":177},{"i":154,"j":163},{"i":149,"j":209},{"i":179,"j":202},{"i":162,"j":176},{"i":159,"j":162},{"i":164,"j":180},{"i":175,"j":182},{"i":174,"j":175},{"i":183,"j":193},{"i":171,"j":183},{"i":173,"j":179},{"i":172,"j":183},{"i":170,"j":177},{"i":167,"j":182},{"i":178,"j":184},{"i":171,"j":180},{"i":143,"j":171},{"i":174,"j":179},{"i":172,"j":176},{"i":161,"j":168},{"i":168,"j":184},{"i":185,"j":205},{"i":178,"j":185},{"i":166,"j":203},{"i":150,"j":188},{"i":157,"j":192},{"i":177,"j":194},{"i":187,"j":188},{"i":193,"j":206},{"i":166,"j":191},{"i":189,"j":190},{"i":181,"j":203},{"i":190,"j":249},{"i":184,"j":235},{"i":157,"j":160},{"i":194,"j":210},{"i":193,"j":197},{"i":186,"j":210},{"i":191,"j":211},{"i":189,"j":191},{"i":185,"j":216},{"i":192,"j":207},{"i":156,"j":192},{"i":149,"j":196},{"i":152,"j":195},{"i":176,"j":231},{"i":179,"j":199},{"i":195,"j":235},{"i":173,"j":204},{"i":238,"j":270},{"i":180,"j":215},{"i":160,"j":196},{"i":195,"j":208},{"i":203,"j":220},{"i":199,"j":205},{"i":182,"j":199},{"i":201,"j":212},{"i":155,"j":201},{"i":198,"j":205},{"i":180,"j":197},{"i":198,"j":219},{"i":206,"j":214},{"i":192,"j":224},{"i":185,"j":198},{"i":207,"j":210},{"i":213,"j":220},{"i":203,"j":213},{"i":211,"j":225},{"i":214,"j":215},{"i":197,"j":214},{"i":216,"j":243},{"i":202,"j":217},{"i":149,"j":400},{"i":208,"j":248},{"i":201,"j":208},{"i":204,"j":233},{"i":202,"j":204},{"i":194,"j":221},{"i":223,"j":251},{"i":212,"j":230},{"i":181,"j":212},{"i":188,"j":218},{"i":222,"j":226},{"i":209,"j":222},{"i":196,"j":209},{"i":209,"j":223},{"i":209,"j":226},{"i":200,"j":229},{"i":211,"j":220},{"i":190,"j":225},{"i":227,"j":234},{"i":200,"j":222},{"i":219,"j":253},{"i":227,"j":228},{"i":210,"j":227},{"i":234,"j":277},{"i":221,"j":256},{"i":218,"j":241},{"i":230,"j":259},{"i":221,"j":232},{"i":218,"j":221},{"i":228,"j":256},{"i":194,"j":228},{"i":215,"j":238},{"i":204,"j":215},{"i":235,"j":243},{"i":206,"j":231},{"i":207,"j":237},{"i":216,"j":219},{"i":232,"j":250},{"i":218,"j":232},{"i":207,"j":239},{"i":207,"j":224},{"i":199,"j":217},{"i":236,"j":237},{"i":230,"j":240},{"i":213,"j":230},{"i":223,"j":400},{"i":228,"j":234},{"i":214,"j":269},{"i":229,"j":246},{"i":220,"j":281},{"i":217,"j":254},{"i":235,"j":260},{"i":233,"j":254},{"i":220,"j":262},{"i":229,"j":247},{"i":241,"j":250},{"i":242,"j":247},{"i":226,"j":242},{"i":235,"j":252},{"i":245,"j":249},{"i":225,"j":245},{"i":236,"j":267},{"i":227,"j":236},{"i":241,"j":265},{"i":231,"j":241},{"i":223,"j":257},{"i":244,"j":253},{"i":205,"j":244},{"i":268,"j":288},{"i":248,"j":268},{"i":253,"j":258},{"i":233,"j":238},{"i":254,"j":274},{"i":239,"j":266},{"i":237,"j":239},{"i":254,"j":275},{"i":224,"j":246},{"i":242,"j":251},{"i":244,"j":254},{"i":258,"j":276},{"i":243,"j":258},{"i":248,"j":252},{"i":262,"j":291},{"i":251,"j":264},{"i":220,"j":240},{"i":275,"j":305},{"i":246,"j":271},{"i":247,"j":261},{"i":257,"j":264},{"i":250,"j":294},{"i":265,"j":269},{"i":263,"j":266},{"i":239,"j":263},{"i":252,"j":260},{"i":259,"j":287},{"i":265,"j":278},{"i":269,"j":270},{"i":277,"j":284},{"i":272,"j":309},{"i":261,"j":295},{"i":270,"j":272},{"i":255,"j":272},{"i":262,"j":273},{"i":240,"j":259},{"i":260,"j":288},{"i":255,"j":275},{"i":233,"j":255},{"i":260,"j":307},{"i":281,"j":291},{"i":257,"j":400},{"i":267,"j":282},{"i":256,"j":279},{"i":277,"j":279},{"i":271,"j":280},{"i":263,"j":271},{"i":273,"j":292},{"i":245,"j":273},{"i":268,"j":283},{"i":279,"j":294},{"i":267,"j":301},{"i":283,"j":300},{"i":282,"j":284},{"i":284,"j":293},{"i":264,"j":285},{"i":261,"j":264},{"i":283,"j":287},{"i":259,"j":283},{"i":267,"j":296},{"i":297,"j":340},{"i":276,"j":323},{"i":287,"j":302},{"i":274,"j":290},{"i":258,"j":274},{"i":281,"j":302},{"i":288,"j":300},{"i":292,"j":297},{"i":249,"j":292},{"i":266,"j":280},{"i":293,"j":294},{"i":285,"j":295},{"i":280,"j":298},{"i":297,"j":308},{"i":296,"j":298},{"i":294,"j":299},{"i":304,"j":315},{"i":260,"j":317},{"i":300,"j":303},{"i":269,"j":328},{"i":296,"j":306},{"i":300,"j":302},{"i":303,"j":342},{"i":260,"j":323},{"i":293,"j":312},{"i":278,"j":328},{"i":274,"j":286},{"i":304,"j":306},{"i":298,"j":304},{"i":295,"j":318},{"i":290,"j":310},{"i":289,"j":290},{"i":319,"j":334},{"i":302,"j":313},{"i":308,"j":353},{"i":249,"j":308},{"i":299,"j":311},{"i":278,"j":299},{"i":286,"j":305},{"i":282,"j":301},{"i":303,"j":307},{"i":313,"j":329},{"i":306,"j":321},{"i":295,"j":314},{"i":271,"j":295},{"i":314,"j":315},{"i":311,"j":331},{"i":325,"j":376},{"i":289,"j":323},{"i":276,"j":289},{"i":324,"j":344},{"i":315,"j":321},{"i":278,"j":311},{"i":317,"j":320},{"i":316,"j":350},{"i":314,"j":316},{"i":312,"j":355},{"i":319,"j":322},{"i":286,"j":319},{"i":313,"j":354},{"i":350,"j":366},{"i":318,"j":325},{"i":317,"j":323},{"i":324,"j":326},{"i":310,"j":324},{"i":326,"j":345},{"i":323,"j":326},{"i":311,"j":312},{"i":278,"j":330},{"i":331,"j":341},{"i":329,"j":354},{"i":329,"j":340},{"i":291,"j":329},{"i":305,"j":338},{"i":278,"j":327},{"i":321,"j":332},{"i":305,"j":309},{"i":327,"j":341},{"i":322,"j":343},{"i":328,"j":335},{"i":328,"j":337},{"i":322,"j":339},{"i":310,"j":322},{"i":335,"j":338},{"i":309,"j":335},{"i":337,"j":351},{"i":335,"j":349},{"i":339,"j":344},{"i":333,"j":348},{"i":319,"j":333},{"i":330,"j":352},{"i":307,"j":320},{"i":340,"j":346},{"i":333,"j":334},{"i":326,"j":336},{"i":342,"j":354},{"i":339,"j":381},{"i":344,"j":361},{"i":336,"j":344},{"i":346,"j":357},{"i":342,"j":372},{"i":327,"j":360},{"i":338,"j":368},{"i":334,"j":338},{"i":363,"j":378},{"i":358,"j":363},{"i":337,"j":352},{"i":332,"j":355},{"i":301,"j":332},{"i":316,"j":325},{"i":330,"j":347},{"i":349,"j":351},{"i":347,"j":377},{"i":351,"j":352},{"i":308,"j":357},{"i":361,"j":371},{"i":320,"j":345},{"i":332,"j":358},{"i":355,"j":367},{"i":331,"j":367},{"i":356,"j":370},{"i":341,"j":356},{"i":249,"j":353},{"i":346,"j":379},{"i":358,"j":364},{"i":315,"j":350},{"i":362,"j":372},{"i":345,"j":362},{"i":285,"j":400},{"i":349,"j":365},{"i":357,"j":379},{"i":336,"j":361},{"i":359,"j":363},{"i":315,"j":359},{"i":352,"j":377},{"i":347,"j":360},{"i":348,"j":385},{"i":343,"j":348},{"i":359,"j":369},{"i":364,"j":367},{"i":356,"j":367},{"i":359,"j":366},{"i":370,"j":414},{"i":369,"j":378},{"i":343,"j":381},{"i":375,"j":383},{"i":364,"j":378},{"i":366,"j":382},{"i":372,"j":380},{"i":354,"j":372},{"i":370,"j":375},{"i":374,"j":375},{"i":370,"j":374},{"i":378,"j":423},{"i":318,"j":400},{"i":360,"j":383},{"i":362,"j":408},{"i":365,"j":377},{"i":373,"j":382},{"i":366,"j":373},{"i":387,"j":399},{"i":362,"j":392},{"i":380,"j":394},{"i":368,"j":385},{"i":374,"j":414},{"i":373,"j":376},{"i":384,"j":393},{"i":384,"j":415},{"i":368,"j":389},{"i":362,"j":371},{"i":384,"j":386},{"i":365,"j":384},{"i":383,"j":412},{"i":379,"j":387},{"i":390,"j":503},{"i":249,"j":390},{"i":381,"j":398},{"i":386,"j":389},{"i":368,"j":386},{"i":387,"j":390},{"i":353,"j":387},{"i":381,"j":397},{"i":381,"j":395},{"i":371,"j":381},{"i":385,"j":397},{"i":381,"j":385},{"i":394,"j":402},{"i":389,"j":391},{"i":392,"j":432},{"i":392,"j":396},{"i":388,"j":392},{"i":396,"j":404},{"i":388,"j":396},{"i":397,"j":436},{"i":367,"j":411},{"i":394,"j":399},{"i":379,"j":394},{"i":376,"j":409},{"i":376,"j":400},{"i":400,"j":413},{"i":399,"j":433},{"i":380,"j":388},{"i":382,"j":420},{"i":402,"j":433},{"i":395,"j":405},{"i":398,"j":410},{"i":395,"j":398},{"i":405,"j":406},{"i":401,"j":407},{"i":400,"j":401},{"i":409,"j":444},{"i":406,"j":408},{"i":407,"j":409},{"i":411,"j":418},{"i":405,"j":437},{"i":391,"j":393},{"i":412,"j":430},{"i":403,"j":411},{"i":378,"j":403},{"i":410,"j":437},{"i":401,"j":413},{"i":414,"j":438},{"i":403,"j":442},{"i":412,"j":415},{"i":377,"j":412},{"i":391,"j":434},{"i":415,"j":419},{"i":393,"j":415},{"i":421,"j":430},{"i":416,"j":421},{"i":414,"j":416},{"i":419,"j":425},{"i":417,"j":419},{"i":407,"j":422},{"i":416,"j":438},{"i":420,"j":423},{"i":369,"j":420},{"i":423,"j":448},{"i":418,"j":464},{"i":391,"j":417},{"i":413,"j":452},{"i":404,"j":431},{"i":404,"j":429},{"i":402,"j":404},{"i":435,"j":441},{"i":428,"j":435},{"i":426,"j":454},{"i":408,"j":432},{"i":424,"j":436},{"i":417,"j":435},{"i":427,"j":429},{"i":417,"j":425},{"i":418,"j":438},{"i":431,"j":451},{"i":429,"j":431},{"i":410,"j":424},{"i":402,"j":426},{"i":433,"j":455},{"i":428,"j":434},{"i":391,"j":428},{"i":434,"j":441},{"i":425,"j":443},{"i":437,"j":450},{"i":406,"j":437},{"i":434,"j":436},{"i":431,"j":460},{"i":424,"j":453},{"i":435,"j":443},{"i":440,"j":457},{"i":409,"j":422},{"i":463,"j":534},{"i":422,"j":439},{"i":415,"j":476},{"i":420,"j":447},{"i":421,"j":438},{"i":441,"j":462},{"i":409,"j":440},{"i":446,"j":457},{"i":440,"j":446},{"i":439,"j":445},{"i":444,"j":449},{"i":445,"j":446},{"i":442,"j":461},{"i":444,"j":447},{"i":447,"j":448},{"i":442,"j":448},{"i":436,"j":466},{"i":451,"j":456},{"i":432,"j":460},{"i":451,"j":477},{"i":445,"j":463},{"i":439,"j":452},{"i":453,"j":469},{"i":461,"j":479},{"i":427,"j":456},{"i":426,"j":427},{"i":454,"j":455},{"i":390,"j":455},{"i":454,"j":485},{"i":432,"j":450},{"i":457,"j":458},{"i":444,"j":457},{"i":472,"j":516},{"i":456,"j":485},{"i":453,"j":459},{"i":437,"j":453},{"i":449,"j":474},{"i":448,"j":449},{"i":450,"j":471},{"i":462,"j":467},{"i":461,"j":464},{"i":450,"j":459},{"i":460,"j":465},{"i":462,"j":466},{"i":443,"j":476},{"i":467,"j":484},{"i":438,"j":464},{"i":479,"j":487},{"i":474,"j":486},{"i":448,"j":474},{"i":463,"j":472},{"i":474,"j":508},{"i":458,"j":472},{"i":430,"j":478},{"i":473,"j":474},{"i":458,"j":473},{"i":469,"j":475},{"i":484,"j":496},{"i":483,"j":484},{"i":465,"j":471},{"i":430,"j":468},{"i":471,"j":494},{"i":467,"j":470},{"i":468,"j":491},{"i":461,"j":482},{"i":481,"j":491},{"i":468,"j":481},{"i":479,"j":480},{"i":470,"j":495},{"i":480,"j":481},{"i":464,"j":480},{"i":470,"j":476},{"i":483,"j":488},{"i":466,"j":483},{"i":476,"j":504},{"i":477,"j":485},{"i":482,"j":487},{"i":473,"j":502},{"i":482,"j":486},{"i":480,"j":487},{"i":489,"j":505},{"i":496,"j":506},{"i":489,"j":492},{"i":465,"j":489},{"i":485,"j":493},{"i":492,"j":499},{"i":465,"j":492},{"i":490,"j":514},{"i":477,"j":490},{"i":475,"j":498},{"i":459,"j":475},{"i":478,"j":504},{"i":484,"j":495},{"i":496,"j":522},{"i":493,"j":497},{"i":493,"j":528},{"i":488,"j":500},{"i":469,"j":488},{"i":510,"j":523},{"i":489,"j":494},{"i":490,"j":499},{"i":494,"j":510},{"i":500,"j":501},{"i":510,"j":517},{"i":505,"j":510},{"i":497,"j":503},{"i":455,"j":497},{"i":513,"j":518},{"i":478,"j":491},{"i":501,"j":526},{"i":498,"j":501},{"i":486,"j":509},{"i":491,"j":527},{"i":508,"j":512},{"i":508,"j":509},{"i":452,"j":534},{"i":499,"j":518},{"i":498,"j":523},{"i":502,"j":511},{"i":502,"j":515},{"i":507,"j":524},{"i":487,"j":507},{"i":513,"j":514},{"i":490,"j":513},{"i":509,"j":553},{"i":507,"j":509},{"i":514,"j":525},{"i":512,"j":553},{"i":524,"j":531},{"i":511,"j":540},{"i":504,"j":539},{"i":505,"j":519},{"i":517,"j":533},{"i":506,"j":526},{"i":500,"j":506},{"i":525,"j":530},{"i":495,"j":542},{"i":498,"j":521},{"i":535,"j":551},{"i":518,"j":519},{"i":520,"j":529},{"i":504,"j":520},{"i":535,"j":541},{"i":520,"j":535},{"i":524,"j":527},{"i":493,"j":525},{"i":528,"j":530},{"i":526,"j":538},{"i":527,"j":535},{"i":512,"j":515},{"i":522,"j":536},{"i":538,"j":571},{"i":523,"j":537},{"i":517,"j":523},{"i":519,"j":547},{"i":511,"j":516},{"i":413,"j":534},{"i":521,"j":549},{"i":527,"j":551},{"i":529,"j":539},{"i":540,"j":545},{"i":526,"j":532},{"i":533,"j":563},{"i":532,"j":555},{"i":532,"j":536},{"i":529,"j":562},{"i":534,"j":554},{"i":516,"j":545},{"i":539,"j":546},{"i":531,"j":551},{"i":550,"j":555},{"i":536,"j":550},{"i":539,"j":556},{"i":540,"j":543},{"i":533,"j":547},{"i":544,"j":548},{"i":518,"j":544},{"i":543,"j":553},{"i":515,"j":543},{"i":516,"j":534},{"i":556,"j":562},{"i":542,"j":579},{"i":521,"j":538},{"i":548,"j":561},{"i":544,"j":547},{"i":555,"j":588},{"i":533,"j":590},{"i":522,"j":552},{"i":547,"j":561},{"i":542,"j":552},{"i":531,"j":564},{"i":542,"j":546},{"i":541,"j":576},{"i":543,"j":569},{"i":550,"j":552},{"i":567,"j":612},{"i":558,"j":592},{"i":529,"j":541},{"i":556,"j":557},{"i":546,"j":556},{"i":576,"j":591},{"i":568,"j":576},{"i":548,"j":558},{"i":530,"j":548},{"i":558,"j":559},{"i":528,"j":559},{"i":557,"j":572},{"i":542,"j":557},{"i":537,"j":593},{"i":561,"j":575},{"i":557,"j":578},{"i":563,"j":573},{"i":553,"j":570},{"i":566,"j":569},{"i":554,"j":565},{"i":545,"j":554},{"i":551,"j":586},{"i":565,"j":566},{"i":566,"j":609},{"i":534,"j":567},{"i":562,"j":568},{"i":560,"j":562},{"i":570,"j":586},{"i":564,"j":570},{"i":569,"j":606},{"i":560,"j":568},{"i":553,"j":587},{"i":552,"j":588},{"i":574,"j":589},{"i":557,"j":560},{"i":563,"j":574},{"i":573,"j":577},{"i":561,"j":573},{"i":573,"j":574},{"i":577,"j":580},{"i":575,"j":577},{"i":578,"j":581},{"i":572,"j":578},{"i":551,"j":564},{"i":559,"j":597},{"i":572,"j":579},{"i":579,"j":617},{"i":533,"j":537},{"i":575,"j":592},{"i":579,"j":588},{"i":568,"j":600},{"i":581,"j":582},{"i":528,"j":585},{"i":583,"j":585},{"i":528,"j":583},{"i":584,"j":836},{"i":503,"j":584},{"i":583,"j":595},{"i":580,"j":592},{"i":582,"j":601},{"i":579,"j":582},{"i":569,"j":604},{"i":601,"j":627},{"i":549,"j":593},{"i":589,"j":628},{"i":549,"j":571},{"i":589,"j":590},{"i":576,"j":586},{"i":580,"j":589},{"i":593,"j":598},{"i":594,"j":608},{"i":590,"j":594},{"i":593,"j":594},{"i":585,"j":597},{"i":597,"j":622},{"i":587,"j":596},{"i":595,"j":836},{"i":584,"j":595},{"i":588,"j":602},{"i":607,"j":633},{"i":591,"j":600},{"i":591,"j":616},{"i":600,"j":601},{"i":581,"j":600},{"i":599,"j":602},{"i":607,"j":618},{"i":605,"j":607},{"i":596,"j":603},{"i":586,"j":596},{"i":587,"j":614},{"i":599,"j":607},{"i":571,"j":599},{"i":604,"j":610},{"i":605,"j":618},{"i":598,"j":605},{"i":608,"j":634},{"i":565,"j":567},{"i":591,"j":603},{"i":617,"j":629},{"i":611,"j":617},{"i":609,"j":613},{"i":609,"j":624},{"i":606,"j":624},{"i":587,"j":625},{"i":603,"j":661},{"i":604,"j":621},{"i":615,"j":640},{"i":603,"j":645},{"i":609,"j":643},{"i":601,"j":638},{"i":633,"j":650},{"i":611,"j":629},{"i":602,"j":611},{"i":619,"j":634},{"i":608,"j":619},{"i":619,"j":628},{"i":610,"j":615},{"i":587,"j":610},{"i":613,"j":624},{"i":606,"j":613},{"i":587,"j":626},{"i":600,"j":616},{"i":610,"j":620},{"i":609,"j":642},{"i":620,"j":630},{"i":620,"j":640},{"i":625,"j":653},{"i":623,"j":625},{"i":616,"j":658},{"i":627,"j":639},{"i":598,"j":651},{"i":617,"j":641},{"i":615,"j":621},{"i":623,"j":648},{"i":614,"j":623},{"i":631,"j":654},{"i":622,"j":631},{"i":592,"j":635},{"i":638,"j":687},{"i":634,"j":644},{"i":629,"j":633},{"i":632,"j":637},{"i":622,"j":632},{"i":628,"j":636},{"i":632,"j":635},{"i":631,"j":637},{"i":634,"j":657},{"i":603,"j":614},{"i":638,"j":639},{"i":627,"j":638},{"i":640,"j":647},{"i":640,"j":659},{"i":640,"j":646},{"i":639,"j":641},{"i":657,"j":705},{"i":621,"j":647},{"i":612,"j":643},{"i":635,"j":636},{"i":626,"j":653},{"i":653,"j":660},{"i":624,"j":666},{"i":646,"j":653},{"i":630,"j":646},{"i":647,"j":666},{"i":626,"j":630},{"i":671,"j":675},{"i":629,"j":671},{"i":649,"j":651},{"i":618,"j":649},{"i":616,"j":645},{"i":649,"j":682},{"i":651,"j":679},{"i":635,"j":664},{"i":652,"j":665},{"i":645,"j":676},{"i":637,"j":656},{"i":595,"j":654},{"i":643,"j":663},{"i":612,"j":655},{"i":632,"j":652},{"i":677,"j":691},{"i":676,"j":677},{"i":634,"j":679},{"i":650,"j":688},{"i":649,"j":650},{"i":648,"j":661},{"i":659,"j":672},{"i":661,"j":677},{"i":671,"j":690},{"i":656,"j":681},{"i":636,"j":644},{"i":678,"j":694},{"i":665,"j":695},{"i":657,"j":664},{"i":644,"j":657},{"i":652,"j":662},{"i":656,"j":665},{"i":642,"j":670},{"i":659,"j":666},{"i":663,"j":667},{"i":642,"j":667},{"i":642,"j":673},{"i":643,"j":655},{"i":655,"j":669},{"i":534,"j":669},{"i":666,"j":696},{"i":662,"j":695},{"i":641,"j":689},{"i":663,"j":694},{"i":670,"j":673},{"i":661,"j":685},{"i":676,"j":684},{"i":658,"j":676},{"i":660,"j":685},{"i":648,"j":660},{"i":686,"j":714},{"i":668,"j":680},{"i":643,"j":668},{"i":678,"j":692},{"i":668,"j":669},{"i":680,"j":707},{"i":681,"j":735},{"i":654,"j":681},{"i":674,"j":688},{"i":650,"j":674},{"i":678,"j":683},{"i":673,"j":678},{"i":667,"j":694},{"i":675,"j":688},{"i":674,"j":675},{"i":685,"j":706},{"i":682,"j":686},{"i":684,"j":687},{"i":658,"j":684},{"i":701,"j":711},{"i":679,"j":686},{"i":689,"j":690},{"i":691,"j":700},{"i":666,"j":670},{"i":646,"j":672},{"i":683,"j":696},{"i":670,"j":683},{"i":692,"j":696},{"i":680,"j":694},{"i":664,"j":708},{"i":662,"j":664},{"i":699,"j":704},{"i":687,"j":699},{"i":692,"j":697},{"i":694,"j":697},{"i":697,"j":716},{"i":684,"j":700},{"i":698,"j":699},{"i":687,"j":698},{"i":724,"j":739},{"i":693,"j":703},{"i":672,"j":693},{"i":704,"j":739},{"i":693,"j":729},{"i":702,"j":713},{"i":688,"j":702},{"i":708,"j":723},{"i":686,"j":718},{"i":701,"j":709},{"i":660,"j":701},{"i":706,"j":710},{"i":694,"j":707},{"i":705,"j":708},{"i":709,"j":712},{"i":706,"j":712},{"i":710,"j":712},{"i":703,"j":721},{"i":701,"j":703},{"i":711,"j":721},{"i":709,"j":711},{"i":713,"j":751},{"i":682,"j":713},{"i":689,"j":704},{"i":669,"j":759},{"i":705,"j":714},{"i":695,"j":717},{"i":708,"j":715},{"i":695,"j":708},{"i":716,"j":732},{"i":715,"j":717},{"i":724,"j":748},{"i":690,"j":724},{"i":696,"j":720},{"i":719,"j":729},{"i":693,"j":719},{"i":727,"j":746},{"i":715,"j":727},{"i":714,"j":718},{"i":700,"j":742},{"i":708,"j":726},{"i":726,"j":768},{"i":710,"j":733},{"i":691,"j":710},{"i":719,"j":731},{"i":716,"j":725},{"i":723,"j":746},{"i":722,"j":726},{"i":705,"j":722},{"i":723,"j":727},{"i":702,"j":750},{"i":721,"j":749},{"i":720,"j":736},{"i":720,"j":725},{"i":707,"j":732},{"i":730,"j":733},{"i":710,"j":730},{"i":669,"j":801},{"i":732,"j":734},{"i":725,"j":732},{"i":734,"j":763},{"i":717,"j":735},{"i":595,"j":735},{"i":720,"j":734},{"i":729,"j":747},{"i":732,"j":744},{"i":707,"j":737},{"i":698,"j":742},{"i":742,"j":743},{"i":740,"j":749},{"i":738,"j":739},{"i":730,"j":754},{"i":733,"j":743},{"i":745,"j":780},{"i":738,"j":765},{"i":724,"j":738},{"i":733,"j":741},{"i":731,"j":758},{"i":737,"j":744},{"i":739,"j":742},{"i":712,"j":740},{"i":758,"j":766},{"i":731,"j":769},{"i":764,"j":800},{"i":742,"j":753},{"i":721,"j":747},{"i":718,"j":751},{"i":748,"j":750},{"i":746,"j":778},{"i":728,"j":761},{"i":713,"j":728},{"i":751,"j":782},{"i":743,"j":756},{"i":728,"j":764},{"i":741,"j":756},{"i":752,"j":767},{"i":739,"j":752},{"i":745,"j":755},{"i":740,"j":745},{"i":754,"j":762},{"i":747,"j":766},{"i":741,"j":762},{"i":763,"j":771},{"i":746,"j":757},{"i":736,"j":769},{"i":731,"j":736},{"i":737,"j":759},{"i":776,"j":838},{"i":728,"j":750},{"i":760,"j":796},{"i":755,"j":772},{"i":754,"j":755},{"i":771,"j":791},{"i":774,"j":783},{"i":753,"j":779},{"i":752,"j":753},{"i":753,"j":756},{"i":765,"j":786},{"i":781,"j":805},{"i":722,"j":760},{"i":763,"j":769},{"i":749,"j":766},{"i":774,"j":787},{"i":769,"j":776},{"i":771,"j":797},{"i":770,"j":780},{"i":766,"j":770},{"i":768,"j":796},{"i":765,"j":777},{"i":748,"j":765},{"i":761,"j":784},{"i":772,"j":774},{"i":762,"j":774},{"i":780,"j":787},{"i":772,"j":780},{"i":769,"j":771},{"i":765,"j":767},{"i":777,"j":786},{"i":735,"j":757},{"i":746,"j":768},{"i":773,"j":799},{"i":756,"j":775},{"i":770,"j":794},{"i":757,"j":778},{"i":760,"j":782},{"i":735,"j":781},{"i":761,"j":773},{"i":779,"j":785},{"i":767,"j":779},{"i":764,"j":790},{"i":782,"j":818},{"i":786,"j":804},{"i":775,"j":783},{"i":780,"j":803},{"i":776,"j":788},{"i":758,"j":776},{"i":750,"j":800},{"i":773,"j":789},{"i":777,"j":800},{"i":800,"j":816},{"i":788,"j":794},{"i":744,"j":792},{"i":778,"j":805},{"i":782,"j":784},{"i":794,"j":806},{"i":794,"j":802},{"i":792,"j":809},{"i":788,"j":806},{"i":790,"j":798},{"i":789,"j":790},{"i":796,"j":810},{"i":789,"j":798},{"i":798,"j":819},{"i":783,"j":808},{"i":759,"j":801},{"i":806,"j":837},{"i":802,"j":803},{"i":800,"j":817},{"i":785,"j":822},{"i":814,"j":849},{"i":793,"j":836},{"i":781,"j":793},{"i":787,"j":808},{"i":791,"j":797},{"i":775,"j":813},{"i":803,"j":823},{"i":807,"j":815},{"i":807,"j":808},{"i":795,"j":814},{"i":792,"j":795},{"i":784,"j":828},{"i":805,"j":811},{"i":805,"j":827},{"i":775,"j":807},{"i":804,"j":817},{"i":808,"j":823},{"i":815,"j":825},{"i":804,"j":826},{"i":790,"j":816},{"i":785,"j":812},{"i":784,"j":799},{"i":790,"j":842},{"i":818,"j":831},{"i":818,"j":820},{"i":819,"j":880},{"i":817,"j":824},{"i":813,"j":830},{"i":812,"j":813},{"i":821,"j":822},{"i":812,"j":821},{"i":819,"j":828},{"i":799,"j":819},{"i":821,"j":832},{"i":815,"j":823},{"i":825,"j":841},{"i":822,"j":834},{"i":835,"j":857},{"i":810,"j":829},{"i":824,"j":826},{"i":816,"j":824},{"i":811,"j":851},{"i":820,"j":839},{"i":810,"j":820},{"i":813,"j":825},{"i":824,"j":848},{"i":830,"j":832},{"i":830,"j":845},{"i":776,"j":791},{"i":839,"j":857},{"i":827,"j":829},{"i":831,"j":835},{"i":820,"j":831},{"i":793,"j":811},{"i":829,"j":839},{"i":797,"j":809},{"i":809,"j":814},{"i":836,"j":843},{"i":820,"j":835},{"i":838,"j":866},{"i":801,"j":840},{"i":795,"j":801},{"i":823,"j":856},{"i":804,"j":834},{"i":832,"j":855},{"i":845,"j":854},{"i":841,"j":845},{"i":834,"j":844},{"i":853,"j":856},{"i":837,"j":877},{"i":833,"j":837},{"i":840,"j":847},{"i":826,"j":852},{"i":855,"j":893},{"i":844,"j":859},{"i":847,"j":849},{"i":828,"j":858},{"i":818,"j":828},{"i":850,"j":851},{"i":827,"j":850},{"i":843,"j":875},{"i":846,"j":852},{"i":826,"j":846},{"i":848,"j":873},{"i":842,"j":848},{"i":833,"j":862},{"i":802,"j":833},{"i":844,"j":855},{"i":854,"j":855},{"i":870,"j":886},{"i":853,"j":868},{"i":841,"j":853},{"i":833,"j":881},{"i":842,"j":880},{"i":859,"j":871},{"i":844,"j":871},{"i":840,"j":861},{"i":801,"j":860},{"i":860,"j":861},{"i":847,"j":872},{"i":849,"j":864},{"i":961,"j":980},{"i":859,"j":865},{"i":846,"j":859},{"i":863,"j":869},{"i":838,"j":863},{"i":859,"j":888},{"i":862,"j":867},{"i":859,"j":883},{"i":856,"j":912},{"i":863,"j":864},{"i":861,"j":905},{"i":865,"j":870},{"i":852,"j":865},{"i":870,"j":876},{"i":848,"j":870},{"i":866,"j":878},{"i":837,"j":866},{"i":848,"j":876},{"i":858,"j":880},{"i":843,"j":851},{"i":873,"j":880},{"i":899,"j":911},{"i":857,"j":891},{"i":850,"j":857},{"i":881,"j":887},{"i":866,"j":882},{"i":836,"j":874},{"i":875,"j":879},{"i":874,"j":875},{"i":879,"j":896},{"i":874,"j":879},{"i":876,"j":889},{"i":877,"j":881},{"i":878,"j":900},{"i":877,"j":878},{"i":866,"j":869},{"i":868,"j":893},{"i":854,"j":868},{"i":887,"j":898},{"i":862,"j":887},{"i":887,"j":915},{"i":872,"j":885},{"i":864,"j":872},{"i":859,"j":884},{"i":886,"j":889},{"i":901,"j":921},{"i":858,"j":908},{"i":858,"j":897},{"i":891,"j":904},{"i":851,"j":891},{"i":889,"j":892},{"i":873,"j":889},{"i":886,"j":906},{"i":888,"j":894},{"i":883,"j":888},{"i":867,"j":898},{"i":856,"j":867},{"i":884,"j":901},{"i":892,"j":902},{"i":890,"j":892},{"i":893,"j":895},{"i":871,"j":893},{"i":875,"j":904},{"i":903,"j":921},{"i":882,"j":900},{"i":899,"j":932},{"i":895,"j":921},{"i":882,"j":899},{"i":914,"j":932},{"i":884,"j":895},{"i":891,"j":897},{"i":883,"j":894},{"i":893,"j":941},{"i":894,"j":901},{"i":891,"j":922},{"i":904,"j":945},{"i":883,"j":919},{"i":902,"j":906},{"i":903,"j":907},{"i":894,"j":903},{"i":897,"j":908},{"i":905,"j":909},{"i":872,"j":905},{"i":905,"j":913},{"i":860,"j":910},{"i":883,"j":935},{"i":898,"j":916},{"i":885,"j":937},{"i":910,"j":913},{"i":913,"j":961},{"i":900,"j":911},{"i":883,"j":907},{"i":915,"j":916},{"i":912,"j":941},{"i":915,"j":923},{"i":914,"j":917},{"i":911,"j":914},{"i":928,"j":947},{"i":893,"j":934},{"i":922,"j":945},{"i":908,"j":928},{"i":912,"j":943},{"i":920,"j":922},{"i":897,"j":920},{"i":900,"j":925},{"i":909,"j":927},{"i":900,"j":917},{"i":923,"j":951},{"i":920,"j":939},{"i":906,"j":919},{"i":869,"j":937},{"i":909,"j":931},{"i":880,"j":890},{"i":917,"j":933},{"i":916,"j":942},{"i":912,"j":916},{"i":926,"j":930},{"i":902,"j":926},{"i":936,"j":946},{"i":924,"j":937},{"i":885,"j":924},{"i":932,"j":933},{"i":910,"j":980},{"i":929,"j":933},{"i":919,"j":949},{"i":934,"j":936},{"i":921,"j":934},{"i":927,"j":938},{"i":924,"j":927},{"i":920,"j":928},{"i":907,"j":936},{"i":951,"j":965},{"i":935,"j":986},{"i":942,"j":951},{"i":941,"j":943},{"i":923,"j":925},{"i":934,"j":957},{"i":949,"j":956},{"i":944,"j":949},{"i":944,"j":948},{"i":926,"j":944},{"i":941,"j":972},{"i":945,"j":952},{"i":930,"j":962},{"i":890,"j":930},{"i":930,"j":948},{"i":942,"j":950},{"i":950,"j":953},{"i":943,"j":950},{"i":932,"j":937},{"i":918,"j":945},{"i":939,"j":967},{"i":938,"j":964},{"i":937,"j":970},{"i":931,"j":964},{"i":938,"j":963},{"i":955,"j":959},{"i":933,"j":955},{"i":946,"j":957},{"i":940,"j":946},{"i":966,"j":976},{"i":956,"j":966},{"i":948,"j":956},{"i":963,"j":970},{"i":955,"j":970},{"i":929,"j":958},{"i":954,"j":960},{"i":931,"j":954},{"i":954,"j":961},{"i":947,"j":968},{"i":939,"j":947},{"i":960,"j":964},{"i":958,"j":998},{"i":964,"j":977},{"i":949,"j":986},{"i":925,"j":929},{"i":957,"j":971},{"i":952,"j":967},{"i":947,"j":962},{"i":985,"j":997},{"i":953,"j":972},{"i":963,"j":983},{"i":953,"j":979},{"i":966,"j":986},{"i":953,"j":965},{"i":972,"j":984},{"i":934,"j":972},{"i":958,"j":959},{"i":970,"j":996},{"i":973,"j":975},{"i":925,"j":973},{"i":975,"j":981},{"i":965,"j":975},{"i":974,"j":977},{"i":960,"j":974},{"i":976,"j":978},{"i":969,"j":976},{"i":940,"j":988},{"i":935,"j":940},{"i":979,"j":982},{"i":972,"j":979},{"i":860,"j":980},{"i":977,"j":983},{"i":979,"j":981},{"i":983,"j":996},{"i":982,"j":984},{"i":982,"j":991},{"i":969,"j":997},{"i":962,"j":969},{"i":967,"j":993},{"i":971,"j":988},{"i":985,"j":995},{"i":968,"j":985},{"i":984,"j":987},{"i":987,"j":988},{"i":971,"j":987},{"i":981,"j":991},{"i":952,"j":992},{"i":968,"j":995},{"i":978,"j":997},{"i":980,"j":994},{"i":974,"j":980},{"i":993,"j":995},{"i":992,"j":993},{"i":978,"j":986},{"i":994,"j":996},{"i":988,"j":997},{"i":986,"j":988},{"i":996,"j":998},{"i":959,"j":996},{"i":991,"j":999},{"i":989,"j":991},{"i":998,"j":999},{"i":973,"j":998},{"i":0,"j":4},{"i":4,"j":249},{"i":249,"j":503},{"i":503,"j":836},{"i":836,"j":896},{"i":896,"j":918},{"i":918,"j":990},{"i":990,"j":992},{"i":992,"j":995},{"i":995,"j":997},{"i":988,"j":989},{"i":989,"j":999}],"type":"Solution"}