{"instance_name":"skylake-0002000","edges":[{"i":2,"j":6},{"i":1,"j":2},{"i":0,"j":2},{"i":1,"j":5},{"i":0,"j":1},{"i":6,"j":8},{"i":4,"j":11},{"i":0,"j":4},{"i":6,"j":15},{"i":6,"j":7},{"i":6,"j":10},{"i":16,"j":41},{"i":12,"j":16},{"i":2,"j":21},{"i":12,"j":20},{"i":4,"j":27},{"i":11,"j":16},{"i":11,"j":12},{"i":19,"j":48},{"i":12,"j":13},{"i":9,"j":12},{"i":13,"j":17},{"i":13,"j":14},{"i":9,"j":14},{"i":6,"j":45},{"i":13,"j":20},{"i":14,"j":17},{"i":8,"j":22},{"i":7,"j":8},{"i":19,"j":28},{"i":14,"j":19},{"i":11,"j":47},{"i":4,"j":35},{"i":8,"j":15},{"i":5,"j":37},{"i":21,"j":23},{"i":10,"j":21},{"i":23,"j":24},{"i":10,"j":23},{"i":7,"j":32},{"i":1,"j":7},{"i":26,"j":40},{"i":2,"j":3},{"i":25,"j":41},{"i":25,"j":33},{"i":20,"j":25},{"i":9,"j":28},{"i":6,"j":24},{"i":31,"j":46},{"i":29,"j":31},{"i":0,"j":37},{"i":7,"j":18},{"i":5,"j":29},{"i":22,"j":34},{"i":27,"j":38},{"i":33,"j":48},{"i":17,"j":33},{"i":37,"j":66},{"i":37,"j":51},{"i":26,"j":101},{"i":34,"j":65},{"i":3,"j":26},{"i":35,"j":59},{"i":27,"j":35},{"i":38,"j":47},{"i":11,"j":38},{"i":36,"j":39},{"i":3,"j":36},{"i":32,"j":46},{"i":31,"j":32},{"i":39,"j":57},{"i":42,"j":54},{"i":21,"j":42},{"i":18,"j":34},{"i":38,"j":43},{"i":30,"j":45},{"i":24,"j":30},{"i":52,"j":62},{"i":30,"j":54},{"i":44,"j":46},{"i":18,"j":44},{"i":51,"j":66},{"i":55,"j":61},{"i":41,"j":49},{"i":48,"j":49},{"i":49,"j":70},{"i":15,"j":53},{"i":51,"j":52},{"i":52,"j":69},{"i":40,"j":79},{"i":36,"j":40},{"i":43,"j":61},{"i":3,"j":39},{"i":47,"j":61},{"i":55,"j":58},{"i":41,"j":55},{"i":56,"j":63},{"i":2,"j":56},{"i":57,"j":60},{"i":43,"j":67},{"i":58,"j":73},{"i":71,"j":81},{"i":22,"j":77},{"i":59,"j":68},{"i":22,"j":76},{"i":64,"j":65},{"i":66,"j":72},{"i":62,"j":68},{"i":59,"j":62},{"i":40,"j":101},{"i":58,"j":61},{"i":53,"j":94},{"i":50,"j":53},{"i":61,"j":67},{"i":66,"j":110},{"i":28,"j":70},{"i":62,"j":69},{"i":22,"j":50},{"i":44,"j":64},{"i":73,"j":93},{"i":70,"j":73},{"i":68,"j":80},{"i":67,"j":68},{"i":29,"j":46},{"i":80,"j":107},{"i":65,"j":71},{"i":45,"j":97},{"i":63,"j":75},{"i":42,"j":63},{"i":65,"j":74},{"i":71,"j":76},{"i":86,"j":88},{"i":81,"j":86},{"i":75,"j":84},{"i":60,"j":83},{"i":56,"j":60},{"i":72,"j":82},{"i":69,"j":72},{"i":80,"j":92},{"i":67,"j":80},{"i":76,"j":95},{"i":74,"j":89},{"i":57,"j":90},{"i":79,"j":90},{"i":77,"j":95},{"i":81,"j":89},{"i":74,"j":81},{"i":78,"j":91},{"i":87,"j":91},{"i":64,"j":87},{"i":81,"j":88},{"i":90,"j":117},{"i":98,"j":138},{"i":62,"j":108},{"i":73,"j":98},{"i":78,"j":102},{"i":46,"j":78},{"i":54,"j":84},{"i":106,"j":138},{"i":97,"j":104},{"i":99,"j":113},{"i":77,"j":130},{"i":93,"j":138},{"i":98,"j":143},{"i":87,"j":126},{"i":89,"j":134},{"i":83,"j":111},{"i":63,"j":83},{"i":97,"j":127},{"i":90,"j":105},{"i":99,"j":102},{"i":78,"j":99},{"i":105,"j":139},{"i":83,"j":105},{"i":93,"j":106},{"i":114,"j":133},{"i":29,"j":96},{"i":104,"j":120},{"i":109,"j":121},{"i":62,"j":82},{"i":106,"j":135},{"i":103,"j":106},{"i":82,"j":115},{"i":73,"j":145},{"i":96,"j":131},{"i":108,"j":147},{"i":107,"j":108},{"i":95,"j":122},{"i":86,"j":95},{"i":96,"j":154},{"i":77,"j":168},{"i":83,"j":139},{"i":84,"j":125},{"i":101,"j":112},{"i":79,"j":101},{"i":109,"j":113},{"i":91,"j":109},{"i":115,"j":137},{"i":104,"j":119},{"i":94,"j":104},{"i":108,"j":115},{"i":101,"j":132},{"i":112,"j":116},{"i":116,"j":117},{"i":84,"j":128},{"i":75,"j":100},{"i":94,"j":150},{"i":50,"j":94},{"i":119,"j":157},{"i":95,"j":114},{"i":122,"j":133},{"i":112,"j":123},{"i":122,"j":124},{"i":111,"j":160},{"i":100,"j":111},{"i":124,"j":134},{"i":88,"j":124},{"i":128,"j":163},{"i":110,"j":137},{"i":121,"j":142},{"i":125,"j":127},{"i":117,"j":139},{"i":113,"j":142},{"i":130,"j":140},{"i":119,"j":158},{"i":126,"j":141},{"i":123,"j":132},{"i":118,"j":123},{"i":92,"j":151},{"i":85,"j":92},{"i":114,"j":130},{"i":73,"j":85},{"i":127,"j":171},{"i":120,"j":127},{"i":138,"j":178},{"i":136,"j":164},{"i":129,"j":136},{"i":135,"j":178},{"i":103,"j":135},{"i":107,"j":144},{"i":126,"j":134},{"i":118,"j":175},{"i":116,"j":118},{"i":120,"j":158},{"i":134,"j":177},{"i":108,"j":129},{"i":129,"j":152},{"i":144,"j":148},{"i":85,"j":170},{"i":143,"j":145},{"i":147,"j":159},{"i":144,"j":159},{"i":153,"j":155},{"i":92,"j":148},{"i":136,"j":137},{"i":141,"j":177},{"i":120,"j":171},{"i":151,"j":198},{"i":121,"j":141},{"i":142,"j":146},{"i":153,"j":156},{"i":102,"j":153},{"i":149,"j":190},{"i":147,"j":149},{"i":154,"j":155},{"i":157,"j":179},{"i":150,"j":157},{"i":150,"j":168},{"i":128,"j":161},{"i":125,"j":128},{"i":131,"j":180},{"i":110,"j":131},{"i":139,"j":188},{"i":111,"j":165},{"i":100,"j":163},{"i":100,"j":160},{"i":155,"j":156},{"i":160,"j":162},{"i":131,"j":184},{"i":154,"j":215},{"i":162,"j":187},{"i":169,"j":193},{"i":159,"j":181},{"i":157,"j":201},{"i":167,"j":198},{"i":167,"j":173},{"i":156,"j":174},{"i":133,"j":140},{"i":162,"j":165},{"i":151,"j":167},{"i":170,"j":197},{"i":146,"j":176},{"i":161,"j":185},{"i":146,"j":166},{"i":152,"j":190},{"i":149,"j":152},{"i":166,"j":194},{"i":140,"j":216},{"i":173,"j":183},{"i":170,"j":173},{"i":158,"j":201},{"i":172,"j":223},{"i":194,"j":228},{"i":174,"j":176},{"i":181,"j":198},{"i":154,"j":172},{"i":170,"j":183},{"i":152,"j":164},{"i":163,"j":195},{"i":182,"j":186},{"i":161,"j":182},{"i":148,"j":198},{"i":137,"j":199},{"i":188,"j":206},{"i":184,"j":191},{"i":162,"j":169},{"i":165,"j":188},{"i":139,"j":175},{"i":110,"j":180},{"i":164,"j":189},{"i":191,"j":222},{"i":181,"j":212},{"i":186,"j":209},{"i":185,"j":186},{"i":163,"j":213},{"i":192,"j":193},{"i":169,"j":192},{"i":163,"j":187},{"i":163,"j":218},{"i":171,"j":250},{"i":143,"j":229},{"i":200,"j":206},{"i":191,"j":207},{"i":180,"j":191},{"i":196,"j":203},{"i":192,"j":196},{"i":188,"j":200},{"i":195,"j":209},{"i":182,"j":195},{"i":179,"j":252},{"i":168,"j":179},{"i":198,"j":202},{"i":183,"j":198},{"i":190,"j":204},{"i":181,"j":190},{"i":196,"j":211},{"i":195,"j":214},{"i":197,"j":202},{"i":189,"j":225},{"i":168,"j":253},{"i":200,"j":211},{"i":196,"j":200},{"i":206,"j":262},{"i":212,"j":259},{"i":174,"j":223},{"i":172,"j":174},{"i":199,"j":240},{"i":205,"j":208},{"i":177,"j":205},{"i":177,"j":224},{"i":166,"j":177},{"i":193,"j":218},{"i":187,"j":193},{"i":176,"j":194},{"i":200,"j":231},{"i":202,"j":212},{"i":218,"j":238},{"i":213,"j":214},{"i":177,"j":208},{"i":201,"j":226},{"i":175,"j":316},{"i":184,"j":215},{"i":210,"j":226},{"i":201,"j":210},{"i":204,"j":264},{"i":209,"j":235},{"i":213,"j":232},{"i":145,"j":197},{"i":219,"j":325},{"i":178,"j":219},{"i":217,"j":220},{"i":202,"j":217},{"i":220,"j":227},{"i":197,"j":220},{"i":177,"j":247},{"i":215,"j":257},{"i":199,"j":207},{"i":221,"j":230},{"i":176,"j":221},{"i":205,"j":216},{"i":199,"j":234},{"i":189,"j":199},{"i":222,"j":257},{"i":214,"j":235},{"i":217,"j":244},{"i":227,"j":233},{"i":224,"j":228},{"i":231,"j":262},{"i":242,"j":251},{"i":208,"j":242},{"i":179,"j":226},{"i":218,"j":236},{"i":232,"j":254},{"i":219,"j":229},{"i":225,"j":258},{"i":216,"j":253},{"i":222,"j":240},{"i":207,"j":222},{"i":235,"j":250},{"i":229,"j":233},{"i":234,"j":237},{"i":236,"j":243},{"i":232,"j":236},{"i":203,"j":241},{"i":193,"j":203},{"i":185,"j":250},{"i":171,"j":185},{"i":257,"j":278},{"i":235,"j":274},{"i":236,"j":238},{"i":211,"j":246},{"i":245,"j":273},{"i":242,"j":277},{"i":247,"j":261},{"i":237,"j":245},{"i":225,"j":237},{"i":249,"j":255},{"i":244,"j":249},{"i":245,"j":297},{"i":231,"j":246},{"i":247,"j":294},{"i":249,"j":267},{"i":224,"j":261},{"i":227,"j":244},{"i":217,"j":260},{"i":242,"j":253},{"i":232,"j":243},{"i":226,"j":239},{"i":230,"j":263},{"i":223,"j":230},{"i":239,"j":269},{"i":250,"j":266},{"i":210,"j":250},{"i":241,"j":256},{"i":238,"j":241},{"i":228,"j":276},{"i":221,"j":228},{"i":258,"j":264},{"i":204,"j":258},{"i":251,"j":282},{"i":234,"j":297},{"i":260,"j":320},{"i":217,"j":259},{"i":258,"j":273},{"i":246,"j":268},{"i":228,"j":248},{"i":240,"j":297},{"i":264,"j":286},{"i":229,"j":342},{"i":260,"j":265},{"i":235,"j":254},{"i":269,"j":281},{"i":265,"j":267},{"i":249,"j":265},{"i":259,"j":320},{"i":241,"j":268},{"i":239,"j":266},{"i":268,"j":272},{"i":272,"j":300},{"i":271,"j":272},{"i":254,"j":280},{"i":243,"j":256},{"i":262,"j":272},{"i":223,"j":278},{"i":278,"j":295},{"i":256,"j":270},{"i":261,"j":308},{"i":248,"j":261},{"i":263,"j":276},{"i":252,"j":269},{"i":247,"j":282},{"i":251,"j":288},{"i":266,"j":284},{"i":270,"j":305},{"i":279,"j":285},{"i":252,"j":279},{"i":274,"j":284},{"i":271,"j":299},{"i":270,"j":271},{"i":280,"j":296},{"i":274,"j":280},{"i":287,"j":304},{"i":253,"j":287},{"i":286,"j":315},{"i":259,"j":286},{"i":285,"j":287},{"i":253,"j":285},{"i":277,"j":304},{"i":291,"j":298},{"i":278,"j":291},{"i":276,"j":301},{"i":293,"j":333},{"i":288,"j":293},{"i":283,"j":290},{"i":243,"j":283},{"i":289,"j":291},{"i":263,"j":289},{"i":288,"j":319},{"i":282,"j":319},{"i":281,"j":284},{"i":292,"j":293},{"i":277,"j":292},{"i":294,"j":319},{"i":295,"j":310},{"i":275,"j":295},{"i":275,"j":310},{"i":257,"j":275},{"i":294,"j":308},{"i":290,"j":296},{"i":273,"j":318},{"i":290,"j":313},{"i":299,"j":305},{"i":300,"j":302},{"i":299,"j":300},{"i":302,"j":321},{"i":296,"j":307},{"i":303,"j":360},{"i":284,"j":303},{"i":281,"j":317},{"i":279,"j":281},{"i":308,"j":312},{"i":248,"j":308},{"i":302,"j":306},{"i":132,"j":347},{"i":305,"j":311},{"i":283,"j":305},{"i":304,"j":322},{"i":295,"j":298},{"i":297,"j":309},{"i":289,"j":323},{"i":305,"j":306},{"i":311,"j":313},{"i":303,"j":307},{"i":289,"j":301},{"i":312,"j":327},{"i":301,"j":312},{"i":343,"j":353},{"i":326,"j":344},{"i":311,"j":423},{"i":304,"j":329},{"i":309,"j":310},{"i":292,"j":322},{"i":315,"j":320},{"i":255,"j":354},{"i":316,"j":321},{"i":262,"j":316},{"i":316,"j":328},{"i":317,"j":329},{"i":308,"j":361},{"i":331,"j":359},{"i":313,"j":336},{"i":317,"j":332},{"i":233,"j":255},{"i":325,"j":348},{"i":326,"j":352},{"i":326,"j":331},{"i":310,"j":326},{"i":321,"j":328},{"i":317,"j":339},{"i":329,"j":330},{"i":335,"j":367},{"i":323,"j":335},{"i":314,"j":352},{"i":298,"j":314},{"i":327,"j":335},{"i":301,"j":327},{"i":322,"j":330},{"i":339,"j":369},{"i":330,"j":363},{"i":344,"j":359},{"i":309,"j":331},{"i":323,"j":367},{"i":314,"j":323},{"i":273,"j":353},{"i":308,"j":371},{"i":313,"j":384},{"i":315,"j":318},{"i":267,"j":320},{"i":328,"j":338},{"i":324,"j":360},{"i":307,"j":324},{"i":319,"j":371},{"i":336,"j":340},{"i":345,"j":358},{"i":336,"j":345},{"i":318,"j":343},{"i":342,"j":381},{"i":346,"j":452},{"i":363,"j":373},{"i":340,"j":360},{"i":324,"j":340},{"i":345,"j":384},{"i":337,"j":357},{"i":358,"j":376},{"i":325,"j":346},{"i":341,"j":343},{"i":297,"j":362},{"i":337,"j":351},{"i":315,"j":337},{"i":350,"j":372},{"i":337,"j":341},{"i":320,"j":350},{"i":341,"j":349},{"i":333,"j":365},{"i":297,"j":334},{"i":349,"j":391},{"i":320,"j":356},{"i":373,"j":412},{"i":347,"j":355},{"i":350,"j":351},{"i":356,"j":372},{"i":354,"j":356},{"i":357,"j":391},{"i":351,"j":357},{"i":344,"j":352},{"i":334,"j":359},{"i":329,"j":332},{"i":334,"j":366},{"i":362,"j":406},{"i":366,"j":387},{"i":339,"j":368},{"i":332,"j":339},{"i":355,"j":364},{"i":316,"j":355},{"i":333,"j":363},{"i":335,"j":375},{"i":362,"j":366},{"i":361,"j":375},{"i":340,"j":358},{"i":365,"j":371},{"i":369,"j":396},{"i":368,"j":370},{"i":370,"j":388},{"i":347,"j":431},{"i":365,"j":390},{"i":377,"j":392},{"i":349,"j":395},{"i":372,"j":385},{"i":361,"j":407},{"i":363,"j":370},{"i":373,"j":378},{"i":371,"j":379},{"i":375,"j":401},{"i":368,"j":369},{"i":338,"j":364},{"i":359,"j":397},{"i":360,"j":396},{"i":365,"j":378},{"i":367,"j":409},{"i":355,"j":386},{"i":342,"j":377},{"i":382,"j":387},{"i":377,"j":398},{"i":360,"j":374},{"i":383,"j":417},{"i":306,"j":432},{"i":373,"j":388},{"i":381,"j":426},{"i":346,"j":381},{"i":349,"j":353},{"i":375,"j":389},{"i":370,"j":383},{"i":388,"j":417},{"i":394,"j":404},{"i":387,"j":394},{"i":352,"j":402},{"i":390,"j":413},{"i":366,"j":382},{"i":379,"j":407},{"i":385,"j":398},{"i":354,"j":385},{"i":392,"j":426},{"i":385,"j":403},{"i":353,"j":406},{"i":367,"j":400},{"i":372,"j":429},{"i":378,"j":410},{"i":376,"j":418},{"i":374,"j":376},{"i":390,"j":399},{"i":394,"j":397},{"i":389,"j":409},{"i":387,"j":404},{"i":400,"j":402},{"i":408,"j":424},{"i":389,"j":401},{"i":413,"j":449},{"i":393,"j":408},{"i":382,"j":393},{"i":402,"j":415},{"i":379,"j":399},{"i":401,"j":405},{"i":402,"j":425},{"i":347,"j":460},{"i":409,"j":416},{"i":410,"j":413},{"i":383,"j":396},{"i":384,"j":418},{"i":413,"j":445},{"i":415,"j":433},{"i":397,"j":415},{"i":408,"j":414},{"i":433,"j":457},{"i":422,"j":433},{"i":406,"j":414},{"i":400,"j":416},{"i":404,"j":422},{"i":407,"j":437},{"i":405,"j":407},{"i":413,"j":421},{"i":399,"j":413},{"i":421,"j":442},{"i":306,"j":338},{"i":391,"j":443},{"i":415,"j":425},{"i":419,"j":427},{"i":403,"j":419},{"i":408,"j":435},{"i":400,"j":430},{"i":420,"j":422},{"i":374,"j":450},{"i":364,"j":380},{"i":420,"j":428},{"i":393,"j":420},{"i":379,"j":421},{"i":416,"j":464},{"i":398,"j":403},{"i":427,"j":436},{"i":392,"j":427},{"i":426,"j":452},{"i":395,"j":438},{"i":395,"j":406},{"i":419,"j":462},{"i":428,"j":435},{"i":384,"j":440},{"i":380,"j":453},{"i":434,"j":450},{"i":418,"j":434},{"i":425,"j":430},{"i":441,"j":461},{"i":428,"j":456},{"i":423,"j":440},{"i":435,"j":477},{"i":396,"j":439},{"i":429,"j":451},{"i":419,"j":429},{"i":426,"j":436},{"i":411,"j":449},{"i":410,"j":411},{"i":424,"j":455},{"i":414,"j":424},{"i":438,"j":443},{"i":432,"j":444},{"i":423,"j":432},{"i":386,"j":431},{"i":412,"j":449},{"i":411,"j":412},{"i":434,"j":440},{"i":445,"j":459},{"i":442,"j":445},{"i":440,"j":444},{"i":441,"j":446},{"i":386,"j":441},{"i":432,"j":448},{"i":432,"j":453},{"i":447,"j":448},{"i":442,"j":459},{"i":437,"j":442},{"i":396,"j":479},{"i":443,"j":451},{"i":429,"j":443},{"i":417,"j":469},{"i":426,"j":467},{"i":452,"j":513},{"i":380,"j":446},{"i":453,"j":471},{"i":448,"j":453},{"i":452,"j":454},{"i":348,"j":454},{"i":451,"j":511},{"i":435,"j":485},{"i":435,"j":456},{"i":449,"j":463},{"i":430,"j":464},{"i":446,"j":470},{"i":431,"j":460},{"i":438,"j":455},{"i":427,"j":462},{"i":464,"j":481},{"i":449,"j":458},{"i":460,"j":494},{"i":405,"j":499},{"i":465,"j":469},{"i":417,"j":465},{"i":457,"j":492},{"i":452,"j":467},{"i":466,"j":478},{"i":458,"j":466},{"i":468,"j":469},{"i":466,"j":468},{"i":450,"j":472},{"i":439,"j":450},{"i":450,"j":501},{"i":461,"j":470},{"i":471,"j":493},{"i":468,"j":504},{"i":453,"j":486},{"i":441,"j":460},{"i":437,"j":499},{"i":491,"j":530},{"i":472,"j":476},{"i":439,"j":472},{"i":474,"j":494},{"i":456,"j":492},{"i":455,"j":507},{"i":473,"j":479},{"i":396,"j":473},{"i":481,"j":497},{"i":475,"j":481},{"i":473,"j":488},{"i":347,"j":547},{"i":474,"j":480},{"i":460,"j":474},{"i":457,"j":491},{"i":457,"j":498},{"i":476,"j":488},{"i":484,"j":521},{"i":484,"j":506},{"i":436,"j":484},{"i":482,"j":496},{"i":443,"j":482},{"i":475,"j":487},{"i":464,"j":475},{"i":470,"j":489},{"i":477,"j":507},{"i":483,"j":493},{"i":471,"j":483},{"i":463,"j":512},{"i":459,"j":463},{"i":483,"j":522},{"i":470,"j":502},{"i":459,"j":538},{"i":495,"j":516},{"i":487,"j":491},{"i":490,"j":496},{"i":482,"j":490},{"i":486,"j":522},{"i":440,"j":519},{"i":486,"j":544},{"i":480,"j":514},{"i":461,"j":480},{"i":492,"j":495},{"i":443,"j":520},{"i":485,"j":505},{"i":469,"j":510},{"i":495,"j":498},{"i":479,"j":509},{"i":494,"j":500},{"i":500,"j":532},{"i":444,"j":447},{"i":501,"j":527},{"i":493,"j":524},{"i":447,"j":493},{"i":485,"j":516},{"i":503,"j":507},{"i":477,"j":503},{"i":488,"j":525},{"i":458,"j":478},{"i":497,"j":530},{"i":487,"j":497},{"i":511,"j":521},{"i":462,"j":511},{"i":476,"j":501},{"i":504,"j":529},{"i":509,"j":510},{"i":465,"j":509},{"i":347,"j":572},{"i":443,"j":496},{"i":478,"j":518},{"i":467,"j":535},{"i":513,"j":593},{"i":480,"j":515},{"i":486,"j":489},{"i":480,"j":500},{"i":515,"j":532},{"i":504,"j":526},{"i":512,"j":538},{"i":478,"j":504},{"i":517,"j":529},{"i":512,"j":517},{"i":518,"j":529},{"i":517,"j":518},{"i":489,"j":502},{"i":507,"j":523},{"i":490,"j":507},{"i":506,"j":541},{"i":511,"j":537},{"i":511,"j":555},{"i":519,"j":562},{"i":514,"j":531},{"i":502,"j":514},{"i":507,"j":568},{"i":493,"j":522},{"i":509,"j":525},{"i":510,"j":528},{"i":529,"j":538},{"i":519,"j":534},{"i":527,"j":558},{"i":508,"j":527},{"i":525,"j":548},{"i":526,"j":557},{"i":530,"j":569},{"i":519,"j":524},{"i":515,"j":531},{"i":530,"j":533},{"i":498,"j":530},{"i":539,"j":553},{"i":499,"j":539},{"i":502,"j":563},{"i":528,"j":548},{"i":526,"j":528},{"i":506,"j":540},{"i":520,"j":555},{"i":540,"j":554},{"i":523,"j":546},{"i":496,"j":523},{"i":508,"j":561},{"i":488,"j":508},{"i":545,"j":550},{"i":539,"j":545},{"i":506,"j":536},{"i":535,"j":552},{"i":537,"j":541},{"i":521,"j":537},{"i":499,"j":543},{"i":497,"j":499},{"i":505,"j":560},{"i":503,"j":505},{"i":499,"j":575},{"i":548,"j":565},{"i":530,"j":542},{"i":538,"j":545},{"i":536,"j":554},{"i":531,"j":590},{"i":494,"j":547},{"i":527,"j":570},{"i":537,"j":555},{"i":536,"j":556},{"i":529,"j":557},{"i":535,"j":540},{"i":551,"j":592},{"i":513,"j":551},{"i":549,"j":556},{"i":541,"j":549},{"i":555,"j":571},{"i":549,"j":555},{"i":556,"j":597},{"i":520,"j":546},{"i":551,"j":552},{"i":560,"j":580},{"i":548,"j":561},{"i":524,"j":595},{"i":533,"j":580},{"i":516,"j":533},{"i":555,"j":584},{"i":550,"j":602},{"i":558,"j":576},{"i":522,"j":603},{"i":564,"j":598},{"i":531,"j":532},{"i":548,"j":589},{"i":534,"j":591},{"i":527,"j":534},{"i":564,"j":565},{"i":548,"j":564},{"i":542,"j":581},{"i":568,"j":583},{"i":565,"j":567},{"i":574,"j":602},{"i":560,"j":586},{"i":553,"j":574},{"i":499,"j":553},{"i":576,"j":604},{"i":559,"j":577},{"i":546,"j":559},{"i":569,"j":580},{"i":547,"j":572},{"i":532,"j":547},{"i":573,"j":585},{"i":559,"j":573},{"i":568,"j":586},{"i":574,"j":575},{"i":590,"j":635},{"i":559,"j":585},{"i":579,"j":587},{"i":569,"j":579},{"i":575,"j":578},{"i":543,"j":581},{"i":542,"j":543},{"i":584,"j":621},{"i":569,"j":587},{"i":566,"j":607},{"i":578,"j":581},{"i":581,"j":588},{"i":579,"j":581},{"i":584,"j":600},{"i":566,"j":586},{"i":560,"j":566},{"i":554,"j":597},{"i":555,"j":577},{"i":592,"j":632},{"i":573,"j":583},{"i":571,"j":599},{"i":587,"j":601},{"i":578,"j":582},{"i":577,"j":621},{"i":576,"j":589},{"i":561,"j":576},{"i":570,"j":591},{"i":562,"j":609},{"i":571,"j":597},{"i":592,"j":596},{"i":593,"j":646},{"i":454,"j":593},{"i":570,"j":604},{"i":558,"j":570},{"i":557,"j":606},{"i":544,"j":603},{"i":585,"j":610},{"i":596,"j":646},{"i":593,"j":596},{"i":594,"j":598},{"i":589,"j":594},{"i":582,"j":602},{"i":599,"j":617},{"i":587,"j":618},{"i":599,"j":600},{"i":588,"j":629},{"i":605,"j":628},{"i":602,"j":605},{"i":550,"j":606},{"i":544,"j":563},{"i":567,"j":619},{"i":557,"j":567},{"i":587,"j":588},{"i":601,"j":616},{"i":580,"j":601},{"i":610,"j":626},{"i":562,"j":614},{"i":590,"j":608},{"i":563,"j":590},{"i":595,"j":614},{"i":591,"j":638},{"i":595,"j":645},{"i":594,"j":630},{"i":611,"j":613},{"i":609,"j":611},{"i":603,"j":645},{"i":612,"j":619},{"i":598,"j":612},{"i":604,"j":630},{"i":582,"j":629},{"i":622,"j":648},{"i":586,"j":607},{"i":605,"j":636},{"i":620,"j":688},{"i":615,"j":619},{"i":612,"j":615},{"i":618,"j":620},{"i":607,"j":616},{"i":620,"j":622},{"i":628,"j":636},{"i":607,"j":641},{"i":609,"j":638},{"i":608,"j":634},{"i":603,"j":608},{"i":623,"j":625},{"i":583,"j":623},{"i":625,"j":633},{"i":610,"j":625},{"i":610,"j":633},{"i":626,"j":651},{"i":621,"j":626},{"i":613,"j":638},{"i":609,"j":613},{"i":619,"j":643},{"i":605,"j":606},{"i":628,"j":629},{"i":614,"j":631},{"i":611,"j":614},{"i":627,"j":649},{"i":615,"j":627},{"i":631,"j":638},{"i":597,"j":637},{"i":552,"j":597},{"i":616,"j":622},{"i":621,"j":647},{"i":600,"j":621},{"i":608,"j":624},{"i":614,"j":645},{"i":624,"j":667},{"i":597,"j":617},{"i":641,"j":665},{"i":623,"j":641},{"i":643,"j":650},{"i":606,"j":643},{"i":632,"j":639},{"i":637,"j":663},{"i":632,"j":637},{"i":639,"j":739},{"i":621,"j":674},{"i":640,"j":642},{"i":617,"j":640},{"i":653,"j":657},{"i":618,"j":629},{"i":630,"j":652},{"i":627,"j":630},{"i":634,"j":645},{"i":596,"j":639},{"i":637,"j":642},{"i":633,"j":651},{"i":572,"j":691},{"i":630,"j":678},{"i":638,"j":659},{"i":650,"j":704},{"i":666,"j":677},{"i":659,"j":678},{"i":640,"j":657},{"i":653,"j":656},{"i":642,"j":653},{"i":640,"j":647},{"i":650,"j":654},{"i":644,"j":645},{"i":657,"j":680},{"i":642,"j":656},{"i":651,"j":658},{"i":641,"j":648},{"i":621,"j":658},{"i":654,"j":677},{"i":605,"j":654},{"i":631,"j":690},{"i":624,"j":635},{"i":661,"j":662},{"i":590,"j":661},{"i":674,"j":687},{"i":636,"j":670},{"i":629,"j":636},{"i":677,"j":686},{"i":635,"j":660},{"i":665,"j":668},{"i":668,"j":675},{"i":625,"j":668},{"i":666,"j":669},{"i":636,"j":666},{"i":644,"j":710},{"i":681,"j":699},{"i":663,"j":671},{"i":632,"j":663},{"i":664,"j":671},{"i":656,"j":664},{"i":676,"j":683},{"i":659,"j":676},{"i":667,"j":672},{"i":634,"j":667},{"i":647,"j":680},{"i":651,"j":675},{"i":671,"j":714},{"i":658,"j":673},{"i":673,"j":681},{"i":675,"j":700},{"i":631,"j":644},{"i":670,"j":737},{"i":652,"j":682},{"i":627,"j":652},{"i":670,"j":688},{"i":664,"j":679},{"i":673,"j":699},{"i":679,"j":680},{"i":683,"j":709},{"i":660,"j":662},{"i":683,"j":685},{"i":650,"j":695},{"i":701,"j":709},{"i":674,"j":681},{"i":680,"j":687},{"i":676,"j":690},{"i":684,"j":689},{"i":660,"j":684},{"i":645,"j":655},{"i":684,"j":698},{"i":667,"j":718},{"i":692,"j":694},{"i":631,"j":692},{"i":682,"j":703},{"i":691,"j":715},{"i":691,"j":696},{"i":661,"j":691},{"i":655,"j":726},{"i":696,"j":697},{"i":662,"j":696},{"i":697,"j":698},{"i":665,"j":716},{"i":693,"j":707},{"i":648,"j":688},{"i":695,"j":706},{"i":686,"j":695},{"i":694,"j":701},{"i":690,"j":694},{"i":693,"j":702},{"i":679,"j":693},{"i":705,"j":728},{"i":685,"j":708},{"i":678,"j":685},{"i":716,"j":748},{"i":702,"j":705},{"i":699,"j":700},{"i":704,"j":706},{"i":699,"j":717},{"i":643,"j":649},{"i":712,"j":721},{"i":704,"j":712},{"i":711,"j":719},{"i":701,"j":711},{"i":667,"j":689},{"i":708,"j":768},{"i":710,"j":711},{"i":692,"j":710},{"i":703,"j":740},{"i":689,"j":727},{"i":671,"j":705},{"i":672,"j":713},{"i":717,"j":725},{"i":687,"j":717},{"i":706,"j":720},{"i":686,"j":706},{"i":714,"j":738},{"i":717,"j":757},{"i":710,"j":723},{"i":710,"j":722},{"i":703,"j":735},{"i":649,"j":703},{"i":712,"j":735},{"i":721,"j":742},{"i":655,"j":672},{"i":715,"j":745},{"i":721,"j":733},{"i":713,"j":758},{"i":720,"j":730},{"i":677,"j":720},{"i":724,"j":725},{"i":717,"j":724},{"i":722,"j":779},{"i":718,"j":727},{"i":713,"j":718},{"i":726,"j":758},{"i":698,"j":741},{"i":707,"j":747},{"i":702,"j":707},{"i":726,"j":729},{"i":720,"j":731},{"i":688,"j":748},{"i":682,"j":708},{"i":725,"j":736},{"i":716,"j":734},{"i":669,"j":766},{"i":724,"j":757},{"i":733,"j":746},{"i":731,"j":733},{"i":708,"j":709},{"i":736,"j":747},{"i":707,"j":736},{"i":669,"j":730},{"i":714,"j":728},{"i":738,"j":739},{"i":739,"j":797},{"i":721,"j":751},{"i":709,"j":719},{"i":713,"j":727},{"i":715,"j":741},{"i":697,"j":715},{"i":731,"j":752},{"i":730,"j":744},{"i":735,"j":755},{"i":737,"j":749},{"i":733,"j":742},{"i":736,"j":743},{"i":752,"j":783},{"i":747,"j":756},{"i":748,"j":749},{"i":734,"j":748},{"i":732,"j":771},{"i":700,"j":732},{"i":750,"j":765},{"i":731,"j":746},{"i":723,"j":779},{"i":750,"j":754},{"i":743,"j":750},{"i":762,"j":778},{"i":740,"j":772},{"i":747,"j":764},{"i":728,"j":790},{"i":754,"j":764},{"i":732,"j":734},{"i":760,"j":780},{"i":753,"j":769},{"i":727,"j":753},{"i":745,"j":759},{"i":741,"j":745},{"i":719,"j":722},{"i":744,"j":752},{"i":757,"j":774},{"i":761,"j":762},{"i":744,"j":761},{"i":768,"j":781},{"i":760,"j":768},{"i":723,"j":729},{"i":764,"j":803},{"i":785,"j":790},{"i":743,"j":757},{"i":669,"j":762},{"i":771,"j":800},{"i":757,"j":771},{"i":766,"j":767},{"i":719,"j":763},{"i":753,"j":759},{"i":779,"j":799},{"i":792,"j":838},{"i":767,"j":770},{"i":737,"j":767},{"i":754,"j":817},{"i":749,"j":777},{"i":760,"j":775},{"i":740,"j":760},{"i":745,"j":773},{"i":757,"j":776},{"i":774,"j":776},{"i":765,"j":774},{"i":729,"j":758},{"i":772,"j":787},{"i":728,"j":756},{"i":746,"j":795},{"i":786,"j":801},{"i":763,"j":786},{"i":742,"j":751},{"i":779,"j":834},{"i":768,"j":801},{"i":763,"j":801},{"i":777,"j":782},{"i":778,"j":809},{"i":766,"j":778},{"i":775,"j":787},{"i":772,"j":775},{"i":790,"j":803},{"i":728,"j":785},{"i":759,"j":831},{"i":738,"j":784},{"i":756,"j":803},{"i":779,"j":786},{"i":840,"j":861},{"i":780,"j":781},{"i":755,"j":808},{"i":751,"j":755},{"i":755,"j":804},{"i":773,"j":788},{"i":759,"j":773},{"i":784,"j":785},{"i":796,"j":845},{"i":783,"j":798},{"i":761,"j":783},{"i":789,"j":792},{"i":784,"j":789},{"i":794,"j":838},{"i":770,"j":805},{"i":749,"j":770},{"i":751,"j":816},{"i":738,"j":792},{"i":765,"j":812},{"i":739,"j":794},{"i":794,"j":796},{"i":782,"j":800},{"i":771,"j":782},{"i":739,"j":796},{"i":804,"j":806},{"i":793,"j":810},{"i":783,"j":793},{"i":804,"j":823},{"i":769,"j":807},{"i":758,"j":769},{"i":803,"j":818},{"i":789,"j":803},{"i":799,"j":801},{"i":787,"j":804},{"i":797,"j":853},{"i":646,"j":797},{"i":776,"j":812},{"i":816,"j":824},{"i":780,"j":806},{"i":778,"j":791},{"i":810,"j":837},{"i":781,"j":801},{"i":801,"j":893},{"i":755,"j":802},{"i":798,"j":811},{"i":791,"j":798},{"i":813,"j":867},{"i":795,"j":821},{"i":793,"j":795},{"i":810,"j":811},{"i":806,"j":893},{"i":805,"j":815},{"i":788,"j":861},{"i":815,"j":829},{"i":813,"j":820},{"i":791,"j":813},{"i":809,"j":822},{"i":805,"j":814},{"i":814,"j":829},{"i":808,"j":816},{"i":812,"j":817},{"i":805,"j":830},{"i":818,"j":854},{"i":818,"j":844},{"i":815,"j":819},{"i":811,"j":867},{"i":822,"j":830},{"i":805,"j":822},{"i":816,"j":821},{"i":821,"j":879},{"i":799,"j":893},{"i":821,"j":837},{"i":808,"j":839},{"i":800,"j":857},{"i":837,"j":867},{"i":825,"j":833},{"i":812,"j":825},{"i":826,"j":827},{"i":800,"j":826},{"i":826,"j":836},{"i":758,"j":807},{"i":827,"j":835},{"i":800,"j":827},{"i":819,"j":836},{"i":777,"j":819},{"i":830,"j":846},{"i":807,"j":828},{"i":832,"j":834},{"i":758,"j":832},{"i":833,"j":843},{"i":833,"j":873},{"i":829,"j":852},{"i":835,"j":859},{"i":802,"j":842},{"i":817,"j":869},{"i":820,"j":848},{"i":802,"j":823},{"i":831,"j":849},{"i":788,"j":840},{"i":809,"j":848},{"i":848,"j":901},{"i":839,"j":891},{"i":844,"j":856},{"i":838,"j":851},{"i":817,"j":854},{"i":838,"j":845},{"i":851,"j":875},{"i":841,"j":846},{"i":860,"j":886},{"i":847,"j":849},{"i":831,"j":847},{"i":715,"j":922},{"i":840,"j":850},{"i":845,"j":875},{"i":838,"j":856},{"i":841,"j":863},{"i":814,"j":841},{"i":859,"j":868},{"i":857,"j":859},{"i":851,"j":856},{"i":843,"j":862},{"i":817,"j":843},{"i":828,"j":849},{"i":855,"j":865},{"i":828,"j":855},{"i":844,"j":870},{"i":850,"j":877},{"i":847,"j":850},{"i":825,"j":857},{"i":835,"j":904},{"i":836,"j":872},{"i":846,"j":910},{"i":855,"j":880},{"i":862,"j":883},{"i":841,"j":860},{"i":889,"j":902},{"i":824,"j":888},{"i":862,"j":866},{"i":873,"j":920},{"i":852,"j":899},{"i":866,"j":883},{"i":866,"j":869},{"i":869,"j":874},{"i":870,"j":884},{"i":856,"j":870},{"i":834,"j":864},{"i":868,"j":873},{"i":863,"j":886},{"i":852,"j":863},{"i":868,"j":905},{"i":869,"j":923},{"i":856,"j":959},{"i":875,"j":981},{"i":853,"j":875},{"i":867,"j":876},{"i":879,"j":887},{"i":865,"j":881},{"i":832,"j":865},{"i":820,"j":876},{"i":881,"j":940},{"i":878,"j":898},{"i":824,"j":891},{"i":871,"j":926},{"i":877,"j":880},{"i":849,"j":877},{"i":879,"j":885},{"i":878,"j":882},{"i":876,"j":878},{"i":835,"j":872},{"i":874,"j":897},{"i":854,"j":874},{"i":884,"j":959},{"i":848,"j":882},{"i":839,"j":842},{"i":860,"j":915},{"i":886,"j":899},{"i":887,"j":912},{"i":823,"j":896},{"i":834,"j":871},{"i":888,"j":890},{"i":898,"j":906},{"i":888,"j":914},{"i":889,"j":891},{"i":842,"j":889},{"i":877,"j":892},{"i":858,"j":894},{"i":850,"j":858},{"i":881,"j":895},{"i":864,"j":881},{"i":858,"j":861},{"i":895,"j":917},{"i":864,"j":895},{"i":889,"j":919},{"i":874,"j":908},{"i":897,"j":909},{"i":884,"j":897},{"i":898,"j":918},{"i":902,"j":913},{"i":899,"j":907},{"i":823,"j":903},{"i":882,"j":906},{"i":911,"j":943},{"i":889,"j":896},{"i":900,"j":929},{"i":896,"j":900},{"i":872,"j":907},{"i":873,"j":928},{"i":904,"j":905},{"i":908,"j":969},{"i":890,"j":912},{"i":887,"j":890},{"i":846,"j":911},{"i":873,"j":905},{"i":873,"j":925},{"i":908,"j":909},{"i":846,"j":901},{"i":911,"j":916},{"i":910,"j":911},{"i":901,"j":943},{"i":891,"j":913},{"i":867,"j":885},{"i":913,"j":914},{"i":917,"j":926},{"i":871,"j":917},{"i":910,"j":915},{"i":929,"j":939},{"i":924,"j":929},{"i":906,"j":942},{"i":912,"j":932},{"i":865,"j":946},{"i":883,"j":920},{"i":885,"j":932},{"i":915,"j":958},{"i":886,"j":915},{"i":823,"j":934},{"i":905,"j":933},{"i":907,"j":933},{"i":904,"j":907},{"i":902,"j":919},{"i":892,"j":894},{"i":861,"j":922},{"i":883,"j":937},{"i":918,"j":931},{"i":900,"j":903},{"i":938,"j":949},{"i":923,"j":962},{"i":899,"j":971},{"i":903,"j":921},{"i":932,"j":977},{"i":931,"j":932},{"i":924,"j":927},{"i":919,"j":924},{"i":918,"j":941},{"i":880,"j":946},{"i":927,"j":961},{"i":913,"j":927},{"i":893,"j":936},{"i":893,"j":938},{"i":934,"j":935},{"i":921,"j":934},{"i":937,"j":967},{"i":937,"j":951},{"i":923,"j":937},{"i":935,"j":936},{"i":930,"j":944},{"i":917,"j":930},{"i":893,"j":926},{"i":892,"j":945},{"i":931,"j":977},{"i":906,"j":941},{"i":942,"j":953},{"i":942,"j":943},{"i":925,"j":963},{"i":938,"j":948},{"i":930,"j":940},{"i":940,"j":955},{"i":894,"j":922},{"i":947,"j":975},{"i":926,"j":973},{"i":948,"j":952},{"i":936,"j":948},{"i":926,"j":944},{"i":950,"j":999},{"i":943,"j":964},{"i":941,"j":950},{"i":948,"j":982},{"i":941,"j":954},{"i":945,"j":956},{"i":939,"j":961},{"i":952,"j":972},{"i":947,"j":955},{"i":946,"j":947},{"i":922,"j":956},{"i":925,"j":928},{"i":951,"j":968},{"i":916,"j":964},{"i":915,"j":916},{"i":964,"j":990},{"i":951,"j":962},{"i":959,"j":981},{"i":957,"j":970},{"i":958,"j":971},{"i":935,"j":972},{"i":951,"j":957},{"i":963,"j":985},{"i":933,"j":987},{"i":953,"j":993},{"i":984,"j":1023},{"i":909,"j":966},{"i":966,"j":969},{"i":962,"j":969},{"i":949,"j":973},{"i":963,"j":967},{"i":920,"j":963},{"i":966,"j":1037},{"i":965,"j":966},{"i":960,"j":970},{"i":957,"j":960},{"i":962,"j":968},{"i":960,"j":967},{"i":968,"j":970},{"i":958,"j":990},{"i":914,"j":986},{"i":912,"j":914},{"i":952,"j":983},{"i":949,"j":982},{"i":944,"j":997},{"i":921,"j":992},{"i":974,"j":992},{"i":972,"j":974},{"i":945,"j":976},{"i":955,"j":997},{"i":980,"j":1000},{"i":922,"j":1046},{"i":972,"j":992},{"i":961,"j":979},{"i":978,"j":980},{"i":939,"j":978},{"i":959,"j":965},{"i":965,"j":981},{"i":933,"j":984},{"i":979,"j":994},{"i":985,"j":1003},{"i":967,"j":985},{"i":981,"j":1052},{"i":928,"j":987},{"i":974,"j":983},{"i":985,"j":1054},{"i":973,"j":988},{"i":989,"j":1043},{"i":973,"j":989},{"i":954,"j":1022},{"i":953,"j":954},{"i":992,"j":1000},{"i":978,"j":992},{"i":971,"j":990},{"i":986,"j":1031},{"i":977,"j":986},{"i":991,"j":1025},{"i":986,"j":991},{"i":982,"j":995},{"i":977,"j":999},{"i":950,"j":977},{"i":1001,"j":1024},{"i":980,"j":1004},{"i":979,"j":980},{"i":994,"j":996},{"i":991,"j":994},{"i":992,"j":1017},{"i":988,"j":1009},{"i":997,"j":1028},{"i":997,"j":1009},{"i":988,"j":997},{"i":975,"j":976},{"i":990,"j":1015},{"i":971,"j":1001},{"i":971,"j":1012},{"i":987,"j":1023},{"i":984,"j":1002},{"i":1005,"j":1010},{"i":1000,"j":1005},{"i":975,"j":1027},{"i":956,"j":1011},{"i":991,"j":996},{"i":1003,"j":1008},{"i":976,"j":998},{"i":983,"j":995},{"i":1010,"j":1020},{"i":1004,"j":1010},{"i":1006,"j":1013},{"i":998,"j":1006},{"i":922,"j":1011},{"i":1002,"j":1014},{"i":990,"j":993},{"i":1013,"j":1034},{"i":998,"j":1013},{"i":1003,"j":1035},{"i":1002,"j":1026},{"i":1012,"j":1026},{"i":993,"j":1030},{"i":1001,"j":1015},{"i":1004,"j":1020},{"i":989,"j":1009},{"i":1008,"j":1018},{"i":970,"j":1008},{"i":999,"j":1007},{"i":1007,"j":1041},{"i":1010,"j":1021},{"i":1016,"j":1025},{"i":996,"j":1016},{"i":1033,"j":1098},{"i":1014,"j":1048},{"i":1024,"j":1036},{"i":1012,"j":1024},{"i":1019,"j":1029},{"i":1015,"j":1019},{"i":1025,"j":1032},{"i":1012,"j":1036},{"i":1020,"j":1051},{"i":1016,"j":1020},{"i":1027,"j":1028},{"i":1028,"j":1039},{"i":1026,"j":1038},{"i":1022,"j":1030},{"i":1024,"j":1029},{"i":1021,"j":1062},{"i":1041,"j":1071},{"i":1005,"j":1017},{"i":1032,"j":1033},{"i":1023,"j":1054},{"i":1014,"j":1038},{"i":1029,"j":1050},{"i":1018,"j":1055},{"i":969,"j":1018},{"i":1018,"j":1072},{"i":1037,"j":1091},{"i":1026,"j":1045},{"i":1027,"j":1078},{"i":995,"j":1053},{"i":1042,"j":1056},{"i":1021,"j":1042},{"i":1041,"j":1049},{"i":1040,"j":1042},{"i":1017,"j":1040},{"i":1022,"j":1041},{"i":1036,"j":1102},{"i":1048,"j":1081},{"i":1009,"j":1039},{"i":1011,"j":1046},{"i":1006,"j":1011},{"i":995,"j":1059},{"i":1038,"j":1045},{"i":1054,"j":1081},{"i":1019,"j":1030},{"i":1031,"j":1082},{"i":1044,"j":1058},{"i":1022,"j":1044},{"i":1044,"j":1049},{"i":1056,"j":1062},{"i":1043,"j":1059},{"i":1023,"j":1048},{"i":1018,"j":1035},{"i":1032,"j":1051},{"i":1051,"j":1057},{"i":1058,"j":1099},{"i":1077,"j":1120},{"i":1040,"j":1053},{"i":1055,"j":1060},{"i":1030,"j":1058},{"i":1031,"j":1033},{"i":1059,"j":1069},{"i":1034,"j":1073},{"i":1027,"j":1034},{"i":1069,"j":1101},{"i":1046,"j":1064},{"i":1060,"j":1076},{"i":1037,"j":1060},{"i":1054,"j":1065},{"i":1035,"j":1065},{"i":1066,"j":1070},{"i":1065,"j":1066},{"i":1045,"j":1093},{"i":1067,"j":1068},{"i":1054,"j":1067},{"i":1070,"j":1092},{"i":1073,"j":1080},{"i":1067,"j":1132},{"i":1061,"j":1071},{"i":1007,"j":1061},{"i":1035,"j":1070},{"i":1091,"j":1165},{"i":1063,"j":1090},{"i":1047,"j":1063},{"i":1034,"j":1086},{"i":1049,"j":1109},{"i":1053,"j":1069},{"i":1086,"j":1129},{"i":1055,"j":1072},{"i":1062,"j":1088},{"i":1075,"j":1077},{"i":1039,"j":1075},{"i":1056,"j":1100},{"i":1027,"j":1073},{"i":1087,"j":1106},{"i":1079,"j":1099},{"i":1079,"j":1083},{"i":1030,"j":1079},{"i":1061,"j":1082},{"i":1036,"j":1087},{"i":1050,"j":1083},{"i":1078,"j":1110},{"i":1075,"j":1078},{"i":1092,"j":1114},{"i":1085,"j":1087},{"i":1050,"j":1085},{"i":1040,"j":1074},{"i":1057,"j":1088},{"i":1063,"j":1077},{"i":1094,"j":1137},{"i":1047,"j":1090},{"i":1076,"j":1091},{"i":1140,"j":1189},{"i":1072,"j":1092},{"i":1076,"j":1125},{"i":1099,"j":1105},{"i":1089,"j":1094},{"i":1088,"j":1089},{"i":1093,"j":1115},{"i":1084,"j":1098},{"i":1057,"j":1084},{"i":1071,"j":1109},{"i":1096,"j":1098},{"i":1084,"j":1096},{"i":1094,"j":1097},{"i":1084,"j":1094},{"i":1061,"j":1111},{"i":1095,"j":1098},{"i":1074,"j":1113},{"i":1043,"j":1047},{"i":1083,"j":1105},{"i":1116,"j":1127},{"i":1102,"j":1103},{"i":1104,"j":1131},{"i":1103,"j":1104},{"i":1095,"j":1111},{"i":1082,"j":1095},{"i":1091,"j":1107},{"i":1100,"j":1130},{"i":1089,"j":1100},{"i":1078,"j":1080},{"i":1106,"j":1117},{"i":1102,"j":1106},{"i":1097,"j":1146},{"i":1096,"j":1097},{"i":1090,"j":1139},{"i":1080,"j":1086},{"i":1109,"j":1116},{"i":1099,"j":1109},{"i":1074,"j":1101},{"i":1101,"j":1136},{"i":1112,"j":1125},{"i":1072,"j":1112},{"i":1093,"j":1104},{"i":1114,"j":1124},{"i":1112,"j":1114},{"i":1085,"j":1123},{"i":1103,"j":1147},{"i":1109,"j":1121},{"i":1068,"j":1132},{"i":1066,"j":1068},{"i":1085,"j":1141},{"i":1077,"j":1108},{"i":1119,"j":1120},{"i":1108,"j":1119},{"i":1100,"j":1134},{"i":1118,"j":1122},{"i":1101,"j":1118},{"i":1081,"j":1115},{"i":1124,"j":1125},{"i":1125,"j":1145},{"i":1103,"j":1117},{"i":1121,"j":1126},{"i":1116,"j":1121},{"i":1127,"j":1141},{"i":1105,"j":1127},{"i":1119,"j":1128},{"i":1110,"j":1133},{"i":1108,"j":1110},{"i":1113,"j":1135},{"i":1100,"j":1113},{"i":1130,"j":1137},{"i":1117,"j":1123},{"i":1132,"j":1149},{"i":1131,"j":1132},{"i":1115,"j":1131},{"i":1132,"j":1144},{"i":1124,"j":1132},{"i":1110,"j":1138},{"i":1128,"j":1142},{"i":1113,"j":1136},{"i":1137,"j":1160},{"i":1122,"j":1136},{"i":1120,"j":1142},{"i":1110,"j":1129},{"i":1133,"j":1171},{"i":1128,"j":1133},{"i":1139,"j":1154},{"i":1118,"j":1139},{"i":1129,"j":1140},{"i":1064,"j":1140},{"i":1150,"j":1153},{"i":1154,"j":1216},{"i":1141,"j":1143},{"i":1123,"j":1141},{"i":1141,"j":1155},{"i":1131,"j":1172},{"i":1125,"j":1205},{"i":1125,"j":1178},{"i":1145,"j":1178},{"i":1143,"j":1159},{"i":1137,"j":1146},{"i":1103,"j":1143},{"i":1148,"j":1151},{"i":1111,"j":1151},{"i":1125,"j":1144},{"i":1126,"j":1148},{"i":1146,"j":1150},{"i":1098,"j":1150},{"i":1046,"j":1512},{"i":1148,"j":1156},{"i":1152,"j":1157},{"i":1148,"j":1152},{"i":1130,"j":1134},{"i":1126,"j":1173},{"i":1155,"j":1174},{"i":1151,"j":1153},{"i":1152,"j":1185},{"i":1159,"j":1169},{"i":1173,"j":1220},{"i":1135,"j":1166},{"i":1134,"j":1135},{"i":1143,"j":1161},{"i":1161,"j":1169},{"i":1153,"j":1158},{"i":1135,"j":1196},{"i":1147,"j":1179},{"i":1155,"j":1164},{"i":1160,"j":1162},{"i":1158,"j":1160},{"i":1162,"j":1181},{"i":1158,"j":1162},{"i":1147,"j":1172},{"i":1144,"j":1149},{"i":1164,"j":1209},{"i":1091,"j":1145},{"i":1165,"j":1228},{"i":1164,"j":1167},{"i":1154,"j":1170},{"i":1122,"j":1154},{"i":1138,"j":1140},{"i":1136,"j":1221},{"i":1142,"j":1202},{"i":1139,"j":1142},{"i":1159,"j":1176},{"i":1147,"j":1159},{"i":1175,"j":1237},{"i":1166,"j":1180},{"i":1160,"j":1166},{"i":1173,"j":1201},{"i":1155,"j":1215},{"i":1169,"j":1199},{"i":1172,"j":1175},{"i":1163,"j":1175},{"i":1176,"j":1199},{"i":1176,"j":1187},{"i":1168,"j":1188},{"i":1138,"j":1168},{"i":1149,"j":1163},{"i":1172,"j":1213},{"i":1180,"j":1193},{"i":1180,"j":1181},{"i":1183,"j":1239},{"i":1181,"j":1182},{"i":1183,"j":1186},{"i":1156,"j":1183},{"i":1156,"j":1182},{"i":1186,"j":1204},{"i":1185,"j":1186},{"i":1174,"j":1209},{"i":1126,"j":1157},{"i":1157,"j":1184},{"i":1167,"j":1209},{"i":1161,"j":1167},{"i":1177,"j":1188},{"i":1168,"j":1177},{"i":1064,"j":1189},{"i":1190,"j":1207},{"i":1173,"j":1190},{"i":1142,"j":1171},{"i":1179,"j":1195},{"i":1172,"j":1179},{"i":1192,"j":1237},{"i":1182,"j":1193},{"i":1165,"j":1194},{"i":1194,"j":1289},{"i":1107,"j":1194},{"i":1192,"j":1200},{"i":1163,"j":1192},{"i":1187,"j":1210},{"i":1170,"j":1197},{"i":1180,"j":1211},{"i":1188,"j":1224},{"i":1203,"j":1217},{"i":1198,"j":1203},{"i":1199,"j":1210},{"i":1187,"j":1199},{"i":1195,"j":1213},{"i":1200,"j":1212},{"i":1185,"j":1204},{"i":1184,"j":1185},{"i":1201,"j":1207},{"i":1166,"j":1196},{"i":1171,"j":1208},{"i":1174,"j":1238},{"i":1198,"j":1217},{"i":1193,"j":1198},{"i":1178,"j":1230},{"i":1190,"j":1229},{"i":1229,"j":1241},{"i":1197,"j":1221},{"i":1208,"j":1224},{"i":1201,"j":1215},{"i":1210,"j":1219},{"i":1202,"j":1236},{"i":1200,"j":1242},{"i":1205,"j":1262},{"i":1195,"j":1210},{"i":1211,"j":1214},{"i":1203,"j":1211},{"i":1189,"j":1270},{"i":1204,"j":1220},{"i":1184,"j":1204},{"i":1182,"j":1217},{"i":1196,"j":1235},{"i":1206,"j":1218},{"i":1202,"j":1206},{"i":1206,"j":1208},{"i":1219,"j":1223},{"i":1213,"j":1219},{"i":1220,"j":1261},{"i":1215,"j":1238},{"i":1214,"j":1233},{"i":1218,"j":1254},{"i":1189,"j":1222},{"i":1177,"j":1189},{"i":1210,"j":1257},{"i":1232,"j":1235},{"i":1191,"j":1216},{"i":1191,"j":1231},{"i":1170,"j":1191},{"i":1225,"j":1232},{"i":1221,"j":1225},{"i":1226,"j":1227},{"i":1197,"j":1226},{"i":1228,"j":1266},{"i":1205,"j":1212},{"i":1223,"j":1237},{"i":1225,"j":1227},{"i":1226,"j":1250},{"i":1234,"j":1235},{"i":1221,"j":1235},{"i":1233,"j":1251},{"i":1232,"j":1256},{"i":1231,"j":1250},{"i":1224,"j":1254},{"i":1218,"j":1224},{"i":1237,"j":1242},{"i":1229,"j":1240},{"i":1207,"j":1229},{"i":1241,"j":1246},{"i":1223,"j":1248},{"i":1217,"j":1233},{"i":1250,"j":1296},{"i":1240,"j":1247},{"i":1204,"j":1245},{"i":1210,"j":1258},{"i":1242,"j":1260},{"i":1212,"j":1242},{"i":1236,"j":1243},{"i":1216,"j":1236},{"i":1270,"j":1380},{"i":1247,"j":1286},{"i":1244,"j":1247},{"i":1240,"j":1244},{"i":1204,"j":1239},{"i":1241,"j":1274},{"i":1245,"j":1259},{"i":1244,"j":1246},{"i":1256,"j":1283},{"i":1235,"j":1256},{"i":1209,"j":1258},{"i":1199,"j":1209},{"i":1248,"j":1263},{"i":1247,"j":1309},{"i":1231,"j":1288},{"i":1234,"j":1265},{"i":1214,"j":1234},{"i":1251,"j":1252},{"i":1239,"j":1251},{"i":1261,"j":1327},{"i":1250,"j":1253},{"i":1227,"j":1250},{"i":1257,"j":1294},{"i":1247,"j":1255},{"i":1252,"j":1278},{"i":1204,"j":1252},{"i":1232,"j":1253},{"i":1209,"j":1273},{"i":1248,"j":1272},{"i":1238,"j":1271},{"i":1245,"j":1279},{"i":1242,"j":1249},{"i":1262,"j":1281},{"i":1259,"j":1261},{"i":1260,"j":1262},{"i":1249,"j":1263},{"i":1262,"j":1267},{"i":1230,"j":1262},{"i":1257,"j":1272},{"i":1255,"j":1295},{"i":1238,"j":1255},{"i":1228,"j":1230},{"i":1266,"j":1307},{"i":1194,"j":1266},{"i":1264,"j":1269},{"i":1252,"j":1264},{"i":1268,"j":1269},{"i":1264,"j":1268},{"i":1292,"j":1318},{"i":1254,"j":1284},{"i":1236,"j":1254},{"i":1222,"j":1292},{"i":1271,"j":1299},{"i":1241,"j":1261},{"i":1258,"j":1291},{"i":1272,"j":1276},{"i":1263,"j":1272},{"i":1209,"j":1271},{"i":1259,"j":1325},{"i":1249,"j":1312},{"i":1290,"j":1317},{"i":1275,"j":1285},{"i":1276,"j":1389},{"i":1269,"j":1277},{"i":1277,"j":1278},{"i":1288,"j":1306},{"i":1277,"j":1300},{"i":1275,"j":1281},{"i":1260,"j":1275},{"i":1271,"j":1295},{"i":1274,"j":1298},{"i":1278,"j":1282},{"i":1279,"j":1325},{"i":1231,"j":1243},{"i":1284,"j":1306},{"i":1243,"j":1284},{"i":1281,"j":1290},{"i":1285,"j":1342},{"i":1274,"j":1327},{"i":1267,"j":1307},{"i":1266,"j":1267},{"i":1287,"j":1347},{"i":1287,"j":1289},{"i":1266,"j":1287},{"i":1305,"j":1328},{"i":1289,"j":1396},{"i":1285,"j":1290},{"i":1249,"j":1276},{"i":1273,"j":1293},{"i":1222,"j":1270},{"i":1291,"j":1315},{"i":1267,"j":1290},{"i":1291,"j":1294},{"i":1293,"j":1315},{"i":1291,"j":1293},{"i":1265,"j":1304},{"i":1251,"j":1265},{"i":1288,"j":1296},{"i":1283,"j":1302},{"i":1265,"j":1283},{"i":1268,"j":1297},{"i":1282,"j":1305},{"i":1279,"j":1282},{"i":1322,"j":1363},{"i":1299,"j":1320},{"i":1246,"j":1298},{"i":1256,"j":1322},{"i":1253,"j":1296},{"i":1302,"j":1313},{"i":1299,"j":1303},{"i":1314,"j":1362},{"i":1265,"j":1313},{"i":1284,"j":1319},{"i":1272,"j":1389},{"i":1301,"j":1308},{"i":1280,"j":1301},{"i":1270,"j":1341},{"i":1303,"j":1310},{"i":1273,"j":1303},{"i":1309,"j":1367},{"i":1310,"j":1358},{"i":1280,"j":1321},{"i":1254,"j":1280},{"i":1292,"j":1311},{"i":1312,"j":1373},{"i":1275,"j":1335},{"i":1286,"j":1332},{"i":1304,"j":1316},{"i":1297,"j":1304},{"i":1310,"j":1314},{"i":1295,"j":1332},{"i":1293,"j":1314},{"i":1310,"j":1320},{"i":1298,"j":1367},{"i":1313,"j":1316},{"i":1317,"j":1347},{"i":1307,"j":1317},{"i":1308,"j":1330},{"i":1280,"j":1308},{"i":1292,"j":1324},{"i":1326,"j":1335},{"i":1301,"j":1311},{"i":1319,"j":1348},{"i":1306,"j":1338},{"i":1316,"j":1379},{"i":1311,"j":1344},{"i":1323,"j":1340},{"i":1270,"j":1324},{"i":1278,"j":1300},{"i":1312,"j":1333},{"i":1320,"j":1329},{"i":1189,"j":1380},{"i":1325,"j":1327},{"i":1316,"j":1334},{"i":1297,"j":1316},{"i":1326,"j":1331},{"i":1286,"j":1339},{"i":1323,"j":1330},{"i":1308,"j":1323},{"i":1323,"j":1368},{"i":1285,"j":1326},{"i":1309,"j":1345},{"i":1333,"j":1359},{"i":1322,"j":1372},{"i":1302,"j":1322},{"i":1275,"j":1333},{"i":1330,"j":1336},{"i":1311,"j":1318},{"i":1334,"j":1337},{"i":1300,"j":1334},{"i":1327,"j":1367},{"i":1319,"j":1321},{"i":1189,"j":1512},{"i":1334,"j":1400},{"i":1349,"j":1366},{"i":1318,"j":1349},{"i":1331,"j":1382},{"i":1317,"j":1342},{"i":1329,"j":1381},{"i":1337,"j":1343},{"i":1305,"j":1337},{"i":1346,"j":1376},{"i":1345,"j":1367},{"i":1339,"j":1345},{"i":1346,"j":1356},{"i":1346,"j":1350},{"i":1319,"j":1346},{"i":1319,"j":1351},{"i":1348,"j":1352},{"i":1338,"j":1348},{"i":1341,"j":1349},{"i":1324,"j":1341},{"i":1351,"j":1353},{"i":1350,"j":1351},{"i":1351,"j":1357},{"i":1352,"j":1355},{"i":1321,"j":1336},{"i":1332,"j":1381},{"i":1329,"j":1332},{"i":1331,"j":1335},{"i":1353,"j":1355},{"i":1352,"j":1353},{"i":1361,"j":1385},{"i":1357,"j":1377},{"i":1353,"j":1357},{"i":1323,"j":1344},{"i":1355,"j":1361},{"i":1350,"j":1377},{"i":1339,"j":1381},{"i":1360,"j":1372},{"i":1322,"j":1360},{"i":1354,"j":1359},{"i":1296,"j":1369},{"i":1358,"j":1362},{"i":1362,"j":1389},{"i":1315,"j":1362},{"i":1343,"j":1375},{"i":1328,"j":1343},{"i":1338,"j":1369},{"i":1361,"j":1369},{"i":1344,"j":1366},{"i":1365,"j":1368},{"i":1344,"j":1365},{"i":1349,"j":1371},{"i":1325,"j":1328},{"i":1340,"j":1376},{"i":1336,"j":1340},{"i":1356,"j":1377},{"i":1383,"j":1420},{"i":1367,"j":1370},{"i":1366,"j":1398},{"i":1365,"j":1366},{"i":1370,"j":1405},{"i":1363,"j":1383},{"i":1294,"j":1389},{"i":1374,"j":1377},{"i":1356,"j":1374},{"i":1337,"j":1386},{"i":1340,"j":1401},{"i":1376,"j":1395},{"i":1374,"j":1376},{"i":1364,"j":1390},{"i":1339,"j":1364},{"i":1372,"j":1393},{"i":1394,"j":1423},{"i":1341,"j":1388},{"i":1364,"j":1370},{"i":1381,"j":1419},{"i":1358,"j":1381},{"i":1354,"j":1391},{"i":1335,"j":1354},{"i":1382,"j":1387},{"i":1369,"j":1422},{"i":1363,"j":1369},{"i":1383,"j":1404},{"i":1360,"j":1383},{"i":1342,"j":1387},{"i":1379,"j":1393},{"i":1337,"j":1400},{"i":1384,"j":1411},{"i":1347,"j":1384},{"i":1354,"j":1399},{"i":1382,"j":1391},{"i":1378,"j":1392},{"i":1362,"j":1378},{"i":1392,"j":1406},{"i":1375,"j":1405},{"i":1387,"j":1409},{"i":1384,"j":1387},{"i":1359,"j":1373},{"i":1372,"j":1408},{"i":1388,"j":1512},{"i":1368,"j":1401},{"i":1379,"j":1403},{"i":1394,"j":1395},{"i":1376,"j":1394},{"i":1347,"j":1396},{"i":1397,"j":1443},{"i":1409,"j":1471},{"i":1401,"j":1421},{"i":1371,"j":1415},{"i":1373,"j":1407},{"i":1389,"j":1410},{"i":1373,"j":1389},{"i":1379,"j":1444},{"i":1398,"j":1401},{"i":1400,"j":1414},{"i":1385,"j":1422},{"i":1402,"j":1414},{"i":1400,"j":1402},{"i":1363,"j":1427},{"i":1408,"j":1459},{"i":1386,"j":1418},{"i":1375,"j":1386},{"i":1418,"j":1438},{"i":1406,"j":1443},{"i":1397,"j":1406},{"i":1389,"j":1397},{"i":1389,"j":1413},{"i":1403,"j":1414},{"i":1402,"j":1403},{"i":1372,"j":1404},{"i":1391,"j":1399},{"i":1409,"j":1412},{"i":1407,"j":1461},{"i":1384,"j":1412},{"i":1412,"j":1457},{"i":1407,"j":1424},{"i":1399,"j":1407},{"i":1390,"j":1430},{"i":1381,"j":1390},{"i":1407,"j":1410},{"i":1403,"j":1444},{"i":1398,"j":1416},{"i":1415,"j":1416},{"i":1415,"j":1460},{"i":1388,"j":1417},{"i":1371,"j":1388},{"i":1427,"j":1434},{"i":1390,"j":1405},{"i":1392,"j":1450},{"i":1395,"j":1441},{"i":1422,"j":1427},{"i":1394,"j":1421},{"i":1422,"j":1447},{"i":1410,"j":1413},{"i":1418,"j":1425},{"i":1405,"j":1418},{"i":1420,"j":1435},{"i":1408,"j":1454},{"i":1421,"j":1433},{"i":1417,"j":1428},{"i":1408,"j":1446},{"i":1425,"j":1430},{"i":1460,"j":1493},{"i":1377,"j":1442},{"i":1426,"j":1435},{"i":1428,"j":1432},{"i":1415,"j":1428},{"i":1437,"j":1512},{"i":1416,"j":1448},{"i":1431,"j":1434},{"i":1427,"j":1431},{"i":1420,"j":1434},{"i":1423,"j":1441},{"i":1416,"j":1476},{"i":1417,"j":1437},{"i":1393,"j":1429},{"i":1438,"j":1456},{"i":1425,"j":1438},{"i":1347,"j":1411},{"i":1440,"j":1480},{"i":1430,"j":1458},{"i":1423,"j":1470},{"i":1442,"j":1455},{"i":1436,"j":1442},{"i":1377,"j":1451},{"i":1441,"j":1451},{"i":1396,"j":1439},{"i":1378,"j":1419},{"i":1429,"j":1469},{"i":1433,"j":1470},{"i":1437,"j":1445},{"i":1426,"j":1459},{"i":1404,"j":1426},{"i":1444,"j":1464},{"i":1436,"j":1449},{"i":1385,"j":1436},{"i":1432,"j":1460},{"i":1441,"j":1467},{"i":1391,"j":1424},{"i":1419,"j":1440},{"i":1449,"j":1478},{"i":1447,"j":1449},{"i":1414,"j":1453},{"i":1386,"j":1414},{"i":1446,"j":1463},{"i":1429,"j":1446},{"i":1452,"j":1486},{"i":1418,"j":1452},{"i":1435,"j":1524},{"i":1451,"j":1455},{"i":1430,"j":1456},{"i":1465,"j":1501},{"i":1459,"j":1499},{"i":1454,"j":1463},{"i":1447,"j":1478},{"i":1431,"j":1447},{"i":1432,"j":1445},{"i":1462,"j":1472},{"i":1411,"j":1462},{"i":1413,"j":1504},{"i":1457,"j":1462},{"i":1454,"j":1499},{"i":1424,"j":1461},{"i":1450,"j":1497},{"i":1443,"j":1450},{"i":1464,"j":1466},{"i":1440,"j":1458},{"i":1466,"j":1468},{"i":1414,"j":1466},{"i":1469,"j":1511},{"i":1455,"j":1515},{"i":1448,"j":1482},{"i":1433,"j":1448},{"i":1461,"j":1465},{"i":1475,"j":1483},{"i":1462,"j":1488},{"i":1472,"j":1496},{"i":1453,"j":1479},{"i":1452,"j":1453},{"i":1468,"j":1479},{"i":1469,"j":1474},{"i":1444,"j":1469},{"i":1473,"j":1475},{"i":1456,"j":1473},{"i":1475,"j":1477},{"i":1434,"j":1524},{"i":1467,"j":1470},{"i":1452,"j":1500},{"i":1477,"j":1519},{"i":1430,"j":1477},{"i":1468,"j":1485},{"i":1472,"j":1481},{"i":1448,"j":1476},{"i":1482,"j":1489},{"i":1470,"j":1482},{"i":1443,"j":1504},{"i":1450,"j":1480},{"i":1480,"j":1528},{"i":1485,"j":1502},{"i":1476,"j":1487},{"i":1457,"j":1471},{"i":1483,"j":1506},{"i":1477,"j":1483},{"i":1478,"j":1524},{"i":1492,"j":1514},{"i":1488,"j":1492},{"i":1490,"j":1534},{"i":1486,"j":1495},{"i":1473,"j":1486},{"i":1485,"j":1491},{"i":1465,"j":1484},{"i":1487,"j":1521},{"i":1445,"j":1512},{"i":1488,"j":1514},{"i":1463,"j":1503},{"i":1494,"j":1496},{"i":1472,"j":1494},{"i":1497,"j":1504},{"i":1501,"j":1532},{"i":1450,"j":1490},{"i":1439,"j":1481},{"i":1481,"j":1498},{"i":1498,"j":1543},{"i":1439,"j":1498},{"i":1479,"j":1491},{"i":1499,"j":1524},{"i":1500,"j":1535},{"i":1495,"j":1508},{"i":1496,"j":1543},{"i":1484,"j":1532},{"i":1474,"j":1516},{"i":1464,"j":1474},{"i":1499,"j":1503},{"i":1489,"j":1522},{"i":1467,"j":1489},{"i":1501,"j":1505},{"i":1471,"j":1501},{"i":1495,"j":1509},{"i":1525,"j":1537},{"i":1511,"j":1520},{"i":1493,"j":1507},{"i":1477,"j":1506},{"i":1508,"j":1513},{"i":1500,"j":1518},{"i":1508,"j":1509},{"i":1513,"j":1555},{"i":1463,"j":1520},{"i":1493,"j":1550},{"i":1380,"j":1512},{"i":1510,"j":1513},{"i":1509,"j":1510},{"i":1514,"j":1533},{"i":1523,"j":1537},{"i":1487,"j":1507},{"i":1511,"j":1516},{"i":1519,"j":1525},{"i":1513,"j":1517},{"i":1491,"j":1535},{"i":1502,"j":1535},{"i":1520,"j":1561},{"i":1507,"j":1550},{"i":1521,"j":1529},{"i":1539,"j":1542},{"i":1517,"j":1539},{"i":1519,"j":1523},{"i":1458,"j":1519},{"i":1515,"j":1538},{"i":1478,"j":1515},{"i":1516,"j":1551},{"i":1521,"j":1550},{"i":1526,"j":1527},{"i":1482,"j":1526},{"i":1504,"j":1534},{"i":1480,"j":1523},{"i":1494,"j":1514},{"i":1504,"j":1532},{"i":1484,"j":1504},{"i":1490,"j":1528},{"i":1485,"j":1551},{"i":1497,"j":1534},{"i":1505,"j":1568},{"i":1492,"j":1505},{"i":1530,"j":1533},{"i":1528,"j":1554},{"i":1506,"j":1517},{"i":1516,"j":1556},{"i":1541,"j":1571},{"i":1529,"j":1536},{"i":1526,"j":1529},{"i":1510,"j":1518},{"i":1537,"j":1540},{"i":1528,"j":1537},{"i":1522,"j":1541},{"i":1515,"j":1522},{"i":1539,"j":1557},{"i":1525,"j":1566},{"i":1542,"j":1546},{"i":1522,"j":1527},{"i":1543,"j":1673},{"i":1396,"j":1543},{"i":1542,"j":1544},{"i":1540,"j":1598},{"i":1524,"j":1574},{"i":1518,"j":1531},{"i":1544,"j":1588},{"i":1541,"j":1547},{"i":1503,"j":1549},{"i":1547,"j":1548},{"i":1524,"j":1538},{"i":1493,"j":1589},{"i":1545,"j":1553},{"i":1502,"j":1545},{"i":1553,"j":1565},{"i":1535,"j":1553},{"i":1506,"j":1544},{"i":1545,"j":1576},{"i":1540,"j":1564},{"i":1559,"j":1585},{"i":1545,"j":1559},{"i":1531,"j":1535},{"i":1578,"j":1600},{"i":1555,"j":1557},{"i":1577,"j":1588},{"i":1558,"j":1559},{"i":1551,"j":1558},{"i":1561,"j":1572},{"i":1556,"j":1561},{"i":1527,"j":1536},{"i":1558,"j":1609},{"i":1548,"j":1562},{"i":1515,"j":1548},{"i":1549,"j":1597},{"i":1522,"j":1560},{"i":1536,"j":1569},{"i":1554,"j":1564},{"i":1534,"j":1554},{"i":1532,"j":1584},{"i":1557,"j":1575},{"i":1552,"j":1557},{"i":1540,"j":1566},{"i":1563,"j":1567},{"i":1560,"j":1563},{"i":1568,"j":1582},{"i":1567,"j":1612},{"i":1550,"j":1569},{"i":1568,"j":1570},{"i":1562,"j":1605},{"i":1567,"j":1571},{"i":1560,"j":1567},{"i":1555,"j":1583},{"i":1574,"j":1580},{"i":1573,"j":1574},{"i":1524,"j":1573},{"i":1565,"j":1578},{"i":1531,"j":1565},{"i":1577,"j":1586},{"i":1558,"j":1606},{"i":1544,"j":1546},{"i":1546,"j":1552},{"i":1562,"j":1599},{"i":1538,"j":1562},{"i":1574,"j":1587},{"i":1572,"j":1597},{"i":1577,"j":1581},{"i":1566,"j":1577},{"i":1576,"j":1618},{"i":1582,"j":1595},{"i":1564,"j":1608},{"i":1531,"j":1578},{"i":1564,"j":1590},{"i":1598,"j":1623},{"i":1556,"j":1610},{"i":1582,"j":1584},{"i":1575,"j":1588},{"i":1552,"j":1575},{"i":1576,"j":1625},{"i":1579,"j":1587},{"i":1573,"j":1579},{"i":1581,"j":1596},{"i":1540,"j":1581},{"i":1583,"j":1614},{"i":1575,"j":1583},{"i":1569,"j":1591},{"i":1493,"j":1512},{"i":1584,"j":1617},{"i":1580,"j":1597},{"i":1549,"j":1580},{"i":1589,"j":1619},{"i":1570,"j":1595},{"i":1533,"j":1570},{"i":1532,"j":1643},{"i":1595,"j":1653},{"i":1586,"j":1616},{"i":1540,"j":1596},{"i":1588,"j":1614},{"i":1547,"j":1624},{"i":1598,"j":1608},{"i":1512,"j":1601},{"i":1590,"j":1640},{"i":1532,"j":1590},{"i":1595,"j":1602},{"i":1599,"j":1603},{"i":1579,"j":1599},{"i":1543,"j":1594},{"i":1530,"j":1607},{"i":1496,"j":1530},{"i":1572,"j":1592},{"i":1563,"j":1591},{"i":1592,"j":1620},{"i":1600,"j":1621},{"i":1583,"j":1600},{"i":1604,"j":1628},{"i":1594,"j":1604},{"i":1530,"j":1602},{"i":1628,"j":1719},{"i":1583,"j":1621},{"i":1597,"j":1611},{"i":1585,"j":1639},{"i":1611,"j":1630},{"i":1609,"j":1639},{"i":1606,"j":1609},{"i":1592,"j":1611},{"i":1587,"j":1629},{"i":1593,"j":1619},{"i":1589,"j":1593},{"i":1607,"j":1613},{"i":1604,"j":1607},{"i":1602,"j":1681},{"i":1576,"j":1585},{"i":1618,"j":1656},{"i":1512,"j":1841},{"i":1601,"j":1615},{"i":1593,"j":1601},{"i":1586,"j":1588},{"i":1629,"j":1631},{"i":1608,"j":1640},{"i":1609,"j":1670},{"i":1615,"j":1619},{"i":1599,"j":1658},{"i":1625,"j":1668},{"i":1600,"j":1656},{"i":1625,"j":1636},{"i":1587,"j":1633},{"i":1616,"j":1664},{"i":1571,"j":1612},{"i":1632,"j":1644},{"i":1614,"j":1638},{"i":1606,"j":1639},{"i":1627,"j":1638},{"i":1579,"j":1603},{"i":1649,"j":1683},{"i":1604,"j":1613},{"i":1625,"j":1678},{"i":1624,"j":1644},{"i":1610,"j":1671},{"i":1609,"j":1610},{"i":1635,"j":1644},{"i":1624,"j":1632},{"i":1631,"j":1659},{"i":1630,"j":1631},{"i":1605,"j":1660},{"i":1628,"j":1673},{"i":1594,"j":1628},{"i":1627,"j":1634},{"i":1588,"j":1627},{"i":1622,"j":1632},{"i":1610,"j":1620},{"i":1633,"j":1659},{"i":1629,"j":1633},{"i":1635,"j":1637},{"i":1622,"j":1635},{"i":1616,"j":1634},{"i":1630,"j":1659},{"i":1626,"j":1630},{"i":1623,"j":1708},{"i":1612,"j":1648},{"i":1615,"j":1641},{"i":1591,"j":1619},{"i":1571,"j":1642},{"i":1532,"j":1640},{"i":1605,"j":1622},{"i":1617,"j":1645},{"i":1654,"j":1684},{"i":1642,"j":1654},{"i":1643,"j":1647},{"i":1617,"j":1643},{"i":1647,"j":1657},{"i":1645,"j":1647},{"i":1646,"j":1648},{"i":1591,"j":1646},{"i":1636,"j":1649},{"i":1618,"j":1636},{"i":1655,"j":1713},{"i":1657,"j":1711},{"i":1653,"j":1657},{"i":1642,"j":1666},{"i":1644,"j":1674},{"i":1637,"j":1660},{"i":1622,"j":1637},{"i":1645,"j":1657},{"i":1648,"j":1654},{"i":1667,"j":1691},{"i":1671,"j":1679},{"i":1670,"j":1671},{"i":1616,"j":1667},{"i":1649,"j":1656},{"i":1653,"j":1665},{"i":1643,"j":1705},{"i":1652,"j":1661},{"i":1603,"j":1652},{"i":1620,"j":1679},{"i":1652,"j":1658},{"i":1661,"j":1662},{"i":1662,"j":1676},{"i":1603,"j":1662},{"i":1650,"j":1672},{"i":1640,"j":1650},{"i":1596,"j":1664},{"i":1655,"j":1667},{"i":1616,"j":1655},{"i":1682,"j":1735},{"i":1661,"j":1716},{"i":1642,"j":1697},{"i":1664,"j":1677},{"i":1621,"j":1687},{"i":1667,"j":1685},{"i":1639,"j":1678},{"i":1678,"j":1690},{"i":1636,"j":1668},{"i":1639,"j":1696},{"i":1602,"j":1665},{"i":1669,"j":1672},{"i":1650,"j":1669},{"i":1613,"j":1681},{"i":1686,"j":1687},{"i":1651,"j":1675},{"i":1624,"j":1651},{"i":1675,"j":1721},{"i":1674,"j":1675},{"i":1658,"j":1660},{"i":1672,"j":1682},{"i":1664,"j":1694},{"i":1663,"j":1677},{"i":1680,"j":1704},{"i":1620,"j":1626},{"i":1681,"j":1719},{"i":1623,"j":1663},{"i":1680,"j":1683},{"i":1668,"j":1680},{"i":1666,"j":1699},{"i":1651,"j":1666},{"i":1682,"j":1705},{"i":1638,"j":1686},{"i":1656,"j":1712},{"i":1684,"j":1697},{"i":1619,"j":1641},{"i":1601,"j":1689},{"i":1670,"j":1696},{"i":1694,"j":1715},{"i":1634,"j":1686},{"i":1689,"j":1692},{"i":1680,"j":1731},{"i":1659,"j":1736},{"i":1685,"j":1715},{"i":1695,"j":1734},{"i":1677,"j":1694},{"i":1676,"j":1725},{"i":1633,"j":1676},{"i":1693,"j":1752},{"i":1679,"j":1727},{"i":1689,"j":1737},{"i":1688,"j":1700},{"i":1646,"j":1688},{"i":1692,"j":1698},{"i":1641,"j":1692},{"i":1696,"j":1724},{"i":1666,"j":1703},{"i":1699,"j":1721},{"i":1688,"j":1701},{"i":1697,"j":1717},{"i":1698,"j":1702},{"i":1641,"j":1698},{"i":1684,"j":1740},{"i":1684,"j":1700},{"i":1677,"j":1695},{"i":1690,"j":1731},{"i":1708,"j":1750},{"i":1725,"j":1762},{"i":1717,"j":1754},{"i":1707,"j":1736},{"i":1711,"j":1742},{"i":1706,"j":1708},{"i":1663,"j":1706},{"i":1704,"j":1730},{"i":1683,"j":1704},{"i":1707,"j":1709},{"i":1626,"j":1707},{"i":1679,"j":1693},{"i":1703,"j":1710},{"i":1699,"j":1703},{"i":1608,"j":1708},{"i":1683,"j":1730},{"i":1713,"j":1765},{"i":1685,"j":1748},{"i":1674,"j":1721},{"i":1700,"j":1749},{"i":1715,"j":1723},{"i":1699,"j":1710},{"i":1713,"j":1732},{"i":1697,"j":1714},{"i":1720,"j":1769},{"i":1695,"j":1715},{"i":1741,"j":1753},{"i":1665,"j":1722},{"i":1719,"j":1722},{"i":1717,"j":1720},{"i":1710,"j":1717},{"i":1699,"j":1720},{"i":1716,"j":1781},{"i":1711,"j":1728},{"i":1716,"j":1725},{"i":1744,"j":1788},{"i":1718,"j":1734},{"i":1695,"j":1718},{"i":1686,"j":1765},{"i":1709,"j":1744},{"i":1693,"j":1709},{"i":1705,"j":1742},{"i":1729,"j":1734},{"i":1723,"j":1729},{"i":1718,"j":1723},{"i":1685,"j":1691},{"i":1669,"j":1738},{"i":1690,"j":1724},{"i":1724,"j":1751},{"i":1687,"j":1712},{"i":1691,"j":1732},{"i":1728,"j":1733},{"i":1744,"j":1752},{"i":1729,"j":1741},{"i":1728,"j":1802},{"i":1669,"j":1726},{"i":1725,"j":1736},{"i":1720,"j":1739},{"i":1702,"j":1745},{"i":1701,"j":1702},{"i":1726,"j":1759},{"i":1714,"j":1754},{"i":1736,"j":1766},{"i":1701,"j":1749},{"i":1734,"j":1743},{"i":1706,"j":1734},{"i":1723,"j":1746},{"i":1735,"j":1764},{"i":1743,"j":1750},{"i":1737,"j":1789},{"i":1735,"j":1738},{"i":1737,"j":1745},{"i":1732,"j":1763},{"i":1741,"j":1746},{"i":1733,"j":1747},{"i":1722,"j":1733},{"i":1769,"j":1790},{"i":1701,"j":1745},{"i":1740,"j":1761},{"i":1714,"j":1740},{"i":1743,"j":1753},{"i":1726,"j":1750},{"i":1746,"j":1770},{"i":1727,"j":1756},{"i":1660,"j":1721},{"i":1753,"j":1768},{"i":1730,"j":1791},{"i":1752,"j":1772},{"i":1727,"j":1752},{"i":1739,"j":1790},{"i":1721,"j":1739},{"i":1745,"j":1757},{"i":1762,"j":1774},{"i":1759,"j":1785},{"i":1731,"j":1773},{"i":1749,"j":1783},{"i":1740,"j":1749},{"i":1731,"j":1787},{"i":1730,"j":1731},{"i":1725,"j":1777},{"i":1738,"j":1759},{"i":1712,"j":1791},{"i":1747,"j":1802},{"i":1746,"j":1748},{"i":1756,"j":1779},{"i":1751,"j":1756},{"i":1755,"j":1773},{"i":1751,"j":1755},{"i":1762,"j":1766},{"i":1689,"j":1841},{"i":1748,"j":1797},{"i":1766,"j":1788},{"i":1754,"j":1760},{"i":1770,"j":1807},{"i":1768,"j":1784},{"i":1750,"j":1768},{"i":1747,"j":1771},{"i":1771,"j":1778},{"i":1719,"j":1771},{"i":1767,"j":1775},{"i":1765,"j":1767},{"i":1752,"j":1788},{"i":1763,"j":1797},{"i":1772,"j":1779},{"i":1725,"j":1758},{"i":1767,"j":1792},{"i":1768,"j":1770},{"i":1764,"j":1780},{"i":1719,"j":1778},{"i":1774,"j":1788},{"i":1784,"j":1839},{"i":1764,"j":1795},{"i":1786,"j":1799},{"i":1758,"j":1781},{"i":1761,"j":1798},{"i":1760,"j":1761},{"i":1777,"j":1806},{"i":1774,"j":1777},{"i":1763,"j":1775},{"i":1742,"j":1780},{"i":1784,"j":1785},{"i":1779,"j":1786},{"i":1755,"j":1779},{"i":1773,"j":1786},{"i":1788,"j":1793},{"i":1791,"j":1805},{"i":1769,"j":1814},{"i":1757,"j":1794},{"i":1783,"j":1798},{"i":1782,"j":1790},{"i":1779,"j":1825},{"i":1765,"j":1791},{"i":1799,"j":1811},{"i":1787,"j":1799},{"i":1798,"j":1812},{"i":1782,"j":1804},{"i":1781,"j":1782},{"i":1776,"j":1813},{"i":1738,"j":1776},{"i":1802,"j":1822},{"i":1763,"j":1820},{"i":1797,"j":1807},{"i":1783,"j":1794},{"i":1796,"j":1800},{"i":1787,"j":1796},{"i":1772,"j":1835},{"i":1799,"j":1833},{"i":1754,"j":1803},{"i":1795,"j":1819},{"i":1790,"j":1836},{"i":1769,"j":1801},{"i":1804,"j":1809},{"i":1758,"j":1804},{"i":1791,"j":1800},{"i":1811,"j":1840},{"i":1792,"j":1818},{"i":1775,"j":1792},{"i":1777,"j":1838},{"i":1797,"j":1823},{"i":1803,"j":1808},{"i":1801,"j":1803},{"i":1760,"j":1798},{"i":1804,"j":1848},{"i":1793,"j":1806},{"i":1802,"j":1810},{"i":1852,"j":1873},{"i":1772,"j":1793},{"i":1800,"j":1817},{"i":1801,"j":1847},{"i":1812,"j":1832},{"i":1763,"j":1815},{"i":1785,"j":1846},{"i":1776,"j":1785},{"i":1790,"j":1814},{"i":1807,"j":1839},{"i":1792,"j":1821},{"i":1804,"j":1836},{"i":1813,"j":1816},{"i":1777,"j":1809},{"i":1811,"j":1817},{"i":1796,"j":1811},{"i":1816,"j":1824},{"i":1805,"j":1821},{"i":1823,"j":1831},{"i":1795,"j":1824},{"i":1819,"j":1827},{"i":1820,"j":1826},{"i":1805,"j":1844},{"i":1819,"j":1822},{"i":1780,"j":1819},{"i":1824,"j":1829},{"i":1840,"j":1850},{"i":1816,"j":1829},{"i":1820,"j":1852},{"i":1822,"j":1866},{"i":1824,"j":1827},{"i":1808,"j":1812},{"i":1789,"j":1828},{"i":1757,"j":1789},{"i":1810,"j":1853},{"i":1778,"j":1810},{"i":1794,"j":1832},{"i":1826,"j":1831},{"i":1823,"j":1826},{"i":1794,"j":1845},{"i":1832,"j":1843},{"i":1830,"j":1832},{"i":1833,"j":1840},{"i":1825,"j":1833},{"i":1799,"j":1825},{"i":1843,"j":1859},{"i":1818,"j":1878},{"i":1814,"j":1847},{"i":1850,"j":1884},{"i":1834,"j":1837},{"i":1673,"j":1834},{"i":1827,"j":1851},{"i":1809,"j":1862},{"i":1831,"j":1839},{"i":1821,"j":1887},{"i":1828,"j":1845},{"i":1789,"j":1841},{"i":1837,"j":1877},{"i":1673,"j":1837},{"i":1829,"j":1851},{"i":1839,"j":1846},{"i":1817,"j":1840},{"i":1830,"j":1843},{"i":1839,"j":1882},{"i":1857,"j":1881},{"i":1926,"j":1940},{"i":1808,"j":1830},{"i":1841,"j":1849},{"i":1841,"j":1949},{"i":1815,"j":1873},{"i":1833,"j":1898},{"i":1829,"j":1910},{"i":1855,"j":1880},{"i":1842,"j":1857},{"i":1822,"j":1842},{"i":1842,"j":1867},{"i":1806,"j":1893},{"i":1834,"j":1853},{"i":1835,"j":1879},{"i":1832,"j":1864},{"i":1884,"j":1917},{"i":1851,"j":1867},{"i":1850,"j":1858},{"i":1854,"j":1861},{"i":1847,"j":1854},{"i":1832,"j":1892},{"i":1860,"j":1869},{"i":1848,"j":1860},{"i":1856,"j":1863},{"i":1854,"j":1856},{"i":1861,"j":1870},{"i":1836,"j":1861},{"i":1863,"j":1865},{"i":1861,"j":1863},{"i":1845,"j":1892},{"i":1865,"j":1885},{"i":1880,"j":1918},{"i":1857,"j":1866},{"i":1852,"j":1875},{"i":1831,"j":1852},{"i":1865,"j":1868},{"i":1868,"j":1885},{"i":1860,"j":1897},{"i":1862,"j":1896},{"i":1838,"j":1862},{"i":1868,"j":1870},{"i":1870,"j":1885},{"i":1870,"j":1871},{"i":1871,"j":1897},{"i":1860,"j":1871},{"i":1882,"j":1912},{"i":1818,"j":1874},{"i":1815,"j":1818},{"i":1872,"j":1902},{"i":1844,"j":1858},{"i":1853,"j":1890},{"i":1872,"j":1875},{"i":1852,"j":1872},{"i":1859,"j":1913},{"i":1856,"j":1859},{"i":1849,"j":1876},{"i":1828,"j":1849},{"i":1837,"j":1855},{"i":1874,"j":1886},{"i":1838,"j":1896},{"i":1877,"j":1899},{"i":1673,"j":1877},{"i":1867,"j":1881},{"i":1846,"j":1891},{"i":1813,"j":1846},{"i":1858,"j":1917},{"i":1888,"j":1928},{"i":1874,"j":1878},{"i":1825,"j":1835},{"i":1859,"j":1864},{"i":1883,"j":1887},{"i":1844,"j":1883},{"i":1886,"j":1889},{"i":1873,"j":1886},{"i":1889,"j":1900},{"i":1887,"j":1888},{"i":1878,"j":1887},{"i":1889,"j":1924},{"i":1897,"j":1909},{"i":1910,"j":1959},{"i":1866,"j":1894},{"i":1829,"j":1891},{"i":1875,"j":1920},{"i":1876,"j":1892},{"i":1848,"j":1869},{"i":1893,"j":1903},{"i":1879,"j":1893},{"i":1890,"j":1918},{"i":1855,"j":1890},{"i":1864,"j":1901},{"i":1897,"j":1908},{"i":1869,"j":1908},{"i":1879,"j":1927},{"i":1877,"j":1880},{"i":1892,"j":1901},{"i":1872,"j":1900},{"i":1938,"j":1947},{"i":1853,"j":1894},{"i":1896,"j":1907},{"i":1885,"j":1909},{"i":1903,"j":1921},{"i":1903,"j":1906},{"i":1884,"j":1898},{"i":1905,"j":1914},{"i":1862,"j":1905},{"i":1905,"j":1929},{"i":1859,"j":1895},{"i":1911,"j":1919},{"i":1881,"j":1911},{"i":1891,"j":1912},{"i":1910,"j":1911},{"i":1882,"j":1950},{"i":1929,"j":1983},{"i":1895,"j":1945},{"i":1908,"j":1935},{"i":1905,"j":1908},{"i":1914,"j":1938},{"i":1896,"j":1914},{"i":1876,"j":1915},{"i":1892,"j":1915},{"i":1916,"j":1956},{"i":1918,"j":1930},{"i":1910,"j":1948},{"i":1919,"j":1948},{"i":1902,"j":1932},{"i":1883,"j":1989},{"i":1906,"j":1972},{"i":1673,"j":1899},{"i":1904,"j":1964},{"i":1919,"j":1923},{"i":1888,"j":1989},{"i":1927,"j":1944},{"i":1901,"j":1916},{"i":1901,"j":1925},{"i":1915,"j":1926},{"i":1902,"j":1962},{"i":1921,"j":1927},{"i":1917,"j":1957},{"i":1929,"j":1938},{"i":1957,"j":1989},{"i":1904,"j":1952},{"i":1890,"j":1904},{"i":1930,"j":1934},{"i":1922,"j":1930},{"i":1920,"j":1931},{"i":1924,"j":1961},{"i":1922,"j":1933},{"i":1899,"j":1922},{"i":1922,"j":1934},{"i":1933,"j":1973},{"i":1899,"j":1933},{"i":1944,"j":1954},{"i":1913,"j":1942},{"i":1865,"j":1913},{"i":1920,"j":1932},{"i":1898,"j":1944},{"i":1925,"j":1946},{"i":1913,"j":1963},{"i":1916,"j":1926},{"i":1937,"j":1955},{"i":1936,"j":1941},{"i":1898,"j":1936},{"i":1953,"j":1954},{"i":1895,"j":1937},{"i":1943,"j":1999},{"i":1942,"j":1943},{"i":1937,"j":1946},{"i":1917,"j":1941},{"i":1909,"j":1943},{"i":1925,"j":1956},{"i":1913,"j":1970},{"i":1946,"j":1960},{"i":1935,"j":1971},{"i":1952,"j":1973},{"i":1930,"j":1952},{"i":1882,"j":1931},{"i":1939,"j":1956},{"i":1916,"j":1939},{"i":1849,"j":1949},{"i":1941,"j":1978},{"i":1924,"j":1928},{"i":1962,"j":1998},{"i":1951,"j":1982},{"i":1934,"j":1973},{"i":1923,"j":1964},{"i":1894,"j":1923},{"i":1953,"j":1967},{"i":1936,"j":1953},{"i":1927,"j":1958},{"i":1951,"j":1974},{"i":1921,"j":1965},{"i":1940,"j":1956},{"i":1939,"j":1940},{"i":1906,"j":1907},{"i":1949,"j":1956},{"i":1940,"j":1949},{"i":1949,"j":1960},{"i":1910,"j":1912},{"i":1917,"j":1951},{"i":1945,"j":1970},{"i":1954,"j":1958},{"i":1956,"j":1960},{"i":1968,"j":1999},{"i":1932,"j":1962},{"i":1928,"j":1989},{"i":1959,"j":1975},{"i":1900,"j":1961},{"i":1945,"j":1955},{"i":1948,"j":1959},{"i":1974,"j":1982},{"i":1969,"j":1977},{"i":1950,"j":1969},{"i":1942,"j":1999},{"i":1966,"j":1969},{"i":1931,"j":1966},{"i":1960,"j":1970},{"i":1955,"j":1960},{"i":1963,"j":1999},{"i":1947,"j":1994},{"i":1907,"j":1947},{"i":1964,"j":1973},{"i":1952,"j":1964},{"i":1981,"j":1987},{"i":1967,"j":1978},{"i":1968,"j":1985},{"i":1909,"j":1968},{"i":1950,"j":1977},{"i":1912,"j":1950},{"i":1977,"j":1991},{"i":1974,"j":1976},{"i":1964,"j":1975},{"i":1966,"j":1986},{"i":1961,"j":1998},{"i":1967,"j":1987},{"i":1958,"j":1965},{"i":1970,"j":1999},{"i":1963,"j":1970},{"i":1980,"j":1993},{"i":1978,"j":1981},{"i":1982,"j":1989},{"i":1981,"j":1982},{"i":1965,"j":1972},{"i":1971,"j":1984},{"i":1972,"j":1994},{"i":1971,"j":1980},{"i":1983,"j":1990},{"i":1979,"j":1983},{"i":1976,"j":1989},{"i":1957,"j":1976},{"i":1994,"j":1998},{"i":1979,"j":1990},{"i":1938,"j":1979},{"i":1987,"j":1989},{"i":1988,"j":1989},{"i":1987,"j":1988},{"i":1984,"j":1993},{"i":1983,"j":1984},{"i":1986,"j":1991},{"i":1986,"j":1998},{"i":1995,"j":1996},{"i":1993,"j":1995},{"i":1935,"j":1985},{"i":1990,"j":1993},{"i":1980,"j":1995},{"i":1988,"j":1994},{"i":1990,"j":1994},{"i":1992,"j":1995},{"i":1985,"j":1992},{"i":1992,"j":1996},{"i":1991,"j":1997},{"i":1975,"j":1991},{"i":1989,"j":1998},{"i":1996,"j":1999},{"i":1993,"j":1996},{"i":1949,"j":1999},{"i":0,"j":9},{"i":9,"j":103},{"i":103,"j":178},{"i":178,"j":348},{"i":348,"j":646},{"i":646,"j":853},{"i":853,"j":1052},{"i":1052,"j":1107},{"i":1107,"j":1396},{"i":1396,"j":1673},{"i":1673,"j":1973},{"i":1973,"j":1997},{"i":1997,"j":1998},{"i":1994,"j":1999}],"type":"Solution"}