{"instance_name":"stars-0000050","edges":[{"i":2,"j":4},{"i":0,"j":9},{"i":6,"j":17},{"i":1,"j":7},{"i":4,"j":8},{"i":3,"j":4},{"i":0,"j":1},{"i":0,"j":5},{"i":5,"j":13},{"i":11,"j":15},{"i":5,"j":6},{"i":7,"j":17},{"i":6,"j":7},{"i":8,"j":10},{"i":10,"j":11},{"i":11,"j":14},{"i":8,"j":11},{"i":9,"j":12},{"i":14,"j":18},{"i":3,"j":14},{"i":10,"j":12},{"i":15,"j":23},{"i":9,"j":20},{"i":16,"j":19},{"i":12,"j":16},{"i":24,"j":28},{"i":18,"j":44},{"i":3,"j":18},{"i":16,"j":22},{"i":19,"j":25},{"i":15,"j":19},{"i":13,"j":21},{"i":16,"j":20},{"i":13,"j":24},{"i":21,"j":22},{"i":20,"j":21},{"i":23,"j":27},{"i":18,"j":23},{"i":32,"j":35},{"i":24,"j":26},{"i":22,"j":24},{"i":25,"j":27},{"i":27,"j":44},{"i":25,"j":26},{"i":17,"j":29},{"i":30,"j":44},{"i":27,"j":30},{"i":28,"j":31},{"i":26,"j":28},{"i":31,"j":35},{"i":31,"j":32},{"i":37,"j":48},{"i":17,"j":48},{"i":32,"j":41},{"i":25,"j":32},{"i":34,"j":36},{"i":31,"j":34},{"i":36,"j":38},{"i":35,"j":36},{"i":29,"j":37},{"i":24,"j":29},{"i":34,"j":39},{"i":37,"j":39},{"i":33,"j":41},{"i":32,"j":33},{"i":42,"j":47},{"i":30,"j":40},{"i":33,"j":38},{"i":41,"j":42},{"i":40,"j":42},{"i":43,"j":47},{"i":43,"j":44},{"i":40,"j":43},{"i":38,"j":46},{"i":45,"j":47},{"i":41,"j":45},{"i":46,"j":47},{"i":45,"j":46},{"i":39,"j":49},{"i":38,"j":39},{"i":48,"j":49},{"i":2,"j":3},{"i":3,"j":44},{"i":44,"j":47},{"i":47,"j":49},{"i":0,"j":2}],"type":"Solution"}