{"instance_name":"stars-0000060","edges":[{"i":3,"j":7},{"i":1,"j":5},{"i":0,"j":1},{"i":2,"j":3},{"i":0,"j":2},{"i":5,"j":9},{"i":3,"j":4},{"i":1,"j":3},{"i":1,"j":4},{"i":2,"j":10},{"i":5,"j":17},{"i":2,"j":8},{"i":10,"j":26},{"i":2,"j":6},{"i":7,"j":13},{"i":12,"j":15},{"i":8,"j":12},{"i":7,"j":8},{"i":11,"j":12},{"i":10,"j":11},{"i":18,"j":35},{"i":9,"j":16},{"i":9,"j":18},{"i":15,"j":20},{"i":4,"j":13},{"i":21,"j":23},{"i":13,"j":22},{"i":17,"j":18},{"i":16,"j":18},{"i":15,"j":19},{"i":13,"j":15},{"i":19,"j":21},{"i":19,"j":24},{"i":21,"j":22},{"i":30,"j":34},{"i":6,"j":50},{"i":23,"j":29},{"i":22,"j":23},{"i":19,"j":25},{"i":20,"j":25},{"i":6,"j":26},{"i":26,"j":27},{"i":11,"j":26},{"i":27,"j":28},{"i":20,"j":27},{"i":25,"j":39},{"i":24,"j":30},{"i":17,"j":22},{"i":24,"j":25},{"i":30,"j":31},{"i":31,"j":34},{"i":29,"j":31},{"i":27,"j":32},{"i":39,"j":41},{"i":35,"j":38},{"i":25,"j":28},{"i":33,"j":43},{"i":16,"j":33},{"i":29,"j":37},{"i":29,"j":40},{"i":32,"j":36},{"i":28,"j":32},{"i":29,"j":34},{"i":40,"j":41},{"i":35,"j":37},{"i":38,"j":43},{"i":33,"j":38},{"i":37,"j":42},{"i":34,"j":39},{"i":42,"j":44},{"i":36,"j":41},{"i":40,"j":45},{"i":46,"j":49},{"i":44,"j":47},{"i":43,"j":44},{"i":40,"j":48},{"i":45,"j":46},{"i":42,"j":45},{"i":48,"j":52},{"i":45,"j":48},{"i":42,"j":46},{"i":49,"j":58},{"i":47,"j":49},{"i":47,"j":58},{"i":50,"j":54},{"i":36,"j":51},{"i":26,"j":50},{"i":52,"j":58},{"i":51,"j":53},{"i":41,"j":51},{"i":54,"j":59},{"i":53,"j":56},{"i":52,"j":53},{"i":51,"j":57},{"i":55,"j":56},{"i":51,"j":54},{"i":55,"j":58},{"i":52,"j":55},{"i":57,"j":59},{"i":56,"j":57},{"i":0,"j":14},{"i":14,"j":16},{"i":16,"j":43},{"i":43,"j":58},{"i":58,"j":59}],"type":"Solution"}