{"instance_name":"stars-0000300","edges":[{"i":3,"j":34},{"i":0,"j":1},{"i":1,"j":2},{"i":1,"j":8},{"i":1,"j":5},{"i":11,"j":20},{"i":7,"j":11},{"i":5,"j":7},{"i":2,"j":5},{"i":0,"j":13},{"i":3,"j":26},{"i":8,"j":11},{"i":5,"j":8},{"i":3,"j":9},{"i":1,"j":3},{"i":2,"j":6},{"i":12,"j":16},{"i":2,"j":12},{"i":10,"j":14},{"i":4,"j":10},{"i":12,"j":17},{"i":2,"j":15},{"i":0,"j":2},{"i":13,"j":31},{"i":10,"j":33},{"i":6,"j":19},{"i":13,"j":43},{"i":18,"j":27},{"i":15,"j":32},{"i":13,"j":15},{"i":6,"j":7},{"i":17,"j":41},{"i":21,"j":23},{"i":19,"j":21},{"i":19,"j":22},{"i":11,"j":18},{"i":7,"j":24},{"i":22,"j":25},{"i":17,"j":22},{"i":21,"j":24},{"i":22,"j":23},{"i":23,"j":40},{"i":29,"j":39},{"i":20,"j":30},{"i":9,"j":29},{"i":1,"j":9},{"i":18,"j":39},{"i":27,"j":30},{"i":20,"j":27},{"i":26,"j":28},{"i":28,"j":38},{"i":28,"j":29},{"i":25,"j":41},{"i":32,"j":42},{"i":16,"j":37},{"i":16,"j":41},{"i":10,"j":47},{"i":33,"j":35},{"i":33,"j":65},{"i":35,"j":36},{"i":14,"j":35},{"i":10,"j":31},{"i":36,"j":66},{"i":14,"j":36},{"i":24,"j":30},{"i":39,"j":46},{"i":27,"j":39},{"i":34,"j":38},{"i":26,"j":34},{"i":32,"j":37},{"i":30,"j":44},{"i":45,"j":60},{"i":42,"j":74},{"i":43,"j":48},{"i":42,"j":43},{"i":44,"j":46},{"i":40,"j":50},{"i":25,"j":40},{"i":43,"j":45},{"i":31,"j":45},{"i":40,"j":44},{"i":37,"j":72},{"i":52,"j":75},{"i":41,"j":64},{"i":48,"j":61},{"i":49,"j":51},{"i":40,"j":49},{"i":34,"j":75},{"i":38,"j":52},{"i":50,"j":68},{"i":52,"j":53},{"i":54,"j":55},{"i":39,"j":54},{"i":57,"j":63},{"i":55,"j":57},{"i":56,"j":57},{"i":54,"j":56},{"i":46,"j":55},{"i":47,"j":60},{"i":53,"j":70},{"i":50,"j":64},{"i":47,"j":76},{"i":50,"j":81},{"i":53,"j":71},{"i":58,"j":67},{"i":49,"j":58},{"i":59,"j":62},{"i":47,"j":79},{"i":66,"j":86},{"i":66,"j":84},{"i":64,"j":69},{"i":59,"j":80},{"i":58,"j":59},{"i":76,"j":88},{"i":50,"j":51},{"i":63,"j":73},{"i":62,"j":63},{"i":70,"j":73},{"i":56,"j":70},{"i":69,"j":72},{"i":37,"j":69},{"i":51,"j":67},{"i":64,"j":68},{"i":70,"j":71},{"i":72,"j":74},{"i":80,"j":95},{"i":61,"j":78},{"i":60,"j":61},{"i":65,"j":86},{"i":62,"j":95},{"i":77,"j":90},{"i":68,"j":77},{"i":78,"j":79},{"i":81,"j":96},{"i":73,"j":95},{"i":80,"j":87},{"i":67,"j":87},{"i":79,"j":88},{"i":82,"j":89},{"i":82,"j":83},{"i":78,"j":82},{"i":34,"j":101},{"i":65,"j":76},{"i":81,"j":87},{"i":81,"j":85},{"i":86,"j":107},{"i":79,"j":83},{"i":71,"j":91},{"i":86,"j":116},{"i":34,"j":236},{"i":89,"j":110},{"i":83,"j":89},{"i":90,"j":100},{"i":91,"j":113},{"i":75,"j":92},{"i":53,"j":75},{"i":92,"j":102},{"i":75,"j":93},{"i":90,"j":94},{"i":74,"j":90},{"i":85,"j":96},{"i":94,"j":98},{"i":48,"j":74},{"i":110,"j":125},{"i":94,"j":114},{"i":97,"j":99},{"i":89,"j":97},{"i":97,"j":98},{"i":98,"j":121},{"i":85,"j":117},{"i":77,"j":85},{"i":87,"j":112},{"i":103,"j":115},{"i":87,"j":103},{"i":113,"j":119},{"i":93,"j":105},{"i":104,"j":105},{"i":93,"j":101},{"i":101,"j":108},{"i":104,"j":106},{"i":92,"j":104},{"i":86,"j":88},{"i":106,"j":135},{"i":95,"j":113},{"i":105,"j":108},{"i":87,"j":115},{"i":107,"j":120},{"i":84,"j":107},{"i":94,"j":100},{"i":111,"j":113},{"i":91,"j":102},{"i":100,"j":117},{"i":111,"j":112},{"i":95,"j":111},{"i":103,"j":118},{"i":114,"j":122},{"i":88,"j":110},{"i":112,"j":118},{"i":116,"j":129},{"i":122,"j":151},{"i":109,"j":128},{"i":96,"j":109},{"i":109,"j":130},{"i":102,"j":124},{"i":115,"j":130},{"i":116,"j":120},{"i":99,"j":127},{"i":99,"j":126},{"i":115,"j":155},{"i":124,"j":136},{"i":121,"j":127},{"i":125,"j":126},{"i":123,"j":125},{"i":121,"j":122},{"i":126,"j":133},{"i":126,"j":127},{"i":123,"j":139},{"i":110,"j":123},{"i":129,"j":173},{"i":128,"j":134},{"i":118,"j":119},{"i":131,"j":134},{"i":128,"j":131},{"i":124,"j":132},{"i":127,"j":151},{"i":139,"j":144},{"i":130,"j":142},{"i":102,"j":137},{"i":115,"j":118},{"i":135,"j":137},{"i":132,"j":148},{"i":119,"j":132},{"i":135,"j":147},{"i":108,"j":138},{"i":106,"j":108},{"i":143,"j":152},{"i":117,"j":143},{"i":139,"j":141},{"i":129,"j":141},{"i":134,"j":145},{"i":136,"j":160},{"i":145,"j":163},{"i":149,"j":189},{"i":144,"j":149},{"i":141,"j":144},{"i":133,"j":186},{"i":140,"j":150},{"i":131,"j":140},{"i":140,"j":159},{"i":138,"j":146},{"i":146,"j":147},{"i":135,"j":146},{"i":114,"j":156},{"i":129,"j":149},{"i":140,"j":142},{"i":145,"j":157},{"i":143,"j":145},{"i":170,"j":201},{"i":151,"j":183},{"i":133,"j":151},{"i":138,"j":182},{"i":148,"j":161},{"i":147,"j":154},{"i":159,"j":174},{"i":156,"j":168},{"i":151,"j":156},{"i":150,"j":163},{"i":145,"j":150},{"i":114,"j":152},{"i":155,"j":167},{"i":142,"j":155},{"i":158,"j":164},{"i":155,"j":158},{"i":137,"j":171},{"i":160,"j":162},{"i":157,"j":179},{"i":153,"j":157},{"i":161,"j":165},{"i":158,"j":161},{"i":155,"j":164},{"i":161,"j":170},{"i":165,"j":166},{"i":166,"j":169},{"i":164,"j":166},{"i":163,"j":179},{"i":153,"j":180},{"i":152,"j":153},{"i":165,"j":196},{"i":144,"j":186},{"i":167,"j":169},{"i":159,"j":167},{"i":162,"j":170},{"i":148,"j":162},{"i":154,"j":171},{"i":168,"j":172},{"i":173,"j":254},{"i":120,"j":173},{"i":168,"j":187},{"i":169,"j":191},{"i":174,"j":191},{"i":136,"j":171},{"i":175,"j":177},{"i":171,"j":175},{"i":176,"j":185},{"i":175,"j":176},{"i":176,"j":178},{"i":182,"j":236},{"i":163,"j":174},{"i":181,"j":192},{"i":172,"j":181},{"i":180,"j":181},{"i":172,"j":180},{"i":178,"j":215},{"i":177,"j":178},{"i":183,"j":188},{"i":184,"j":219},{"i":169,"j":184},{"i":182,"j":185},{"i":154,"j":182},{"i":192,"j":193},{"i":188,"j":194},{"i":180,"j":193},{"i":187,"j":188},{"i":183,"j":187},{"i":186,"j":189},{"i":190,"j":216},{"i":173,"j":190},{"i":189,"j":190},{"i":186,"j":194},{"i":188,"j":199},{"i":169,"j":195},{"i":179,"j":198},{"i":194,"j":209},{"i":179,"j":202},{"i":160,"j":177},{"i":197,"j":202},{"i":191,"j":197},{"i":201,"j":215},{"i":195,"j":197},{"i":200,"j":203},{"i":200,"j":208},{"i":187,"j":212},{"i":193,"j":198},{"i":184,"j":196},{"i":197,"j":200},{"i":101,"j":236},{"i":202,"j":203},{"i":203,"j":204},{"i":208,"j":217},{"i":206,"j":214},{"i":196,"j":201},{"i":204,"j":210},{"i":198,"j":204},{"i":192,"j":212},{"i":207,"j":212},{"i":207,"j":211},{"i":199,"j":207},{"i":206,"j":208},{"i":195,"j":206},{"i":199,"j":209},{"i":207,"j":222},{"i":219,"j":225},{"i":216,"j":227},{"i":207,"j":220},{"i":216,"j":249},{"i":210,"j":212},{"i":214,"j":223},{"i":205,"j":213},{"i":205,"j":219},{"i":196,"j":205},{"i":209,"j":216},{"i":209,"j":211},{"i":208,"j":214},{"i":210,"j":221},{"i":213,"j":215},{"i":218,"j":219},{"i":213,"j":218},{"i":203,"j":239},{"i":217,"j":231},{"i":222,"j":249},{"i":212,"j":226},{"i":222,"j":226},{"i":215,"j":250},{"i":223,"j":225},{"i":221,"j":232},{"i":220,"j":249},{"i":211,"j":220},{"i":229,"j":235},{"i":225,"j":229},{"i":227,"j":254},{"i":173,"j":227},{"i":217,"j":223},{"i":229,"j":250},{"i":233,"j":241},{"i":221,"j":239},{"i":228,"j":232},{"i":203,"j":247},{"i":223,"j":230},{"i":233,"j":234},{"i":230,"j":233},{"i":235,"j":238},{"i":224,"j":243},{"i":185,"j":224},{"i":235,"j":237},{"i":236,"j":244},{"i":234,"j":241},{"i":231,"j":234},{"i":243,"j":250},{"i":237,"j":238},{"i":236,"j":240},{"i":224,"j":236},{"i":239,"j":252},{"i":230,"j":237},{"i":231,"j":241},{"i":231,"j":251},{"i":240,"j":243},{"i":218,"j":250},{"i":240,"j":244},{"i":239,"j":245},{"i":232,"j":239},{"i":256,"j":269},{"i":249,"j":267},{"i":248,"j":256},{"i":242,"j":258},{"i":241,"j":242},{"i":246,"j":248},{"i":238,"j":246},{"i":226,"j":228},{"i":249,"j":255},{"i":242,"j":248},{"i":247,"j":252},{"i":247,"j":251},{"i":258,"j":261},{"i":227,"j":253},{"i":253,"j":254},{"i":254,"j":259},{"i":228,"j":245},{"i":252,"j":257},{"i":245,"j":252},{"i":250,"j":256},{"i":246,"j":250},{"i":264,"j":274},{"i":257,"j":267},{"i":248,"j":262},{"i":255,"j":266},{"i":253,"j":255},{"i":263,"j":267},{"i":251,"j":261},{"i":260,"j":263},{"i":257,"j":260},{"i":258,"j":265},{"i":256,"j":264},{"i":236,"j":283},{"i":262,"j":265},{"i":250,"j":271},{"i":262,"j":268},{"i":284,"j":289},{"i":266,"j":289},{"i":259,"j":266},{"i":263,"j":270},{"i":260,"j":261},{"i":265,"j":275},{"i":261,"j":275},{"i":243,"j":272},{"i":268,"j":275},{"i":275,"j":296},{"i":273,"j":278},{"i":270,"j":273},{"i":271,"j":277},{"i":274,"j":275},{"i":268,"j":274},{"i":271,"j":281},{"i":244,"j":276},{"i":277,"j":280},{"i":269,"j":277},{"i":277,"j":293},{"i":273,"j":275},{"i":264,"j":269},{"i":270,"j":287},{"i":272,"j":281},{"i":279,"j":280},{"i":276,"j":282},{"i":267,"j":286},{"i":284,"j":285},{"i":259,"j":284},{"i":270,"j":294},{"i":286,"j":289},{"i":279,"j":296},{"i":274,"j":279},{"i":287,"j":288},{"i":288,"j":289},{"i":286,"j":288},{"i":281,"j":293},{"i":291,"j":292},{"i":287,"j":291},{"i":292,"j":298},{"i":288,"j":292},{"i":294,"j":299},{"i":272,"j":282},{"i":278,"j":299},{"i":291,"j":294},{"i":293,"j":296},{"i":280,"j":293},{"i":282,"j":297},{"i":295,"j":296},{"i":293,"j":295},{"i":296,"j":299},{"i":290,"j":296},{"i":283,"j":297},{"i":276,"j":283},{"i":290,"j":299},{"i":278,"j":290},{"i":297,"j":299},{"i":295,"j":297},{"i":0,"j":4},{"i":4,"j":14},{"i":14,"j":84},{"i":84,"j":120},{"i":120,"j":259},{"i":259,"j":285},{"i":285,"j":289},{"i":289,"j":298},{"i":298,"j":299}],"type":"Solution"}