{"instance_name":"stars-0000100","edges":[{"i":0,"j":3},{"i":0,"j":1},{"i":1,"j":2},{"i":0,"j":6},{"i":5,"j":17},{"i":3,"j":5},{"i":1,"j":3},{"i":2,"j":9},{"i":0,"j":2},{"i":6,"j":8},{"i":5,"j":7},{"i":1,"j":5},{"i":6,"j":12},{"i":15,"j":21},{"i":8,"j":14},{"i":4,"j":8},{"i":12,"j":15},{"i":1,"j":7},{"i":10,"j":11},{"i":1,"j":10},{"i":11,"j":16},{"i":9,"j":11},{"i":9,"j":16},{"i":12,"j":14},{"i":4,"j":14},{"i":15,"j":19},{"i":17,"j":20},{"i":3,"j":13},{"i":7,"j":17},{"i":9,"j":21},{"i":16,"j":31},{"i":13,"j":29},{"i":13,"j":34},{"i":19,"j":21},{"i":24,"j":28},{"i":9,"j":24},{"i":19,"j":26},{"i":23,"j":25},{"i":14,"j":23},{"i":23,"j":26},{"i":10,"j":18},{"i":22,"j":33},{"i":21,"j":22},{"i":25,"j":26},{"i":22,"j":28},{"i":22,"j":27},{"i":18,"j":20},{"i":20,"j":29},{"i":30,"j":31},{"i":18,"j":30},{"i":27,"j":32},{"i":27,"j":39},{"i":34,"j":41},{"i":26,"j":33},{"i":28,"j":37},{"i":35,"j":36},{"i":32,"j":35},{"i":36,"j":39},{"i":32,"j":36},{"i":24,"j":31},{"i":29,"j":34},{"i":36,"j":53},{"i":44,"j":47},{"i":40,"j":44},{"i":28,"j":40},{"i":31,"j":42},{"i":30,"j":50},{"i":39,"j":49},{"i":33,"j":39},{"i":30,"j":38},{"i":37,"j":58},{"i":43,"j":55},{"i":26,"j":43},{"i":44,"j":46},{"i":44,"j":45},{"i":37,"j":44},{"i":47,"j":59},{"i":45,"j":48},{"i":46,"j":51},{"i":45,"j":46},{"i":34,"j":61},{"i":48,"j":51},{"i":35,"j":37},{"i":47,"j":51},{"i":38,"j":56},{"i":40,"j":42},{"i":55,"j":74},{"i":25,"j":55},{"i":49,"j":52},{"i":49,"j":53},{"i":52,"j":57},{"i":43,"j":52},{"i":48,"j":58},{"i":37,"j":48},{"i":52,"j":66},{"i":50,"j":54},{"i":13,"j":69},{"i":41,"j":56},{"i":38,"j":41},{"i":55,"j":57},{"i":54,"j":59},{"i":42,"j":54},{"i":60,"j":65},{"i":53,"j":60},{"i":58,"j":60},{"i":50,"j":62},{"i":58,"j":64},{"i":51,"j":64},{"i":50,"j":56},{"i":62,"j":70},{"i":70,"j":73},{"i":59,"j":67},{"i":65,"j":68},{"i":65,"j":66},{"i":66,"j":68},{"i":57,"j":66},{"i":68,"j":74},{"i":67,"j":75},{"i":56,"j":61},{"i":62,"j":76},{"i":70,"j":71},{"i":63,"j":77},{"i":60,"j":63},{"i":71,"j":75},{"i":67,"j":71},{"i":72,"j":74},{"i":68,"j":72},{"i":73,"j":75},{"i":75,"j":81},{"i":64,"j":75},{"i":63,"j":82},{"i":69,"j":76},{"i":61,"j":69},{"i":63,"j":79},{"i":80,"j":87},{"i":72,"j":77},{"i":78,"j":80},{"i":72,"j":78},{"i":78,"j":87},{"i":76,"j":86},{"i":77,"j":87},{"i":82,"j":90},{"i":77,"j":79},{"i":63,"j":81},{"i":79,"j":82},{"i":76,"j":83},{"i":70,"j":76},{"i":80,"j":84},{"i":69,"j":93},{"i":84,"j":98},{"i":74,"j":84},{"i":83,"j":85},{"i":73,"j":83},{"i":85,"j":91},{"i":89,"j":99},{"i":86,"j":88},{"i":85,"j":86},{"i":81,"j":91},{"i":90,"j":96},{"i":85,"j":89},{"i":88,"j":97},{"i":69,"j":92},{"i":86,"j":92},{"i":93,"j":94},{"i":92,"j":93},{"i":95,"j":99},{"i":94,"j":95},{"i":88,"j":94},{"i":93,"j":99},{"i":90,"j":91},{"i":91,"j":96},{"i":96,"j":99},{"i":88,"j":95},{"i":96,"j":98},{"i":87,"j":96},{"i":97,"j":99},{"i":89,"j":97},{"i":0,"j":4},{"i":4,"j":25},{"i":25,"j":74},{"i":74,"j":98},{"i":98,"j":99}],"type":"Solution"}