{"instance_name":"stars-0000035","edges":[{"i":1,"j":5},{"i":3,"j":10},{"i":2,"j":9},{"i":2,"j":3},{"i":1,"j":2},{"i":6,"j":15},{"i":1,"j":7},{"i":2,"j":5},{"i":7,"j":16},{"i":9,"j":13},{"i":6,"j":11},{"i":0,"j":6},{"i":5,"j":14},{"i":10,"j":17},{"i":3,"j":9},{"i":6,"j":8},{"i":14,"j":16},{"i":12,"j":17},{"i":10,"j":12},{"i":12,"j":13},{"i":13,"j":14},{"i":8,"j":18},{"i":7,"j":11},{"i":18,"j":23},{"i":4,"j":17},{"i":8,"j":15},{"i":19,"j":24},{"i":19,"j":21},{"i":14,"j":19},{"i":22,"j":25},{"i":17,"j":33},{"i":20,"j":22},{"i":11,"j":20},{"i":22,"j":24},{"i":16,"j":22},{"i":23,"j":25},{"i":20,"j":23},{"i":15,"j":26},{"i":26,"j":27},{"i":18,"j":26},{"i":15,"j":32},{"i":27,"j":28},{"i":28,"j":29},{"i":25,"j":28},{"i":32,"j":34},{"i":30,"j":32},{"i":29,"j":30},{"i":24,"j":29},{"i":21,"j":33},{"i":17,"j":21},{"i":30,"j":33},{"i":27,"j":32},{"i":33,"j":34},{"i":3,"j":4},{"i":4,"j":31},{"i":31,"j":34},{"i":0,"j":1},{"i":1,"j":3}],"type":"Solution"}