{"instance_name":"stars-0000090","edges":[{"i":1,"j":9},{"i":0,"j":2},{"i":1,"j":4},{"i":0,"j":1},{"i":2,"j":10},{"i":1,"j":2},{"i":3,"j":7},{"i":0,"j":3},{"i":0,"j":4},{"i":4,"j":6},{"i":3,"j":8},{"i":7,"j":12},{"i":5,"j":14},{"i":0,"j":5},{"i":5,"j":6},{"i":7,"j":13},{"i":14,"j":24},{"i":8,"j":14},{"i":11,"j":12},{"i":5,"j":16},{"i":12,"j":29},{"i":6,"j":9},{"i":7,"j":8},{"i":9,"j":19},{"i":16,"j":21},{"i":12,"j":13},{"i":10,"j":25},{"i":19,"j":25},{"i":16,"j":23},{"i":19,"j":20},{"i":15,"j":19},{"i":15,"j":22},{"i":6,"j":15},{"i":25,"j":81},{"i":22,"j":23},{"i":24,"j":33},{"i":21,"j":33},{"i":20,"j":30},{"i":15,"j":20},{"i":24,"j":26},{"i":33,"j":38},{"i":17,"j":34},{"i":13,"j":17},{"i":26,"j":28},{"i":18,"j":26},{"i":30,"j":42},{"i":22,"j":30},{"i":17,"j":18},{"i":29,"j":43},{"i":27,"j":29},{"i":18,"j":28},{"i":23,"j":32},{"i":33,"j":37},{"i":31,"j":33},{"i":32,"j":33},{"i":21,"j":32},{"i":33,"j":40},{"i":31,"j":35},{"i":28,"j":31},{"i":41,"j":45},{"i":34,"j":36},{"i":34,"j":39},{"i":36,"j":43},{"i":29,"j":36},{"i":35,"j":39},{"i":35,"j":47},{"i":37,"j":41},{"i":35,"j":37},{"i":38,"j":41},{"i":32,"j":42},{"i":38,"j":46},{"i":41,"j":46},{"i":42,"j":61},{"i":36,"j":44},{"i":51,"j":62},{"i":43,"j":52},{"i":44,"j":52},{"i":40,"j":46},{"i":45,"j":47},{"i":47,"j":50},{"i":45,"j":57},{"i":30,"j":68},{"i":39,"j":50},{"i":49,"j":50},{"i":49,"j":53},{"i":44,"j":49},{"i":45,"j":46},{"i":51,"j":57},{"i":53,"j":54},{"i":52,"j":53},{"i":55,"j":65},{"i":54,"j":73},{"i":51,"j":55},{"i":47,"j":51},{"i":55,"j":56},{"i":50,"j":55},{"i":10,"j":81},{"i":56,"j":73},{"i":54,"j":56},{"i":46,"j":48},{"i":42,"j":58},{"i":40,"j":42},{"i":48,"j":60},{"i":63,"j":74},{"i":58,"j":60},{"i":48,"j":58},{"i":59,"j":60},{"i":57,"j":64},{"i":64,"j":69},{"i":62,"j":64},{"i":60,"j":66},{"i":57,"j":59},{"i":62,"j":65},{"i":67,"j":75},{"i":64,"j":67},{"i":58,"j":61},{"i":63,"j":70},{"i":59,"j":63},{"i":68,"j":81},{"i":73,"j":79},{"i":63,"j":66},{"i":68,"j":71},{"i":67,"j":70},{"i":61,"j":71},{"i":65,"j":73},{"i":69,"j":75},{"i":75,"j":80},{"i":72,"j":74},{"i":66,"j":72},{"i":77,"j":79},{"i":71,"j":76},{"i":65,"j":69},{"i":77,"j":78},{"i":73,"j":77},{"i":80,"j":83},{"i":70,"j":83},{"i":82,"j":88},{"i":76,"j":82},{"i":72,"j":76},{"i":80,"j":84},{"i":81,"j":82},{"i":76,"j":81},{"i":74,"j":88},{"i":85,"j":87},{"i":81,"j":89},{"i":79,"j":84},{"i":83,"j":87},{"i":85,"j":86},{"i":84,"j":85},{"i":87,"j":89},{"i":81,"j":88},{"i":88,"j":89},{"i":0,"j":11},{"i":11,"j":27},{"i":27,"j":52},{"i":52,"j":78},{"i":78,"j":86},{"i":86,"j":89}],"type":"Solution"}