{"instance_name":"stars-0000700","edges":[{"i":0,"j":8},{"i":6,"j":34},{"i":1,"j":2},{"i":0,"j":1},{"i":1,"j":4},{"i":1,"j":5},{"i":4,"j":6},{"i":5,"j":6},{"i":3,"j":12},{"i":0,"j":3},{"i":2,"j":4},{"i":9,"j":16},{"i":1,"j":14},{"i":10,"j":15},{"i":2,"j":10},{"i":9,"j":11},{"i":4,"j":9},{"i":15,"j":32},{"i":1,"j":26},{"i":10,"j":11},{"i":11,"j":13},{"i":10,"j":13},{"i":1,"j":33},{"i":11,"j":27},{"i":17,"j":53},{"i":2,"j":29},{"i":8,"j":12},{"i":18,"j":28},{"i":7,"j":18},{"i":12,"j":17},{"i":19,"j":20},{"i":17,"j":19},{"i":20,"j":22},{"i":12,"j":20},{"i":22,"j":25},{"i":21,"j":22},{"i":8,"j":21},{"i":11,"j":44},{"i":3,"j":45},{"i":2,"j":23},{"i":21,"j":25},{"i":1,"j":8},{"i":8,"j":43},{"i":14,"j":38},{"i":5,"j":14},{"i":41,"j":89},{"i":27,"j":40},{"i":23,"j":39},{"i":39,"j":103},{"i":25,"j":30},{"i":30,"j":36},{"i":24,"j":30},{"i":18,"j":29},{"i":23,"j":32},{"i":8,"j":24},{"i":11,"j":16},{"i":3,"j":31},{"i":19,"j":53},{"i":36,"j":37},{"i":26,"j":33},{"i":13,"j":40},{"i":29,"j":39},{"i":41,"j":53},{"i":24,"j":37},{"i":35,"j":41},{"i":3,"j":35},{"i":31,"j":59},{"i":37,"j":65},{"i":47,"j":68},{"i":49,"j":52},{"i":34,"j":52},{"i":16,"j":34},{"i":41,"j":80},{"i":45,"j":87},{"i":40,"j":54},{"i":32,"j":85},{"i":27,"j":44},{"i":43,"j":48},{"i":47,"j":48},{"i":43,"j":47},{"i":60,"j":78},{"i":50,"j":52},{"i":55,"j":57},{"i":49,"j":50},{"i":44,"j":49},{"i":50,"j":51},{"i":45,"j":66},{"i":27,"j":51},{"i":51,"j":76},{"i":42,"j":59},{"i":31,"j":42},{"i":27,"j":81},{"i":60,"j":63},{"i":46,"j":85},{"i":15,"j":46},{"i":26,"j":55},{"i":56,"j":58},{"i":38,"j":56},{"i":56,"j":57},{"i":48,"j":88},{"i":33,"j":48},{"i":63,"j":69},{"i":42,"j":45},{"i":38,"j":58},{"i":36,"j":53},{"i":60,"j":61},{"i":57,"j":60},{"i":39,"j":84},{"i":28,"j":62},{"i":61,"j":64},{"i":58,"j":61},{"i":63,"j":64},{"i":70,"j":108},{"i":64,"j":67},{"i":38,"j":64},{"i":47,"j":65},{"i":45,"j":90},{"i":55,"j":101},{"i":53,"j":108},{"i":72,"j":91},{"i":67,"j":92},{"i":27,"j":71},{"i":74,"j":82},{"i":38,"j":91},{"i":34,"j":38},{"i":70,"j":73},{"i":65,"j":70},{"i":52,"j":72},{"i":69,"j":79},{"i":67,"j":69},{"i":74,"j":75},{"i":72,"j":74},{"i":81,"j":107},{"i":75,"j":104},{"i":52,"j":75},{"i":35,"j":59},{"i":88,"j":115},{"i":78,"j":79},{"i":71,"j":76},{"i":59,"j":66},{"i":71,"j":107},{"i":88,"j":101},{"i":77,"j":83},{"i":66,"j":77},{"i":46,"j":54},{"i":62,"j":84},{"i":93,"j":99},{"i":45,"j":86},{"i":83,"j":89},{"i":41,"j":83},{"i":77,"j":97},{"i":86,"j":123},{"i":77,"j":86},{"i":87,"j":90},{"i":86,"j":87},{"i":79,"j":110},{"i":91,"j":117},{"i":82,"j":91},{"i":84,"j":99},{"i":93,"j":95},{"i":84,"j":93},{"i":100,"j":120},{"i":94,"j":124},{"i":62,"j":94},{"i":81,"j":96},{"i":82,"j":104},{"i":80,"j":108},{"i":95,"j":98},{"i":94,"j":95},{"i":98,"j":124},{"i":94,"j":98},{"i":99,"j":100},{"i":97,"j":118},{"i":100,"j":102},{"i":103,"j":126},{"i":98,"j":102},{"i":103,"j":120},{"i":99,"j":103},{"i":105,"j":113},{"i":104,"j":111},{"i":105,"j":106},{"i":89,"j":105},{"i":108,"j":115},{"i":76,"j":114},{"i":73,"j":115},{"i":68,"j":73},{"i":68,"j":115},{"i":111,"j":116},{"i":101,"j":135},{"i":78,"j":101},{"i":97,"j":123},{"i":111,"j":119},{"i":85,"j":132},{"i":111,"j":114},{"i":101,"j":153},{"i":106,"j":113},{"i":80,"j":106},{"i":92,"j":122},{"i":91,"j":92},{"i":114,"j":116},{"i":92,"j":110},{"i":117,"j":119},{"i":104,"j":117},{"i":122,"j":129},{"i":112,"j":115},{"i":54,"j":96},{"i":96,"j":139},{"i":108,"j":113},{"i":112,"j":125},{"i":109,"j":112},{"i":125,"j":133},{"i":109,"j":125},{"i":102,"j":120},{"i":28,"j":124},{"i":119,"j":136},{"i":121,"j":125},{"i":115,"j":121},{"i":126,"j":138},{"i":110,"j":135},{"i":127,"j":131},{"i":122,"j":127},{"i":131,"j":157},{"i":107,"j":139},{"i":126,"j":130},{"i":127,"j":129},{"i":101,"j":109},{"i":139,"j":161},{"i":130,"j":160},{"i":119,"j":131},{"i":108,"j":128},{"i":123,"j":134},{"i":123,"j":150},{"i":141,"j":146},{"i":118,"j":134},{"i":130,"j":132},{"i":139,"j":160},{"i":132,"j":139},{"i":114,"j":148},{"i":107,"j":114},{"i":138,"j":176},{"i":116,"j":136},{"i":140,"j":141},{"i":128,"j":140},{"i":90,"j":179},{"i":141,"j":142},{"i":121,"j":141},{"i":142,"j":162},{"i":128,"j":144},{"i":140,"j":143},{"i":144,"j":145},{"i":143,"j":144},{"i":143,"j":145},{"i":147,"j":149},{"i":149,"j":170},{"i":147,"j":148},{"i":114,"j":147},{"i":156,"j":181},{"i":148,"j":156},{"i":113,"j":118},{"i":144,"j":158},{"i":151,"j":158},{"i":146,"j":154},{"i":137,"j":173},{"i":134,"j":137},{"i":151,"j":152},{"i":145,"j":151},{"i":149,"j":156},{"i":133,"j":155},{"i":158,"j":190},{"i":152,"j":154},{"i":146,"j":152},{"i":129,"j":168},{"i":156,"j":161},{"i":157,"j":166},{"i":154,"j":190},{"i":120,"j":176},{"i":159,"j":164},{"i":124,"j":159},{"i":159,"j":197},{"i":135,"j":168},{"i":122,"j":135},{"i":154,"j":169},{"i":142,"j":154},{"i":136,"j":157},{"i":138,"j":160},{"i":28,"j":164},{"i":153,"j":167},{"i":165,"j":170},{"i":147,"j":165},{"i":168,"j":184},{"i":166,"j":171},{"i":165,"j":166},{"i":167,"j":168},{"i":133,"j":162},{"i":165,"j":171},{"i":167,"j":183},{"i":167,"j":180},{"i":174,"j":185},{"i":169,"j":172},{"i":162,"j":169},{"i":137,"j":150},{"i":178,"j":190},{"i":158,"j":178},{"i":173,"j":178},{"i":128,"j":173},{"i":163,"j":188},{"i":161,"j":163},{"i":174,"j":177},{"i":170,"j":174},{"i":172,"j":186},{"i":173,"j":175},{"i":150,"j":189},{"i":155,"j":183},{"i":153,"j":155},{"i":177,"j":181},{"i":166,"j":195},{"i":180,"j":182},{"i":168,"j":180},{"i":171,"j":192},{"i":166,"j":184},{"i":186,"j":187},{"i":133,"j":186},{"i":181,"j":199},{"i":176,"j":222},{"i":187,"j":198},{"i":187,"j":191},{"i":133,"j":187},{"i":187,"j":194},{"i":172,"j":230},{"i":182,"j":206},{"i":201,"j":208},{"i":193,"j":201},{"i":191,"j":193},{"i":191,"j":201},{"i":194,"j":198},{"i":192,"j":195},{"i":185,"j":192},{"i":185,"j":207},{"i":177,"j":185},{"i":194,"j":196},{"i":176,"j":203},{"i":199,"j":205},{"i":163,"j":199},{"i":190,"j":200},{"i":169,"j":190},{"i":205,"j":225},{"i":196,"j":234},{"i":193,"j":196},{"i":198,"j":230},{"i":182,"j":211},{"i":204,"j":212},{"i":164,"j":197},{"i":160,"j":229},{"i":179,"j":227},{"i":197,"j":245},{"i":199,"j":204},{"i":223,"j":226},{"i":183,"j":208},{"i":202,"j":232},{"i":184,"j":202},{"i":181,"j":210},{"i":206,"j":216},{"i":204,"j":209},{"i":214,"j":218},{"i":209,"j":210},{"i":208,"j":211},{"i":209,"j":215},{"i":212,"j":218},{"i":205,"j":212},{"i":218,"j":219},{"i":160,"j":188},{"i":207,"j":217},{"i":214,"j":215},{"i":210,"j":214},{"i":207,"j":226},{"i":215,"j":218},{"i":212,"j":215},{"i":217,"j":219},{"i":217,"j":218},{"i":216,"j":232},{"i":202,"j":216},{"i":206,"j":211},{"i":172,"j":200},{"i":195,"j":235},{"i":213,"j":225},{"i":205,"j":213},{"i":227,"j":309},{"i":200,"j":220},{"i":218,"j":241},{"i":213,"j":218},{"i":225,"j":233},{"i":219,"j":223},{"i":175,"j":257},{"i":197,"j":203},{"i":230,"j":237},{"i":164,"j":228},{"i":188,"j":233},{"i":222,"j":229},{"i":220,"j":256},{"i":216,"j":242},{"i":223,"j":224},{"i":233,"j":238},{"i":231,"j":240},{"i":211,"j":231},{"i":252,"j":278},{"i":224,"j":252},{"i":231,"j":234},{"i":230,"j":258},{"i":233,"j":243},{"i":238,"j":239},{"i":229,"j":238},{"i":225,"j":243},{"i":203,"j":248},{"i":236,"j":275},{"i":234,"j":236},{"i":247,"j":276},{"i":235,"j":247},{"i":224,"j":226},{"i":242,"j":266},{"i":241,"j":243},{"i":226,"j":235},{"i":222,"j":248},{"i":216,"j":240},{"i":245,"j":249},{"i":239,"j":250},{"i":244,"j":253},{"i":241,"j":244},{"i":232,"j":263},{"i":246,"j":249},{"i":245,"j":246},{"i":246,"j":248},{"i":239,"j":286},{"i":237,"j":275},{"i":236,"j":237},{"i":189,"j":260},{"i":175,"j":189},{"i":259,"j":271},{"i":253,"j":274},{"i":253,"j":254},{"i":228,"j":249},{"i":255,"j":259},{"i":252,"j":261},{"i":244,"j":252},{"i":251,"j":256},{"i":220,"j":251},{"i":251,"j":288},{"i":189,"j":221},{"i":249,"j":307},{"i":255,"j":264},{"i":228,"j":255},{"i":249,"j":281},{"i":257,"j":262},{"i":221,"j":287},{"i":242,"j":263},{"i":267,"j":280},{"i":257,"j":279},{"i":251,"j":262},{"i":247,"j":263},{"i":265,"j":273},{"i":256,"j":272},{"i":266,"j":299},{"i":276,"j":280},{"i":247,"j":268},{"i":269,"j":280},{"i":267,"j":269},{"i":268,"j":295},{"i":247,"j":267},{"i":268,"j":269},{"i":265,"j":270},{"i":258,"j":265},{"i":272,"j":297},{"i":261,"j":274},{"i":271,"j":291},{"i":264,"j":271},{"i":258,"j":301},{"i":272,"j":273},{"i":273,"j":314},{"i":243,"j":283},{"i":274,"j":277},{"i":254,"j":274},{"i":270,"j":301},{"i":276,"j":278},{"i":261,"j":305},{"i":240,"j":299},{"i":250,"j":285},{"i":222,"j":250},{"i":263,"j":295},{"i":260,"j":279},{"i":257,"j":260},{"i":221,"j":227},{"i":266,"j":290},{"i":243,"j":254},{"i":259,"j":281},{"i":277,"j":283},{"i":250,"j":282},{"i":293,"j":302},{"i":90,"j":360},{"i":282,"j":303},{"i":284,"j":303},{"i":284,"j":285},{"i":250,"j":284},{"i":288,"j":311},{"i":285,"j":307},{"i":262,"j":311},{"i":286,"j":326},{"i":262,"j":317},{"i":248,"j":307},{"i":300,"j":314},{"i":293,"j":298},{"i":283,"j":293},{"i":275,"j":294},{"i":289,"j":291},{"i":281,"j":289},{"i":291,"j":318},{"i":292,"j":296},{"i":286,"j":292},{"i":277,"j":305},{"i":290,"j":295},{"i":290,"j":306},{"i":295,"j":306},{"i":292,"j":298},{"i":294,"j":308},{"i":288,"j":297},{"i":282,"j":326},{"i":278,"j":331},{"i":294,"j":299},{"i":297,"j":300},{"i":275,"j":304},{"i":270,"j":314},{"i":280,"j":331},{"i":302,"j":326},{"i":298,"j":302},{"i":296,"j":326},{"i":286,"j":296},{"i":307,"j":335},{"i":290,"j":299},{"i":301,"j":304},{"i":303,"j":328},{"i":295,"j":321},{"i":287,"j":313},{"i":279,"j":287},{"i":179,"j":310},{"i":300,"j":327},{"i":313,"j":322},{"i":311,"j":327},{"i":316,"j":329},{"i":312,"j":316},{"i":301,"j":314},{"i":315,"j":316},{"i":304,"j":315},{"i":316,"j":320},{"i":313,"j":317},{"i":309,"j":325},{"i":338,"j":368},{"i":318,"j":626},{"i":308,"j":347},{"i":321,"j":361},{"i":319,"j":321},{"i":314,"j":330},{"i":305,"j":362},{"i":302,"j":305},{"i":299,"j":308},{"i":311,"j":359},{"i":317,"j":344},{"i":309,"j":310},{"i":319,"j":331},{"i":280,"j":319},{"i":309,"j":348},{"i":328,"j":333},{"i":315,"j":330},{"i":90,"j":454},{"i":320,"j":349},{"i":306,"j":324},{"i":338,"j":349},{"i":320,"j":338},{"i":307,"j":328},{"i":332,"j":336},{"i":333,"j":352},{"i":307,"j":332},{"i":334,"j":336},{"i":334,"j":335},{"i":307,"j":334},{"i":343,"j":377},{"i":335,"j":357},{"i":333,"j":339},{"i":332,"j":333},{"i":312,"j":353},{"i":294,"j":312},{"i":327,"j":343},{"i":339,"j":352},{"i":336,"j":339},{"i":340,"j":366},{"i":329,"j":353},{"i":322,"j":397},{"i":340,"j":342},{"i":306,"j":340},{"i":314,"j":343},{"i":341,"j":359},{"i":311,"j":341},{"i":323,"j":397},{"i":322,"j":323},{"i":331,"j":351},{"i":289,"j":335},{"i":356,"j":366},{"i":349,"j":364},{"i":337,"j":349},{"i":325,"j":397},{"i":323,"j":325},{"i":324,"j":366},{"i":330,"j":358},{"i":354,"j":400},{"i":352,"j":354},{"i":345,"j":350},{"i":326,"j":345},{"i":321,"j":342},{"i":346,"j":422},{"i":318,"j":346},{"i":337,"j":381},{"i":329,"j":337},{"i":336,"j":407},{"i":350,"j":354},{"i":351,"j":362},{"i":347,"j":356},{"i":324,"j":347},{"i":342,"j":355},{"i":347,"j":365},{"i":357,"j":407},{"i":357,"j":403},{"i":346,"j":357},{"i":353,"j":365},{"i":338,"j":358},{"i":359,"j":377},{"i":310,"j":360},{"i":362,"j":363},{"i":361,"j":390},{"i":353,"j":379},{"i":371,"j":380},{"i":356,"j":389},{"i":369,"j":371},{"i":363,"j":367},{"i":366,"j":380},{"i":370,"j":371},{"i":372,"j":374},{"i":366,"j":369},{"i":355,"j":366},{"i":367,"j":382},{"i":355,"j":369},{"i":355,"j":370},{"i":370,"j":374},{"i":376,"j":387},{"i":367,"j":373},{"i":345,"j":367},{"i":350,"j":373},{"i":361,"j":409},{"i":368,"j":376},{"i":364,"j":368},{"i":341,"j":344},{"i":358,"j":375},{"i":364,"j":383},{"i":365,"j":388},{"i":380,"j":385},{"i":378,"j":380},{"i":364,"j":381},{"i":360,"j":454},{"i":364,"j":384},{"i":374,"j":378},{"i":382,"j":391},{"i":381,"j":383},{"i":376,"j":419},{"i":379,"j":388},{"i":388,"j":398},{"i":384,"j":386},{"i":383,"j":384},{"i":388,"j":392},{"i":387,"j":419},{"i":386,"j":387},{"i":379,"j":381},{"i":395,"j":414},{"i":361,"j":372},{"i":351,"j":390},{"i":391,"j":400},{"i":373,"j":391},{"i":399,"j":405},{"i":386,"j":401},{"i":382,"j":420},{"i":378,"j":385},{"i":412,"j":417},{"i":395,"j":396},{"i":390,"j":395},{"i":372,"j":399},{"i":348,"j":413},{"i":389,"j":411},{"i":385,"j":389},{"i":385,"j":405},{"i":391,"j":394},{"i":400,"j":407},{"i":352,"j":400},{"i":418,"j":430},{"i":402,"j":405},{"i":389,"j":392},{"i":411,"j":444},{"i":403,"j":422},{"i":344,"j":397},{"i":393,"j":413},{"i":348,"j":393},{"i":399,"j":402},{"i":404,"j":413},{"i":360,"j":406},{"i":407,"j":415},{"i":398,"j":418},{"i":404,"j":408},{"i":397,"j":404},{"i":402,"j":425},{"i":409,"j":429},{"i":398,"j":401},{"i":392,"j":444},{"i":412,"j":416},{"i":414,"j":449},{"i":375,"j":436},{"i":407,"j":412},{"i":416,"j":417},{"i":416,"j":426},{"i":415,"j":416},{"i":394,"j":423},{"i":419,"j":436},{"i":392,"j":410},{"i":419,"j":431},{"i":410,"j":418},{"i":396,"j":449},{"i":363,"j":396},{"i":405,"j":411},{"i":403,"j":432},{"i":426,"j":433},{"i":434,"j":455},{"i":420,"j":434},{"i":394,"j":420},{"i":406,"j":424},{"i":393,"j":406},{"i":401,"j":430},{"i":409,"j":425},{"i":429,"j":439},{"i":421,"j":429},{"i":417,"j":423},{"i":422,"j":508},{"i":318,"j":422},{"i":426,"j":428},{"i":410,"j":427},{"i":375,"j":377},{"i":427,"j":447},{"i":428,"j":432},{"i":415,"j":428},{"i":426,"j":448},{"i":432,"j":448},{"i":423,"j":437},{"i":424,"j":435},{"i":424,"j":445},{"i":341,"j":408},{"i":433,"j":448},{"i":432,"j":433},{"i":434,"j":437},{"i":425,"j":460},{"i":429,"j":438},{"i":421,"j":458},{"i":414,"j":421},{"i":413,"j":435},{"i":431,"j":492},{"i":430,"j":431},{"i":426,"j":456},{"i":420,"j":455},{"i":437,"j":442},{"i":440,"j":443},{"i":438,"j":440},{"i":443,"j":446},{"i":438,"j":443},{"i":430,"j":453},{"i":427,"j":430},{"i":435,"j":445},{"i":440,"j":460},{"i":439,"j":451},{"i":441,"j":452},{"i":408,"j":441},{"i":426,"j":437},{"i":439,"j":458},{"i":457,"j":465},{"i":447,"j":457},{"i":449,"j":450},{"i":450,"j":466},{"i":451,"j":470},{"i":447,"j":461},{"i":453,"j":465},{"i":483,"j":497},{"i":406,"j":459},{"i":420,"j":450},{"i":453,"j":457},{"i":442,"j":455},{"i":451,"j":475},{"i":449,"j":478},{"i":444,"j":462},{"i":447,"j":463},{"i":446,"j":500},{"i":444,"j":461},{"i":463,"j":464},{"i":461,"j":463},{"i":468,"j":472},{"i":467,"j":468},{"i":464,"j":491},{"i":452,"j":468},{"i":377,"j":452},{"i":436,"j":467},{"i":456,"j":482},{"i":469,"j":508},{"i":448,"j":469},{"i":455,"j":466},{"i":462,"j":474},{"i":460,"j":462},{"i":471,"j":472},{"i":441,"j":525},{"i":471,"j":473},{"i":467,"j":471},{"i":458,"j":486},{"i":449,"j":458},{"i":465,"j":488},{"i":446,"j":481},{"i":475,"j":481},{"i":473,"j":476},{"i":467,"j":473},{"i":475,"j":486},{"i":470,"j":475},{"i":476,"j":477},{"i":470,"j":486},{"i":497,"j":512},{"i":479,"j":480},{"i":442,"j":479},{"i":480,"j":489},{"i":489,"j":504},{"i":474,"j":500},{"i":460,"j":474},{"i":456,"j":480},{"i":452,"j":497},{"i":477,"j":485},{"i":436,"j":477},{"i":484,"j":488},{"i":465,"j":484},{"i":476,"j":496},{"i":490,"j":492},{"i":475,"j":507},{"i":468,"j":483},{"i":487,"j":503},{"i":483,"j":487},{"i":466,"j":506},{"i":484,"j":502},{"i":469,"j":517},{"i":479,"j":506},{"i":488,"j":495},{"i":464,"j":488},{"i":485,"j":492},{"i":493,"j":517},{"i":482,"j":493},{"i":490,"j":498},{"i":484,"j":490},{"i":489,"j":493},{"i":495,"j":524},{"i":494,"j":499},{"i":472,"j":503},{"i":485,"j":515},{"i":441,"j":445},{"i":500,"j":509},{"i":481,"j":500},{"i":490,"j":494},{"i":498,"j":502},{"i":509,"j":518},{"i":499,"j":502},{"i":498,"j":499},{"i":501,"j":515},{"i":494,"j":505},{"i":485,"j":496},{"i":478,"j":511},{"i":466,"j":478},{"i":504,"j":517},{"i":501,"j":505},{"i":492,"j":501},{"i":459,"j":530},{"i":505,"j":542},{"i":491,"j":519},{"i":474,"j":491},{"i":482,"j":517},{"i":469,"j":482},{"i":454,"j":558},{"i":502,"j":524},{"i":497,"j":510},{"i":487,"j":497},{"i":318,"j":508},{"i":486,"j":513},{"i":496,"j":535},{"i":459,"j":516},{"i":507,"j":514},{"i":506,"j":521},{"i":504,"j":506},{"i":507,"j":523},{"i":511,"j":513},{"i":496,"j":503},{"i":515,"j":539},{"i":523,"j":543},{"i":491,"j":495},{"i":513,"j":548},{"i":520,"j":576},{"i":517,"j":520},{"i":511,"j":531},{"i":518,"j":523},{"i":522,"j":533},{"i":518,"j":541},{"i":510,"j":512},{"i":528,"j":545},{"i":512,"j":528},{"i":516,"j":525},{"i":445,"j":516},{"i":525,"j":529},{"i":521,"j":527},{"i":520,"j":521},{"i":506,"j":522},{"i":497,"j":529},{"i":503,"j":510},{"i":526,"j":537},{"i":516,"j":526},{"i":539,"j":546},{"i":514,"j":544},{"i":513,"j":514},{"i":531,"j":548},{"i":519,"j":568},{"i":527,"j":576},{"i":522,"j":531},{"i":532,"j":540},{"i":534,"j":538},{"i":515,"j":534},{"i":529,"j":545},{"i":528,"j":529},{"i":527,"j":533},{"i":532,"j":536},{"i":509,"j":532},{"i":536,"j":541},{"i":534,"j":535},{"i":538,"j":539},{"i":552,"j":555},{"i":538,"j":552},{"i":541,"j":553},{"i":540,"j":547},{"i":536,"j":540},{"i":539,"j":542},{"i":541,"j":543},{"i":543,"j":544},{"i":525,"j":571},{"i":542,"j":549},{"i":546,"j":551},{"i":559,"j":563},{"i":513,"j":557},{"i":562,"j":582},{"i":532,"j":562},{"i":542,"j":550},{"i":546,"j":556},{"i":549,"j":550},{"i":535,"j":555},{"i":554,"j":562},{"i":519,"j":554},{"i":551,"j":559},{"i":550,"j":551},{"i":552,"j":563},{"i":546,"j":563},{"i":548,"j":580},{"i":553,"j":557},{"i":544,"j":553},{"i":526,"j":530},{"i":557,"j":569},{"i":556,"j":559},{"i":551,"j":556},{"i":548,"j":560},{"i":560,"j":580},{"i":545,"j":574},{"i":549,"j":567},{"i":549,"j":570},{"i":563,"j":565},{"i":564,"j":568},{"i":524,"j":564},{"i":566,"j":568},{"i":564,"j":566},{"i":561,"j":570},{"i":549,"j":561},{"i":573,"j":587},{"i":567,"j":573},{"i":547,"j":582},{"i":541,"j":547},{"i":576,"j":591},{"i":568,"j":577},{"i":565,"j":570},{"i":561,"j":565},{"i":555,"j":579},{"i":525,"j":537},{"i":560,"j":572},{"i":533,"j":560},{"i":570,"j":573},{"i":566,"j":567},{"i":545,"j":583},{"i":530,"j":558},{"i":572,"j":576},{"i":576,"j":589},{"i":577,"j":581},{"i":554,"j":577},{"i":571,"j":605},{"i":535,"j":574},{"i":569,"j":594},{"i":577,"j":578},{"i":581,"j":582},{"i":573,"j":616},{"i":581,"j":597},{"i":572,"j":580},{"i":573,"j":579},{"i":585,"j":592},{"i":582,"j":585},{"i":583,"j":588},{"i":574,"j":583},{"i":584,"j":589},{"i":576,"j":584},{"i":590,"j":635},{"i":587,"j":607},{"i":578,"j":587},{"i":575,"j":601},{"i":537,"j":575},{"i":589,"j":598},{"i":508,"j":589},{"i":609,"j":631},{"i":571,"j":609},{"i":592,"j":595},{"i":594,"j":621},{"i":592,"j":593},{"i":582,"j":592},{"i":586,"j":608},{"i":569,"j":586},{"i":594,"j":600},{"i":578,"j":603},{"i":594,"j":596},{"i":580,"j":594},{"i":607,"j":619},{"i":578,"j":607},{"i":591,"j":615},{"i":584,"j":591},{"i":598,"j":626},{"i":571,"j":601},{"i":590,"j":599},{"i":575,"j":590},{"i":596,"j":600},{"i":591,"j":596},{"i":586,"j":593},{"i":597,"j":613},{"i":585,"j":597},{"i":575,"j":599},{"i":593,"j":611},{"i":602,"j":618},{"i":588,"j":604},{"i":579,"j":588},{"i":593,"j":595},{"i":604,"j":614},{"i":603,"j":620},{"i":587,"j":606},{"i":602,"j":608},{"i":586,"j":602},{"i":604,"j":605},{"i":604,"j":630},{"i":601,"j":633},{"i":608,"j":621},{"i":597,"j":603},{"i":600,"j":621},{"i":612,"j":640},{"i":610,"j":611},{"i":606,"j":619},{"i":616,"j":647},{"i":614,"j":623},{"i":591,"j":612},{"i":610,"j":636},{"i":602,"j":610},{"i":613,"j":628},{"i":613,"j":617},{"i":595,"j":613},{"i":620,"j":625},{"i":606,"j":647},{"i":619,"j":620},{"i":627,"j":634},{"i":618,"j":621},{"i":614,"j":629},{"i":622,"j":629},{"i":614,"j":622},{"i":623,"j":649},{"i":622,"j":623},{"i":621,"j":624},{"i":454,"j":643},{"i":625,"j":634},{"i":598,"j":615},{"i":613,"j":625},{"i":612,"j":624},{"i":627,"j":628},{"i":613,"j":627},{"i":629,"j":649},{"i":609,"j":644},{"i":632,"j":639},{"i":618,"j":632},{"i":609,"j":637},{"i":599,"j":633},{"i":617,"j":638},{"i":611,"j":617},{"i":633,"j":664},{"i":558,"j":635},{"i":628,"j":638},{"i":652,"j":676},{"i":631,"j":642},{"i":605,"j":631},{"i":633,"j":637},{"i":609,"j":633},{"i":632,"j":636},{"i":632,"j":658},{"i":639,"j":653},{"i":621,"j":639},{"i":624,"j":653},{"i":640,"j":641},{"i":615,"j":640},{"i":641,"j":662},{"i":638,"j":650},{"i":631,"j":646},{"i":645,"j":679},{"i":635,"j":652},{"i":646,"j":679},{"i":637,"j":692},{"i":616,"j":629},{"i":644,"j":645},{"i":631,"j":645},{"i":648,"j":678},{"i":623,"j":657},{"i":634,"j":656},{"i":630,"j":657},{"i":647,"j":648},{"i":642,"j":654},{"i":630,"j":642},{"i":650,"j":668},{"i":647,"j":656},{"i":619,"j":647},{"i":646,"j":654},{"i":643,"j":652},{"i":635,"j":643},{"i":639,"j":655},{"i":653,"j":661},{"i":640,"j":653},{"i":663,"j":674},{"i":660,"j":663},{"i":649,"j":672},{"i":648,"j":649},{"i":654,"j":657},{"i":651,"j":659},{"i":638,"j":651},{"i":665,"j":674},{"i":639,"j":658},{"i":636,"j":650},{"i":655,"j":661},{"i":641,"j":661},{"i":662,"j":677},{"i":626,"j":662},{"i":660,"j":665},{"i":658,"j":660},{"i":650,"j":667},{"i":652,"j":664},{"i":657,"j":670},{"i":665,"j":666},{"i":666,"j":674},{"i":655,"j":666},{"i":667,"j":669},{"i":668,"j":675},{"i":667,"j":668},{"i":643,"j":694},{"i":657,"j":680},{"i":664,"j":671},{"i":670,"j":672},{"i":673,"j":675},{"i":673,"j":683},{"i":669,"j":673},{"i":663,"j":669},{"i":674,"j":696},{"i":672,"j":678},{"i":671,"j":690},{"i":661,"j":696},{"i":675,"j":684},{"i":644,"j":692},{"i":682,"j":695},{"i":670,"j":682},{"i":680,"j":697},{"i":679,"j":681},{"i":654,"j":679},{"i":680,"j":682},{"i":685,"j":687},{"i":659,"j":686},{"i":651,"j":656},{"i":684,"j":689},{"i":678,"j":687},{"i":656,"j":678},{"i":659,"j":685},{"i":686,"j":688},{"i":684,"j":686},{"i":685,"j":688},{"i":688,"j":689},{"i":689,"j":698},{"i":683,"j":689},{"i":676,"j":690},{"i":671,"j":676},{"i":691,"j":692},{"i":690,"j":691},{"i":693,"j":697},{"i":681,"j":693},{"i":692,"j":693},{"i":679,"j":692},{"i":692,"j":697},{"i":691,"j":694},{"i":676,"j":694},{"i":681,"j":697},{"i":683,"j":696},{"i":687,"j":699},{"i":694,"j":697},{"i":695,"j":699},{"i":697,"j":699},{"i":695,"j":697},{"i":0,"j":2},{"i":2,"j":7},{"i":7,"j":28},{"i":28,"j":264},{"i":264,"j":626},{"i":626,"j":677},{"i":677,"j":696},{"i":696,"j":698},{"i":698,"j":699}],"type":"Solution"}