{"instance_name":"stars-0000045","edges":[{"i":1,"j":2},{"i":0,"j":1},{"i":1,"j":3},{"i":2,"j":6},{"i":10,"j":12},{"i":3,"j":10},{"i":3,"j":11},{"i":2,"j":3},{"i":0,"j":4},{"i":5,"j":6},{"i":7,"j":8},{"i":4,"j":7},{"i":8,"j":10},{"i":8,"j":9},{"i":20,"j":26},{"i":11,"j":18},{"i":6,"j":11},{"i":9,"j":12},{"i":13,"j":15},{"i":11,"j":13},{"i":12,"j":14},{"i":16,"j":21},{"i":13,"j":14},{"i":7,"j":31},{"i":15,"j":16},{"i":7,"j":17},{"i":15,"j":23},{"i":18,"j":25},{"i":5,"j":18},{"i":19,"j":23},{"i":16,"j":19},{"i":9,"j":17},{"i":27,"j":30},{"i":19,"j":21},{"i":23,"j":28},{"i":22,"j":23},{"i":19,"j":22},{"i":20,"j":24},{"i":14,"j":20},{"i":25,"j":36},{"i":5,"j":25},{"i":24,"j":27},{"i":21,"j":24},{"i":28,"j":36},{"i":27,"j":29},{"i":29,"j":34},{"i":22,"j":29},{"i":30,"j":37},{"i":26,"j":39},{"i":17,"j":31},{"i":33,"j":37},{"i":30,"j":33},{"i":29,"j":38},{"i":28,"j":34},{"i":32,"j":35},{"i":31,"j":32},{"i":28,"j":40},{"i":35,"j":42},{"i":33,"j":39},{"i":37,"j":38},{"i":32,"j":44},{"i":38,"j":40},{"i":34,"j":38},{"i":26,"j":35},{"i":40,"j":43},{"i":37,"j":39},{"i":41,"j":43},{"i":38,"j":41},{"i":41,"j":44},{"i":42,"j":44},{"i":39,"j":42},{"i":0,"j":2},{"i":2,"j":5},{"i":5,"j":36},{"i":36,"j":43},{"i":43,"j":44}],"type":"Solution"}