{"instance_name":"stars-0000800","edges":[{"i":0,"j":5},{"i":2,"j":3},{"i":0,"j":2},{"i":1,"j":22},{"i":0,"j":8},{"i":26,"j":35},{"i":1,"j":4},{"i":12,"j":49},{"i":2,"j":10},{"i":4,"j":6},{"i":13,"j":16},{"i":11,"j":50},{"i":11,"j":13},{"i":1,"j":11},{"i":10,"j":12},{"i":3,"j":10},{"i":13,"j":14},{"i":1,"j":13},{"i":15,"j":26},{"i":7,"j":46},{"i":12,"j":15},{"i":6,"j":8},{"i":21,"j":25},{"i":6,"j":21},{"i":17,"j":18},{"i":8,"j":17},{"i":3,"j":15},{"i":3,"j":20},{"i":0,"j":3},{"i":5,"j":43},{"i":3,"j":23},{"i":21,"j":32},{"i":4,"j":28},{"i":7,"j":14},{"i":19,"j":20},{"i":25,"j":28},{"i":18,"j":27},{"i":8,"j":18},{"i":5,"j":19},{"i":25,"j":32},{"i":29,"j":42},{"i":46,"j":88},{"i":22,"j":60},{"i":30,"j":43},{"i":17,"j":30},{"i":7,"j":29},{"i":35,"j":36},{"i":32,"j":57},{"i":26,"j":33},{"i":23,"j":26},{"i":15,"j":36},{"i":23,"j":47},{"i":34,"j":37},{"i":26,"j":34},{"i":35,"j":40},{"i":34,"j":35},{"i":36,"j":48},{"i":38,"j":43},{"i":24,"j":41},{"i":19,"j":24},{"i":29,"j":46},{"i":38,"j":39},{"i":30,"j":38},{"i":45,"j":102},{"i":27,"j":39},{"i":33,"j":47},{"i":11,"j":22},{"i":53,"j":58},{"i":31,"j":42},{"i":5,"j":41},{"i":62,"j":87},{"i":37,"j":47},{"i":33,"j":37},{"i":37,"j":40},{"i":2,"j":9},{"i":28,"j":53},{"i":51,"j":78},{"i":47,"j":52},{"i":44,"j":47},{"i":48,"j":49},{"i":40,"j":54},{"i":51,"j":83},{"i":27,"j":85},{"i":42,"j":51},{"i":48,"j":54},{"i":21,"j":27},{"i":64,"j":68},{"i":53,"j":55},{"i":39,"j":43},{"i":55,"j":60},{"i":57,"j":59},{"i":55,"j":56},{"i":41,"j":65},{"i":53,"j":59},{"i":50,"j":80},{"i":56,"j":92},{"i":68,"j":72},{"i":56,"j":58},{"i":58,"j":96},{"i":62,"j":64},{"i":24,"j":62},{"i":62,"j":63},{"i":64,"j":65},{"i":9,"j":102},{"i":63,"j":68},{"i":66,"j":71},{"i":43,"j":65},{"i":63,"j":89},{"i":45,"j":69},{"i":2,"j":45},{"i":70,"j":84},{"i":70,"j":71},{"i":52,"j":70},{"i":44,"j":87},{"i":20,"j":44},{"i":66,"j":73},{"i":52,"j":66},{"i":54,"j":116},{"i":57,"j":61},{"i":70,"j":76},{"i":45,"j":74},{"i":70,"j":82},{"i":76,"j":82},{"i":75,"j":81},{"i":71,"j":75},{"i":54,"j":84},{"i":31,"j":77},{"i":50,"j":99},{"i":67,"j":72},{"i":78,"j":105},{"i":67,"j":86},{"i":65,"j":67},{"i":73,"j":110},{"i":75,"j":76},{"i":80,"j":88},{"i":66,"j":81},{"i":16,"j":88},{"i":14,"j":16},{"i":72,"j":93},{"i":82,"j":129},{"i":81,"j":82},{"i":79,"j":89},{"i":63,"j":79},{"i":85,"j":90},{"i":61,"j":85},{"i":44,"j":73},{"i":87,"j":104},{"i":79,"j":87},{"i":80,"j":91},{"i":73,"j":101},{"i":86,"j":107},{"i":85,"j":86},{"i":50,"j":60},{"i":94,"j":100},{"i":59,"j":96},{"i":92,"j":124},{"i":91,"j":99},{"i":89,"j":93},{"i":88,"j":103},{"i":83,"j":88},{"i":94,"j":97},{"i":78,"j":94},{"i":90,"j":108},{"i":61,"j":90},{"i":93,"j":107},{"i":91,"j":98},{"i":88,"j":91},{"i":97,"j":100},{"i":77,"j":97},{"i":104,"j":119},{"i":60,"j":92},{"i":103,"j":106},{"i":87,"j":114},{"i":101,"j":122},{"i":95,"j":101},{"i":74,"j":117},{"i":103,"j":135},{"i":117,"j":131},{"i":106,"j":134},{"i":105,"j":106},{"i":87,"j":95},{"i":83,"j":106},{"i":108,"j":113},{"i":96,"j":108},{"i":114,"j":119},{"i":93,"j":104},{"i":94,"j":105},{"i":111,"j":115},{"i":77,"j":111},{"i":85,"j":123},{"i":109,"j":111},{"i":100,"j":109},{"i":109,"j":134},{"i":95,"j":122},{"i":49,"j":69},{"i":113,"j":127},{"i":96,"j":124},{"i":114,"j":143},{"i":31,"j":115},{"i":110,"j":129},{"i":69,"j":118},{"i":116,"j":118},{"i":112,"j":116},{"i":102,"j":117},{"i":74,"j":102},{"i":69,"j":128},{"i":110,"j":122},{"i":96,"j":121},{"i":113,"j":121},{"i":121,"j":144},{"i":88,"j":98},{"i":112,"j":129},{"i":84,"j":112},{"i":107,"j":130},{"i":123,"j":127},{"i":121,"j":125},{"i":120,"j":124},{"i":135,"j":167},{"i":130,"j":153},{"i":126,"j":130},{"i":102,"j":155},{"i":126,"j":133},{"i":123,"j":126},{"i":119,"j":153},{"i":107,"j":119},{"i":133,"j":140},{"i":122,"j":143},{"i":118,"j":139},{"i":128,"j":136},{"i":140,"j":184},{"i":140,"j":144},{"i":127,"j":140},{"i":99,"j":120},{"i":134,"j":180},{"i":125,"j":141},{"i":124,"j":125},{"i":128,"j":131},{"i":136,"j":139},{"i":135,"j":137},{"i":134,"j":137},{"i":131,"j":164},{"i":102,"j":138},{"i":148,"j":174},{"i":142,"j":147},{"i":125,"j":150},{"i":132,"j":162},{"i":129,"j":132},{"i":120,"j":141},{"i":139,"j":149},{"i":132,"j":139},{"i":120,"j":142},{"i":145,"j":174},{"i":141,"j":190},{"i":143,"j":145},{"i":142,"j":190},{"i":146,"j":167},{"i":98,"j":146},{"i":119,"j":145},{"i":136,"j":211},{"i":144,"j":161},{"i":163,"j":166},{"i":180,"j":216},{"i":119,"j":148},{"i":161,"j":173},{"i":148,"j":171},{"i":132,"j":149},{"i":138,"j":154},{"i":131,"j":154},{"i":157,"j":316},{"i":156,"j":159},{"i":155,"j":157},{"i":138,"j":155},{"i":154,"j":156},{"i":156,"j":163},{"i":131,"j":158},{"i":159,"j":160},{"i":158,"j":159},{"i":150,"j":161},{"i":165,"j":192},{"i":160,"j":164},{"i":158,"j":160},{"i":149,"j":170},{"i":159,"j":166},{"i":149,"j":169},{"i":165,"j":166},{"i":163,"j":165},{"i":185,"j":188},{"i":147,"j":190},{"i":146,"j":147},{"i":182,"j":191},{"i":137,"j":151},{"i":162,"j":168},{"i":129,"j":162},{"i":170,"j":177},{"i":168,"j":169},{"i":149,"j":181},{"i":152,"j":194},{"i":133,"j":152},{"i":161,"j":175},{"i":150,"j":207},{"i":173,"j":178},{"i":172,"j":173},{"i":175,"j":184},{"i":143,"j":200},{"i":170,"j":179},{"i":152,"j":213},{"i":176,"j":179},{"i":170,"j":176},{"i":175,"j":178},{"i":150,"j":172},{"i":176,"j":177},{"i":137,"j":216},{"i":180,"j":186},{"i":179,"j":183},{"i":169,"j":179},{"i":181,"j":191},{"i":181,"j":182},{"i":177,"j":181},{"i":182,"j":185},{"i":179,"j":187},{"i":188,"j":191},{"i":183,"j":196},{"i":169,"j":183},{"i":151,"j":167},{"i":115,"j":186},{"i":185,"j":187},{"i":178,"j":209},{"i":187,"j":196},{"i":187,"j":188},{"i":164,"j":267},{"i":178,"j":207},{"i":172,"j":178},{"i":143,"j":225},{"i":189,"j":196},{"i":187,"j":189},{"i":195,"j":214},{"i":189,"j":191},{"i":174,"j":198},{"i":171,"j":174},{"i":194,"j":202},{"i":190,"j":195},{"i":194,"j":203},{"i":199,"j":270},{"i":191,"j":193},{"i":166,"j":267},{"i":164,"j":166},{"i":157,"j":197},{"i":143,"j":168},{"i":197,"j":199},{"i":192,"j":197},{"i":171,"j":213},{"i":153,"j":171},{"i":198,"j":220},{"i":167,"j":195},{"i":194,"j":205},{"i":209,"j":218},{"i":171,"j":220},{"i":151,"j":227},{"i":194,"j":204},{"i":184,"j":215},{"i":205,"j":208},{"i":204,"j":206},{"i":203,"j":204},{"i":204,"j":205},{"i":184,"j":209},{"i":207,"j":210},{"i":184,"j":203},{"i":210,"j":221},{"i":190,"j":210},{"i":206,"j":217},{"i":211,"j":267},{"i":211,"j":212},{"i":212,"j":241},{"i":193,"j":212},{"i":202,"j":257},{"i":206,"j":208},{"i":201,"j":230},{"i":151,"j":201},{"i":215,"j":217},{"i":215,"j":219},{"i":221,"j":232},{"i":198,"j":200},{"i":207,"j":218},{"i":213,"j":247},{"i":202,"j":213},{"i":237,"j":258},{"i":221,"j":223},{"i":223,"j":236},{"i":213,"j":256},{"i":196,"j":228},{"i":168,"j":196},{"i":143,"j":224},{"i":225,"j":229},{"i":224,"j":226},{"i":201,"j":214},{"i":227,"j":260},{"i":225,"j":226},{"i":193,"j":242},{"i":226,"j":233},{"i":233,"j":248},{"i":237,"j":240},{"i":232,"j":235},{"i":200,"j":222},{"i":230,"j":260},{"i":227,"j":230},{"i":231,"j":234},{"i":208,"j":231},{"i":229,"j":233},{"i":222,"j":229},{"i":240,"j":250},{"i":232,"j":237},{"i":223,"j":235},{"i":223,"j":265},{"i":236,"j":255},{"i":214,"j":236},{"i":219,"j":245},{"i":218,"j":219},{"i":220,"j":256},{"i":238,"j":243},{"i":235,"j":238},{"i":238,"j":240},{"i":233,"j":252},{"i":241,"j":242},{"i":257,"j":303},{"i":243,"j":244},{"i":235,"j":243},{"i":217,"j":234},{"i":244,"j":253},{"i":234,"j":246},{"i":240,"j":251},{"i":231,"j":254},{"i":220,"j":239},{"i":246,"j":277},{"i":231,"j":264},{"i":251,"j":278},{"i":250,"j":251},{"i":249,"j":250},{"i":221,"j":245},{"i":247,"j":257},{"i":249,"j":253},{"i":244,"j":249},{"i":252,"j":266},{"i":239,"j":271},{"i":255,"j":313},{"i":246,"j":254},{"i":247,"j":256},{"i":258,"j":281},{"i":253,"j":285},{"i":224,"j":228},{"i":192,"j":262},{"i":230,"j":255},{"i":261,"j":269},{"i":216,"j":286},{"i":261,"j":268},{"i":228,"j":274},{"i":192,"j":199},{"i":186,"j":261},{"i":257,"j":264},{"i":231,"j":257},{"i":265,"j":285},{"i":265,"j":273},{"i":251,"j":258},{"i":192,"j":259},{"i":248,"j":283},{"i":259,"j":290},{"i":263,"j":268},{"i":260,"j":286},{"i":268,"j":269},{"i":242,"j":274},{"i":259,"j":262},{"i":222,"j":248},{"i":254,"j":287},{"i":272,"j":275},{"i":252,"j":272},{"i":241,"j":295},{"i":275,"j":301},{"i":279,"j":292},{"i":266,"j":279},{"i":277,"j":280},{"i":277,"j":287},{"i":253,"j":289},{"i":276,"j":284},{"i":239,"j":276},{"i":266,"j":275},{"i":256,"j":271},{"i":270,"j":316},{"i":280,"j":281},{"i":245,"j":280},{"i":278,"j":312},{"i":279,"j":283},{"i":282,"j":283},{"i":279,"j":282},{"i":284,"j":303},{"i":271,"j":284},{"i":289,"j":327},{"i":253,"j":278},{"i":288,"j":295},{"i":255,"j":273},{"i":264,"j":320},{"i":283,"j":298},{"i":276,"j":283},{"i":289,"j":309},{"i":272,"j":274},{"i":270,"j":290},{"i":262,"j":270},{"i":288,"j":291},{"i":274,"j":288},{"i":301,"j":311},{"i":261,"j":294},{"i":296,"j":299},{"i":293,"j":297},{"i":269,"j":293},{"i":294,"j":299},{"i":272,"j":311},{"i":267,"j":290},{"i":294,"j":296},{"i":293,"j":294},{"i":286,"j":299},{"i":296,"j":297},{"i":297,"j":307},{"i":269,"j":297},{"i":282,"j":310},{"i":273,"j":315},{"i":298,"j":300},{"i":102,"j":365},{"i":301,"j":302},{"i":292,"j":301},{"i":284,"j":300},{"i":305,"j":311},{"i":289,"j":308},{"i":304,"j":326},{"i":286,"j":304},{"i":287,"j":325},{"i":302,"j":318},{"i":292,"j":302},{"i":299,"j":329},{"i":281,"j":312},{"i":303,"j":338},{"i":273,"j":285},{"i":310,"j":318},{"i":302,"j":305},{"i":291,"j":340},{"i":264,"j":322},{"i":316,"j":365},{"i":285,"j":308},{"i":304,"j":313},{"i":310,"j":314},{"i":298,"j":310},{"i":308,"j":309},{"i":311,"j":342},{"i":290,"j":319},{"i":306,"j":340},{"i":291,"j":306},{"i":330,"j":335},{"i":317,"j":318},{"i":305,"j":317},{"i":318,"j":343},{"i":314,"j":318},{"i":316,"j":319},{"i":300,"j":330},{"i":325,"j":390},{"i":312,"j":327},{"i":321,"j":349},{"i":287,"j":320},{"i":320,"j":336},{"i":339,"j":345},{"i":321,"j":324},{"i":309,"j":321},{"i":324,"j":349},{"i":328,"j":346},{"i":287,"j":323},{"i":315,"j":328},{"i":315,"j":332},{"i":315,"j":324},{"i":340,"j":393},{"i":326,"j":329},{"i":329,"j":351},{"i":322,"j":336},{"i":314,"j":344},{"i":330,"j":331},{"i":321,"j":350},{"i":295,"j":319},{"i":316,"j":334},{"i":333,"j":335},{"i":300,"j":333},{"i":340,"j":363},{"i":331,"j":338},{"i":327,"j":339},{"i":348,"j":395},{"i":319,"j":358},{"i":325,"j":345},{"i":312,"j":325},{"i":331,"j":335},{"i":337,"j":340},{"i":306,"j":337},{"i":325,"j":357},{"i":343,"j":347},{"i":311,"j":340},{"i":336,"j":348},{"i":323,"j":336},{"i":342,"j":343},{"i":317,"j":342},{"i":341,"j":350},{"i":339,"j":341},{"i":322,"j":338},{"i":332,"j":361},{"i":328,"j":332},{"i":344,"j":373},{"i":333,"j":344},{"i":326,"j":355},{"i":345,"j":366},{"i":341,"j":345},{"i":354,"j":360},{"i":352,"j":353},{"i":326,"j":352},{"i":346,"j":356},{"i":354,"j":356},{"i":353,"j":375},{"i":351,"j":353},{"i":313,"j":354},{"i":354,"j":359},{"i":356,"j":362},{"i":346,"j":386},{"i":323,"j":390},{"i":355,"j":359},{"i":332,"j":385},{"i":360,"j":362},{"i":359,"j":360},{"i":349,"j":389},{"i":362,"j":364},{"i":342,"j":363},{"i":365,"j":464},{"i":334,"j":397},{"i":357,"j":366},{"i":364,"j":367},{"i":369,"j":374},{"i":367,"j":369},{"i":342,"j":376},{"i":355,"j":367},{"i":338,"j":399},{"i":373,"j":415},{"i":369,"j":372},{"i":372,"j":379},{"i":371,"j":372},{"i":364,"j":371},{"i":371,"j":386},{"i":370,"j":395},{"i":347,"j":382},{"i":344,"j":347},{"i":374,"j":378},{"i":355,"j":374},{"i":352,"j":396},{"i":346,"j":361},{"i":370,"j":381},{"i":348,"j":370},{"i":337,"j":358},{"i":381,"j":390},{"i":351,"j":375},{"i":377,"j":378},{"i":374,"j":377},{"i":349,"j":384},{"i":332,"j":349},{"i":377,"j":379},{"i":350,"j":388},{"i":335,"j":428},{"i":366,"j":409},{"i":368,"j":383},{"i":347,"j":368},{"i":373,"j":398},{"i":361,"j":380},{"i":384,"j":385},{"i":386,"j":391},{"i":379,"j":386},{"i":380,"j":394},{"i":387,"j":389},{"i":349,"j":387},{"i":387,"j":388},{"i":387,"j":392},{"i":384,"j":434},{"i":380,"j":432},{"i":377,"j":391},{"i":388,"j":409},{"i":394,"j":432},{"i":382,"j":383},{"i":385,"j":427},{"i":373,"j":433},{"i":378,"j":401},{"i":408,"j":448},{"i":403,"j":407},{"i":334,"j":365},{"i":373,"j":382},{"i":403,"j":406},{"i":338,"j":403},{"i":399,"j":404},{"i":395,"j":402},{"i":391,"j":394},{"i":396,"j":431},{"i":400,"j":414},{"i":381,"j":400},{"i":404,"j":406},{"i":399,"j":406},{"i":407,"j":426},{"i":404,"j":405},{"i":395,"j":404},{"i":405,"j":411},{"i":406,"j":416},{"i":405,"j":406},{"i":375,"j":431},{"i":408,"j":410},{"i":351,"j":408},{"i":389,"j":434},{"i":396,"j":401},{"i":376,"j":423},{"i":411,"j":412},{"i":357,"j":390},{"i":402,"j":417},{"i":400,"j":402},{"i":412,"j":417},{"i":402,"j":412},{"i":416,"j":418},{"i":413,"j":416},{"i":411,"j":421},{"i":368,"j":376},{"i":407,"j":458},{"i":418,"j":421},{"i":413,"j":418},{"i":411,"j":413},{"i":398,"j":428},{"i":335,"j":398},{"i":417,"j":425},{"i":416,"j":426},{"i":419,"j":420},{"i":383,"j":419},{"i":464,"j":648},{"i":421,"j":435},{"i":415,"j":455},{"i":363,"j":424},{"i":420,"j":438},{"i":393,"j":424},{"i":422,"j":470},{"i":419,"j":422},{"i":393,"j":468},{"i":452,"j":465},{"i":450,"j":452},{"i":392,"j":409},{"i":398,"j":415},{"i":427,"j":437},{"i":427,"j":430},{"i":421,"j":426},{"i":382,"j":420},{"i":429,"j":445},{"i":380,"j":429},{"i":431,"j":448},{"i":432,"j":441},{"i":401,"j":432},{"i":426,"j":458},{"i":425,"j":435},{"i":414,"j":425},{"i":434,"j":457},{"i":415,"j":439},{"i":434,"j":437},{"i":444,"j":447},{"i":390,"j":447},{"i":433,"j":439},{"i":433,"j":438},{"i":390,"j":414},{"i":430,"j":445},{"i":429,"j":430},{"i":448,"j":462},{"i":437,"j":457},{"i":443,"j":454},{"i":442,"j":443},{"i":366,"j":442},{"i":444,"j":475},{"i":409,"j":440},{"i":414,"j":435},{"i":392,"j":459},{"i":434,"j":446},{"i":445,"j":449},{"i":443,"j":453},{"i":440,"j":443},{"i":441,"j":449},{"i":451,"j":502},{"i":445,"j":460},{"i":439,"j":467},{"i":448,"j":451},{"i":423,"j":456},{"i":422,"j":423},{"i":436,"j":452},{"i":358,"j":436},{"i":442,"j":444},{"i":458,"j":473},{"i":440,"j":480},{"i":424,"j":477},{"i":393,"j":450},{"i":446,"j":497},{"i":428,"j":471},{"i":458,"j":471},{"i":453,"j":490},{"i":463,"j":476},{"i":441,"j":463},{"i":450,"j":465},{"i":441,"j":472},{"i":451,"j":462},{"i":460,"j":463},{"i":449,"j":460},{"i":397,"j":485},{"i":461,"j":468},{"i":393,"j":461},{"i":466,"j":648},{"i":465,"j":469},{"i":397,"j":464},{"i":422,"j":456},{"i":471,"j":495},{"i":461,"j":465},{"i":456,"j":486},{"i":436,"j":485},{"i":424,"j":478},{"i":455,"j":467},{"i":455,"j":500},{"i":473,"j":488},{"i":435,"j":473},{"i":453,"j":454},{"i":500,"j":566},{"i":458,"j":479},{"i":472,"j":474},{"i":462,"j":472},{"i":476,"j":482},{"i":459,"j":480},{"i":446,"j":459},{"i":456,"j":477},{"i":438,"j":492},{"i":483,"j":491},{"i":476,"j":481},{"i":481,"j":491},{"i":457,"j":497},{"i":474,"j":481},{"i":483,"j":484},{"i":474,"j":483},{"i":462,"j":484},{"i":477,"j":478},{"i":464,"j":466},{"i":478,"j":507},{"i":486,"j":537},{"i":470,"j":486},{"i":470,"j":492},{"i":493,"j":500},{"i":475,"j":505},{"i":479,"j":496},{"i":488,"j":499},{"i":447,"j":488},{"i":480,"j":518},{"i":491,"j":494},{"i":484,"j":491},{"i":487,"j":493},{"i":467,"j":487},{"i":487,"j":492},{"i":491,"j":513},{"i":494,"j":516},{"i":471,"j":500},{"i":497,"j":535},{"i":445,"j":506},{"i":482,"j":513},{"i":494,"j":498},{"i":489,"j":509},{"i":488,"j":489},{"i":501,"j":508},{"i":475,"j":501},{"i":489,"j":496},{"i":499,"j":501},{"i":503,"j":528},{"i":462,"j":516},{"i":480,"j":490},{"i":410,"j":502},{"i":490,"j":523},{"i":475,"j":503},{"i":482,"j":504},{"i":497,"j":514},{"i":468,"j":469},{"i":496,"j":519},{"i":510,"j":511},{"i":479,"j":495},{"i":499,"j":509},{"i":519,"j":525},{"i":505,"j":528},{"i":509,"j":511},{"i":517,"j":532},{"i":505,"j":522},{"i":454,"j":505},{"i":519,"j":546},{"i":486,"j":545},{"i":498,"j":529},{"i":523,"j":556},{"i":531,"j":538},{"i":504,"j":506},{"i":521,"j":544},{"i":503,"j":508},{"i":533,"j":561},{"i":496,"j":515},{"i":512,"j":524},{"i":468,"j":512},{"i":485,"j":520},{"i":469,"j":485},{"i":517,"j":521},{"i":513,"j":517},{"i":514,"j":538},{"i":508,"j":539},{"i":490,"j":522},{"i":506,"j":514},{"i":512,"j":526},{"i":536,"j":588},{"i":525,"j":539},{"i":511,"j":525},{"i":512,"j":520},{"i":507,"j":543},{"i":486,"j":507},{"i":492,"j":551},{"i":507,"j":558},{"i":510,"j":539},{"i":508,"j":510},{"i":522,"j":556},{"i":541,"j":546},{"i":515,"j":541},{"i":498,"j":521},{"i":516,"j":530},{"i":502,"j":516},{"i":529,"j":530},{"i":532,"j":544},{"i":518,"j":535},{"i":530,"j":589},{"i":466,"j":533},{"i":531,"j":534},{"i":504,"j":531},{"i":518,"j":540},{"i":548,"j":584},{"i":518,"j":523},{"i":535,"j":549},{"i":527,"j":536},{"i":495,"j":527},{"i":515,"j":536},{"i":507,"j":524},{"i":532,"j":553},{"i":525,"j":581},{"i":538,"j":550},{"i":540,"j":583},{"i":541,"j":588},{"i":533,"j":542},{"i":485,"j":533},{"i":543,"j":560},{"i":532,"j":534},{"i":544,"j":589},{"i":529,"j":544},{"i":486,"j":543},{"i":545,"j":548},{"i":492,"j":537},{"i":557,"j":566},{"i":547,"j":548},{"i":561,"j":648},{"i":537,"j":554},{"i":556,"j":594},{"i":550,"j":552},{"i":556,"j":577},{"i":547,"j":554},{"i":537,"j":547},{"i":550,"j":559},{"i":532,"j":555},{"i":553,"j":589},{"i":556,"j":572},{"i":545,"j":560},{"i":534,"j":552},{"i":551,"j":557},{"i":493,"j":551},{"i":540,"j":562},{"i":528,"j":594},{"i":551,"j":568},{"i":524,"j":601},{"i":559,"j":563},{"i":558,"j":569},{"i":520,"j":542},{"i":556,"j":562},{"i":540,"j":556},{"i":563,"j":578},{"i":552,"j":563},{"i":561,"j":564},{"i":542,"j":561},{"i":561,"j":573},{"i":524,"j":526},{"i":554,"j":568},{"i":570,"j":588},{"i":527,"j":570},{"i":561,"j":591},{"i":567,"j":571},{"i":560,"j":569},{"i":565,"j":569},{"i":558,"j":565},{"i":567,"j":570},{"i":566,"j":567},{"i":572,"j":606},{"i":557,"j":568},{"i":582,"j":593},{"i":548,"j":569},{"i":564,"j":595},{"i":526,"j":564},{"i":559,"j":579},{"i":574,"j":575},{"i":552,"j":574},{"i":575,"j":607},{"i":555,"j":575},{"i":562,"j":572},{"i":559,"j":585},{"i":549,"j":585},{"i":578,"j":597},{"i":574,"j":578},{"i":562,"j":576},{"i":578,"j":579},{"i":565,"j":600},{"i":571,"j":588},{"i":592,"j":631},{"i":576,"j":593},{"i":582,"j":592},{"i":540,"j":582},{"i":580,"j":584},{"i":569,"j":580},{"i":586,"j":598},{"i":585,"j":586},{"i":583,"j":587},{"i":549,"j":583},{"i":579,"j":598},{"i":583,"j":592},{"i":576,"j":606},{"i":553,"j":555},{"i":584,"j":590},{"i":568,"j":584},{"i":595,"j":618},{"i":577,"j":606},{"i":587,"j":598},{"i":586,"j":587},{"i":539,"j":596},{"i":528,"j":539},{"i":605,"j":613},{"i":604,"j":605},{"i":546,"j":615},{"i":573,"j":612},{"i":564,"j":573},{"i":592,"j":599},{"i":598,"j":599},{"i":593,"j":631},{"i":577,"j":594},{"i":602,"j":616},{"i":524,"j":595},{"i":365,"j":648},{"i":590,"j":610},{"i":571,"j":590},{"i":602,"j":603},{"i":581,"j":602},{"i":581,"j":640},{"i":600,"j":605},{"i":604,"j":608},{"i":580,"j":604},{"i":594,"j":596},{"i":588,"j":610},{"i":597,"j":607},{"i":607,"j":614},{"i":609,"j":611},{"i":589,"j":609},{"i":609,"j":614},{"i":591,"j":612},{"i":601,"j":635},{"i":600,"j":601},{"i":611,"j":642},{"i":502,"j":611},{"i":614,"j":645},{"i":615,"j":616},{"i":619,"j":622},{"i":596,"j":619},{"i":608,"j":621},{"i":590,"j":608},{"i":621,"j":624},{"i":610,"j":621},{"i":612,"j":618},{"i":619,"j":640},{"i":606,"j":639},{"i":617,"j":623},{"i":610,"j":617},{"i":621,"j":627},{"i":581,"j":603},{"i":628,"j":641},{"i":622,"j":625},{"i":620,"j":622},{"i":623,"j":632},{"i":588,"j":623},{"i":633,"j":646},{"i":647,"j":671},{"i":624,"j":626},{"i":617,"j":624},{"i":623,"j":626},{"i":608,"j":641},{"i":627,"j":628},{"i":626,"j":627},{"i":628,"j":633},{"i":620,"j":639},{"i":594,"j":620},{"i":591,"j":630},{"i":629,"j":631},{"i":606,"j":629},{"i":618,"j":635},{"i":601,"j":618},{"i":632,"j":636},{"i":633,"j":634},{"i":612,"j":644},{"i":638,"j":657},{"i":634,"j":637},{"i":632,"j":634},{"i":639,"j":654},{"i":625,"j":654},{"i":599,"j":631},{"i":638,"j":640},{"i":603,"j":638},{"i":616,"j":657},{"i":607,"j":645},{"i":642,"j":645},{"i":641,"j":646},{"i":613,"j":650},{"i":608,"j":613},{"i":612,"j":668},{"i":642,"j":726},{"i":502,"j":642},{"i":631,"j":671},{"i":641,"j":643},{"i":636,"j":637},{"i":651,"j":658},{"i":635,"j":661},{"i":612,"j":630},{"i":598,"j":651},{"i":597,"j":598},{"i":649,"j":672},{"i":645,"j":649},{"i":661,"j":677},{"i":643,"j":650},{"i":598,"j":647},{"i":615,"j":636},{"i":651,"j":653},{"i":653,"j":672},{"i":649,"j":653},{"i":652,"j":656},{"i":640,"j":652},{"i":655,"j":656},{"i":652,"j":655},{"i":634,"j":659},{"i":646,"j":659},{"i":647,"j":662},{"i":629,"j":654},{"i":659,"j":682},{"i":662,"j":671},{"i":658,"j":673},{"i":662,"j":663},{"i":664,"j":666},{"i":660,"j":673},{"i":658,"j":660},{"i":664,"j":676},{"i":664,"j":665},{"i":637,"j":664},{"i":656,"j":674},{"i":640,"j":656},{"i":665,"j":666},{"i":636,"j":665},{"i":669,"j":708},{"i":625,"j":640},{"i":661,"j":670},{"i":650,"j":661},{"i":648,"j":668},{"i":630,"j":648},{"i":667,"j":671},{"i":654,"j":667},{"i":659,"j":680},{"i":667,"j":669},{"i":674,"j":684},{"i":660,"j":663},{"i":689,"j":741},{"i":672,"j":691},{"i":657,"j":688},{"i":655,"j":657},{"i":672,"j":703},{"i":635,"j":644},{"i":643,"j":670},{"i":674,"j":704},{"i":644,"j":681},{"i":675,"j":677},{"i":668,"j":678},{"i":679,"j":726},{"i":642,"j":679},{"i":676,"j":680},{"i":678,"j":681},{"i":661,"j":686},{"i":675,"j":686},{"i":661,"j":675},{"i":683,"j":690},{"i":670,"j":683},{"i":676,"j":685},{"i":688,"j":694},{"i":673,"j":703},{"i":688,"j":693},{"i":697,"j":709},{"i":681,"j":687},{"i":677,"j":681},{"i":666,"j":695},{"i":657,"j":666},{"i":702,"j":712},{"i":697,"j":702},{"i":678,"j":699},{"i":686,"j":696},{"i":682,"j":690},{"i":671,"j":701},{"i":663,"j":671},{"i":679,"j":691},{"i":688,"j":692},{"i":674,"j":692},{"i":685,"j":695},{"i":692,"j":707},{"i":669,"j":684},{"i":704,"j":718},{"i":690,"j":709},{"i":682,"j":697},{"i":678,"j":689},{"i":680,"j":712},{"i":694,"j":715},{"i":692,"j":693},{"i":698,"j":701},{"i":693,"j":694},{"i":696,"j":709},{"i":683,"j":696},{"i":698,"j":703},{"i":673,"j":698},{"i":703,"j":716},{"i":694,"j":711},{"i":704,"j":705},{"i":696,"j":713},{"i":648,"j":706},{"i":684,"j":721},{"i":695,"j":715},{"i":705,"j":721},{"i":687,"j":722},{"i":709,"j":720},{"i":702,"j":709},{"i":708,"j":710},{"i":710,"j":716},{"i":701,"j":710},{"i":695,"j":724},{"i":707,"j":711},{"i":713,"j":758},{"i":700,"j":712},{"i":687,"j":699},{"i":691,"j":703},{"i":700,"j":717},{"i":685,"j":700},{"i":741,"j":781},{"i":708,"j":721},{"i":721,"j":747},{"i":707,"j":725},{"i":705,"j":718},{"i":714,"j":719},{"i":691,"j":714},{"i":711,"j":715},{"i":713,"j":720},{"i":717,"j":723},{"i":716,"j":739},{"i":714,"j":716},{"i":720,"j":727},{"i":712,"j":720},{"i":695,"j":731},{"i":715,"j":729},{"i":725,"j":729},{"i":718,"j":725},{"i":679,"j":719},{"i":724,"j":740},{"i":727,"j":755},{"i":722,"j":728},{"i":695,"j":723},{"i":730,"j":735},{"i":730,"j":731},{"i":723,"j":730},{"i":735,"j":744},{"i":724,"j":737},{"i":732,"j":735},{"i":732,"j":733},{"i":731,"j":732},{"i":721,"j":738},{"i":719,"j":734},{"i":727,"j":742},{"i":717,"j":727},{"i":731,"j":744},{"i":718,"j":752},{"i":736,"j":740},{"i":724,"j":736},{"i":733,"j":744},{"i":731,"j":733},{"i":738,"j":743},{"i":716,"j":743},{"i":751,"j":788},{"i":736,"j":737},{"i":689,"j":706},{"i":739,"j":754},{"i":738,"j":745},{"i":753,"j":762},{"i":741,"j":746},{"i":747,"j":752},{"i":747,"j":748},{"i":745,"j":748},{"i":728,"j":750},{"i":713,"j":728},{"i":749,"j":770},{"i":750,"j":771},{"i":729,"j":762},{"i":735,"j":742},{"i":743,"j":757},{"i":754,"j":760},{"i":734,"j":754},{"i":753,"j":756},{"i":752,"j":753},{"i":727,"j":749},{"i":729,"j":740},{"i":756,"j":764},{"i":748,"j":756},{"i":745,"j":768},{"i":744,"j":769},{"i":737,"j":744},{"i":750,"j":751},{"i":758,"j":759},{"i":749,"j":758},{"i":771,"j":797},{"i":739,"j":763},{"i":734,"j":760},{"i":768,"j":795},{"i":766,"j":768},{"i":760,"j":763},{"i":762,"j":764},{"i":742,"j":755},{"i":699,"j":746},{"i":757,"j":768},{"i":739,"j":757},{"i":766,"j":773},{"i":763,"j":766},{"i":775,"j":792},{"i":749,"j":759},{"i":755,"j":770},{"i":722,"j":765},{"i":771,"j":772},{"i":770,"j":783},{"i":777,"j":793},{"i":773,"j":774},{"i":767,"j":773},{"i":769,"j":775},{"i":780,"j":795},{"i":776,"j":780},{"i":769,"j":798},{"i":774,"j":785},{"i":776,"j":795},{"i":764,"j":776},{"i":775,"j":777},{"i":740,"j":775},{"i":777,"j":778},{"i":762,"j":777},{"i":746,"j":786},{"i":706,"j":779},{"i":778,"j":780},{"i":776,"j":778},{"i":791,"j":798},{"i":779,"j":781},{"i":781,"j":789},{"i":759,"j":799},{"i":783,"j":799},{"i":772,"j":787},{"i":751,"j":772},{"i":782,"j":783},{"i":767,"j":785},{"i":760,"j":767},{"i":785,"j":795},{"i":784,"j":785},{"i":774,"j":795},{"i":765,"j":797},{"i":787,"j":796},{"i":788,"j":799},{"i":765,"j":786},{"i":789,"j":790},{"i":786,"j":789},{"i":782,"j":791},{"i":742,"j":782},{"i":792,"j":798},{"i":793,"j":798},{"i":792,"j":793},{"i":787,"j":797},{"i":779,"j":794},{"i":793,"j":795},{"i":790,"j":797},{"i":797,"j":799},{"i":796,"j":797},{"i":794,"j":797},{"i":790,"j":794},{"i":791,"j":799},{"i":796,"j":799},{"i":788,"j":796},{"i":0,"j":1},{"i":1,"j":7},{"i":7,"j":31},{"i":31,"j":263},{"i":263,"j":307},{"i":307,"j":410},{"i":410,"j":726},{"i":726,"j":761},{"i":761,"j":784},{"i":784,"j":795},{"i":795,"j":798},{"i":798,"j":799}],"type":"Solution"}