{"instance_name":"stars-0000600","edges":[{"i":2,"j":11},{"i":0,"j":2},{"i":1,"j":7},{"i":0,"j":1},{"i":1,"j":3},{"i":5,"j":13},{"i":0,"j":18},{"i":2,"j":5},{"i":1,"j":2},{"i":2,"j":9},{"i":1,"j":5},{"i":3,"j":25},{"i":0,"j":3},{"i":1,"j":10},{"i":7,"j":10},{"i":0,"j":8},{"i":16,"j":35},{"i":5,"j":17},{"i":4,"j":12},{"i":2,"j":4},{"i":11,"j":16},{"i":4,"j":11},{"i":5,"j":9},{"i":14,"j":29},{"i":6,"j":21},{"i":1,"j":6},{"i":12,"j":16},{"i":14,"j":15},{"i":10,"j":14},{"i":6,"j":13},{"i":8,"j":32},{"i":3,"j":37},{"i":12,"j":20},{"i":8,"j":23},{"i":27,"j":57},{"i":21,"j":49},{"i":17,"j":36},{"i":20,"j":57},{"i":22,"j":23},{"i":8,"j":22},{"i":23,"j":30},{"i":7,"j":15},{"i":12,"j":27},{"i":15,"j":40},{"i":7,"j":26},{"i":18,"j":25},{"i":10,"j":21},{"i":9,"j":24},{"i":18,"j":34},{"i":24,"j":27},{"i":29,"j":50},{"i":33,"j":39},{"i":11,"j":33},{"i":28,"j":31},{"i":24,"j":28},{"i":3,"j":7},{"i":32,"j":38},{"i":22,"j":32},{"i":28,"j":57},{"i":16,"j":39},{"i":17,"j":31},{"i":21,"j":48},{"i":32,"j":34},{"i":35,"j":77},{"i":20,"j":35},{"i":44,"j":59},{"i":45,"j":47},{"i":40,"j":41},{"i":41,"j":44},{"i":26,"j":41},{"i":38,"j":42},{"i":39,"j":43},{"i":51,"j":68},{"i":44,"j":45},{"i":26,"j":45},{"i":46,"j":54},{"i":45,"j":46},{"i":48,"j":51},{"i":29,"j":48},{"i":50,"j":53},{"i":40,"j":50},{"i":54,"j":60},{"i":52,"j":54},{"i":51,"j":53},{"i":37,"j":93},{"i":46,"j":47},{"i":48,"j":49},{"i":55,"j":56},{"i":49,"j":55},{"i":43,"j":77},{"i":35,"j":43},{"i":56,"j":61},{"i":33,"j":82},{"i":61,"j":78},{"i":51,"j":61},{"i":72,"j":104},{"i":56,"j":64},{"i":37,"j":52},{"i":62,"j":72},{"i":25,"j":62},{"i":58,"j":63},{"i":57,"j":58},{"i":13,"j":36},{"i":36,"j":76},{"i":73,"j":90},{"i":66,"j":76},{"i":33,"j":73},{"i":71,"j":75},{"i":53,"j":71},{"i":66,"j":69},{"i":55,"j":66},{"i":34,"j":72},{"i":72,"j":86},{"i":70,"j":72},{"i":68,"j":71},{"i":70,"j":84},{"i":38,"j":70},{"i":59,"j":94},{"i":47,"j":59},{"i":69,"j":74},{"i":64,"j":69},{"i":67,"j":73},{"i":33,"j":67},{"i":31,"j":63},{"i":74,"j":97},{"i":63,"j":92},{"i":58,"j":103},{"i":61,"j":64},{"i":82,"j":95},{"i":67,"j":82},{"i":68,"j":78},{"i":74,"j":100},{"i":73,"j":80},{"i":79,"j":81},{"i":78,"j":79},{"i":87,"j":105},{"i":80,"j":83},{"i":73,"j":91},{"i":80,"j":118},{"i":60,"j":87},{"i":52,"j":60},{"i":84,"j":89},{"i":42,"j":84},{"i":86,"j":88},{"i":65,"j":102},{"i":59,"j":65},{"i":88,"j":89},{"i":84,"j":88},{"i":89,"j":98},{"i":92,"j":103},{"i":82,"j":85},{"i":103,"j":132},{"i":97,"j":109},{"i":86,"j":110},{"i":94,"j":102},{"i":75,"j":106},{"i":65,"j":75},{"i":90,"j":118},{"i":87,"j":94},{"i":95,"j":138},{"i":93,"j":107},{"i":92,"j":99},{"i":93,"j":104},{"i":62,"j":93},{"i":42,"j":98},{"i":71,"j":81},{"i":99,"j":100},{"i":76,"j":99},{"i":103,"j":120},{"i":99,"j":103},{"i":100,"j":124},{"i":95,"j":101},{"i":91,"j":95},{"i":79,"j":109},{"i":109,"j":129},{"i":83,"j":118},{"i":77,"j":83},{"i":87,"j":113},{"i":104,"j":110},{"i":87,"j":115},{"i":105,"j":107},{"i":93,"j":105},{"i":87,"j":96},{"i":104,"j":153},{"i":96,"j":102},{"i":96,"j":141},{"i":111,"j":112},{"i":104,"j":114},{"i":108,"j":119},{"i":98,"j":108},{"i":111,"j":119},{"i":108,"j":111},{"i":110,"j":114},{"i":131,"j":154},{"i":107,"j":113},{"i":90,"j":91},{"i":112,"j":114},{"i":109,"j":116},{"i":81,"j":109},{"i":106,"j":116},{"i":109,"j":139},{"i":116,"j":129},{"i":112,"j":131},{"i":103,"j":127},{"i":101,"j":123},{"i":118,"j":122},{"i":120,"j":126},{"i":123,"j":125},{"i":122,"j":123},{"i":101,"j":138},{"i":124,"j":126},{"i":121,"j":124},{"i":121,"j":140},{"i":97,"j":121},{"i":127,"j":130},{"i":120,"j":127},{"i":77,"j":118},{"i":134,"j":164},{"i":128,"j":136},{"i":127,"j":128},{"i":115,"j":133},{"i":113,"j":115},{"i":131,"j":137},{"i":130,"j":134},{"i":118,"j":143},{"i":117,"j":135},{"i":106,"j":117},{"i":130,"j":132},{"i":135,"j":144},{"i":102,"j":135},{"i":128,"j":134},{"i":107,"j":159},{"i":119,"j":137},{"i":125,"j":143},{"i":122,"j":125},{"i":126,"j":145},{"i":85,"j":168},{"i":129,"j":146},{"i":135,"j":142},{"i":141,"j":151},{"i":139,"j":152},{"i":140,"j":177},{"i":144,"j":147},{"i":142,"j":144},{"i":139,"j":140},{"i":117,"j":146},{"i":143,"j":148},{"i":132,"j":143},{"i":150,"j":168},{"i":125,"j":138},{"i":141,"j":142},{"i":146,"j":172},{"i":151,"j":158},{"i":133,"j":151},{"i":136,"j":157},{"i":107,"j":133},{"i":153,"j":162},{"i":114,"j":162},{"i":151,"j":167},{"i":136,"j":164},{"i":134,"j":148},{"i":150,"j":156},{"i":138,"j":150},{"i":155,"j":161},{"i":145,"j":155},{"i":147,"j":176},{"i":167,"j":176},{"i":133,"j":158},{"i":159,"j":186},{"i":158,"j":160},{"i":168,"j":180},{"i":160,"j":171},{"i":159,"j":160},{"i":157,"j":161},{"i":155,"j":157},{"i":153,"j":186},{"i":154,"j":194},{"i":152,"j":165},{"i":146,"j":152},{"i":145,"j":170},{"i":145,"j":169},{"i":165,"j":177},{"i":167,"j":171},{"i":165,"j":166},{"i":163,"j":174},{"i":149,"j":163},{"i":149,"j":176},{"i":147,"j":149},{"i":174,"j":192},{"i":145,"j":178},{"i":156,"j":175},{"i":143,"j":156},{"i":161,"j":173},{"i":161,"j":185},{"i":169,"j":177},{"i":146,"j":166},{"i":166,"j":182},{"i":176,"j":192},{"i":163,"j":172},{"i":177,"j":188},{"i":156,"j":200},{"i":175,"j":190},{"i":172,"j":198},{"i":145,"j":173},{"i":148,"j":189},{"i":168,"j":179},{"i":85,"j":243},{"i":178,"j":191},{"i":174,"j":198},{"i":173,"j":187},{"i":164,"j":206},{"i":170,"j":191},{"i":169,"j":170},{"i":185,"j":187},{"i":184,"j":191},{"i":178,"j":184},{"i":179,"j":180},{"i":164,"j":211},{"i":189,"j":197},{"i":183,"j":189},{"i":195,"j":214},{"i":187,"j":202},{"i":184,"j":187},{"i":181,"j":223},{"i":182,"j":230},{"i":171,"j":181},{"i":162,"j":194},{"i":154,"j":162},{"i":194,"j":199},{"i":193,"j":194},{"i":137,"j":193},{"i":186,"j":207},{"i":189,"j":190},{"i":182,"j":246},{"i":191,"j":213},{"i":186,"j":196},{"i":195,"j":197},{"i":190,"j":195},{"i":180,"j":243},{"i":208,"j":210},{"i":187,"j":210},{"i":179,"j":201},{"i":164,"j":183},{"i":218,"j":229},{"i":193,"j":218},{"i":203,"j":209},{"i":119,"j":203},{"i":201,"j":204},{"i":200,"j":201},{"i":175,"j":221},{"i":197,"j":219},{"i":185,"j":206},{"i":203,"j":228},{"i":207,"j":232},{"i":212,"j":245},{"i":199,"j":218},{"i":191,"j":202},{"i":208,"j":222},{"i":202,"j":208},{"i":183,"j":219},{"i":181,"j":192},{"i":188,"j":246},{"i":213,"j":222},{"i":212,"j":213},{"i":211,"j":216},{"i":200,"j":221},{"i":205,"j":219},{"i":197,"j":205},{"i":211,"j":215},{"i":216,"j":217},{"i":206,"j":216},{"i":222,"j":245},{"i":218,"j":228},{"i":192,"j":233},{"i":214,"j":242},{"i":205,"j":214},{"i":171,"j":227},{"i":217,"j":225},{"i":210,"j":217},{"i":198,"j":231},{"i":171,"j":220},{"i":199,"j":207},{"i":220,"j":223},{"i":215,"j":275},{"i":214,"j":221},{"i":204,"j":238},{"i":220,"j":234},{"i":228,"j":274},{"i":196,"j":258},{"i":229,"j":239},{"i":232,"j":248},{"i":188,"j":212},{"i":230,"j":231},{"i":231,"j":236},{"i":227,"j":234},{"i":224,"j":227},{"i":229,"j":232},{"i":233,"j":234},{"i":223,"j":233},{"i":236,"j":244},{"i":233,"j":236},{"i":196,"j":224},{"i":230,"j":235},{"i":188,"j":237},{"i":235,"j":240},{"i":241,"j":250},{"i":204,"j":226},{"i":232,"j":261},{"i":239,"j":274},{"i":235,"j":251},{"i":238,"j":241},{"i":221,"j":238},{"i":241,"j":242},{"i":238,"j":250},{"i":226,"j":273},{"i":244,"j":247},{"i":233,"j":244},{"i":225,"j":249},{"i":253,"j":273},{"i":240,"j":260},{"i":231,"j":240},{"i":234,"j":296},{"i":224,"j":296},{"i":239,"j":248},{"i":225,"j":254},{"i":249,"j":266},{"i":245,"j":249},{"i":238,"j":253},{"i":237,"j":259},{"i":247,"j":270},{"i":234,"j":247},{"i":254,"j":256},{"i":250,"j":264},{"i":251,"j":286},{"i":242,"j":272},{"i":254,"j":255},{"i":249,"j":298},{"i":255,"j":298},{"i":249,"j":255},{"i":252,"j":293},{"i":253,"j":257},{"i":245,"j":269},{"i":237,"j":245},{"i":246,"j":276},{"i":258,"j":261},{"i":269,"j":281},{"i":259,"j":269},{"i":260,"j":262},{"i":261,"j":263},{"i":248,"j":261},{"i":268,"j":305},{"i":263,"j":268},{"i":252,"j":259},{"i":257,"j":264},{"i":263,"j":274},{"i":265,"j":304},{"i":262,"j":270},{"i":255,"j":256},{"i":265,"j":267},{"i":261,"j":265},{"i":267,"j":268},{"i":267,"j":304},{"i":266,"j":269},{"i":262,"j":279},{"i":266,"j":285},{"i":270,"j":290},{"i":246,"j":252},{"i":219,"j":272},{"i":264,"j":272},{"i":242,"j":264},{"i":219,"j":282},{"i":215,"j":219},{"i":276,"j":277},{"i":275,"j":278},{"i":271,"j":286},{"i":251,"j":271},{"i":279,"j":287},{"i":270,"j":279},{"i":273,"j":311},{"i":243,"j":280},{"i":226,"j":243},{"i":277,"j":283},{"i":271,"j":277},{"i":278,"j":300},{"i":254,"j":278},{"i":256,"j":299},{"i":276,"j":288},{"i":289,"j":303},{"i":283,"j":292},{"i":271,"j":283},{"i":266,"j":295},{"i":281,"j":293},{"i":285,"j":295},{"i":284,"j":285},{"i":281,"j":284},{"i":287,"j":309},{"i":287,"j":291},{"i":288,"j":289},{"i":288,"j":297},{"i":286,"j":294},{"i":260,"j":286},{"i":283,"j":289},{"i":292,"j":307},{"i":291,"j":320},{"i":290,"j":291},{"i":293,"j":297},{"i":290,"j":306},{"i":299,"j":314},{"i":304,"j":324},{"i":295,"j":302},{"i":284,"j":295},{"i":275,"j":282},{"i":299,"j":301},{"i":293,"j":302},{"i":302,"j":325},{"i":293,"j":312},{"i":297,"j":308},{"i":303,"j":334},{"i":305,"j":321},{"i":305,"j":335},{"i":294,"j":309},{"i":304,"j":322},{"i":292,"j":303},{"i":295,"j":325},{"i":320,"j":329},{"i":309,"j":310},{"i":291,"j":310},{"i":301,"j":313},{"i":298,"j":301},{"i":280,"j":311},{"i":303,"j":308},{"i":317,"j":340},{"i":310,"j":333},{"i":300,"j":314},{"i":266,"j":313},{"i":301,"j":316},{"i":315,"j":318},{"i":313,"j":315},{"i":314,"j":316},{"i":316,"j":317},{"i":312,"j":342},{"i":315,"j":317},{"i":329,"j":333},{"i":280,"j":319},{"i":309,"j":350},{"i":294,"j":307},{"i":296,"j":324},{"i":258,"j":296},{"i":296,"j":306},{"i":321,"j":346},{"i":320,"j":323},{"i":322,"j":336},{"i":323,"j":351},{"i":274,"j":321},{"i":274,"j":326},{"i":332,"j":353},{"i":331,"j":332},{"i":311,"j":328},{"i":257,"j":311},{"i":327,"j":332},{"i":325,"j":363},{"i":329,"j":330},{"i":323,"j":329},{"i":312,"j":341},{"i":308,"j":312},{"i":272,"j":327},{"i":318,"j":338},{"i":328,"j":332},{"i":330,"j":351},{"i":322,"j":356},{"i":347,"j":359},{"i":335,"j":347},{"i":336,"j":344},{"i":336,"j":337},{"i":333,"j":358},{"i":314,"j":368},{"i":354,"j":430},{"i":339,"j":366},{"i":331,"j":345},{"i":327,"j":331},{"i":312,"j":339},{"i":344,"j":359},{"i":338,"j":349},{"i":325,"j":338},{"i":341,"j":378},{"i":340,"j":343},{"i":318,"j":340},{"i":337,"j":344},{"i":343,"j":349},{"i":338,"j":343},{"i":335,"j":337},{"i":350,"j":367},{"i":326,"j":375},{"i":334,"j":350},{"i":307,"j":334},{"i":347,"j":355},{"i":334,"j":341},{"i":348,"j":351},{"i":330,"j":348},{"i":340,"j":368},{"i":339,"j":342},{"i":324,"j":370},{"i":356,"j":369},{"i":314,"j":397},{"i":319,"j":352},{"i":353,"j":385},{"i":352,"j":354},{"i":328,"j":352},{"i":324,"j":356},{"i":355,"j":360},{"i":346,"j":355},{"i":368,"j":380},{"i":326,"j":346},{"i":357,"j":466},{"i":209,"j":357},{"i":344,"j":364},{"i":350,"j":358},{"i":359,"j":364},{"i":359,"j":360},{"i":328,"j":362},{"i":349,"j":371},{"i":328,"j":354},{"i":363,"j":374},{"i":358,"j":377},{"i":348,"j":358},{"i":360,"j":382},{"i":342,"j":363},{"i":282,"j":345},{"i":342,"j":365},{"i":371,"j":384},{"i":366,"j":378},{"i":361,"j":376},{"i":353,"j":361},{"i":306,"j":351},{"i":351,"j":394},{"i":370,"j":379},{"i":365,"j":373},{"i":383,"j":386},{"i":367,"j":392},{"i":365,"j":374},{"i":372,"j":391},{"i":363,"j":371},{"i":364,"j":369},{"i":373,"j":391},{"i":372,"j":373},{"i":362,"j":376},{"i":361,"j":362},{"i":381,"j":398},{"i":366,"j":372},{"i":377,"j":394},{"i":374,"j":390},{"i":357,"j":375},{"i":367,"j":378},{"i":368,"j":387},{"i":379,"j":381},{"i":369,"j":379},{"i":370,"j":394},{"i":375,"j":382},{"i":380,"j":383},{"i":371,"j":383},{"i":385,"j":406},{"i":384,"j":390},{"i":380,"j":393},{"i":368,"j":407},{"i":388,"j":395},{"i":385,"j":388},{"i":345,"j":385},{"i":388,"j":389},{"i":300,"j":388},{"i":384,"j":386},{"i":392,"j":415},{"i":391,"j":417},{"i":387,"j":418},{"i":380,"j":387},{"i":314,"j":389},{"i":395,"j":396},{"i":389,"j":395},{"i":396,"j":397},{"i":390,"j":417},{"i":381,"j":402},{"i":399,"j":434},{"i":375,"j":399},{"i":378,"j":391},{"i":404,"j":412},{"i":400,"j":401},{"i":377,"j":400},{"i":398,"j":403},{"i":381,"j":426},{"i":398,"j":420},{"i":403,"j":413},{"i":382,"j":403},{"i":402,"j":408},{"i":404,"j":426},{"i":401,"j":405},{"i":394,"j":401},{"i":393,"j":433},{"i":386,"j":393},{"i":402,"j":404},{"i":395,"j":406},{"i":319,"j":447},{"i":409,"j":411},{"i":406,"j":409},{"i":376,"j":410},{"i":397,"j":428},{"i":398,"j":408},{"i":412,"j":422},{"i":413,"j":419},{"i":399,"j":413},{"i":394,"j":405},{"i":392,"j":414},{"i":408,"j":412},{"i":403,"j":419},{"i":416,"j":434},{"i":399,"j":416},{"i":407,"j":418},{"i":414,"j":417},{"i":397,"j":423},{"i":381,"j":394},{"i":420,"j":422},{"i":415,"j":421},{"i":400,"j":415},{"i":420,"j":437},{"i":425,"j":444},{"i":418,"j":425},{"i":397,"j":443},{"i":407,"j":423},{"i":424,"j":425},{"i":423,"j":424},{"i":427,"j":435},{"i":414,"j":427},{"i":405,"j":421},{"i":433,"j":445},{"i":417,"j":433},{"i":418,"j":449},{"i":424,"j":428},{"i":410,"j":442},{"i":409,"j":410},{"i":376,"j":431},{"i":429,"j":432},{"i":376,"j":429},{"i":429,"j":430},{"i":411,"j":448},{"i":396,"j":411},{"i":416,"j":419},{"i":435,"j":470},{"i":421,"j":435},{"i":438,"j":441},{"i":427,"j":451},{"i":432,"j":436},{"i":434,"j":466},{"i":441,"j":475},{"i":426,"j":441},{"i":434,"j":480},{"i":438,"j":439},{"i":422,"j":438},{"i":436,"j":440},{"i":431,"j":436},{"i":411,"j":442},{"i":437,"j":475},{"i":426,"j":462},{"i":442,"j":468},{"i":411,"j":459},{"i":444,"j":449},{"i":428,"j":454},{"i":433,"j":450},{"i":427,"j":458},{"i":444,"j":453},{"i":430,"j":464},{"i":243,"j":447},{"i":431,"j":468},{"i":445,"j":471},{"i":431,"j":440},{"i":427,"j":471},{"i":426,"j":474},{"i":449,"j":473},{"i":428,"j":443},{"i":449,"j":452},{"i":454,"j":456},{"i":452,"j":453},{"i":454,"j":455},{"i":461,"j":465},{"i":453,"j":455},{"i":456,"j":461},{"i":455,"j":456},{"i":456,"j":469},{"i":450,"j":473},{"i":447,"j":476},{"i":459,"j":468},{"i":459,"j":460},{"i":451,"j":477},{"i":457,"j":463},{"i":452,"j":457},{"i":439,"j":475},{"i":437,"j":439},{"i":457,"j":461},{"i":463,"j":473},{"i":446,"j":469},{"i":443,"j":446},{"i":447,"j":464},{"i":446,"j":488},{"i":446,"j":448},{"i":419,"j":437},{"i":466,"j":554},{"i":465,"j":467},{"i":463,"j":465},{"i":447,"j":509},{"i":467,"j":473},{"i":460,"j":479},{"i":448,"j":460},{"i":470,"j":474},{"i":426,"j":470},{"i":450,"j":478},{"i":445,"j":450},{"i":469,"j":493},{"i":467,"j":469},{"i":462,"j":475},{"i":434,"j":472},{"i":458,"j":487},{"i":451,"j":458},{"i":472,"j":504},{"i":462,"j":482},{"i":474,"j":481},{"i":468,"j":479},{"i":460,"j":468},{"i":464,"j":492},{"i":432,"j":464},{"i":471,"j":484},{"i":479,"j":486},{"i":477,"j":507},{"i":478,"j":484},{"i":468,"j":498},{"i":482,"j":502},{"i":447,"j":516},{"i":470,"j":477},{"i":500,"j":508},{"i":482,"j":500},{"i":482,"j":508},{"i":478,"j":489},{"i":482,"j":497},{"i":484,"j":490},{"i":483,"j":485},{"i":473,"j":483},{"i":458,"j":490},{"i":491,"j":520},{"i":486,"j":488},{"i":485,"j":511},{"i":498,"j":499},{"i":490,"j":505},{"i":488,"j":501},{"i":488,"j":527},{"i":464,"j":476},{"i":481,"j":510},{"i":466,"j":480},{"i":475,"j":497},{"i":472,"j":475},{"i":476,"j":495},{"i":483,"j":493},{"i":440,"j":514},{"i":494,"j":554},{"i":466,"j":494},{"i":501,"j":525},{"i":498,"j":517},{"i":477,"j":487},{"i":496,"j":503},{"i":493,"j":496},{"i":485,"j":503},{"i":490,"j":491},{"i":500,"j":502},{"i":496,"j":501},{"i":497,"j":521},{"i":504,"j":537},{"i":484,"j":489},{"i":505,"j":519},{"i":504,"j":506},{"i":480,"j":504},{"i":506,"j":553},{"i":494,"j":506},{"i":505,"j":507},{"i":487,"j":505},{"i":515,"j":520},{"i":491,"j":515},{"i":502,"j":513},{"i":508,"j":521},{"i":492,"j":514},{"i":476,"j":509},{"i":507,"j":526},{"i":481,"j":507},{"i":515,"j":522},{"i":492,"j":495},{"i":510,"j":513},{"i":522,"j":535},{"i":499,"j":529},{"i":512,"j":523},{"i":499,"j":512},{"i":509,"j":516},{"i":495,"j":509},{"i":512,"j":514},{"i":518,"j":530},{"i":503,"j":518},{"i":513,"j":533},{"i":519,"j":524},{"i":489,"j":511},{"i":513,"j":521},{"i":521,"j":538},{"i":511,"j":534},{"i":514,"j":548},{"i":529,"j":552},{"i":520,"j":543},{"i":523,"j":552},{"i":486,"j":517},{"i":524,"j":526},{"i":526,"j":541},{"i":527,"j":544},{"i":527,"j":528},{"i":549,"j":564},{"i":499,"j":523},{"i":525,"j":540},{"i":518,"j":525},{"i":510,"j":526},{"i":531,"j":559},{"i":532,"j":539},{"i":513,"j":531},{"i":526,"j":532},{"i":511,"j":530},{"i":535,"j":556},{"i":516,"j":584},{"i":524,"j":539},{"i":530,"j":540},{"i":504,"j":521},{"i":537,"j":553},{"i":533,"j":542},{"i":536,"j":541},{"i":532,"j":536},{"i":535,"j":543},{"i":539,"j":560},{"i":540,"j":564},{"i":536,"j":560},{"i":548,"j":590},{"i":533,"j":559},{"i":542,"j":557},{"i":538,"j":542},{"i":538,"j":557},{"i":543,"j":555},{"i":529,"j":544},{"i":517,"j":529},{"i":552,"j":582},{"i":516,"j":545},{"i":543,"j":546},{"i":519,"j":543},{"i":530,"j":549},{"i":546,"j":547},{"i":531,"j":541},{"i":549,"j":562},{"i":547,"j":569},{"i":538,"j":551},{"i":566,"j":577},{"i":523,"j":548},{"i":550,"j":553},{"i":537,"j":550},{"i":553,"j":558},{"i":522,"j":534},{"i":547,"j":571},{"i":541,"j":566},{"i":551,"j":563},{"i":550,"j":551},{"i":539,"j":547},{"i":559,"j":572},{"i":560,"j":566},{"i":528,"j":564},{"i":525,"j":528},{"i":575,"j":578},{"i":563,"j":578},{"i":561,"j":581},{"i":545,"j":565},{"i":556,"j":568},{"i":555,"j":556},{"i":534,"j":561},{"i":566,"j":567},{"i":569,"j":571},{"i":571,"j":591},{"i":561,"j":562},{"i":567,"j":572},{"i":559,"j":567},{"i":569,"j":570},{"i":570,"j":577},{"i":560,"j":570},{"i":546,"j":555},{"i":574,"j":576},{"i":552,"j":598},{"i":554,"j":558},{"i":572,"j":594},{"i":557,"j":572},{"i":563,"j":579},{"i":558,"j":574},{"i":575,"j":576},{"i":563,"j":575},{"i":576,"j":578},{"i":579,"j":594},{"i":577,"j":580},{"i":573,"j":589},{"i":565,"j":573},{"i":580,"j":596},{"i":564,"j":585},{"i":562,"j":564},{"i":581,"j":583},{"i":568,"j":581},{"i":584,"j":592},{"i":565,"j":590},{"i":548,"j":565},{"i":545,"j":584},{"i":583,"j":591},{"i":568,"j":591},{"i":582,"j":587},{"i":544,"j":582},{"i":579,"j":588},{"i":578,"j":579},{"i":588,"j":593},{"i":574,"j":588},{"i":584,"j":589},{"i":573,"j":584},{"i":585,"j":597},{"i":583,"j":585},{"i":589,"j":590},{"i":587,"j":599},{"i":589,"j":592},{"i":593,"j":594},{"i":586,"j":596},{"i":580,"j":586},{"i":594,"j":596},{"i":593,"j":595},{"i":591,"j":596},{"i":586,"j":591},{"i":590,"j":598},{"i":597,"j":599},{"i":591,"j":597},{"i":592,"j":598},{"i":598,"j":599},{"i":587,"j":598},{"i":0,"j":19},{"i":19,"j":30},{"i":30,"j":42},{"i":42,"j":119},{"i":119,"j":209},{"i":209,"j":554},{"i":554,"j":595},{"i":595,"j":596},{"i":596,"j":599}],"type":"Solution"}