{"instance_name":"stars-0000400","edges":[{"i":1,"j":2},{"i":0,"j":1},{"i":2,"j":3},{"i":0,"j":2},{"i":4,"j":16},{"i":3,"j":4},{"i":4,"j":8},{"i":0,"j":4},{"i":1,"j":7},{"i":1,"j":17},{"i":3,"j":10},{"i":17,"j":33},{"i":5,"j":24},{"i":1,"j":5},{"i":4,"j":10},{"i":6,"j":12},{"i":14,"j":18},{"i":8,"j":13},{"i":12,"j":14},{"i":11,"j":12},{"i":13,"j":26},{"i":6,"j":13},{"i":14,"j":22},{"i":7,"j":20},{"i":2,"j":7},{"i":10,"j":21},{"i":18,"j":35},{"i":3,"j":15},{"i":9,"j":62},{"i":18,"j":19},{"i":19,"j":35},{"i":11,"j":19},{"i":7,"j":33},{"i":15,"j":27},{"i":23,"j":26},{"i":16,"j":23},{"i":8,"j":16},{"i":20,"j":45},{"i":22,"j":35},{"i":21,"j":39},{"i":9,"j":25},{"i":5,"j":9},{"i":25,"j":38},{"i":20,"j":29},{"i":15,"j":20},{"i":21,"j":27},{"i":28,"j":30},{"i":27,"j":28},{"i":28,"j":29},{"i":6,"j":26},{"i":24,"j":32},{"i":17,"j":31},{"i":31,"j":34},{"i":36,"j":46},{"i":31,"j":32},{"i":22,"j":36},{"i":29,"j":45},{"i":35,"j":64},{"i":11,"j":35},{"i":25,"j":37},{"i":37,"j":38},{"i":24,"j":37},{"i":25,"j":43},{"i":30,"j":42},{"i":27,"j":30},{"i":34,"j":51},{"i":33,"j":34},{"i":16,"j":39},{"i":20,"j":56},{"i":40,"j":41},{"i":39,"j":40},{"i":45,"j":54},{"i":21,"j":42},{"i":36,"j":53},{"i":33,"j":56},{"i":54,"j":60},{"i":46,"j":47},{"i":35,"j":46},{"i":35,"j":47},{"i":25,"j":62},{"i":48,"j":64},{"i":47,"j":48},{"i":45,"j":49},{"i":36,"j":69},{"i":48,"j":50},{"i":44,"j":59},{"i":26,"j":44},{"i":43,"j":52},{"i":38,"j":43},{"i":23,"j":41},{"i":50,"j":71},{"i":51,"j":79},{"i":49,"j":60},{"i":42,"j":49},{"i":40,"j":66},{"i":51,"j":58},{"i":55,"j":57},{"i":26,"j":55},{"i":56,"j":58},{"i":44,"j":57},{"i":36,"j":59},{"i":54,"j":77},{"i":36,"j":73},{"i":41,"j":65},{"i":60,"j":67},{"i":52,"j":63},{"i":32,"j":52},{"i":52,"j":68},{"i":53,"j":71},{"i":50,"j":53},{"i":72,"j":80},{"i":66,"j":88},{"i":65,"j":66},{"i":58,"j":77},{"i":61,"j":70},{"i":55,"j":61},{"i":70,"j":75},{"i":57,"j":70},{"i":61,"j":65},{"i":69,"j":71},{"i":74,"j":76},{"i":59,"j":76},{"i":68,"j":78},{"i":71,"j":82},{"i":73,"j":87},{"i":67,"j":89},{"i":66,"j":67},{"i":57,"j":75},{"i":72,"j":78},{"i":68,"j":72},{"i":51,"j":63},{"i":74,"j":87},{"i":73,"j":74},{"i":78,"j":83},{"i":63,"j":78},{"i":62,"j":80},{"i":90,"j":105},{"i":69,"j":87},{"i":82,"j":129},{"i":64,"j":82},{"i":78,"j":84},{"i":78,"j":90},{"i":51,"j":83},{"i":81,"j":85},{"i":81,"j":87},{"i":76,"j":81},{"i":86,"j":129},{"i":82,"j":86},{"i":81,"j":94},{"i":80,"j":105},{"i":87,"j":119},{"i":86,"j":87},{"i":77,"j":103},{"i":88,"j":91},{"i":79,"j":107},{"i":77,"j":79},{"i":84,"j":92},{"i":83,"j":84},{"i":91,"j":101},{"i":97,"j":104},{"i":75,"j":91},{"i":84,"j":106},{"i":90,"j":93},{"i":85,"j":95},{"i":96,"j":108},{"i":94,"j":115},{"i":92,"j":96},{"i":95,"j":102},{"i":94,"j":95},{"i":79,"j":96},{"i":97,"j":98},{"i":96,"j":97},{"i":89,"j":103},{"i":88,"j":89},{"i":98,"j":99},{"i":79,"j":98},{"i":92,"j":110},{"i":91,"j":121},{"i":106,"j":112},{"i":100,"j":102},{"i":85,"j":100},{"i":9,"j":117},{"i":101,"j":109},{"i":100,"j":101},{"i":99,"j":104},{"i":79,"j":99},{"i":93,"j":106},{"i":103,"j":107},{"i":88,"j":124},{"i":115,"j":123},{"i":104,"j":116},{"i":108,"j":110},{"i":111,"j":130},{"i":110,"j":111},{"i":62,"j":113},{"i":108,"j":116},{"i":117,"j":152},{"i":112,"j":118},{"i":111,"j":112},{"i":105,"j":113},{"i":105,"j":120},{"i":93,"j":105},{"i":103,"j":146},{"i":115,"j":119},{"i":119,"j":129},{"i":114,"j":131},{"i":107,"j":114},{"i":127,"j":134},{"i":102,"j":109},{"i":118,"j":132},{"i":102,"j":125},{"i":132,"j":148},{"i":116,"j":128},{"i":114,"j":116},{"i":126,"j":140},{"i":121,"j":127},{"i":123,"j":126},{"i":125,"j":150},{"i":124,"j":127},{"i":121,"j":124},{"i":109,"j":134},{"i":119,"j":126},{"i":128,"j":136},{"i":135,"j":152},{"i":128,"j":188},{"i":130,"j":132},{"i":128,"j":130},{"i":134,"j":155},{"i":125,"j":133},{"i":124,"j":151},{"i":117,"j":191},{"i":118,"j":120},{"i":117,"j":135},{"i":113,"j":117},{"i":139,"j":145},{"i":103,"j":131},{"i":136,"j":141},{"i":131,"j":136},{"i":137,"j":163},{"i":137,"j":148},{"i":132,"j":137},{"i":135,"j":138},{"i":146,"j":156},{"i":123,"j":144},{"i":140,"j":149},{"i":125,"j":139},{"i":141,"j":183},{"i":103,"j":141},{"i":133,"j":147},{"i":143,"j":150},{"i":125,"j":143},{"i":140,"j":144},{"i":133,"j":134},{"i":143,"j":159},{"i":142,"j":146},{"i":103,"j":142},{"i":151,"j":155},{"i":139,"j":147},{"i":122,"j":163},{"i":120,"j":122},{"i":157,"j":161},{"i":156,"j":157},{"i":129,"j":149},{"i":143,"j":145},{"i":145,"j":170},{"i":124,"j":154},{"i":146,"j":158},{"i":138,"j":160},{"i":122,"j":138},{"i":150,"j":169},{"i":147,"j":155},{"i":154,"j":186},{"i":151,"j":186},{"i":163,"j":177},{"i":156,"j":164},{"i":154,"j":156},{"i":153,"j":197},{"i":142,"j":165},{"i":157,"j":158},{"i":145,"j":153},{"i":159,"j":169},{"i":163,"j":181},{"i":141,"j":165},{"i":160,"j":180},{"i":161,"j":182},{"i":158,"j":162},{"i":160,"j":163},{"i":161,"j":164},{"i":159,"j":170},{"i":136,"j":168},{"i":166,"j":175},{"i":149,"j":166},{"i":155,"j":186},{"i":153,"j":155},{"i":170,"j":204},{"i":171,"j":174},{"i":169,"j":174},{"i":169,"j":171},{"i":144,"j":169},{"i":171,"j":173},{"i":166,"j":171},{"i":165,"j":176},{"i":162,"j":165},{"i":163,"j":172},{"i":173,"j":201},{"i":166,"j":201},{"i":175,"j":328},{"i":167,"j":175},{"i":184,"j":188},{"i":148,"j":184},{"i":168,"j":179},{"i":168,"j":218},{"i":162,"j":176},{"i":179,"j":183},{"i":172,"j":184},{"i":172,"j":202},{"i":163,"j":180},{"i":188,"j":195},{"i":178,"j":182},{"i":176,"j":178},{"i":184,"j":207},{"i":183,"j":187},{"i":182,"j":200},{"i":177,"j":202},{"i":177,"j":181},{"i":152,"j":185},{"i":138,"j":152},{"i":164,"j":200},{"i":192,"j":209},{"i":186,"j":220},{"i":179,"j":212},{"i":189,"j":209},{"i":187,"j":189},{"i":190,"j":196},{"i":182,"j":190},{"i":152,"j":191},{"i":189,"j":192},{"i":178,"j":189},{"i":192,"j":193},{"i":182,"j":196},{"i":194,"j":206},{"i":168,"j":194},{"i":193,"j":196},{"i":190,"j":193},{"i":202,"j":229},{"i":197,"j":203},{"i":195,"j":198},{"i":194,"j":195},{"i":170,"j":199},{"i":174,"j":204},{"i":205,"j":214},{"i":203,"j":205},{"i":202,"j":211},{"i":173,"j":204},{"i":197,"j":205},{"i":201,"j":247},{"i":199,"j":203},{"i":198,"j":230},{"i":160,"j":185},{"i":197,"j":220},{"i":187,"j":223},{"i":209,"j":210},{"i":217,"j":226},{"i":198,"j":207},{"i":208,"j":215},{"i":200,"j":208},{"i":206,"j":218},{"i":199,"j":214},{"i":213,"j":225},{"i":204,"j":213},{"i":224,"j":231},{"i":208,"j":224},{"i":210,"j":224},{"i":196,"j":210},{"i":185,"j":217},{"i":180,"j":216},{"i":206,"j":228},{"i":218,"j":219},{"i":215,"j":220},{"i":211,"j":230},{"i":207,"j":211},{"i":216,"j":217},{"i":212,"j":219},{"i":221,"j":222},{"i":216,"j":221},{"i":212,"j":241},{"i":227,"j":238},{"i":210,"j":223},{"i":227,"j":232},{"i":225,"j":227},{"i":201,"j":225},{"i":214,"j":235},{"i":213,"j":214},{"i":181,"j":244},{"i":222,"j":236},{"i":216,"j":222},{"i":229,"j":234},{"i":231,"j":237},{"i":223,"j":241},{"i":243,"j":285},{"i":238,"j":253},{"i":208,"j":231},{"i":230,"j":234},{"i":228,"j":230},{"i":235,"j":245},{"i":219,"j":255},{"i":221,"j":226},{"i":219,"j":256},{"i":181,"j":236},{"i":235,"j":238},{"i":226,"j":254},{"i":191,"j":239},{"i":232,"j":253},{"i":233,"j":242},{"i":215,"j":233},{"i":214,"j":220},{"i":234,"j":251},{"i":237,"j":243},{"i":233,"j":237},{"i":242,"j":246},{"i":240,"j":242},{"i":237,"j":241},{"i":240,"j":276},{"i":243,"j":246},{"i":236,"j":248},{"i":241,"j":260},{"i":201,"j":232},{"i":247,"j":328},{"i":248,"j":249},{"i":220,"j":240},{"i":251,"j":265},{"i":250,"j":274},{"i":245,"j":250},{"i":229,"j":244},{"i":226,"j":239},{"i":245,"j":277},{"i":255,"j":264},{"i":252,"j":254},{"i":239,"j":252},{"i":252,"j":269},{"i":244,"j":257},{"i":228,"j":256},{"i":241,"j":255},{"i":249,"j":257},{"i":244,"j":249},{"i":257,"j":271},{"i":246,"j":275},{"i":263,"j":264},{"i":259,"j":263},{"i":191,"j":286},{"i":258,"j":279},{"i":241,"j":259},{"i":261,"j":281},{"i":260,"j":261},{"i":259,"j":262},{"i":261,"j":262},{"i":256,"j":267},{"i":265,"j":282},{"i":191,"j":361},{"i":258,"j":266},{"i":220,"j":258},{"i":262,"j":263},{"i":265,"j":268},{"i":280,"j":292},{"i":236,"j":304},{"i":271,"j":280},{"i":248,"j":272},{"i":271,"j":273},{"i":270,"j":271},{"i":270,"j":273},{"i":251,"j":270},{"i":253,"j":278},{"i":267,"j":298},{"i":264,"j":267},{"i":275,"j":276},{"i":274,"j":277},{"i":266,"j":283},{"i":250,"j":266},{"i":253,"j":289},{"i":278,"j":296},{"i":247,"j":278},{"i":276,"j":279},{"i":280,"j":291},{"i":268,"j":298},{"i":267,"j":268},{"i":281,"j":290},{"i":260,"j":281},{"i":273,"j":297},{"i":277,"j":289},{"i":266,"j":287},{"i":283,"j":284},{"i":274,"j":283},{"i":277,"j":284},{"i":292,"j":305},{"i":287,"j":302},{"i":287,"j":294},{"i":285,"j":288},{"i":275,"j":285},{"i":281,"j":298},{"i":284,"j":287},{"i":289,"j":294},{"i":266,"j":318},{"i":290,"j":295},{"i":272,"j":292},{"i":281,"j":306},{"i":272,"j":300},{"i":285,"j":290},{"i":279,"j":288},{"i":294,"j":325},{"i":293,"j":299},{"i":288,"j":293},{"i":294,"j":296},{"i":291,"j":308},{"i":282,"j":301},{"i":288,"j":299},{"i":299,"j":310},{"i":295,"j":306},{"i":282,"j":297},{"i":297,"j":308},{"i":302,"j":325},{"i":300,"j":305},{"i":269,"j":286},{"i":254,"j":313},{"i":306,"j":327},{"i":293,"j":295},{"i":311,"j":337},{"i":288,"j":307},{"i":291,"j":323},{"i":301,"j":315},{"i":309,"j":310},{"i":295,"j":309},{"i":310,"j":311},{"i":307,"j":310},{"i":311,"j":312},{"i":316,"j":320},{"i":301,"j":321},{"i":303,"j":313},{"i":269,"j":303},{"i":312,"j":314},{"i":307,"j":312},{"i":316,"j":319},{"i":314,"j":322},{"i":315,"j":317},{"i":301,"j":308},{"i":316,"j":317},{"i":315,"j":316},{"i":296,"j":325},{"i":279,"j":314},{"i":298,"j":329},{"i":286,"j":361},{"i":308,"j":344},{"i":317,"j":329},{"i":305,"j":323},{"i":319,"j":329},{"i":329,"j":336},{"i":304,"j":324},{"i":300,"j":304},{"i":323,"j":324},{"i":302,"j":343},{"i":322,"j":332},{"i":323,"j":326},{"i":320,"j":321},{"i":329,"j":342},{"i":327,"j":330},{"i":309,"j":327},{"i":320,"j":342},{"i":319,"j":320},{"i":337,"j":352},{"i":331,"j":332},{"i":322,"j":331},{"i":337,"j":348},{"i":331,"j":337},{"i":302,"j":318},{"i":330,"j":333},{"i":310,"j":330},{"i":325,"j":335},{"i":334,"j":335},{"i":334,"j":347},{"i":328,"j":334},{"i":318,"j":332},{"i":310,"j":333},{"i":333,"j":352},{"i":313,"j":338},{"i":338,"j":339},{"i":304,"j":338},{"i":339,"j":340},{"i":324,"j":339},{"i":326,"j":354},{"i":303,"j":341},{"i":308,"j":326},{"i":346,"j":362},{"i":336,"j":350},{"i":327,"j":336},{"i":340,"j":349},{"i":324,"j":340},{"i":344,"j":345},{"i":321,"j":344},{"i":348,"j":359},{"i":332,"j":348},{"i":335,"j":346},{"i":347,"j":391},{"i":346,"j":353},{"i":336,"j":355},{"i":345,"j":351},{"i":342,"j":345},{"i":344,"j":356},{"i":351,"j":355},{"i":342,"j":351},{"i":350,"j":352},{"i":347,"j":353},{"i":349,"j":354},{"i":354,"j":360},{"i":351,"j":358},{"i":358,"j":382},{"i":344,"j":354},{"i":355,"j":366},{"i":357,"j":363},{"i":353,"j":357},{"i":362,"j":370},{"i":357,"j":362},{"i":364,"j":382},{"i":356,"j":382},{"i":338,"j":341},{"i":343,"j":373},{"i":359,"j":368},{"i":349,"j":369},{"i":363,"j":386},{"i":355,"j":358},{"i":361,"j":369},{"i":341,"j":361},{"i":364,"j":366},{"i":355,"j":364},{"i":366,"j":367},{"i":350,"j":366},{"i":359,"j":372},{"i":368,"j":374},{"i":366,"j":376},{"i":361,"j":365},{"i":362,"j":373},{"i":370,"j":381},{"i":368,"j":371},{"i":371,"j":385},{"i":367,"j":372},{"i":352,"j":367},{"i":343,"j":371},{"i":359,"j":378},{"i":370,"j":375},{"i":378,"j":393},{"i":374,"j":387},{"i":356,"j":360},{"i":379,"j":397},{"i":360,"j":377},{"i":380,"j":384},{"i":366,"j":380},{"i":373,"j":385},{"i":381,"j":391},{"i":377,"j":388},{"i":382,"j":388},{"i":380,"j":382},{"i":379,"j":383},{"i":349,"j":379},{"i":387,"j":393},{"i":374,"j":378},{"i":381,"j":385},{"i":375,"j":386},{"i":363,"j":375},{"i":390,"j":391},{"i":376,"j":393},{"i":372,"j":376},{"i":384,"j":393},{"i":377,"j":383},{"i":387,"j":389},{"i":389,"j":390},{"i":385,"j":389},{"i":386,"j":391},{"i":383,"j":395},{"i":365,"j":392},{"i":390,"j":393},{"i":384,"j":388},{"i":394,"j":399},{"i":369,"j":396},{"i":395,"j":397},{"i":388,"j":395},{"i":396,"j":397},{"i":394,"j":398},{"i":392,"j":394},{"i":398,"j":399},{"i":396,"j":398},{"i":0,"j":6},{"i":6,"j":11},{"i":11,"j":64},{"i":64,"j":129},{"i":129,"j":167},{"i":167,"j":328},{"i":328,"j":391},{"i":391,"j":393},{"i":393,"j":397},{"i":397,"j":399}],"type":"Solution"}