{"instance_name":"stars-0000500","edges":[{"i":1,"j":3},{"i":6,"j":12},{"i":4,"j":15},{"i":2,"j":4},{"i":1,"j":2},{"i":4,"j":5},{"i":1,"j":4},{"i":1,"j":10},{"i":0,"j":1},{"i":1,"j":5},{"i":1,"j":18},{"i":7,"j":20},{"i":3,"j":7},{"i":3,"j":17},{"i":2,"j":3},{"i":7,"j":13},{"i":10,"j":12},{"i":0,"j":10},{"i":13,"j":14},{"i":3,"j":31},{"i":8,"j":14},{"i":7,"j":8},{"i":3,"j":9},{"i":19,"j":33},{"i":5,"j":23},{"i":16,"j":26},{"i":5,"j":27},{"i":1,"j":16},{"i":9,"j":25},{"i":3,"j":20},{"i":19,"j":21},{"i":12,"j":19},{"i":20,"j":38},{"i":11,"j":43},{"i":6,"j":11},{"i":23,"j":30},{"i":26,"j":30},{"i":16,"j":23},{"i":15,"j":32},{"i":15,"j":17},{"i":9,"j":22},{"i":31,"j":37},{"i":26,"j":28},{"i":18,"j":26},{"i":24,"j":50},{"i":22,"j":24},{"i":28,"j":29},{"i":18,"j":28},{"i":22,"j":50},{"i":29,"j":33},{"i":29,"j":53},{"i":9,"j":44},{"i":17,"j":36},{"i":14,"j":52},{"i":30,"j":40},{"i":11,"j":21},{"i":27,"j":54},{"i":31,"j":35},{"i":32,"j":73},{"i":35,"j":36},{"i":39,"j":46},{"i":35,"j":39},{"i":34,"j":39},{"i":31,"j":34},{"i":34,"j":37},{"i":33,"j":81},{"i":32,"j":54},{"i":27,"j":32},{"i":46,"j":57},{"i":35,"j":46},{"i":21,"j":33},{"i":25,"j":38},{"i":44,"j":51},{"i":37,"j":44},{"i":38,"j":47},{"i":24,"j":25},{"i":37,"j":51},{"i":50,"j":64},{"i":45,"j":47},{"i":14,"j":55},{"i":25,"j":45},{"i":44,"j":64},{"i":60,"j":69},{"i":8,"j":63},{"i":41,"j":59},{"i":13,"j":41},{"i":53,"j":78},{"i":40,"j":78},{"i":36,"j":73},{"i":60,"j":66},{"i":43,"j":60},{"i":56,"j":61},{"i":48,"j":56},{"i":48,"j":52},{"i":51,"j":57},{"i":55,"j":56},{"i":52,"j":55},{"i":41,"j":48},{"i":49,"j":77},{"i":11,"j":49},{"i":74,"j":89},{"i":58,"j":72},{"i":42,"j":43},{"i":73,"j":78},{"i":47,"j":71},{"i":62,"j":67},{"i":58,"j":65},{"i":25,"j":58},{"i":59,"j":71},{"i":62,"j":145},{"i":42,"j":62},{"i":66,"j":67},{"i":62,"j":66},{"i":65,"j":76},{"i":50,"j":65},{"i":59,"j":74},{"i":53,"j":75},{"i":33,"j":53},{"i":69,"j":70},{"i":67,"j":69},{"i":57,"j":83},{"i":62,"j":70},{"i":68,"j":72},{"i":45,"j":68},{"i":61,"j":74},{"i":59,"j":61},{"i":76,"j":79},{"i":64,"j":76},{"i":54,"j":78},{"i":40,"j":54},{"i":68,"j":71},{"i":72,"j":85},{"i":80,"j":82},{"i":80,"j":100},{"i":68,"j":98},{"i":86,"j":93},{"i":75,"j":95},{"i":77,"j":88},{"i":60,"j":77},{"i":75,"j":80},{"i":49,"j":97},{"i":81,"j":82},{"i":64,"j":90},{"i":57,"j":64},{"i":83,"j":84},{"i":84,"j":91},{"i":73,"j":84},{"i":64,"j":79},{"i":63,"j":86},{"i":55,"j":63},{"i":79,"j":96},{"i":90,"j":102},{"i":81,"j":97},{"i":49,"j":81},{"i":88,"j":111},{"i":85,"j":96},{"i":74,"j":94},{"i":87,"j":90},{"i":64,"j":87},{"i":101,"j":117},{"i":84,"j":103},{"i":86,"j":108},{"i":92,"j":94},{"i":74,"j":92},{"i":93,"j":128},{"i":92,"j":93},{"i":78,"j":107},{"i":96,"j":116},{"i":87,"j":96},{"i":71,"j":105},{"i":82,"j":104},{"i":88,"j":122},{"i":100,"j":117},{"i":71,"j":89},{"i":94,"j":99},{"i":95,"j":117},{"i":91,"j":109},{"i":100,"j":101},{"i":106,"j":121},{"i":82,"j":101},{"i":85,"j":115},{"i":102,"j":103},{"i":83,"j":102},{"i":78,"j":91},{"i":107,"j":110},{"i":89,"j":135},{"i":105,"j":106},{"i":108,"j":171},{"i":109,"j":120},{"i":95,"j":110},{"i":103,"j":120},{"i":98,"j":115},{"i":107,"j":114},{"i":97,"j":104},{"i":111,"j":141},{"i":98,"j":106},{"i":113,"j":114},{"i":109,"j":113},{"i":114,"j":129},{"i":99,"j":130},{"i":89,"j":99},{"i":112,"j":119},{"i":96,"j":112},{"i":112,"j":125},{"i":110,"j":118},{"i":113,"j":140},{"i":97,"j":126},{"i":102,"j":116},{"i":115,"j":121},{"i":116,"j":119},{"i":112,"j":127},{"i":117,"j":123},{"i":104,"j":117},{"i":122,"j":143},{"i":118,"j":129},{"i":117,"j":118},{"i":122,"j":124},{"i":126,"j":139},{"i":123,"j":133},{"i":97,"j":123},{"i":112,"j":115},{"i":124,"j":141},{"i":111,"j":124},{"i":119,"j":125},{"i":108,"j":168},{"i":131,"j":174},{"i":108,"j":128},{"i":133,"j":137},{"i":127,"j":132},{"i":125,"j":127},{"i":128,"j":131},{"i":130,"j":135},{"i":123,"j":147},{"i":133,"j":134},{"i":121,"j":175},{"i":130,"j":131},{"i":135,"j":161},{"i":105,"j":135},{"i":134,"j":136},{"i":126,"j":134},{"i":126,"j":136},{"i":113,"j":120},{"i":137,"j":138},{"i":136,"j":137},{"i":122,"j":139},{"i":141,"j":151},{"i":140,"j":142},{"i":120,"j":144},{"i":143,"j":151},{"i":138,"j":159},{"i":119,"j":132},{"i":141,"j":145},{"i":70,"j":141},{"i":145,"j":151},{"i":129,"j":150},{"i":138,"j":147},{"i":142,"j":150},{"i":148,"j":155},{"i":140,"j":148},{"i":121,"j":157},{"i":142,"j":160},{"i":135,"j":176},{"i":143,"j":170},{"i":147,"j":162},{"i":149,"j":152},{"i":132,"j":149},{"i":144,"j":152},{"i":156,"j":167},{"i":148,"j":167},{"i":152,"j":154},{"i":153,"j":156},{"i":144,"j":153},{"i":162,"j":180},{"i":150,"j":162},{"i":153,"j":154},{"i":156,"j":158},{"i":158,"j":167},{"i":148,"j":158},{"i":155,"j":160},{"i":146,"j":179},{"i":139,"j":146},{"i":155,"j":186},{"i":86,"j":181},{"i":149,"j":164},{"i":150,"j":160},{"i":146,"j":159},{"i":149,"j":157},{"i":163,"j":173},{"i":154,"j":163},{"i":157,"j":165},{"i":161,"j":175},{"i":180,"j":183},{"i":63,"j":181},{"i":168,"j":169},{"i":151,"j":172},{"i":169,"j":174},{"i":128,"j":169},{"i":170,"j":172},{"i":162,"j":178},{"i":160,"j":203},{"i":168,"j":177},{"i":168,"j":171},{"i":175,"j":184},{"i":175,"j":182},{"i":135,"j":174},{"i":180,"j":185},{"i":190,"j":197},{"i":159,"j":192},{"i":179,"j":206},{"i":170,"j":179},{"i":178,"j":192},{"i":176,"j":196},{"i":166,"j":176},{"i":171,"j":181},{"i":166,"j":189},{"i":161,"j":166},{"i":155,"j":195},{"i":164,"j":165},{"i":185,"j":201},{"i":163,"j":164},{"i":186,"j":203},{"i":183,"j":194},{"i":178,"j":183},{"i":167,"j":188},{"i":183,"j":207},{"i":155,"j":187},{"i":167,"j":173},{"i":173,"j":193},{"i":174,"j":177},{"i":182,"j":200},{"i":165,"j":182},{"i":197,"j":222},{"i":187,"j":188},{"i":192,"j":206},{"i":184,"j":200},{"i":195,"j":221},{"i":187,"j":221},{"i":190,"j":230},{"i":191,"j":193},{"i":176,"j":190},{"i":196,"j":202},{"i":197,"j":212},{"i":198,"j":199},{"i":163,"j":198},{"i":198,"j":235},{"i":189,"j":224},{"i":184,"j":189},{"i":186,"j":214},{"i":200,"j":204},{"i":196,"j":197},{"i":186,"j":195},{"i":199,"j":210},{"i":193,"j":199},{"i":200,"j":224},{"i":203,"j":205},{"i":185,"j":203},{"i":205,"j":226},{"i":194,"j":206},{"i":192,"j":194},{"i":181,"j":270},{"i":205,"j":269},{"i":201,"j":236},{"i":206,"j":209},{"i":172,"j":208},{"i":209,"j":219},{"i":213,"j":219},{"i":208,"j":209},{"i":211,"j":219},{"i":191,"j":232},{"i":189,"j":242},{"i":211,"j":215},{"i":208,"j":211},{"i":213,"j":216},{"i":188,"j":191},{"i":211,"j":213},{"i":219,"j":223},{"i":216,"j":218},{"i":215,"j":216},{"i":215,"j":217},{"i":215,"j":218},{"i":220,"j":261},{"i":207,"j":219},{"i":218,"j":223},{"i":172,"j":217},{"i":220,"j":241},{"i":145,"j":220},{"i":207,"j":259},{"i":228,"j":233},{"i":189,"j":202},{"i":210,"j":228},{"i":202,"j":212},{"i":222,"j":258},{"i":201,"j":226},{"i":224,"j":237},{"i":204,"j":224},{"i":181,"j":227},{"i":225,"j":229},{"i":221,"j":225},{"i":225,"j":231},{"i":238,"j":243},{"i":234,"j":238},{"i":221,"j":232},{"i":227,"j":230},{"i":177,"j":227},{"i":228,"j":232},{"i":229,"j":231},{"i":231,"j":232},{"i":198,"j":204},{"i":232,"j":240},{"i":210,"j":234},{"i":224,"j":249},{"i":235,"j":238},{"i":234,"j":235},{"i":226,"j":248},{"i":212,"j":263},{"i":240,"j":244},{"i":239,"j":240},{"i":232,"j":244},{"i":203,"j":214},{"i":217,"j":272},{"i":145,"j":241},{"i":237,"j":249},{"i":235,"j":237},{"i":232,"j":262},{"i":232,"j":251},{"i":236,"j":246},{"i":207,"j":245},{"i":246,"j":256},{"i":246,"j":247},{"i":245,"j":246},{"i":236,"j":256},{"i":245,"j":260},{"i":239,"j":252},{"i":229,"j":239},{"i":233,"j":273},{"i":233,"j":262},{"i":244,"j":250},{"i":250,"j":251},{"i":250,"j":281},{"i":252,"j":269},{"i":214,"j":229},{"i":236,"j":248},{"i":242,"j":254},{"i":253,"j":255},{"i":248,"j":253},{"i":260,"j":268},{"i":236,"j":286},{"i":243,"j":273},{"i":222,"j":230},{"i":222,"j":257},{"i":247,"j":260},{"i":245,"j":247},{"i":261,"j":282},{"i":256,"j":279},{"i":243,"j":249},{"i":271,"j":277},{"i":271,"j":292},{"i":257,"j":271},{"i":261,"j":264},{"i":299,"j":326},{"i":259,"j":268},{"i":264,"j":328},{"i":241,"j":264},{"i":265,"j":266},{"i":259,"j":265},{"i":223,"j":266},{"i":265,"j":267},{"i":236,"j":290},{"i":252,"j":281},{"i":257,"j":258},{"i":230,"j":278},{"i":263,"j":275},{"i":267,"j":274},{"i":266,"j":267},{"i":251,"j":284},{"i":273,"j":295},{"i":272,"j":280},{"i":262,"j":284},{"i":263,"j":271},{"i":275,"j":277},{"i":242,"j":275},{"i":227,"j":278},{"i":258,"j":276},{"i":270,"j":278},{"i":283,"j":328},{"i":282,"j":283},{"i":255,"j":290},{"i":274,"j":280},{"i":272,"j":274},{"i":268,"j":293},{"i":265,"j":268},{"i":280,"j":282},{"i":260,"j":301},{"i":254,"j":291},{"i":249,"j":254},{"i":285,"j":299},{"i":278,"j":285},{"i":276,"j":278},{"i":269,"j":289},{"i":253,"j":269},{"i":295,"j":306},{"i":269,"j":300},{"i":285,"j":287},{"i":279,"j":307},{"i":288,"j":290},{"i":255,"j":288},{"i":290,"j":308},{"i":290,"j":297},{"i":289,"j":296},{"i":288,"j":289},{"i":277,"j":294},{"i":294,"j":304},{"i":291,"j":294},{"i":276,"j":287},{"i":293,"j":314},{"i":283,"j":293},{"i":277,"j":303},{"i":291,"j":298},{"i":296,"j":308},{"i":302,"j":309},{"i":281,"j":284},{"i":287,"j":299},{"i":296,"j":311},{"i":286,"j":302},{"i":279,"j":286},{"i":310,"j":327},{"i":316,"j":318},{"i":315,"j":316},{"i":297,"j":313},{"i":286,"j":297},{"i":277,"j":292},{"i":294,"j":303},{"i":310,"j":322},{"i":298,"j":310},{"i":297,"j":320},{"i":296,"j":300},{"i":306,"j":316},{"i":301,"j":314},{"i":309,"j":319},{"i":300,"j":312},{"i":307,"j":309},{"i":301,"j":307},{"i":305,"j":312},{"i":281,"j":305},{"i":304,"j":310},{"i":284,"j":306},{"i":313,"j":330},{"i":302,"j":313},{"i":314,"j":367},{"i":306,"j":318},{"i":315,"j":317},{"i":305,"j":315},{"i":306,"j":321},{"i":320,"j":335},{"i":308,"j":335},{"i":314,"j":319},{"i":323,"j":366},{"i":320,"j":323},{"i":295,"j":298},{"i":323,"j":330},{"i":304,"j":333},{"i":311,"j":312},{"i":319,"j":334},{"i":292,"j":325},{"i":327,"j":351},{"i":298,"j":322},{"i":314,"j":328},{"i":328,"j":371},{"i":329,"j":341},{"i":314,"j":329},{"i":318,"j":348},{"i":330,"j":336},{"i":322,"j":355},{"i":331,"j":340},{"i":298,"j":331},{"i":324,"j":349},{"i":303,"j":324},{"i":352,"j":368},{"i":337,"j":352},{"i":321,"j":348},{"i":334,"j":338},{"i":329,"j":334},{"i":336,"j":337},{"i":334,"j":336},{"i":337,"j":339},{"i":339,"j":352},{"i":331,"j":355},{"i":338,"j":341},{"i":329,"j":338},{"i":339,"j":341},{"i":340,"j":342},{"i":342,"j":343},{"i":321,"j":342},{"i":332,"j":351},{"i":327,"j":332},{"i":343,"j":348},{"i":270,"j":370},{"i":344,"j":346},{"i":340,"j":344},{"i":348,"j":382},{"i":346,"j":347},{"i":340,"j":346},{"i":343,"j":345},{"i":350,"j":354},{"i":311,"j":350},{"i":345,"j":382},{"i":324,"j":325},{"i":312,"j":317},{"i":332,"j":333},{"i":351,"j":356},{"i":348,"j":359},{"i":351,"j":369},{"i":354,"j":364},{"i":353,"j":354},{"i":356,"j":357},{"i":355,"j":356},{"i":359,"j":362},{"i":317,"j":359},{"i":333,"j":349},{"i":326,"j":358},{"i":325,"j":326},{"i":345,"j":347},{"i":355,"j":375},{"i":344,"j":355},{"i":181,"j":394},{"i":360,"j":361},{"i":350,"j":360},{"i":361,"j":372},{"i":359,"j":396},{"i":362,"j":363},{"i":360,"j":362},{"i":367,"j":390},{"i":354,"j":361},{"i":366,"j":384},{"i":353,"j":366},{"i":335,"j":353},{"i":365,"j":390},{"i":364,"j":366},{"i":366,"j":368},{"i":330,"j":366},{"i":341,"j":365},{"i":367,"j":374},{"i":357,"j":380},{"i":328,"j":374},{"i":371,"j":430},{"i":241,"j":371},{"i":372,"j":405},{"i":364,"j":385},{"i":368,"j":390},{"i":365,"j":368},{"i":374,"j":393},{"i":375,"j":379},{"i":373,"j":377},{"i":347,"j":373},{"i":381,"j":383},{"i":377,"j":381},{"i":345,"j":376},{"i":373,"j":378},{"i":376,"j":377},{"i":373,"j":375},{"i":377,"j":378},{"i":380,"j":401},{"i":379,"j":381},{"i":378,"j":379},{"i":369,"j":392},{"i":357,"j":369},{"i":375,"j":383},{"i":376,"j":402},{"i":389,"j":397},{"i":372,"j":387},{"i":380,"j":383},{"i":384,"j":389},{"i":363,"j":396},{"i":360,"j":363},{"i":385,"j":386},{"i":384,"j":386},{"i":386,"j":400},{"i":385,"j":387},{"i":358,"j":391},{"i":384,"j":395},{"i":390,"j":410},{"i":389,"j":390},{"i":385,"j":400},{"i":388,"j":399},{"i":349,"j":388},{"i":358,"j":370},{"i":380,"j":392},{"i":399,"j":411},{"i":369,"j":399},{"i":399,"j":415},{"i":370,"j":394},{"i":398,"j":410},{"i":395,"j":408},{"i":382,"j":406},{"i":371,"j":393},{"i":397,"j":398},{"i":390,"j":397},{"i":399,"j":413},{"i":369,"j":411},{"i":387,"j":409},{"i":391,"j":427},{"i":395,"j":414},{"i":392,"j":403},{"i":376,"j":383},{"i":406,"j":422},{"i":396,"j":406},{"i":402,"j":406},{"i":383,"j":401},{"i":404,"j":405},{"i":396,"j":404},{"i":402,"j":407},{"i":404,"j":412},{"i":403,"j":407},{"i":401,"j":403},{"i":400,"j":414},{"i":408,"j":416},{"i":405,"j":409},{"i":393,"j":410},{"i":406,"j":423},{"i":411,"j":420},{"i":409,"j":421},{"i":408,"j":414},{"i":416,"j":417},{"i":398,"j":416},{"i":417,"j":425},{"i":413,"j":420},{"i":415,"j":418},{"i":413,"j":415},{"i":417,"j":419},{"i":410,"j":417},{"i":419,"j":430},{"i":371,"j":419},{"i":412,"j":437},{"i":414,"j":421},{"i":407,"j":423},{"i":422,"j":424},{"i":412,"j":422},{"i":422,"j":452},{"i":416,"j":426},{"i":425,"j":466},{"i":421,"j":431},{"i":413,"j":418},{"i":418,"j":444},{"i":420,"j":436},{"i":403,"j":420},{"i":425,"j":429},{"i":429,"j":442},{"i":429,"j":430},{"i":145,"j":430},{"i":424,"j":433},{"i":412,"j":424},{"i":388,"j":427},{"i":394,"j":432},{"i":391,"j":394},{"i":426,"j":439},{"i":420,"j":428},{"i":432,"j":435},{"i":433,"j":446},{"i":436,"j":451},{"i":433,"j":437},{"i":452,"j":469},{"i":426,"j":431},{"i":440,"j":455},{"i":431,"j":454},{"i":416,"j":438},{"i":438,"j":455},{"i":440,"j":441},{"i":425,"j":440},{"i":442,"j":447},{"i":430,"j":442},{"i":437,"j":449},{"i":434,"j":445},{"i":423,"j":434},{"i":445,"j":452},{"i":443,"j":448},{"i":437,"j":443},{"i":436,"j":450},{"i":431,"j":449},{"i":439,"j":455},{"i":438,"j":439},{"i":447,"j":467},{"i":448,"j":459},{"i":437,"j":448},{"i":450,"j":451},{"i":443,"j":446},{"i":436,"j":482},{"i":450,"j":462},{"i":434,"j":450},{"i":428,"j":473},{"i":435,"j":486},{"i":449,"j":461},{"i":454,"j":460},{"i":453,"j":456},{"i":446,"j":453},{"i":435,"j":463},{"i":456,"j":477},{"i":428,"j":444},{"i":428,"j":457},{"i":456,"j":459},{"i":461,"j":479},{"i":454,"j":479},{"i":460,"j":465},{"i":468,"j":496},{"i":458,"j":468},{"i":427,"j":458},{"i":455,"j":465},{"i":470,"j":489},{"i":466,"j":470},{"i":425,"j":441},{"i":464,"j":467},{"i":447,"j":464},{"i":467,"j":489},{"i":430,"j":467},{"i":458,"j":463},{"i":465,"j":484},{"i":462,"j":469},{"i":445,"j":462},{"i":464,"j":466},{"i":441,"j":484},{"i":462,"j":474},{"i":468,"j":471},{"i":444,"j":468},{"i":453,"j":469},{"i":472,"j":474},{"i":457,"j":480},{"i":451,"j":482},{"i":473,"j":482},{"i":471,"j":475},{"i":457,"j":471},{"i":472,"j":476},{"i":469,"j":472},{"i":479,"j":493},{"i":476,"j":477},{"i":478,"j":493},{"i":459,"j":491},{"i":482,"j":487},{"i":474,"j":482},{"i":478,"j":479},{"i":461,"j":478},{"i":481,"j":494},{"i":476,"j":488},{"i":473,"j":480},{"i":473,"j":483},{"i":487,"j":497},{"i":477,"j":491},{"i":481,"j":483},{"i":480,"j":481},{"i":460,"j":479},{"i":484,"j":493},{"i":483,"j":485},{"i":485,"j":495},{"i":475,"j":494},{"i":457,"j":475},{"i":463,"j":492},{"i":482,"j":485},{"i":491,"j":497},{"i":487,"j":488},{"i":488,"j":497},{"i":484,"j":489},{"i":470,"j":484},{"i":486,"j":490},{"i":493,"j":497},{"i":490,"j":492},{"i":463,"j":490},{"i":496,"j":499},{"i":491,"j":493},{"i":494,"j":495},{"i":475,"j":498},{"i":495,"j":499},{"i":492,"j":499},{"i":495,"j":497},{"i":496,"j":498},{"i":498,"j":499},{"i":486,"j":499},{"i":0,"j":6},{"i":6,"j":42},{"i":42,"j":145},{"i":145,"j":489},{"i":489,"j":497},{"i":497,"j":499}],"type":"Solution"}