{"instance_name":"stars-0000900","edges":[{"i":2,"j":4},{"i":7,"j":42},{"i":0,"j":2},{"i":4,"j":7},{"i":0,"j":8},{"i":3,"j":4},{"i":0,"j":11},{"i":5,"j":10},{"i":4,"j":5},{"i":1,"j":39},{"i":9,"j":20},{"i":0,"j":9},{"i":9,"j":28},{"i":8,"j":13},{"i":6,"j":8},{"i":10,"j":14},{"i":0,"j":17},{"i":8,"j":11},{"i":10,"j":12},{"i":11,"j":36},{"i":1,"j":6},{"i":12,"j":18},{"i":1,"j":24},{"i":15,"j":23},{"i":1,"j":15},{"i":12,"j":14},{"i":7,"j":19},{"i":5,"j":7},{"i":12,"j":25},{"i":3,"j":22},{"i":2,"j":3},{"i":16,"j":21},{"i":14,"j":16},{"i":21,"j":32},{"i":19,"j":21},{"i":16,"j":19},{"i":20,"j":26},{"i":18,"j":31},{"i":6,"j":13},{"i":17,"j":36},{"i":20,"j":62},{"i":21,"j":25},{"i":22,"j":28},{"i":9,"j":22},{"i":38,"j":49},{"i":27,"j":35},{"i":25,"j":27},{"i":22,"j":30},{"i":30,"j":55},{"i":28,"j":52},{"i":26,"j":43},{"i":17,"j":26},{"i":29,"j":34},{"i":18,"j":29},{"i":24,"j":68},{"i":33,"j":47},{"i":15,"j":33},{"i":29,"j":35},{"i":26,"j":60},{"i":34,"j":38},{"i":31,"j":34},{"i":39,"j":44},{"i":32,"j":45},{"i":27,"j":32},{"i":19,"j":41},{"i":40,"j":61},{"i":28,"j":30},{"i":37,"j":40},{"i":7,"j":37},{"i":40,"j":41},{"i":48,"j":65},{"i":40,"j":48},{"i":38,"j":46},{"i":30,"j":58},{"i":36,"j":54},{"i":41,"j":45},{"i":35,"j":49},{"i":45,"j":64},{"i":33,"j":77},{"i":23,"j":47},{"i":42,"j":48},{"i":37,"j":42},{"i":45,"j":50},{"i":31,"j":46},{"i":50,"j":81},{"i":49,"j":50},{"i":36,"j":63},{"i":42,"j":101},{"i":51,"j":54},{"i":22,"j":31},{"i":51,"j":53},{"i":13,"j":51},{"i":36,"j":43},{"i":54,"j":88},{"i":52,"j":55},{"i":36,"j":86},{"i":52,"j":62},{"i":58,"j":59},{"i":55,"j":58},{"i":57,"j":85},{"i":52,"j":57},{"i":53,"j":74},{"i":39,"j":53},{"i":57,"j":59},{"i":60,"j":87},{"i":43,"j":60},{"i":69,"j":83},{"i":64,"j":69},{"i":64,"j":66},{"i":61,"j":78},{"i":72,"j":80},{"i":24,"j":44},{"i":67,"j":71},{"i":56,"j":79},{"i":67,"j":70},{"i":59,"j":67},{"i":71,"j":85},{"i":70,"j":73},{"i":57,"j":70},{"i":56,"j":75},{"i":22,"j":56},{"i":72,"j":91},{"i":68,"j":72},{"i":74,"j":80},{"i":44,"j":74},{"i":63,"j":88},{"i":81,"j":83},{"i":73,"j":85},{"i":57,"j":73},{"i":46,"j":96},{"i":61,"j":84},{"i":42,"j":93},{"i":33,"j":68},{"i":47,"j":104},{"i":78,"j":83},{"i":69,"j":78},{"i":66,"j":81},{"i":75,"j":82},{"i":58,"j":75},{"i":66,"j":83},{"i":65,"j":112},{"i":79,"j":82},{"i":62,"j":98},{"i":61,"j":102},{"i":84,"j":102},{"i":83,"j":84},{"i":60,"j":92},{"i":76,"j":97},{"i":86,"j":118},{"i":86,"j":110},{"i":63,"j":86},{"i":92,"j":127},{"i":72,"j":111},{"i":83,"j":102},{"i":76,"j":90},{"i":42,"j":76},{"i":91,"j":105},{"i":96,"j":107},{"i":56,"j":96},{"i":77,"j":91},{"i":81,"j":89},{"i":90,"j":93},{"i":65,"j":95},{"i":93,"j":95},{"i":89,"j":103},{"i":80,"j":115},{"i":94,"j":112},{"i":65,"j":94},{"i":90,"j":133},{"i":103,"j":119},{"i":77,"j":104},{"i":23,"j":99},{"i":99,"j":100},{"i":23,"j":100},{"i":95,"j":156},{"i":94,"j":95},{"i":96,"j":119},{"i":102,"j":103},{"i":89,"j":102},{"i":97,"j":133},{"i":88,"j":117},{"i":99,"j":104},{"i":92,"j":98},{"i":108,"j":131},{"i":99,"j":108},{"i":106,"j":134},{"i":100,"j":106},{"i":108,"j":128},{"i":106,"j":108},{"i":85,"j":113},{"i":111,"j":129},{"i":105,"j":111},{"i":102,"j":120},{"i":82,"j":114},{"i":71,"j":82},{"i":79,"j":107},{"i":105,"j":129},{"i":87,"j":127},{"i":86,"j":87},{"i":107,"j":116},{"i":110,"j":117},{"i":101,"j":149},{"i":113,"j":122},{"i":92,"j":109},{"i":121,"j":138},{"i":117,"j":124},{"i":74,"j":117},{"i":113,"j":121},{"i":114,"j":122},{"i":112,"j":120},{"i":116,"j":137},{"i":121,"j":126},{"i":98,"j":121},{"i":109,"j":126},{"i":121,"j":122},{"i":109,"j":125},{"i":127,"j":145},{"i":110,"j":118},{"i":115,"j":135},{"i":111,"j":115},{"i":123,"j":127},{"i":92,"j":123},{"i":125,"j":147},{"i":125,"j":139},{"i":123,"j":125},{"i":132,"j":150},{"i":130,"j":146},{"i":118,"j":130},{"i":140,"j":161},{"i":115,"j":124},{"i":128,"j":131},{"i":139,"j":163},{"i":104,"j":143},{"i":129,"j":143},{"i":119,"j":141},{"i":116,"j":119},{"i":101,"j":133},{"i":97,"j":101},{"i":128,"j":134},{"i":134,"j":136},{"i":132,"j":135},{"i":124,"j":132},{"i":134,"j":323},{"i":126,"j":147},{"i":170,"j":199},{"i":139,"j":145},{"i":137,"j":140},{"i":114,"j":137},{"i":140,"j":142},{"i":122,"j":140},{"i":135,"j":158},{"i":143,"j":152},{"i":131,"j":143},{"i":137,"j":141},{"i":149,"j":278},{"i":150,"j":196},{"i":147,"j":186},{"i":117,"j":151},{"i":146,"j":154},{"i":147,"j":163},{"i":132,"j":148},{"i":150,"j":158},{"i":145,"j":153},{"i":130,"j":145},{"i":136,"j":152},{"i":151,"j":154},{"i":148,"j":151},{"i":166,"j":173},{"i":149,"j":155},{"i":153,"j":170},{"i":146,"j":153},{"i":133,"j":160},{"i":156,"j":157},{"i":138,"j":186},{"i":150,"j":187},{"i":120,"j":157},{"i":133,"j":162},{"i":155,"j":188},{"i":144,"j":178},{"i":141,"j":144},{"i":157,"j":173},{"i":158,"j":165},{"i":163,"j":180},{"i":163,"j":164},{"i":164,"j":194},{"i":145,"j":164},{"i":159,"j":182},{"i":166,"j":171},{"i":120,"j":166},{"i":168,"j":171},{"i":168,"j":169},{"i":120,"j":168},{"i":160,"j":202},{"i":190,"j":217},{"i":144,"j":169},{"i":173,"j":212},{"i":162,"j":172},{"i":160,"j":162},{"i":171,"j":175},{"i":169,"j":171},{"i":159,"j":181},{"i":143,"j":159},{"i":174,"j":189},{"i":173,"j":175},{"i":171,"j":173},{"i":156,"j":206},{"i":175,"j":176},{"i":176,"j":219},{"i":176,"j":177},{"i":188,"j":264},{"i":142,"j":161},{"i":142,"j":192},{"i":138,"j":142},{"i":177,"j":179},{"i":202,"j":210},{"i":165,"j":213},{"i":159,"j":165},{"i":184,"j":189},{"i":148,"j":238},{"i":181,"j":193},{"i":180,"j":198},{"i":152,"j":174},{"i":185,"j":220},{"i":134,"j":185},{"i":184,"j":185},{"i":136,"j":184},{"i":174,"j":208},{"i":161,"j":178},{"i":187,"j":209},{"i":167,"j":187},{"i":183,"j":195},{"i":180,"j":183},{"i":190,"j":236},{"i":182,"j":191},{"i":181,"j":182},{"i":177,"j":247},{"i":165,"j":167},{"i":195,"j":215},{"i":190,"j":192},{"i":142,"j":190},{"i":191,"j":193},{"i":193,"j":208},{"i":183,"j":186},{"i":170,"j":197},{"i":154,"j":170},{"i":186,"j":204},{"i":145,"j":200},{"i":148,"j":154},{"i":145,"j":201},{"i":199,"j":203},{"i":199,"j":200},{"i":172,"j":261},{"i":192,"j":204},{"i":207,"j":211},{"i":199,"j":207},{"i":203,"j":205},{"i":197,"j":203},{"i":190,"j":214},{"i":201,"j":207},{"i":200,"j":201},{"i":196,"j":223},{"i":156,"j":202},{"i":201,"j":218},{"i":219,"j":300},{"i":208,"j":216},{"i":209,"j":271},{"i":194,"j":235},{"i":206,"j":212},{"i":195,"j":249},{"i":210,"j":300},{"i":178,"j":179},{"i":206,"j":210},{"i":228,"j":232},{"i":221,"j":228},{"i":167,"j":209},{"i":205,"j":211},{"i":190,"j":246},{"i":195,"j":204},{"i":223,"j":291},{"i":214,"j":244},{"i":204,"j":214},{"i":191,"j":226},{"i":198,"j":235},{"i":194,"j":198},{"i":212,"j":219},{"i":189,"j":231},{"i":208,"j":231},{"i":179,"j":229},{"i":213,"j":271},{"i":197,"j":240},{"i":216,"j":242},{"i":213,"j":226},{"i":222,"j":225},{"i":196,"j":222},{"i":218,"j":234},{"i":211,"j":218},{"i":224,"j":226},{"i":230,"j":251},{"i":227,"j":228},{"i":221,"j":227},{"i":229,"j":233},{"i":227,"j":230},{"i":229,"j":230},{"i":227,"j":229},{"i":224,"j":242},{"i":216,"j":224},{"i":220,"j":231},{"i":215,"j":239},{"i":229,"j":247},{"i":214,"j":217},{"i":205,"j":234},{"i":190,"j":241},{"i":235,"j":259},{"i":218,"j":235},{"i":178,"j":221},{"i":253,"j":267},{"i":197,"j":205},{"i":234,"j":250},{"i":238,"j":260},{"i":222,"j":238},{"i":240,"j":248},{"i":226,"j":271},{"i":238,"j":243},{"i":240,"j":243},{"i":251,"j":265},{"i":250,"j":262},{"i":236,"j":253},{"i":244,"j":249},{"i":248,"j":252},{"i":244,"j":263},{"i":256,"j":283},{"i":241,"j":246},{"i":233,"j":265},{"i":248,"j":250},{"i":239,"j":259},{"i":235,"j":239},{"i":252,"j":256},{"i":236,"j":241},{"i":253,"j":254},{"i":258,"j":284},{"i":243,"j":252},{"i":255,"j":260},{"i":238,"j":255},{"i":249,"j":268},{"i":232,"j":251},{"i":257,"j":258},{"i":232,"j":257},{"i":246,"j":272},{"i":237,"j":274},{"i":217,"j":237},{"i":268,"j":276},{"i":215,"j":268},{"i":255,"j":256},{"i":225,"j":291},{"i":223,"j":225},{"i":172,"j":188},{"i":223,"j":271},{"i":234,"j":279},{"i":234,"j":259},{"i":245,"j":274},{"i":237,"j":245},{"i":188,"j":278},{"i":247,"j":277},{"i":233,"j":247},{"i":257,"j":284},{"i":263,"j":266},{"i":249,"j":263},{"i":249,"j":266},{"i":246,"j":258},{"i":269,"j":276},{"i":259,"j":269},{"i":262,"j":283},{"i":285,"j":307},{"i":254,"j":287},{"i":245,"j":254},{"i":270,"j":273},{"i":242,"j":270},{"i":231,"j":273},{"i":264,"j":275},{"i":276,"j":282},{"i":280,"j":286},{"i":247,"j":280},{"i":286,"j":290},{"i":264,"j":319},{"i":155,"j":278},{"i":269,"j":288},{"i":262,"j":279},{"i":265,"j":286},{"i":289,"j":290},{"i":269,"j":293},{"i":266,"j":308},{"i":283,"j":338},{"i":260,"j":294},{"i":281,"j":293},{"i":269,"j":281},{"i":277,"j":286},{"i":265,"j":277},{"i":285,"j":306},{"i":273,"j":285},{"i":267,"j":295},{"i":272,"j":284},{"i":281,"j":282},{"i":283,"j":297},{"i":266,"j":274},{"i":284,"j":286},{"i":267,"j":272},{"i":289,"j":299},{"i":288,"j":338},{"i":279,"j":288},{"i":297,"j":314},{"i":287,"j":302},{"i":274,"j":287},{"i":294,"j":305},{"i":282,"j":311},{"i":292,"j":298},{"i":268,"j":292},{"i":289,"j":296},{"i":272,"j":289},{"i":287,"j":322},{"i":293,"j":312},{"i":298,"j":311},{"i":276,"j":298},{"i":302,"j":322},{"i":322,"j":326},{"i":210,"j":261},{"i":275,"j":301},{"i":261,"j":275},{"i":247,"j":300},{"i":295,"j":322},{"i":302,"j":303},{"i":304,"j":316},{"i":300,"j":304},{"i":300,"j":313},{"i":311,"j":320},{"i":285,"j":330},{"i":307,"j":309},{"i":306,"j":307},{"i":303,"j":308},{"i":266,"j":303},{"i":270,"j":342},{"i":313,"j":333},{"i":293,"j":320},{"i":314,"j":345},{"i":301,"j":321},{"i":318,"j":339},{"i":297,"j":336},{"i":304,"j":333},{"i":310,"j":315},{"i":278,"j":310},{"i":309,"j":339},{"i":280,"j":329},{"i":324,"j":417},{"i":306,"j":318},{"i":318,"j":323},{"i":220,"j":318},{"i":316,"j":329},{"i":315,"j":319},{"i":308,"j":334},{"i":343,"j":367},{"i":296,"j":335},{"i":295,"j":296},{"i":299,"j":335},{"i":294,"j":314},{"i":321,"j":340},{"i":313,"j":321},{"i":315,"j":324},{"i":317,"j":329},{"i":316,"j":317},{"i":322,"j":325},{"i":291,"j":305},{"i":291,"j":344},{"i":328,"j":331},{"i":305,"j":328},{"i":338,"j":359},{"i":337,"j":338},{"i":329,"j":332},{"i":319,"j":349},{"i":275,"j":319},{"i":327,"j":351},{"i":337,"j":346},{"i":336,"j":337},{"i":322,"j":353},{"i":290,"j":327},{"i":330,"j":398},{"i":312,"j":338},{"i":328,"j":355},{"i":309,"j":330},{"i":348,"j":401},{"i":325,"j":357},{"i":333,"j":350},{"i":317,"j":333},{"i":292,"j":334},{"i":331,"j":344},{"i":305,"j":331},{"i":333,"j":340},{"i":319,"j":324},{"i":330,"j":342},{"i":336,"j":347},{"i":344,"j":360},{"i":271,"j":344},{"i":345,"j":355},{"i":328,"j":345},{"i":346,"j":359},{"i":346,"j":347},{"i":341,"j":352},{"i":334,"j":341},{"i":332,"j":351},{"i":327,"j":332},{"i":319,"j":343},{"i":325,"j":326},{"i":350,"j":371},{"i":350,"j":351},{"i":352,"j":358},{"i":299,"j":348},{"i":361,"j":370},{"i":356,"j":361},{"i":345,"j":390},{"i":355,"j":365},{"i":353,"j":375},{"i":341,"j":353},{"i":348,"j":361},{"i":335,"j":363},{"i":326,"j":335},{"i":358,"j":366},{"i":320,"j":358},{"i":352,"j":354},{"i":343,"j":417},{"i":345,"j":347},{"i":342,"j":360},{"i":354,"j":380},{"i":356,"j":363},{"i":335,"j":356},{"i":357,"j":374},{"i":353,"j":357},{"i":362,"j":378},{"i":363,"j":374},{"i":340,"j":372},{"i":347,"j":359},{"i":368,"j":379},{"i":359,"j":368},{"i":358,"j":362},{"i":377,"j":388},{"i":369,"j":373},{"i":301,"j":349},{"i":366,"j":368},{"i":312,"j":366},{"i":364,"j":401},{"i":351,"j":364},{"i":370,"j":418},{"i":374,"j":408},{"i":321,"j":369},{"i":367,"j":387},{"i":375,"j":408},{"i":369,"j":384},{"i":380,"j":410},{"i":362,"j":380},{"i":354,"j":382},{"i":372,"j":395},{"i":360,"j":365},{"i":397,"j":466},{"i":379,"j":420},{"i":375,"j":382},{"i":377,"j":396},{"i":360,"j":377},{"i":365,"j":388},{"i":370,"j":392},{"i":363,"j":370},{"i":372,"j":373},{"i":384,"j":386},{"i":384,"j":385},{"i":364,"j":371},{"i":383,"j":386},{"i":349,"j":383},{"i":387,"j":391},{"i":386,"j":474},{"i":385,"j":386},{"i":387,"j":389},{"i":396,"j":399},{"i":378,"j":394},{"i":366,"j":378},{"i":389,"j":391},{"i":383,"j":389},{"i":101,"j":658},{"i":371,"j":412},{"i":373,"j":475},{"i":392,"j":393},{"i":374,"j":392},{"i":376,"j":422},{"i":371,"j":376},{"i":397,"j":409},{"i":379,"j":397},{"i":422,"j":425},{"i":396,"j":403},{"i":394,"j":397},{"i":342,"j":396},{"i":402,"j":403},{"i":339,"j":398},{"i":396,"j":404},{"i":398,"j":399},{"i":377,"j":381},{"i":398,"j":406},{"i":381,"j":427},{"i":400,"j":407},{"i":407,"j":483},{"i":402,"j":407},{"i":400,"j":402},{"i":403,"j":404},{"i":399,"j":400},{"i":406,"j":407},{"i":406,"j":413},{"i":405,"j":406},{"i":390,"j":421},{"i":393,"j":428},{"i":382,"j":414},{"i":394,"j":432},{"i":409,"j":420},{"i":380,"j":414},{"i":378,"j":410},{"i":409,"j":449},{"i":361,"j":434},{"i":408,"j":429},{"i":411,"j":414},{"i":412,"j":415},{"i":415,"j":424},{"i":367,"j":416},{"i":395,"j":475},{"i":310,"j":417},{"i":401,"j":419},{"i":401,"j":415},{"i":390,"j":420},{"i":421,"j":465},{"i":395,"j":425},{"i":376,"j":395},{"i":422,"j":423},{"i":412,"j":422},{"i":423,"j":431},{"i":412,"j":423},{"i":385,"j":475},{"i":421,"j":426},{"i":388,"j":421},{"i":426,"j":427},{"i":381,"j":426},{"i":405,"j":413},{"i":426,"j":480},{"i":393,"j":418},{"i":408,"j":430},{"i":436,"j":444},{"i":414,"j":429},{"i":436,"j":464},{"i":430,"j":435},{"i":429,"j":430},{"i":425,"j":431},{"i":410,"j":411},{"i":437,"j":445},{"i":419,"j":441},{"i":419,"j":455},{"i":428,"j":442},{"i":444,"j":459},{"i":434,"j":436},{"i":418,"j":436},{"i":437,"j":438},{"i":418,"j":437},{"i":443,"j":447},{"i":439,"j":443},{"i":439,"j":440},{"i":411,"j":439},{"i":428,"j":433},{"i":419,"j":456},{"i":443,"j":451},{"i":447,"j":451},{"i":419,"j":424},{"i":446,"j":453},{"i":444,"j":445},{"i":445,"j":453},{"i":443,"j":454},{"i":435,"j":454},{"i":433,"j":467},{"i":432,"j":440},{"i":420,"j":449},{"i":440,"j":447},{"i":450,"j":462},{"i":447,"j":450},{"i":451,"j":457},{"i":433,"j":438},{"i":435,"j":442},{"i":424,"j":496},{"i":428,"j":448},{"i":458,"j":502},{"i":446,"j":468},{"i":438,"j":446},{"i":456,"j":506},{"i":455,"j":456},{"i":441,"j":464},{"i":434,"j":441},{"i":391,"j":485},{"i":453,"j":459},{"i":448,"j":502},{"i":458,"j":460},{"i":442,"j":458},{"i":454,"j":504},{"i":339,"j":405},{"i":449,"j":489},{"i":485,"j":519},{"i":450,"j":457},{"i":465,"j":469},{"i":449,"j":478},{"i":446,"j":452},{"i":455,"j":479},{"i":461,"j":826},{"i":323,"j":461},{"i":448,"j":467},{"i":452,"j":459},{"i":468,"j":471},{"i":467,"j":468},{"i":463,"j":476},{"i":390,"j":463},{"i":469,"j":480},{"i":431,"j":496},{"i":471,"j":477},{"i":470,"j":472},{"i":452,"j":470},{"i":427,"j":483},{"i":404,"j":427},{"i":473,"j":553},{"i":461,"j":473},{"i":431,"j":475},{"i":464,"j":479},{"i":463,"j":478},{"i":481,"j":533},{"i":478,"j":481},{"i":472,"j":477},{"i":471,"j":472},{"i":449,"j":466},{"i":482,"j":487},{"i":459,"j":482},{"i":465,"j":476},{"i":432,"j":514},{"i":479,"j":482},{"i":480,"j":483},{"i":413,"j":510},{"i":477,"j":486},{"i":467,"j":477},{"i":489,"j":500},{"i":466,"j":484},{"i":470,"j":487},{"i":487,"j":495},{"i":495,"j":526},{"i":488,"j":489},{"i":484,"j":488},{"i":501,"j":508},{"i":413,"j":492},{"i":511,"j":522},{"i":473,"j":491},{"i":483,"j":510},{"i":482,"j":526},{"i":474,"j":498},{"i":500,"j":531},{"i":494,"j":557},{"i":489,"j":499},{"i":486,"j":497},{"i":486,"j":495},{"i":519,"j":550},{"i":493,"j":505},{"i":475,"j":493},{"i":490,"j":498},{"i":474,"j":490},{"i":488,"j":524},{"i":462,"j":503},{"i":432,"j":462},{"i":522,"j":528},{"i":493,"j":498},{"i":501,"j":507},{"i":498,"j":501},{"i":497,"j":502},{"i":460,"j":504},{"i":482,"j":509},{"i":460,"j":529},{"i":507,"j":515},{"i":505,"j":507},{"i":504,"j":542},{"i":506,"j":551},{"i":490,"j":508},{"i":505,"j":515},{"i":474,"j":485},{"i":506,"j":509},{"i":515,"j":518},{"i":491,"j":492},{"i":494,"j":516},{"i":469,"j":494},{"i":511,"j":512},{"i":510,"j":511},{"i":512,"j":523},{"i":492,"j":512},{"i":504,"j":513},{"i":457,"j":504},{"i":518,"j":520},{"i":503,"j":534},{"i":524,"j":532},{"i":481,"j":499},{"i":526,"j":540},{"i":517,"j":520},{"i":508,"j":517},{"i":416,"j":550},{"i":520,"j":560},{"i":519,"j":521},{"i":416,"j":417},{"i":527,"j":536},{"i":502,"j":527},{"i":522,"j":523},{"i":480,"j":528},{"i":535,"j":548},{"i":514,"j":524},{"i":484,"j":514},{"i":523,"j":538},{"i":516,"j":541},{"i":497,"j":526},{"i":529,"j":542},{"i":525,"j":538},{"i":523,"j":525},{"i":516,"j":530},{"i":460,"j":502},{"i":500,"j":524},{"i":530,"j":543},{"i":528,"j":530},{"i":514,"j":534},{"i":499,"j":531},{"i":513,"j":534},{"i":503,"j":513},{"i":533,"j":580},{"i":527,"j":537},{"i":532,"j":559},{"i":531,"j":532},{"i":476,"j":533},{"i":526,"j":537},{"i":529,"j":536},{"i":509,"j":540},{"i":525,"j":528},{"i":532,"j":534},{"i":539,"j":541},{"i":516,"j":539},{"i":529,"j":552},{"i":538,"j":581},{"i":541,"j":543},{"i":518,"j":545},{"i":544,"j":547},{"i":496,"j":544},{"i":518,"j":535},{"i":542,"j":546},{"i":556,"j":658},{"i":545,"j":548},{"i":544,"j":545},{"i":543,"j":561},{"i":538,"j":543},{"i":531,"j":580},{"i":521,"j":558},{"i":517,"j":521},{"i":554,"j":563},{"i":536,"j":554},{"i":547,"j":551},{"i":496,"j":547},{"i":537,"j":571},{"i":491,"j":538},{"i":566,"j":635},{"i":554,"j":571},{"i":536,"j":565},{"i":540,"j":569},{"i":561,"j":612},{"i":494,"j":549},{"i":550,"j":556},{"i":558,"j":576},{"i":557,"j":562},{"i":539,"j":557},{"i":534,"j":546},{"i":558,"j":593},{"i":588,"j":601},{"i":561,"j":588},{"i":562,"j":588},{"i":543,"j":562},{"i":509,"j":596},{"i":564,"j":596},{"i":551,"j":586},{"i":536,"j":568},{"i":564,"j":569},{"i":540,"j":564},{"i":555,"j":570},{"i":552,"j":555},{"i":563,"j":629},{"i":568,"j":572},{"i":564,"j":566},{"i":565,"j":573},{"i":555,"j":565},{"i":584,"j":589},{"i":575,"j":584},{"i":572,"j":579},{"i":569,"j":571},{"i":573,"j":584},{"i":563,"j":578},{"i":570,"j":575},{"i":565,"j":572},{"i":567,"j":574},{"i":546,"j":567},{"i":579,"j":592},{"i":552,"j":575},{"i":570,"j":584},{"i":548,"j":611},{"i":558,"j":577},{"i":560,"j":616},{"i":417,"j":658},{"i":563,"j":582},{"i":583,"j":658},{"i":589,"j":625},{"i":587,"j":589},{"i":553,"j":826},{"i":568,"j":578},{"i":582,"j":629},{"i":591,"j":595},{"i":573,"j":579},{"i":549,"j":580},{"i":575,"j":589},{"i":586,"j":615},{"i":542,"j":585},{"i":559,"j":574},{"i":581,"j":652},{"i":553,"j":581},{"i":588,"j":608},{"i":585,"j":619},{"i":578,"j":582},{"i":590,"j":638},{"i":567,"j":590},{"i":609,"j":674},{"i":587,"j":619},{"i":585,"j":587},{"i":571,"j":629},{"i":583,"j":593},{"i":556,"j":583},{"i":591,"j":594},{"i":549,"j":591},{"i":557,"j":594},{"i":559,"j":605},{"i":586,"j":602},{"i":595,"j":597},{"i":594,"j":595},{"i":559,"j":607},{"i":599,"j":602},{"i":616,"j":672},{"i":611,"j":616},{"i":535,"j":616},{"i":598,"j":603},{"i":596,"j":598},{"i":599,"j":600},{"i":596,"j":599},{"i":601,"j":671},{"i":560,"j":576},{"i":600,"j":622},{"i":598,"j":600},{"i":574,"j":610},{"i":597,"j":614},{"i":605,"j":606},{"i":606,"j":613},{"i":604,"j":606},{"i":604,"j":613},{"i":580,"j":604},{"i":601,"j":608},{"i":607,"j":609},{"i":605,"j":607},{"i":609,"j":613},{"i":589,"j":628},{"i":600,"j":602},{"i":576,"j":577},{"i":561,"j":601},{"i":631,"j":656},{"i":614,"j":621},{"i":601,"j":618},{"i":617,"j":642},{"i":602,"j":617},{"i":544,"j":627},{"i":615,"j":627},{"i":577,"j":644},{"i":602,"j":615},{"i":614,"j":618},{"i":608,"j":614},{"i":597,"j":623},{"i":620,"j":626},{"i":614,"j":620},{"i":620,"j":623},{"i":602,"j":642},{"i":621,"j":626},{"i":623,"j":640},{"i":621,"j":624},{"i":624,"j":640},{"i":618,"j":624},{"i":619,"j":631},{"i":590,"j":619},{"i":626,"j":640},{"i":611,"j":636},{"i":619,"j":625},{"i":629,"j":632},{"i":625,"j":628},{"i":634,"j":641},{"i":630,"j":634},{"i":592,"j":630},{"i":566,"j":603},{"i":630,"j":632},{"i":622,"j":635},{"i":603,"j":622},{"i":632,"j":633},{"i":639,"j":661},{"i":637,"j":661},{"i":617,"j":657},{"i":611,"j":685},{"i":584,"j":592},{"i":633,"j":661},{"i":638,"j":646},{"i":637,"j":639},{"i":633,"j":637},{"i":601,"j":640},{"i":634,"j":639},{"i":617,"j":627},{"i":647,"j":664},{"i":636,"j":643},{"i":627,"j":636},{"i":622,"j":687},{"i":634,"j":647},{"i":643,"j":657},{"i":660,"j":670},{"i":645,"j":649},{"i":625,"j":645},{"i":647,"j":648},{"i":628,"j":647},{"i":651,"j":668},{"i":613,"j":660},{"i":591,"j":613},{"i":650,"j":669},{"i":640,"j":650},{"i":649,"j":651},{"i":631,"j":649},{"i":651,"j":659},{"i":612,"j":652},{"i":553,"j":655},{"i":645,"j":668},{"i":653,"j":665},{"i":653,"j":654},{"i":635,"j":653},{"i":642,"j":687},{"i":652,"j":655},{"i":612,"j":671},{"i":677,"j":695},{"i":675,"j":677},{"i":635,"j":667},{"i":644,"j":672},{"i":593,"j":662},{"i":660,"j":673},{"i":648,"j":664},{"i":645,"j":648},{"i":660,"j":663},{"i":597,"j":660},{"i":635,"j":654},{"i":666,"j":686},{"i":609,"j":610},{"i":663,"j":682},{"i":641,"j":703},{"i":668,"j":677},{"i":659,"j":668},{"i":641,"j":661},{"i":657,"j":680},{"i":654,"j":683},{"i":681,"j":701},{"i":678,"j":697},{"i":669,"j":684},{"i":671,"j":696},{"i":662,"j":679},{"i":644,"j":662},{"i":663,"j":670},{"i":646,"j":678},{"i":610,"j":646},{"i":670,"j":723},{"i":656,"j":676},{"i":638,"j":656},{"i":674,"j":692},{"i":673,"j":674},{"i":656,"j":659},{"i":675,"j":676},{"i":656,"j":675},{"i":691,"j":693},{"i":674,"j":691},{"i":667,"j":683},{"i":661,"j":667},{"i":643,"j":688},{"i":666,"j":679},{"i":662,"j":666},{"i":680,"j":687},{"i":674,"j":678},{"i":691,"j":701},{"i":673,"j":698},{"i":676,"j":694},{"i":669,"j":709},{"i":685,"j":737},{"i":672,"j":735},{"i":658,"j":686},{"i":680,"j":689},{"i":683,"j":704},{"i":689,"j":690},{"i":687,"j":689},{"i":665,"j":711},{"i":697,"j":701},{"i":681,"j":691},{"i":678,"j":681},{"i":650,"j":682},{"i":692,"j":698},{"i":664,"j":707},{"i":694,"j":697},{"i":683,"j":699},{"i":684,"j":696},{"i":671,"j":684},{"i":700,"j":717},{"i":682,"j":727},{"i":696,"j":746},{"i":694,"j":702},{"i":699,"j":700},{"i":687,"j":728},{"i":665,"j":687},{"i":713,"j":736},{"i":698,"j":723},{"i":695,"j":710},{"i":693,"j":725},{"i":692,"j":693},{"i":661,"j":700},{"i":668,"j":718},{"i":699,"j":706},{"i":664,"j":721},{"i":707,"j":718},{"i":704,"j":706},{"i":703,"j":714},{"i":690,"j":731},{"i":703,"j":720},{"i":688,"j":733},{"i":684,"j":709},{"i":705,"j":710},{"i":695,"j":705},{"i":701,"j":726},{"i":708,"j":715},{"i":683,"j":708},{"i":685,"j":712},{"i":708,"j":711},{"i":679,"j":713},{"i":717,"j":722},{"i":686,"j":713},{"i":706,"j":717},{"i":715,"j":722},{"i":715,"j":716},{"i":704,"j":715},{"i":716,"j":717},{"i":706,"j":716},{"i":714,"j":721},{"i":720,"j":724},{"i":714,"j":720},{"i":710,"j":726},{"i":694,"j":710},{"i":717,"j":719},{"i":719,"j":720},{"i":721,"j":732},{"i":707,"j":721},{"i":722,"j":729},{"i":702,"j":726},{"i":701,"j":702},{"i":709,"j":763},{"i":729,"j":741},{"i":719,"j":729},{"i":723,"j":740},{"i":705,"j":760},{"i":718,"j":753},{"i":705,"j":718},{"i":721,"j":724},{"i":690,"j":733},{"i":730,"j":763},{"i":728,"j":738},{"i":711,"j":728},{"i":712,"j":733},{"i":688,"j":712},{"i":734,"j":751},{"i":729,"j":732},{"i":724,"j":729},{"i":712,"j":737},{"i":730,"j":734},{"i":696,"j":730},{"i":725,"j":747},{"i":723,"j":725},{"i":731,"j":754},{"i":739,"j":780},{"i":735,"j":739},{"i":731,"j":756},{"i":722,"j":752},{"i":735,"j":736},{"i":744,"j":823},{"i":732,"j":753},{"i":709,"j":727},{"i":741,"j":745},{"i":742,"j":743},{"i":741,"j":742},{"i":742,"j":752},{"i":686,"j":744},{"i":743,"j":745},{"i":741,"j":743},{"i":737,"j":739},{"i":696,"j":734},{"i":747,"j":759},{"i":746,"j":795},{"i":726,"j":762},{"i":745,"j":755},{"i":733,"j":775},{"i":731,"j":733},{"i":744,"j":750},{"i":746,"j":767},{"i":655,"j":746},{"i":740,"j":764},{"i":748,"j":755},{"i":745,"j":748},{"i":738,"j":757},{"i":748,"j":749},{"i":753,"j":755},{"i":752,"j":757},{"i":756,"j":775},{"i":755,"j":790},{"i":779,"j":823},{"i":754,"j":758},{"i":738,"j":754},{"i":753,"j":776},{"i":756,"j":758},{"i":753,"j":774},{"i":759,"j":761},{"i":740,"j":759},{"i":733,"j":784},{"i":727,"j":766},{"i":761,"j":768},{"i":766,"j":789},{"i":764,"j":768},{"i":771,"j":787},{"i":763,"j":783},{"i":751,"j":763},{"i":764,"j":766},{"i":767,"j":826},{"i":553,"j":767},{"i":763,"j":789},{"i":762,"j":778},{"i":747,"j":762},{"i":760,"j":769},{"i":770,"j":819},{"i":771,"j":772},{"i":760,"j":771},{"i":777,"j":788},{"i":775,"j":777},{"i":762,"j":770},{"i":768,"j":789},{"i":771,"j":785},{"i":758,"j":802},{"i":774,"j":798},{"i":769,"j":774},{"i":774,"j":776},{"i":770,"j":772},{"i":771,"j":807},{"i":765,"j":784},{"i":737,"j":765},{"i":736,"j":750},{"i":736,"j":782},{"i":765,"j":780},{"i":778,"j":781},{"i":793,"j":812},{"i":792,"j":793},{"i":779,"j":782},{"i":750,"j":779},{"i":761,"j":801},{"i":773,"j":801},{"i":761,"j":773},{"i":788,"j":824},{"i":769,"j":807},{"i":783,"j":786},{"i":751,"j":786},{"i":772,"j":785},{"i":788,"j":799},{"i":791,"j":793},{"i":749,"j":791},{"i":777,"j":800},{"i":781,"j":801},{"i":773,"j":781},{"i":749,"j":757},{"i":776,"j":790},{"i":757,"j":803},{"i":790,"j":792},{"i":791,"j":806},{"i":794,"j":796},{"i":786,"j":794},{"i":795,"j":809},{"i":796,"j":809},{"i":795,"j":796},{"i":782,"j":797},{"i":790,"j":817},{"i":784,"j":800},{"i":799,"j":802},{"i":787,"j":804},{"i":785,"j":787},{"i":810,"j":816},{"i":802,"j":803},{"i":816,"j":836},{"i":805,"j":826},{"i":767,"j":805},{"i":789,"j":849},{"i":803,"j":806},{"i":791,"j":803},{"i":798,"j":808},{"i":798,"j":817},{"i":813,"j":815},{"i":805,"j":809},{"i":810,"j":811},{"i":806,"j":810},{"i":658,"j":860},{"i":811,"j":812},{"i":812,"j":816},{"i":804,"j":820},{"i":813,"j":814},{"i":783,"j":813},{"i":815,"j":821},{"i":814,"j":815},{"i":820,"j":832},{"i":812,"j":817},{"i":792,"j":812},{"i":811,"j":816},{"i":812,"j":827},{"i":835,"j":850},{"i":797,"j":822},{"i":780,"j":797},{"i":804,"j":832},{"i":821,"j":846},{"i":807,"j":831},{"i":819,"j":820},{"i":809,"j":837},{"i":817,"j":828},{"i":818,"j":822},{"i":797,"j":818},{"i":686,"j":823},{"i":808,"j":828},{"i":807,"j":808},{"i":814,"j":841},{"i":794,"j":814},{"i":802,"j":836},{"i":828,"j":829},{"i":814,"j":821},{"i":829,"j":831},{"i":827,"j":838},{"i":831,"j":832},{"i":840,"j":869},{"i":825,"j":840},{"i":799,"j":859},{"i":822,"j":839},{"i":833,"j":834},{"i":800,"j":833},{"i":824,"j":868},{"i":838,"j":853},{"i":830,"j":837},{"i":835,"j":840},{"i":832,"j":835},{"i":834,"j":875},{"i":829,"j":850},{"i":836,"j":880},{"i":819,"j":843},{"i":778,"j":819},{"i":841,"j":855},{"i":819,"j":825},{"i":801,"j":842},{"i":825,"j":848},{"i":842,"j":843},{"i":845,"j":856},{"i":844,"j":845},{"i":842,"j":844},{"i":801,"j":845},{"i":801,"j":849},{"i":846,"j":852},{"i":853,"j":896},{"i":823,"j":847},{"i":818,"j":823},{"i":840,"j":861},{"i":849,"j":864},{"i":843,"j":854},{"i":836,"j":871},{"i":827,"j":836},{"i":848,"j":854},{"i":846,"j":865},{"i":852,"j":870},{"i":848,"j":862},{"i":824,"j":834},{"i":850,"j":861},{"i":854,"j":862},{"i":841,"j":870},{"i":852,"j":874},{"i":844,"j":851},{"i":856,"j":877},{"i":854,"j":857},{"i":851,"j":854},{"i":856,"j":858},{"i":849,"j":872},{"i":839,"j":891},{"i":823,"j":860},{"i":857,"j":863},{"i":851,"j":857},{"i":850,"j":853},{"i":862,"j":863},{"i":864,"j":866},{"i":846,"j":864},{"i":875,"j":882},{"i":855,"j":894},{"i":849,"j":858},{"i":837,"j":855},{"i":866,"j":872},{"i":868,"j":876},{"i":865,"j":874},{"i":863,"j":888},{"i":836,"j":859},{"i":870,"j":894},{"i":863,"j":877},{"i":848,"j":869},{"i":859,"j":868},{"i":865,"j":866},{"i":874,"j":894},{"i":870,"j":874},{"i":833,"j":839},{"i":879,"j":889},{"i":871,"j":884},{"i":838,"j":871},{"i":883,"j":892},{"i":882,"j":883},{"i":847,"j":891},{"i":839,"j":847},{"i":858,"j":877},{"i":886,"j":895},{"i":877,"j":889},{"i":873,"j":881},{"i":859,"j":873},{"i":880,"j":886},{"i":876,"j":882},{"i":873,"j":876},{"i":875,"j":883},{"i":880,"j":881},{"i":871,"j":886},{"i":889,"j":899},{"i":879,"j":885},{"i":872,"j":879},{"i":869,"j":899},{"i":881,"j":882},{"i":884,"j":896},{"i":887,"j":888},{"i":863,"j":887},{"i":887,"j":899},{"i":888,"j":889},{"i":878,"j":892},{"i":834,"j":878},{"i":860,"j":890},{"i":891,"j":897},{"i":892,"j":895},{"i":881,"j":892},{"i":878,"j":891},{"i":885,"j":894},{"i":874,"j":885},{"i":898,"j":899},{"i":893,"j":895},{"i":892,"j":893},{"i":895,"j":896},{"i":884,"j":895},{"i":897,"j":898},{"i":893,"j":897},{"i":890,"j":898},{"i":896,"j":899},{"i":861,"j":896},{"i":0,"j":1},{"i":1,"j":23},{"i":23,"j":323},{"i":323,"j":826},{"i":826,"j":830},{"i":830,"j":867},{"i":867,"j":894},{"i":894,"j":899}],"type":"Solution"}