{"instance_name":"stars-0000080","edges":[{"i":1,"j":5},{"i":0,"j":4},{"i":5,"j":9},{"i":1,"j":3},{"i":0,"j":1},{"i":0,"j":3},{"i":3,"j":11},{"i":4,"j":6},{"i":4,"j":7},{"i":11,"j":13},{"i":6,"j":21},{"i":2,"j":6},{"i":8,"j":17},{"i":5,"j":8},{"i":10,"j":13},{"i":3,"j":10},{"i":14,"j":25},{"i":12,"j":21},{"i":7,"j":11},{"i":7,"j":19},{"i":6,"j":7},{"i":17,"j":20},{"i":14,"j":15},{"i":12,"j":14},{"i":10,"j":18},{"i":8,"j":9},{"i":17,"j":18},{"i":16,"j":22},{"i":13,"j":16},{"i":22,"j":30},{"i":19,"j":22},{"i":16,"j":23},{"i":25,"j":32},{"i":16,"j":18},{"i":21,"j":29},{"i":20,"j":26},{"i":18,"j":20},{"i":9,"j":24},{"i":26,"j":28},{"i":17,"j":27},{"i":26,"j":33},{"i":23,"j":26},{"i":27,"j":28},{"i":27,"j":39},{"i":23,"j":30},{"i":36,"j":42},{"i":25,"j":35},{"i":19,"j":36},{"i":34,"j":45},{"i":25,"j":29},{"i":19,"j":30},{"i":28,"j":38},{"i":29,"j":31},{"i":34,"j":35},{"i":25,"j":34},{"i":31,"j":45},{"i":41,"j":51},{"i":35,"j":49},{"i":36,"j":37},{"i":31,"j":37},{"i":30,"j":43},{"i":27,"j":59},{"i":33,"j":38},{"i":33,"j":41},{"i":40,"j":42},{"i":36,"j":40},{"i":39,"j":41},{"i":38,"j":39},{"i":42,"j":47},{"i":33,"j":44},{"i":30,"j":33},{"i":40,"j":43},{"i":45,"j":49},{"i":50,"j":58},{"i":37,"j":47},{"i":46,"j":61},{"i":49,"j":56},{"i":32,"j":49},{"i":48,"j":52},{"i":45,"j":48},{"i":39,"j":46},{"i":41,"j":53},{"i":24,"j":64},{"i":47,"j":55},{"i":52,"j":67},{"i":44,"j":57},{"i":43,"j":44},{"i":50,"j":53},{"i":41,"j":50},{"i":51,"j":57},{"i":50,"j":54},{"i":51,"j":60},{"i":49,"j":52},{"i":56,"j":79},{"i":55,"j":65},{"i":48,"j":55},{"i":53,"j":60},{"i":58,"j":62},{"i":54,"j":58},{"i":54,"j":62},{"i":24,"j":59},{"i":55,"j":57},{"i":46,"j":59},{"i":58,"j":61},{"i":62,"j":63},{"i":60,"j":62},{"i":61,"j":66},{"i":59,"j":64},{"i":57,"j":60},{"i":66,"j":70},{"i":65,"j":67},{"i":52,"j":65},{"i":61,"j":72},{"i":63,"j":68},{"i":60,"j":63},{"i":73,"j":78},{"i":68,"j":73},{"i":69,"j":71},{"i":67,"j":69},{"i":78,"j":79},{"i":64,"j":72},{"i":70,"j":73},{"i":68,"j":70},{"i":66,"j":72},{"i":64,"j":74},{"i":74,"j":75},{"i":75,"j":78},{"i":72,"j":75},{"i":73,"j":76},{"i":74,"j":77},{"i":77,"j":78},{"i":71,"j":79},{"i":56,"j":71},{"i":76,"j":79},{"i":69,"j":76},{"i":0,"j":2},{"i":2,"j":12},{"i":12,"j":15},{"i":15,"j":32},{"i":32,"j":79}],"type":"Solution"}