{"instance_name":"stars-0000200","edges":[{"i":1,"j":5},{"i":0,"j":1},{"i":0,"j":3},{"i":1,"j":4},{"i":4,"j":10},{"i":3,"j":4},{"i":6,"j":30},{"i":5,"j":10},{"i":1,"j":8},{"i":3,"j":10},{"i":5,"j":7},{"i":1,"j":18},{"i":7,"j":8},{"i":1,"j":6},{"i":7,"j":11},{"i":3,"j":22},{"i":10,"j":11},{"i":12,"j":22},{"i":17,"j":33},{"i":14,"j":17},{"i":12,"j":13},{"i":0,"j":12},{"i":14,"j":22},{"i":10,"j":14},{"i":9,"j":15},{"i":6,"j":9},{"i":15,"j":32},{"i":16,"j":17},{"i":11,"j":16},{"i":20,"j":33},{"i":16,"j":20},{"i":1,"j":15},{"i":18,"j":35},{"i":9,"j":19},{"i":18,"j":20},{"i":8,"j":18},{"i":23,"j":27},{"i":13,"j":23},{"i":24,"j":28},{"i":21,"j":24},{"i":25,"j":36},{"i":13,"j":22},{"i":2,"j":29},{"i":15,"j":19},{"i":6,"j":26},{"i":25,"j":26},{"i":6,"j":25},{"i":27,"j":40},{"i":31,"j":46},{"i":24,"j":34},{"i":28,"j":44},{"i":21,"j":28},{"i":27,"j":29},{"i":32,"j":46},{"i":19,"j":39},{"i":29,"j":34},{"i":15,"j":31},{"i":18,"j":32},{"i":38,"j":81},{"i":36,"j":81},{"i":33,"j":37},{"i":22,"j":33},{"i":37,"j":43},{"i":25,"j":30},{"i":45,"j":72},{"i":23,"j":41},{"i":26,"j":36},{"i":38,"j":39},{"i":26,"j":38},{"i":50,"j":81},{"i":23,"j":37},{"i":46,"j":53},{"i":35,"j":46},{"i":37,"j":48},{"i":40,"j":47},{"i":34,"j":42},{"i":48,"j":55},{"i":43,"j":54},{"i":41,"j":43},{"i":39,"j":45},{"i":45,"j":46},{"i":31,"j":45},{"i":41,"j":58},{"i":51,"j":57},{"i":35,"j":49},{"i":33,"j":35},{"i":47,"j":57},{"i":46,"j":56},{"i":38,"j":50},{"i":42,"j":47},{"i":44,"j":64},{"i":51,"j":52},{"i":42,"j":51},{"i":44,"j":65},{"i":48,"j":49},{"i":54,"j":61},{"i":55,"j":69},{"i":54,"j":58},{"i":53,"j":60},{"i":56,"j":77},{"i":62,"j":75},{"i":55,"j":61},{"i":52,"j":68},{"i":58,"j":59},{"i":40,"j":58},{"i":53,"j":56},{"i":55,"j":63},{"i":67,"j":85},{"i":58,"j":61},{"i":30,"j":162},{"i":57,"j":68},{"i":44,"j":52},{"i":65,"j":88},{"i":64,"j":65},{"i":47,"j":59},{"i":62,"j":71},{"i":59,"j":62},{"i":49,"j":60},{"i":66,"j":67},{"i":60,"j":66},{"i":61,"j":63},{"i":68,"j":88},{"i":47,"j":71},{"i":69,"j":70},{"i":63,"j":69},{"i":70,"j":75},{"i":67,"j":73},{"i":49,"j":67},{"i":50,"j":72},{"i":66,"j":86},{"i":56,"j":72},{"i":71,"j":79},{"i":76,"j":88},{"i":68,"j":76},{"i":56,"j":74},{"i":73,"j":80},{"i":70,"j":73},{"i":96,"j":113},{"i":75,"j":82},{"i":79,"j":84},{"i":75,"j":78},{"i":72,"j":83},{"i":30,"j":81},{"i":82,"j":87},{"i":77,"j":96},{"i":79,"j":82},{"i":81,"j":83},{"i":78,"j":90},{"i":74,"j":96},{"i":78,"j":80},{"i":77,"j":89},{"i":87,"j":98},{"i":84,"j":87},{"i":76,"j":84},{"i":85,"j":86},{"i":91,"j":96},{"i":83,"j":106},{"i":86,"j":107},{"i":89,"j":107},{"i":94,"j":97},{"i":91,"j":93},{"i":89,"j":91},{"i":92,"j":94},{"i":85,"j":92},{"i":92,"j":99},{"i":94,"j":95},{"i":80,"j":94},{"i":103,"j":116},{"i":92,"j":101},{"i":74,"j":83},{"i":93,"j":102},{"i":98,"j":116},{"i":98,"j":100},{"i":76,"j":98},{"i":90,"j":103},{"i":87,"j":90},{"i":92,"j":107},{"i":95,"j":108},{"i":90,"j":95},{"i":99,"j":101},{"i":97,"j":99},{"i":81,"j":119},{"i":97,"j":108},{"i":93,"j":96},{"i":101,"j":108},{"i":107,"j":121},{"i":102,"j":107},{"i":104,"j":106},{"i":83,"j":104},{"i":81,"j":105},{"i":104,"j":105},{"i":117,"j":133},{"i":106,"j":109},{"i":81,"j":162},{"i":108,"j":110},{"i":88,"j":100},{"i":111,"j":114},{"i":111,"j":112},{"i":88,"j":111},{"i":64,"j":112},{"i":109,"j":113},{"i":110,"j":115},{"i":103,"j":110},{"i":114,"j":118},{"i":117,"j":120},{"i":107,"j":117},{"i":103,"j":115},{"i":120,"j":137},{"i":100,"j":125},{"i":102,"j":113},{"i":114,"j":122},{"i":118,"j":123},{"i":112,"j":118},{"i":120,"j":124},{"i":108,"j":130},{"i":116,"j":125},{"i":118,"j":122},{"i":123,"j":140},{"i":64,"j":123},{"i":108,"j":121},{"i":126,"j":149},{"i":115,"j":127},{"i":108,"j":142},{"i":119,"j":126},{"i":105,"j":119},{"i":122,"j":125},{"i":131,"j":135},{"i":128,"j":131},{"i":125,"j":127},{"i":128,"j":132},{"i":113,"j":128},{"i":121,"j":124},{"i":129,"j":131},{"i":128,"j":129},{"i":130,"j":136},{"i":127,"j":130},{"i":132,"j":133},{"i":132,"j":135},{"i":126,"j":134},{"i":109,"j":126},{"i":129,"j":141},{"i":133,"j":146},{"i":136,"j":144},{"i":134,"j":138},{"i":129,"j":134},{"i":127,"j":144},{"i":139,"j":140},{"i":122,"j":139},{"i":140,"j":168},{"i":138,"j":141},{"i":129,"j":138},{"i":124,"j":143},{"i":137,"j":145},{"i":136,"j":142},{"i":143,"j":153},{"i":142,"j":143},{"i":145,"j":152},{"i":143,"j":145},{"i":135,"j":151},{"i":148,"j":151},{"i":141,"j":148},{"i":134,"j":149},{"i":146,"j":150},{"i":137,"j":146},{"i":150,"j":156},{"i":145,"j":150},{"i":148,"j":167},{"i":155,"j":163},{"i":152,"j":153},{"i":147,"j":168},{"i":140,"j":147},{"i":144,"j":161},{"i":139,"j":144},{"i":160,"j":165},{"i":144,"j":160},{"i":153,"j":155},{"i":136,"j":155},{"i":146,"j":159},{"i":169,"j":173},{"i":163,"j":169},{"i":136,"j":158},{"i":158,"j":163},{"i":157,"j":158},{"i":153,"j":163},{"i":157,"j":163},{"i":156,"j":166},{"i":152,"j":156},{"i":154,"j":177},{"i":144,"j":157},{"i":147,"j":154},{"i":149,"j":167},{"i":119,"j":164},{"i":159,"j":166},{"i":163,"j":175},{"i":162,"j":164},{"i":119,"j":162},{"i":164,"j":171},{"i":161,"j":165},{"i":159,"j":179},{"i":166,"j":169},{"i":171,"j":195},{"i":154,"j":161},{"i":171,"j":185},{"i":166,"j":172},{"i":160,"j":176},{"i":170,"j":177},{"i":165,"j":170},{"i":151,"j":179},{"i":169,"j":180},{"i":169,"j":172},{"i":173,"j":182},{"i":171,"j":174},{"i":173,"j":175},{"i":174,"j":185},{"i":175,"j":176},{"i":170,"j":181},{"i":170,"j":184},{"i":167,"j":174},{"i":178,"j":179},{"i":167,"j":178},{"i":179,"j":180},{"i":172,"j":179},{"i":181,"j":187},{"i":180,"j":182},{"i":182,"j":183},{"i":186,"j":190},{"i":184,"j":186},{"i":176,"j":186},{"i":181,"j":184},{"i":183,"j":190},{"i":178,"j":185},{"i":175,"j":183},{"i":162,"j":199},{"i":191,"j":197},{"i":190,"j":191},{"i":188,"j":198},{"i":181,"j":188},{"i":184,"j":190},{"i":187,"j":198},{"i":182,"j":191},{"i":188,"j":190},{"i":192,"j":198},{"i":192,"j":193},{"i":187,"j":192},{"i":193,"j":198},{"i":193,"j":194},{"i":177,"j":193},{"i":189,"j":197},{"i":180,"j":189},{"i":185,"j":196},{"i":195,"j":196},{"i":189,"j":196},{"i":197,"j":198},{"i":190,"j":197},{"i":196,"j":199},{"i":195,"j":199},{"i":0,"j":2},{"i":2,"j":21},{"i":21,"j":64},{"i":64,"j":168},{"i":168,"j":194},{"i":194,"j":198},{"i":197,"j":199}],"type":"Solution"}