{"instance_name":"uniform-0000900-2","edges":[{"i":1,"j":18},{"i":1,"j":6},{"i":1,"j":2},{"i":0,"j":1},{"i":3,"j":7},{"i":0,"j":3},{"i":2,"j":3},{"i":0,"j":2},{"i":1,"j":9},{"i":7,"j":10},{"i":0,"j":7},{"i":3,"j":17},{"i":8,"j":22},{"i":9,"j":15},{"i":8,"j":19},{"i":4,"j":8},{"i":1,"j":5},{"i":3,"j":11},{"i":6,"j":38},{"i":2,"j":24},{"i":12,"j":17},{"i":3,"j":12},{"i":14,"j":21},{"i":6,"j":14},{"i":5,"j":6},{"i":18,"j":23},{"i":2,"j":42},{"i":14,"j":16},{"i":5,"j":14},{"i":17,"j":57},{"i":16,"j":18},{"i":10,"j":22},{"i":6,"j":20},{"i":25,"j":29},{"i":15,"j":25},{"i":11,"j":35},{"i":23,"j":34},{"i":9,"j":23},{"i":22,"j":39},{"i":19,"j":22},{"i":2,"j":15},{"i":13,"j":48},{"i":12,"j":13},{"i":27,"j":52},{"i":11,"j":57},{"i":36,"j":42},{"i":26,"j":27},{"i":7,"j":26},{"i":21,"j":31},{"i":16,"j":21},{"i":22,"j":58},{"i":28,"j":36},{"i":15,"j":28},{"i":33,"j":49},{"i":24,"j":41},{"i":13,"j":24},{"i":20,"j":32},{"i":18,"j":72},{"i":32,"j":33},{"i":14,"j":33},{"i":34,"j":44},{"i":25,"j":34},{"i":37,"j":64},{"i":28,"j":29},{"i":29,"j":44},{"i":30,"j":37},{"i":6,"j":30},{"i":40,"j":59},{"i":20,"j":40},{"i":10,"j":27},{"i":38,"j":40},{"i":42,"j":91},{"i":82,"j":113},{"i":26,"j":65},{"i":16,"j":31},{"i":32,"j":49},{"i":41,"j":47},{"i":19,"j":53},{"i":39,"j":53},{"i":47,"j":48},{"i":26,"j":35},{"i":43,"j":54},{"i":31,"j":43},{"i":53,"j":88},{"i":46,"j":50},{"i":54,"j":80},{"i":37,"j":51},{"i":6,"j":37},{"i":45,"j":52},{"i":46,"j":78},{"i":45,"j":60},{"i":10,"j":45},{"i":43,"j":49},{"i":51,"j":55},{"i":38,"j":51},{"i":48,"j":62},{"i":55,"j":66},{"i":40,"j":55},{"i":45,"j":73},{"i":56,"j":70},{"i":50,"j":79},{"i":57,"j":65},{"i":35,"j":57},{"i":62,"j":69},{"i":60,"j":115},{"i":58,"j":60},{"i":59,"j":61},{"i":54,"j":63},{"i":49,"j":80},{"i":30,"j":56},{"i":57,"j":67},{"i":65,"j":96},{"i":36,"j":119},{"i":51,"j":97},{"i":56,"j":125},{"i":68,"j":76},{"i":24,"j":68},{"i":61,"j":77},{"i":49,"j":61},{"i":18,"j":63},{"i":62,"j":113},{"i":72,"j":95},{"i":52,"j":89},{"i":89,"j":112},{"i":70,"j":74},{"i":74,"j":125},{"i":50,"j":53},{"i":39,"j":88},{"i":68,"j":91},{"i":70,"j":125},{"i":59,"j":102},{"i":58,"j":88},{"i":75,"j":78},{"i":73,"j":81},{"i":60,"j":73},{"i":78,"j":99},{"i":67,"j":69},{"i":77,"j":80},{"i":71,"j":86},{"i":41,"j":71},{"i":76,"j":86},{"i":71,"j":76},{"i":85,"j":95},{"i":72,"j":85},{"i":64,"j":74},{"i":81,"j":115},{"i":76,"j":104},{"i":79,"j":99},{"i":84,"j":96},{"i":87,"j":100},{"i":75,"j":87},{"i":52,"j":84},{"i":79,"j":108},{"i":69,"j":82},{"i":93,"j":114},{"i":90,"j":93},{"i":82,"j":90},{"i":77,"j":94},{"i":86,"j":107},{"i":47,"j":86},{"i":85,"j":117},{"i":66,"j":102},{"i":92,"j":106},{"i":80,"j":92},{"i":99,"j":124},{"i":67,"j":93},{"i":88,"j":123},{"i":94,"j":98},{"i":64,"j":83},{"i":44,"j":95},{"i":89,"j":101},{"i":81,"j":89},{"i":84,"j":112},{"i":87,"j":99},{"i":100,"j":170},{"i":75,"j":100},{"i":91,"j":121},{"i":66,"j":97},{"i":102,"j":103},{"i":92,"j":98},{"i":104,"j":107},{"i":103,"j":105},{"i":61,"j":103},{"i":97,"j":142},{"i":98,"j":135},{"i":104,"j":139},{"i":81,"j":118},{"i":108,"j":124},{"i":90,"j":111},{"i":96,"j":148},{"i":63,"j":116},{"i":96,"j":109},{"i":101,"j":112},{"i":107,"j":138},{"i":111,"j":120},{"i":101,"j":118},{"i":114,"j":120},{"i":109,"j":114},{"i":110,"j":117},{"i":85,"j":110},{"i":110,"j":152},{"i":134,"j":168},{"i":118,"j":128},{"i":95,"j":145},{"i":122,"j":126},{"i":111,"j":113},{"i":128,"j":159},{"i":127,"j":131},{"i":106,"j":127},{"i":121,"j":136},{"i":119,"j":122},{"i":91,"j":119},{"i":115,"j":128},{"i":124,"j":189},{"i":124,"j":170},{"i":117,"j":145},{"i":110,"j":116},{"i":133,"j":173},{"i":83,"j":125},{"i":94,"j":105},{"i":128,"j":141},{"i":121,"j":126},{"i":127,"j":137},{"i":83,"j":133},{"i":116,"j":129},{"i":131,"j":137},{"i":129,"j":131},{"i":129,"j":137},{"i":106,"j":135},{"i":136,"j":155},{"i":162,"j":184},{"i":97,"j":130},{"i":121,"j":134},{"i":136,"j":139},{"i":127,"j":161},{"i":107,"j":154},{"i":142,"j":162},{"i":144,"j":171},{"i":130,"j":133},{"i":109,"j":120},{"i":122,"j":198},{"i":140,"j":142},{"i":130,"j":140},{"i":108,"j":123},{"i":138,"j":144},{"i":132,"j":152},{"i":116,"j":132},{"i":144,"j":146},{"i":113,"j":144},{"i":139,"j":150},{"i":138,"j":154},{"i":149,"j":161},{"i":127,"j":149},{"i":105,"j":153},{"i":143,"j":156},{"i":120,"j":143},{"i":148,"j":163},{"i":112,"j":148},{"i":126,"j":168},{"i":147,"j":149},{"i":135,"j":147},{"i":146,"j":151},{"i":134,"j":155},{"i":146,"j":179},{"i":120,"j":156},{"i":150,"j":164},{"i":137,"j":185},{"i":132,"j":137},{"i":102,"j":157},{"i":164,"j":171},{"i":154,"j":164},{"i":153,"j":158},{"i":142,"j":160},{"i":153,"j":169},{"i":147,"j":195},{"i":159,"j":166},{"i":157,"j":169},{"i":149,"j":180},{"i":162,"j":167},{"i":157,"j":160},{"i":175,"j":183},{"i":148,"j":175},{"i":166,"j":218},{"i":168,"j":198},{"i":160,"j":167},{"i":159,"j":163},{"i":157,"j":165},{"i":125,"j":182},{"i":171,"j":207},{"i":165,"j":178},{"i":169,"j":178},{"i":141,"j":172},{"i":123,"j":141},{"i":171,"j":179},{"i":75,"j":170},{"i":165,"j":167},{"i":125,"j":173},{"i":125,"j":315},{"i":151,"j":179},{"i":143,"j":151},{"i":161,"j":192},{"i":174,"j":175},{"i":156,"j":174},{"i":173,"j":176},{"i":173,"j":181},{"i":123,"j":172},{"i":177,"j":199},{"i":163,"j":177},{"i":167,"j":201},{"i":155,"j":187},{"i":150,"j":155},{"i":179,"j":197},{"i":174,"j":179},{"i":180,"j":195},{"i":176,"j":184},{"i":140,"j":176},{"i":181,"j":184},{"i":173,"j":182},{"i":181,"j":216},{"i":158,"j":178},{"i":180,"j":192},{"i":152,"j":185},{"i":184,"j":201},{"i":168,"j":188},{"i":186,"j":190},{"i":164,"j":186},{"i":119,"j":145},{"i":189,"j":221},{"i":170,"j":193},{"i":186,"j":187},{"i":179,"j":211},{"i":152,"j":194},{"i":189,"j":193},{"i":177,"j":183},{"i":145,"j":191},{"i":191,"j":194},{"i":147,"j":158},{"i":195,"j":196},{"i":171,"j":213},{"i":204,"j":225},{"i":196,"j":204},{"i":191,"j":206},{"i":183,"j":205},{"i":199,"j":215},{"i":193,"j":202},{"i":200,"j":236},{"i":170,"j":200},{"i":172,"j":221},{"i":202,"j":219},{"i":192,"j":250},{"i":198,"j":203},{"i":205,"j":210},{"i":199,"j":205},{"i":171,"j":190},{"i":194,"j":239},{"i":188,"j":209},{"i":222,"j":245},{"i":183,"j":197},{"i":188,"j":214},{"i":207,"j":222},{"i":203,"j":220},{"i":207,"j":211},{"i":230,"j":248},{"i":211,"j":217},{"i":208,"j":213},{"i":190,"j":208},{"i":212,"j":213},{"i":208,"j":212},{"i":187,"j":234},{"i":203,"j":206},{"i":210,"j":215},{"i":225,"j":248},{"i":201,"j":223},{"i":178,"j":201},{"i":218,"j":238},{"i":166,"j":215},{"i":218,"j":221},{"i":202,"j":221},{"i":200,"j":219},{"i":214,"j":224},{"i":209,"j":214},{"i":217,"j":226},{"i":197,"j":217},{"i":204,"j":223},{"i":234,"j":255},{"i":217,"j":222},{"i":204,"j":241},{"i":226,"j":227},{"i":205,"j":226},{"i":213,"j":228},{"i":242,"j":313},{"i":227,"j":229},{"i":205,"j":227},{"i":209,"j":234},{"i":222,"j":237},{"i":215,"j":246},{"i":231,"j":254},{"i":196,"j":225},{"i":224,"j":234},{"i":231,"j":232},{"i":212,"j":231},{"i":239,"j":252},{"i":235,"j":239},{"i":235,"j":252},{"i":230,"j":233},{"i":192,"j":230},{"i":207,"j":228},{"i":220,"j":244},{"i":214,"j":220},{"i":228,"j":258},{"i":185,"j":239},{"i":221,"j":243},{"i":229,"j":286},{"i":228,"j":257},{"i":248,"j":260},{"i":233,"j":250},{"i":223,"j":249},{"i":201,"j":240},{"i":216,"j":242},{"i":238,"j":243},{"i":210,"j":229},{"i":206,"j":235},{"i":238,"j":246},{"i":231,"j":234},{"i":219,"j":243},{"i":210,"j":268},{"i":248,"j":269},{"i":248,"j":270},{"i":233,"j":248},{"i":240,"j":251},{"i":224,"j":264},{"i":249,"j":267},{"i":241,"j":249},{"i":239,"j":265},{"i":254,"j":275},{"i":255,"j":264},{"i":253,"j":255},{"i":231,"j":253},{"i":256,"j":258},{"i":224,"j":296},{"i":228,"j":232},{"i":256,"j":257},{"i":228,"j":256},{"i":263,"j":314},{"i":257,"j":263},{"i":232,"j":254},{"i":237,"j":285},{"i":259,"j":272},{"i":246,"j":259},{"i":249,"j":274},{"i":242,"j":261},{"i":240,"j":242},{"i":247,"j":266},{"i":244,"j":247},{"i":253,"j":275},{"i":258,"j":287},{"i":263,"j":285},{"i":245,"j":263},{"i":252,"j":266},{"i":247,"j":252},{"i":262,"j":275},{"i":253,"j":262},{"i":265,"j":319},{"i":274,"j":278},{"i":264,"j":337},{"i":249,"j":251},{"i":237,"j":245},{"i":275,"j":344},{"i":271,"j":275},{"i":241,"j":279},{"i":260,"j":283},{"i":266,"j":276},{"i":262,"j":264},{"i":259,"j":295},{"i":243,"j":284},{"i":273,"j":330},{"i":236,"j":273},{"i":241,"j":267},{"i":251,"j":278},{"i":281,"j":299},{"i":271,"j":287},{"i":232,"j":271},{"i":270,"j":280},{"i":250,"j":270},{"i":276,"j":299},{"i":274,"j":277},{"i":261,"j":290},{"i":277,"j":297},{"i":261,"j":278},{"i":267,"j":297},{"i":283,"j":310},{"i":260,"j":269},{"i":252,"j":302},{"i":276,"j":281},{"i":281,"j":282},{"i":244,"j":281},{"i":293,"j":298},{"i":242,"j":300},{"i":243,"j":291},{"i":285,"j":321},{"i":286,"j":308},{"i":286,"j":289},{"i":268,"j":286},{"i":224,"j":282},{"i":273,"j":284},{"i":289,"j":301},{"i":288,"j":289},{"i":250,"j":280},{"i":288,"j":293},{"i":268,"j":288},{"i":284,"j":291},{"i":283,"j":294},{"i":279,"j":305},{"i":259,"j":293},{"i":308,"j":311},{"i":292,"j":296},{"i":282,"j":292},{"i":278,"j":323},{"i":277,"j":278},{"i":265,"j":309},{"i":272,"j":307},{"i":286,"j":321},{"i":292,"j":299},{"i":297,"j":323},{"i":216,"j":315},{"i":308,"j":334},{"i":298,"j":318},{"i":309,"j":317},{"i":297,"j":305},{"i":279,"j":297},{"i":272,"j":338},{"i":303,"j":328},{"i":291,"j":303},{"i":299,"j":302},{"i":290,"j":323},{"i":269,"j":305},{"i":290,"j":300},{"i":301,"j":311},{"i":298,"j":301},{"i":287,"j":345},{"i":304,"j":312},{"i":302,"j":304},{"i":294,"j":326},{"i":280,"j":294},{"i":283,"j":329},{"i":332,"j":345},{"i":311,"j":318},{"i":304,"j":309},{"i":314,"j":321},{"i":306,"j":320},{"i":290,"j":306},{"i":300,"j":322},{"i":314,"j":345},{"i":315,"j":361},{"i":182,"j":315},{"i":250,"j":324},{"i":316,"j":347},{"i":309,"j":316},{"i":311,"j":356},{"i":318,"j":327},{"i":295,"j":318},{"i":306,"j":322},{"i":317,"j":319},{"i":313,"j":322},{"i":320,"j":323},{"i":317,"j":336},{"i":316,"j":317},{"i":313,"j":315},{"i":322,"j":362},{"i":320,"j":340},{"i":296,"j":337},{"i":295,"j":327},{"i":328,"j":331},{"i":310,"j":333},{"i":324,"j":336},{"i":319,"j":324},{"i":321,"j":334},{"i":327,"j":338},{"i":303,"j":307},{"i":328,"j":348},{"i":305,"j":376},{"i":323,"j":340},{"i":330,"j":386},{"i":236,"j":330},{"i":307,"j":325},{"i":327,"j":368},{"i":324,"j":326},{"i":310,"j":342},{"i":338,"j":349},{"i":325,"j":338},{"i":321,"j":332},{"i":332,"j":335},{"i":324,"j":354},{"i":312,"j":341},{"i":299,"j":312},{"i":287,"j":344},{"i":349,"j":364},{"i":348,"j":349},{"i":322,"j":339},{"i":339,"j":340},{"i":312,"j":343},{"i":329,"j":346},{"i":336,"j":347},{"i":344,"j":363},{"i":350,"j":355},{"i":287,"j":350},{"i":335,"j":345},{"i":342,"j":346},{"i":333,"j":342},{"i":343,"j":347},{"i":331,"j":386},{"i":330,"j":331},{"i":325,"j":349},{"i":348,"j":366},{"i":341,"j":380},{"i":335,"j":351},{"i":351,"j":385},{"i":339,"j":359},{"i":340,"j":359},{"i":354,"j":365},{"i":347,"j":354},{"i":341,"j":358},{"i":363,"j":375},{"i":334,"j":357},{"i":355,"j":385},{"i":343,"j":380},{"i":353,"j":373},{"i":358,"j":360},{"i":329,"j":376},{"i":322,"j":352},{"i":352,"j":372},{"i":359,"j":376},{"i":337,"j":375},{"i":375,"j":397},{"i":364,"j":416},{"i":356,"j":370},{"i":353,"j":367},{"i":346,"j":353},{"i":364,"j":366},{"i":377,"j":382},{"i":337,"j":360},{"i":366,"j":386},{"i":356,"j":390},{"i":363,"j":374},{"i":350,"j":363},{"i":364,"j":414},{"i":357,"j":383},{"i":351,"j":384},{"i":367,"j":371},{"i":352,"j":361},{"i":372,"j":399},{"i":362,"j":372},{"i":378,"j":398},{"i":365,"j":380},{"i":345,"j":385},{"i":333,"j":378},{"i":326,"j":333},{"i":379,"j":387},{"i":362,"j":381},{"i":359,"j":362},{"i":367,"j":373},{"i":333,"j":371},{"i":365,"j":393},{"i":382,"j":396},{"i":369,"j":385},{"i":355,"j":369},{"i":402,"j":447},{"i":377,"j":391},{"i":354,"j":377},{"i":362,"j":392},{"i":376,"j":381},{"i":378,"j":382},{"i":377,"j":378},{"i":379,"j":383},{"i":357,"j":379},{"i":383,"j":390},{"i":369,"j":374},{"i":384,"j":387},{"i":379,"j":384},{"i":384,"j":385},{"i":360,"j":404},{"i":387,"j":409},{"i":385,"j":403},{"i":386,"j":692},{"i":368,"j":370},{"i":390,"j":409},{"i":388,"j":415},{"i":374,"j":388},{"i":395,"j":412},{"i":376,"j":395},{"i":371,"j":422},{"i":391,"j":423},{"i":421,"j":467},{"i":373,"j":389},{"i":393,"j":411},{"i":380,"j":393},{"i":395,"j":421},{"i":390,"j":405},{"i":370,"j":390},{"i":387,"j":394},{"i":381,"j":392},{"i":361,"j":402},{"i":397,"j":415},{"i":388,"j":397},{"i":397,"j":401},{"i":358,"j":380},{"i":406,"j":427},{"i":400,"j":406},{"i":387,"j":438},{"i":410,"j":416},{"i":400,"j":410},{"i":368,"j":407},{"i":410,"j":427},{"i":368,"j":405},{"i":401,"j":450},{"i":391,"j":437},{"i":349,"j":400},{"i":401,"j":464},{"i":408,"j":411},{"i":392,"j":433},{"i":399,"j":433},{"i":401,"j":404},{"i":393,"j":423},{"i":414,"j":440},{"i":414,"j":417},{"i":417,"j":420},{"i":386,"j":417},{"i":409,"j":430},{"i":389,"j":426},{"i":419,"j":430},{"i":394,"j":452},{"i":420,"j":440},{"i":367,"j":418},{"i":395,"j":413},{"i":418,"j":432},{"i":396,"j":437},{"i":421,"j":431},{"i":412,"j":421},{"i":399,"j":402},{"i":419,"j":425},{"i":405,"j":419},{"i":407,"j":425},{"i":389,"j":412},{"i":361,"j":447},{"i":406,"j":407},{"i":430,"j":451},{"i":427,"j":428},{"i":427,"j":459},{"i":420,"j":429},{"i":394,"j":403},{"i":418,"j":434},{"i":426,"j":434},{"i":398,"j":439},{"i":396,"j":398},{"i":426,"j":431},{"i":399,"j":424},{"i":431,"j":455},{"i":437,"j":439},{"i":408,"j":442},{"i":428,"j":435},{"i":416,"j":428},{"i":398,"j":422},{"i":432,"j":461},{"i":422,"j":432},{"i":409,"j":438},{"i":439,"j":462},{"i":415,"j":448},{"i":403,"j":415},{"i":436,"j":442},{"i":411,"j":436},{"i":422,"j":462},{"i":429,"j":473},{"i":386,"j":429},{"i":414,"j":435},{"i":440,"j":457},{"i":409,"j":444},{"i":441,"j":451},{"i":430,"j":441},{"i":423,"j":456},{"i":438,"j":475},{"i":423,"j":437},{"i":441,"j":444},{"i":443,"j":445},{"i":423,"j":443},{"i":413,"j":458},{"i":424,"j":460},{"i":361,"j":510},{"i":404,"j":408},{"i":434,"j":461},{"i":449,"j":456},{"i":437,"j":449},{"i":445,"j":463},{"i":436,"j":445},{"i":472,"j":489},{"i":451,"j":483},{"i":453,"j":474},{"i":448,"j":454},{"i":403,"j":448},{"i":425,"j":472},{"i":453,"j":459},{"i":427,"j":453},{"i":450,"j":468},{"i":448,"j":450},{"i":413,"j":433},{"i":445,"j":484},{"i":435,"j":465},{"i":446,"j":460},{"i":424,"j":446},{"i":483,"j":496},{"i":446,"j":447},{"i":460,"j":488},{"i":455,"j":466},{"i":458,"j":467},{"i":462,"j":481},{"i":456,"j":471},{"i":442,"j":463},{"i":468,"j":475},{"i":479,"j":487},{"i":471,"j":479},{"i":464,"j":491},{"i":449,"j":462},{"i":458,"j":469},{"i":465,"j":519},{"i":464,"j":468},{"i":422,"j":461},{"i":433,"j":482},{"i":465,"j":470},{"i":443,"j":471},{"i":470,"j":476},{"i":452,"j":475},{"i":457,"j":473},{"i":429,"j":457},{"i":470,"j":473},{"i":472,"j":474},{"i":454,"j":475},{"i":452,"j":454},{"i":467,"j":478},{"i":455,"j":467},{"i":477,"j":492},{"i":478,"j":500},{"i":477,"j":503},{"i":477,"j":479},{"i":462,"j":477},{"i":480,"j":494},{"i":484,"j":495},{"i":485,"j":495},{"i":466,"j":490},{"i":461,"j":466},{"i":476,"j":553},{"i":473,"j":476},{"i":444,"j":496},{"i":494,"j":530},{"i":480,"j":484},{"i":471,"j":480},{"i":483,"j":489},{"i":463,"j":485},{"i":447,"j":510},{"i":493,"j":541},{"i":466,"j":478},{"i":469,"j":482},{"i":444,"j":523},{"i":489,"j":499},{"i":486,"j":493},{"i":485,"j":486},{"i":478,"j":506},{"i":477,"j":481},{"i":475,"j":501},{"i":493,"j":497},{"i":491,"j":493},{"i":487,"j":516},{"i":480,"j":487},{"i":494,"j":495},{"i":496,"j":529},{"i":496,"j":513},{"i":469,"j":502},{"i":459,"j":519},{"i":468,"j":505},{"i":498,"j":507},{"i":478,"j":498},{"i":482,"j":508},{"i":491,"j":520},{"i":504,"j":511},{"i":501,"j":504},{"i":497,"j":512},{"i":491,"j":497},{"i":503,"j":517},{"i":498,"j":500},{"i":500,"j":515},{"i":467,"j":549},{"i":482,"j":488},{"i":490,"j":522},{"i":481,"j":490},{"i":492,"j":536},{"i":487,"j":492},{"i":515,"j":555},{"i":488,"j":521},{"i":504,"j":505},{"i":524,"j":537},{"i":523,"j":524},{"i":514,"j":538},{"i":499,"j":514},{"i":495,"j":530},{"i":444,"j":501},{"i":513,"j":514},{"i":501,"j":524},{"i":522,"j":540},{"i":509,"j":517},{"i":503,"j":509},{"i":516,"j":530},{"i":490,"j":528},{"i":474,"j":499},{"i":518,"j":525},{"i":476,"j":518},{"i":517,"j":533},{"i":512,"j":559},{"i":488,"j":510},{"i":502,"j":549},{"i":506,"j":528},{"i":506,"j":507},{"i":501,"j":537},{"i":518,"j":519},{"i":510,"j":526},{"i":522,"j":527},{"i":528,"j":540},{"i":525,"j":539},{"i":523,"j":546},{"i":521,"j":583},{"i":509,"j":527},{"i":508,"j":551},{"i":502,"j":508},{"i":520,"j":550},{"i":505,"j":520},{"i":531,"j":533},{"i":517,"j":531},{"i":532,"j":534},{"i":511,"j":532},{"i":536,"j":566},{"i":492,"j":533},{"i":538,"j":558},{"i":538,"j":542},{"i":519,"j":538},{"i":525,"j":542},{"i":539,"j":561},{"i":530,"j":544},{"i":486,"j":530},{"i":530,"j":545},{"i":546,"j":570},{"i":554,"j":578},{"i":553,"j":554},{"i":529,"j":557},{"i":513,"j":529},{"i":535,"j":543},{"i":507,"j":535},{"i":536,"j":547},{"i":516,"j":536},{"i":512,"j":575},{"i":536,"j":589},{"i":544,"j":560},{"i":541,"j":544},{"i":534,"j":562},{"i":511,"j":534},{"i":542,"j":561},{"i":540,"j":548},{"i":527,"j":540},{"i":548,"j":556},{"i":531,"j":548},{"i":541,"j":575},{"i":535,"j":555},{"i":521,"j":582},{"i":476,"j":539},{"i":539,"j":554},{"i":529,"j":546},{"i":515,"j":549},{"i":528,"j":543},{"i":557,"j":576},{"i":545,"j":573},{"i":564,"j":572},{"i":563,"j":564},{"i":550,"j":559},{"i":547,"j":569},{"i":545,"j":547},{"i":558,"j":561},{"i":550,"j":565},{"i":532,"j":550},{"i":533,"j":556},{"i":566,"j":586},{"i":552,"j":564},{"i":543,"j":552},{"i":555,"j":568},{"i":552,"j":555},{"i":559,"j":615},{"i":562,"j":590},{"i":536,"j":586},{"i":548,"j":563},{"i":551,"j":567},{"i":567,"j":568},{"i":549,"j":567},{"i":572,"j":610},{"i":566,"j":569},{"i":571,"j":577},{"i":546,"j":571},{"i":573,"j":597},{"i":560,"j":573},{"i":557,"j":570},{"i":569,"j":573},{"i":566,"j":581},{"i":574,"j":590},{"i":562,"j":574},{"i":565,"j":602},{"i":574,"j":604},{"i":560,"j":595},{"i":565,"j":616},{"i":557,"j":580},{"i":577,"j":592},{"i":598,"j":629},{"i":561,"j":579},{"i":578,"j":598},{"i":558,"j":576},{"i":579,"j":598},{"i":578,"j":579},{"i":579,"j":614},{"i":570,"j":585},{"i":533,"j":589},{"i":582,"j":584},{"i":551,"j":582},{"i":526,"j":583},{"i":521,"j":526},{"i":580,"j":585},{"i":576,"j":580},{"i":577,"j":585},{"i":572,"j":587},{"i":563,"j":572},{"i":582,"j":606},{"i":526,"j":588},{"i":556,"j":594},{"i":586,"j":599},{"i":590,"j":593},{"i":590,"j":591},{"i":537,"j":590},{"i":526,"j":656},{"i":571,"j":591},{"i":591,"j":593},{"i":593,"j":627},{"i":592,"j":593},{"i":587,"j":594},{"i":556,"j":587},{"i":589,"j":594},{"i":600,"j":609},{"i":595,"j":611},{"i":575,"j":615},{"i":581,"j":600},{"i":579,"j":619},{"i":581,"j":623},{"i":589,"j":601},{"i":596,"j":623},{"i":586,"j":596},{"i":599,"j":608},{"i":584,"j":603},{"i":567,"j":584},{"i":595,"j":631},{"i":576,"j":645},{"i":583,"j":606},{"i":574,"j":622},{"i":611,"j":630},{"i":601,"j":608},{"i":599,"j":601},{"i":603,"j":605},{"i":603,"j":607},{"i":588,"j":606},{"i":605,"j":607},{"i":608,"j":613},{"i":609,"j":648},{"i":605,"j":617},{"i":568,"j":605},{"i":595,"j":597},{"i":609,"j":618},{"i":597,"j":609},{"i":594,"j":625},{"i":592,"j":636},{"i":611,"j":615},{"i":624,"j":633},{"i":618,"j":624},{"i":615,"j":616},{"i":617,"j":673},{"i":610,"j":617},{"i":596,"j":613},{"i":597,"j":618},{"i":614,"j":650},{"i":604,"j":620},{"i":593,"j":604},{"i":574,"j":602},{"i":607,"j":638},{"i":588,"j":621},{"i":602,"j":649},{"i":613,"j":635},{"i":631,"j":639},{"i":610,"j":637},{"i":638,"j":647},{"i":622,"j":626},{"i":620,"j":628},{"i":620,"j":642},{"i":627,"j":636},{"i":626,"j":628},{"i":640,"j":692},{"i":473,"j":640},{"i":614,"j":629},{"i":627,"j":642},{"i":628,"j":669},{"i":624,"j":641},{"i":633,"j":641},{"i":606,"j":638},{"i":601,"j":625},{"i":629,"j":652},{"i":623,"j":648},{"i":600,"j":623},{"i":619,"j":644},{"i":616,"j":675},{"i":635,"j":660},{"i":623,"j":635},{"i":634,"j":644},{"i":619,"j":634},{"i":631,"j":633},{"i":612,"j":640},{"i":553,"j":612},{"i":612,"j":629},{"i":626,"j":655},{"i":615,"j":630},{"i":614,"j":643},{"i":585,"j":636},{"i":644,"j":662},{"i":643,"j":644},{"i":638,"j":646},{"i":510,"j":818},{"i":621,"j":647},{"i":625,"j":637},{"i":630,"j":639},{"i":643,"j":662},{"i":650,"j":654},{"i":646,"j":651},{"i":632,"j":646},{"i":653,"j":658},{"i":637,"j":661},{"i":634,"j":645},{"i":663,"j":680},{"i":645,"j":663},{"i":649,"j":655},{"i":622,"j":649},{"i":647,"j":670},{"i":621,"j":656},{"i":653,"j":657},{"i":625,"j":653},{"i":660,"j":690},{"i":635,"j":657},{"i":659,"j":660},{"i":635,"j":659},{"i":658,"j":664},{"i":605,"j":632},{"i":684,"j":699},{"i":678,"j":684},{"i":650,"j":662},{"i":648,"j":688},{"i":668,"j":683},{"i":641,"j":668},{"i":659,"j":687},{"i":651,"j":672},{"i":632,"j":651},{"i":665,"j":667},{"i":639,"j":665},{"i":671,"j":697},{"i":660,"j":677},{"i":655,"j":701},{"i":642,"j":693},{"i":647,"j":682},{"i":667,"j":671},{"i":666,"j":686},{"i":661,"j":666},{"i":661,"j":702},{"i":658,"j":661},{"i":651,"j":670},{"i":672,"j":673},{"i":677,"j":688},{"i":636,"j":676},{"i":687,"j":708},{"i":671,"j":675},{"i":630,"j":671},{"i":674,"j":680},{"i":663,"j":674},{"i":669,"j":693},{"i":669,"j":705},{"i":664,"j":685},{"i":657,"j":664},{"i":654,"j":678},{"i":652,"j":654},{"i":652,"j":681},{"i":679,"j":692},{"i":640,"j":679},{"i":680,"j":700},{"i":678,"j":699},{"i":679,"j":681},{"i":670,"j":703},{"i":668,"j":688},{"i":703,"j":729},{"i":662,"j":680},{"i":686,"j":691},{"i":673,"j":686},{"i":666,"j":673},{"i":685,"j":712},{"i":673,"j":695},{"i":683,"j":694},{"i":665,"j":683},{"i":659,"j":685},{"i":697,"j":725},{"i":656,"j":689},{"i":690,"j":708},{"i":677,"j":690},{"i":672,"j":698},{"i":679,"j":707},{"i":696,"j":706},{"i":662,"j":696},{"i":655,"j":711},{"i":675,"j":735},{"i":688,"j":718},{"i":694,"j":697},{"i":667,"j":694},{"i":691,"j":715},{"i":682,"j":703},{"i":709,"j":720},{"i":681,"j":699},{"i":676,"j":728},{"i":674,"j":676},{"i":649,"j":675},{"i":661,"j":691},{"i":702,"j":712},{"i":704,"j":715},{"i":682,"j":689},{"i":701,"j":705},{"i":700,"j":710},{"i":696,"j":700},{"i":662,"j":706},{"i":681,"j":709},{"i":705,"j":717},{"i":692,"j":707},{"i":709,"j":726},{"i":693,"j":754},{"i":702,"j":713},{"i":718,"j":727},{"i":683,"j":718},{"i":704,"j":714},{"i":661,"j":704},{"i":695,"j":723},{"i":702,"j":740},{"i":695,"j":698},{"i":706,"j":721},{"i":727,"j":753},{"i":684,"j":716},{"i":701,"j":724},{"i":708,"j":738},{"i":694,"j":727},{"i":672,"j":722},{"i":699,"j":726},{"i":710,"j":733},{"i":719,"j":723},{"i":698,"j":719},{"i":672,"j":703},{"i":723,"j":731},{"i":712,"j":777},{"i":717,"j":730},{"i":693,"j":717},{"i":718,"j":746},{"i":720,"j":767},{"i":707,"j":720},{"i":726,"j":748},{"i":724,"j":730},{"i":712,"j":713},{"i":711,"j":741},{"i":725,"j":735},{"i":730,"j":742},{"i":719,"j":722},{"i":731,"j":737},{"i":715,"j":731},{"i":725,"j":753},{"i":737,"j":747},{"i":714,"j":737},{"i":728,"j":733},{"i":710,"j":728},{"i":742,"j":762},{"i":735,"j":755},{"i":714,"j":740},{"i":733,"j":772},{"i":725,"j":732},{"i":729,"j":739},{"i":722,"j":729},{"i":689,"j":736},{"i":747,"j":764},{"i":740,"j":747},{"i":732,"j":755},{"i":712,"j":749},{"i":687,"j":712},{"i":739,"j":756},{"i":719,"j":739},{"i":745,"j":750},{"i":711,"j":735},{"i":724,"j":758},{"i":718,"j":738},{"i":740,"j":743},{"i":716,"j":745},{"i":721,"j":733},{"i":748,"j":768},{"i":744,"j":748},{"i":721,"j":751},{"i":716,"j":721},{"i":753,"j":769},{"i":734,"j":752},{"i":713,"j":734},{"i":731,"j":761},{"i":766,"j":768},{"i":745,"j":748},{"i":743,"j":752},{"i":734,"j":743},{"i":741,"j":758},{"i":754,"j":772},{"i":728,"j":754},{"i":732,"j":771},{"i":762,"j":793},{"i":754,"j":762},{"i":749,"j":791},{"i":719,"j":760},{"i":757,"j":761},{"i":731,"j":757},{"i":741,"j":796},{"i":763,"j":808},{"i":737,"j":764},{"i":759,"j":778},{"i":756,"j":760},{"i":757,"j":780},{"i":754,"j":793},{"i":759,"j":763},{"i":743,"j":759},{"i":738,"j":788},{"i":738,"j":749},{"i":757,"j":781},{"i":736,"j":765},{"i":729,"j":736},{"i":720,"j":744},{"i":766,"j":767},{"i":744,"j":766},{"i":768,"j":782},{"i":767,"j":799},{"i":750,"j":797},{"i":752,"j":774},{"i":769,"j":798},{"i":763,"j":774},{"i":769,"j":771},{"i":742,"j":758},{"i":751,"j":830},{"i":758,"j":794},{"i":738,"j":784},{"i":773,"j":789},{"i":773,"j":775},{"i":746,"j":773},{"i":776,"j":795},{"i":753,"j":776},{"i":787,"j":812},{"i":788,"j":831},{"i":774,"j":777},{"i":775,"j":786},{"i":746,"j":775},{"i":777,"j":791},{"i":779,"j":802},{"i":760,"j":781},{"i":780,"j":783},{"i":761,"j":780},{"i":750,"j":751},{"i":782,"j":797},{"i":738,"j":770},{"i":770,"j":791},{"i":788,"j":801},{"i":783,"j":785},{"i":764,"j":783},{"i":786,"j":787},{"i":795,"j":807},{"i":784,"j":789},{"i":779,"j":791},{"i":777,"j":779},{"i":784,"j":801},{"i":778,"j":785},{"i":765,"j":790},{"i":756,"j":765},{"i":776,"j":787},{"i":755,"j":796},{"i":762,"j":792},{"i":792,"j":813},{"i":794,"j":800},{"i":792,"j":794},{"i":789,"j":817},{"i":771,"j":798},{"i":800,"j":813},{"i":796,"j":805},{"i":794,"j":796},{"i":782,"j":799},{"i":803,"j":829},{"i":799,"j":824},{"i":692,"j":799},{"i":770,"j":831},{"i":801,"j":842},{"i":780,"j":832},{"i":804,"j":810},{"i":781,"j":832},{"i":786,"j":816},{"i":803,"j":804},{"i":785,"j":803},{"i":814,"j":870},{"i":736,"j":806},{"i":795,"j":812},{"i":778,"j":804},{"i":810,"j":822},{"i":806,"j":809},{"i":802,"j":808},{"i":810,"j":811},{"i":817,"j":840},{"i":817,"j":826},{"i":816,"j":817},{"i":805,"j":819},{"i":813,"j":823},{"i":816,"j":827},{"i":811,"j":814},{"i":808,"j":811},{"i":772,"j":815},{"i":798,"j":807},{"i":791,"j":802},{"i":806,"j":837},{"i":656,"j":818},{"i":807,"j":846},{"i":819,"j":836},{"i":800,"j":819},{"i":821,"j":835},{"i":805,"j":821},{"i":803,"j":856},{"i":811,"j":822},{"i":827,"j":833},{"i":812,"j":827},{"i":830,"j":841},{"i":820,"j":825},{"i":798,"j":820},{"i":802,"j":865},{"i":826,"j":827},{"i":820,"j":846},{"i":828,"j":841},{"i":815,"j":828},{"i":823,"j":828},{"i":793,"j":823},{"i":836,"j":875},{"i":813,"j":836},{"i":815,"j":841},{"i":814,"j":865},{"i":802,"j":814},{"i":817,"j":851},{"i":809,"j":834},{"i":790,"j":809},{"i":843,"j":888},{"i":790,"j":863},{"i":825,"j":843},{"i":821,"j":825},{"i":835,"j":836},{"i":806,"j":818},{"i":834,"j":837},{"i":790,"j":834},{"i":831,"j":853},{"i":841,"j":861},{"i":839,"j":841},{"i":797,"j":830},{"i":839,"j":861},{"i":823,"j":849},{"i":842,"j":853},{"i":842,"j":851},{"i":812,"j":833},{"i":855,"j":881},{"i":824,"j":855},{"i":797,"j":839},{"i":835,"j":866},{"i":833,"j":858},{"i":844,"j":847},{"i":818,"j":844},{"i":848,"j":876},{"i":847,"j":848},{"i":837,"j":847},{"i":834,"j":873},{"i":843,"j":850},{"i":849,"j":860},{"i":843,"j":862},{"i":840,"j":859},{"i":829,"j":854},{"i":822,"j":829},{"i":826,"j":871},{"i":803,"j":832},{"i":852,"j":859},{"i":851,"j":852},{"i":845,"j":855},{"i":824,"j":845},{"i":838,"j":874},{"i":832,"j":838},{"i":840,"j":871},{"i":836,"j":866},{"i":846,"j":888},{"i":853,"j":872},{"i":857,"j":858},{"i":850,"j":862},{"i":834,"j":848},{"i":838,"j":863},{"i":838,"j":864},{"i":854,"j":889},{"i":828,"j":860},{"i":850,"j":882},{"i":835,"j":850},{"i":859,"j":884},{"i":860,"j":877},{"i":868,"j":880},{"i":828,"j":868},{"i":865,"j":869},{"i":872,"j":892},{"i":856,"j":879},{"i":867,"j":871},{"i":840,"j":867},{"i":857,"j":888},{"i":846,"j":857},{"i":831,"j":885},{"i":864,"j":893},{"i":847,"j":876},{"i":879,"j":899},{"i":875,"j":894},{"i":863,"j":891},{"i":844,"j":876},{"i":849,"j":878},{"i":875,"j":878},{"i":874,"j":890},{"i":856,"j":874},{"i":877,"j":880},{"i":868,"j":877},{"i":845,"j":861},{"i":852,"j":872},{"i":880,"j":883},{"i":861,"j":880},{"i":878,"j":894},{"i":877,"j":878},{"i":869,"j":885},{"i":884,"j":897},{"i":867,"j":884},{"i":870,"j":889},{"i":869,"j":870},{"i":883,"j":886},{"i":845,"j":883},{"i":886,"j":887},{"i":871,"j":897},{"i":858,"j":871},{"i":885,"j":892},{"i":854,"j":879},{"i":889,"j":899},{"i":873,"j":891},{"i":891,"j":899},{"i":876,"j":891},{"i":873,"j":876},{"i":885,"j":889},{"i":892,"j":899},{"i":890,"j":899},{"i":891,"j":893},{"i":864,"j":891},{"i":882,"j":895},{"i":866,"j":882},{"i":894,"j":896},{"i":886,"j":894},{"i":895,"j":896},{"i":894,"j":895},{"i":888,"j":898},{"i":862,"j":888},{"i":896,"j":898},{"i":892,"j":897},{"i":884,"j":892},{"i":897,"j":898},{"i":893,"j":899},{"i":890,"j":893},{"i":0,"j":4},{"i":4,"j":46},{"i":46,"j":75},{"i":75,"j":236},{"i":236,"j":692},{"i":692,"j":824},{"i":824,"j":881},{"i":881,"j":887},{"i":887,"j":898},{"i":897,"j":899}],"type":"Solution"}