{"instance_name":"uniform-0000300-2","edges":[{"i":2,"j":3},{"i":5,"j":20},{"i":2,"j":4},{"i":0,"j":2},{"i":1,"j":3},{"i":0,"j":1},{"i":2,"j":16},{"i":4,"j":8},{"i":5,"j":6},{"i":1,"j":5},{"i":5,"j":11},{"i":7,"j":19},{"i":0,"j":7},{"i":8,"j":12},{"i":1,"j":15},{"i":9,"j":26},{"i":6,"j":14},{"i":1,"j":6},{"i":7,"j":9},{"i":11,"j":20},{"i":0,"j":13},{"i":11,"j":14},{"i":1,"j":25},{"i":17,"j":21},{"i":10,"j":17},{"i":3,"j":10},{"i":22,"j":34},{"i":16,"j":18},{"i":23,"j":35},{"i":12,"j":26},{"i":9,"j":12},{"i":18,"j":23},{"i":4,"j":18},{"i":1,"j":14},{"i":15,"j":32},{"i":10,"j":15},{"i":19,"j":22},{"i":19,"j":36},{"i":13,"j":22},{"i":19,"j":30},{"i":8,"j":23},{"i":14,"j":31},{"i":20,"j":49},{"i":24,"j":27},{"i":13,"j":24},{"i":24,"j":34},{"i":27,"j":28},{"i":30,"j":34},{"i":30,"j":40},{"i":29,"j":39},{"i":8,"j":29},{"i":15,"j":33},{"i":25,"j":33},{"i":21,"j":38},{"i":16,"j":21},{"i":25,"j":44},{"i":33,"j":42},{"i":26,"j":37},{"i":34,"j":45},{"i":27,"j":34},{"i":17,"j":47},{"i":37,"j":46},{"i":36,"j":40},{"i":36,"j":43},{"i":32,"j":47},{"i":35,"j":48},{"i":29,"j":35},{"i":19,"j":37},{"i":26,"j":39},{"i":25,"j":31},{"i":42,"j":65},{"i":39,"j":51},{"i":51,"j":70},{"i":41,"j":44},{"i":25,"j":41},{"i":31,"j":49},{"i":45,"j":50},{"i":32,"j":42},{"i":43,"j":46},{"i":42,"j":63},{"i":48,"j":61},{"i":38,"j":56},{"i":35,"j":38},{"i":40,"j":43},{"i":44,"j":52},{"i":45,"j":55},{"i":50,"j":54},{"i":28,"j":50},{"i":48,"j":51},{"i":57,"j":64},{"i":51,"j":53},{"i":46,"j":51},{"i":49,"j":52},{"i":41,"j":49},{"i":45,"j":58},{"i":54,"j":102},{"i":28,"j":54},{"i":40,"j":80},{"i":55,"j":59},{"i":47,"j":57},{"i":38,"j":47},{"i":53,"j":69},{"i":43,"j":53},{"i":47,"j":83},{"i":48,"j":56},{"i":58,"j":59},{"i":55,"j":58},{"i":54,"j":59},{"i":56,"j":64},{"i":60,"j":61},{"i":48,"j":60},{"i":53,"j":70},{"i":20,"j":75},{"i":62,"j":67},{"i":60,"j":62},{"i":62,"j":64},{"i":52,"j":66},{"i":57,"j":86},{"i":52,"j":76},{"i":65,"j":68},{"i":63,"j":65},{"i":72,"j":78},{"i":67,"j":72},{"i":61,"j":77},{"i":66,"j":68},{"i":61,"j":67},{"i":69,"j":94},{"i":71,"j":72},{"i":64,"j":71},{"i":81,"j":99},{"i":66,"j":79},{"i":49,"j":74},{"i":73,"j":74},{"i":49,"j":73},{"i":76,"j":87},{"i":20,"j":128},{"i":74,"j":82},{"i":67,"j":78},{"i":82,"j":87},{"i":76,"j":82},{"i":80,"j":93},{"i":63,"j":85},{"i":69,"j":90},{"i":80,"j":84},{"i":58,"j":80},{"i":68,"j":85},{"i":75,"j":81},{"i":73,"j":75},{"i":68,"j":79},{"i":77,"j":94},{"i":84,"j":102},{"i":59,"j":84},{"i":83,"j":86},{"i":82,"j":92},{"i":75,"j":112},{"i":78,"j":98},{"i":77,"j":78},{"i":70,"j":94},{"i":88,"j":101},{"i":84,"j":88},{"i":95,"j":105},{"i":89,"j":90},{"i":69,"j":89},{"i":87,"j":91},{"i":79,"j":87},{"i":81,"j":92},{"i":90,"j":93},{"i":94,"j":104},{"i":89,"j":94},{"i":103,"j":110},{"i":85,"j":103},{"i":86,"j":95},{"i":71,"j":86},{"i":96,"j":107},{"i":85,"j":100},{"i":83,"j":85},{"i":93,"j":96},{"i":88,"j":93},{"i":92,"j":113},{"i":81,"j":97},{"i":94,"j":109},{"i":95,"j":98},{"i":103,"j":111},{"i":68,"j":91},{"i":98,"j":109},{"i":101,"j":102},{"i":102,"j":180},{"i":97,"j":106},{"i":105,"j":117},{"i":107,"j":120},{"i":106,"j":113},{"i":96,"j":104},{"i":119,"j":134},{"i":107,"j":108},{"i":101,"j":107},{"i":102,"j":108},{"i":108,"j":120},{"i":91,"j":113},{"i":99,"j":112},{"i":97,"j":99},{"i":106,"j":119},{"i":104,"j":116},{"i":121,"j":124},{"i":115,"j":132},{"i":113,"j":125},{"i":111,"j":113},{"i":115,"j":118},{"i":108,"j":115},{"i":120,"j":132},{"i":100,"j":127},{"i":95,"j":100},{"i":106,"j":114},{"i":118,"j":180},{"i":102,"j":118},{"i":116,"j":132},{"i":109,"j":129},{"i":109,"j":117},{"i":122,"j":136},{"i":116,"j":122},{"i":117,"j":121},{"i":111,"j":125},{"i":123,"j":124},{"i":105,"j":123},{"i":126,"j":147},{"i":114,"j":126},{"i":119,"j":125},{"i":100,"j":110},{"i":112,"j":126},{"i":127,"j":133},{"i":123,"j":127},{"i":75,"j":128},{"i":121,"j":135},{"i":127,"j":131},{"i":122,"j":129},{"i":130,"j":138},{"i":122,"j":130},{"i":125,"j":137},{"i":110,"j":125},{"i":137,"j":144},{"i":131,"j":137},{"i":136,"j":149},{"i":127,"j":139},{"i":114,"j":147},{"i":133,"j":135},{"i":124,"j":133},{"i":130,"j":141},{"i":135,"j":140},{"i":138,"j":143},{"i":136,"j":138},{"i":131,"j":142},{"i":148,"j":153},{"i":133,"j":148},{"i":141,"j":146},{"i":129,"j":146},{"i":141,"j":143},{"i":139,"j":142},{"i":128,"j":157},{"i":144,"j":152},{"i":142,"j":144},{"i":125,"j":134},{"i":140,"j":151},{"i":129,"j":140},{"i":137,"j":171},{"i":126,"j":128},{"i":139,"j":152},{"i":128,"j":175},{"i":143,"j":150},{"i":150,"j":164},{"i":149,"j":159},{"i":146,"j":154},{"i":143,"j":146},{"i":140,"j":153},{"i":151,"j":154},{"i":145,"j":155},{"i":134,"j":145},{"i":153,"j":168},{"i":154,"j":164},{"i":151,"j":153},{"i":145,"j":161},{"i":155,"j":160},{"i":125,"j":155},{"i":145,"j":147},{"i":149,"j":150},{"i":158,"j":159},{"i":149,"j":158},{"i":159,"j":165},{"i":166,"j":172},{"i":156,"j":166},{"i":147,"j":157},{"i":162,"j":165},{"i":158,"j":162},{"i":159,"j":163},{"i":132,"j":159},{"i":163,"j":176},{"i":118,"j":163},{"i":148,"j":170},{"i":167,"j":168},{"i":165,"j":184},{"i":173,"j":187},{"i":160,"j":166},{"i":152,"j":170},{"i":167,"j":174},{"i":167,"j":169},{"i":151,"j":167},{"i":162,"j":196},{"i":156,"j":171},{"i":137,"j":156},{"i":170,"j":189},{"i":156,"j":172},{"i":160,"j":182},{"i":177,"j":210},{"i":170,"j":174},{"i":168,"j":170},{"i":157,"j":178},{"i":163,"j":173},{"i":179,"j":198},{"i":175,"j":178},{"i":128,"j":210},{"i":177,"j":178},{"i":175,"j":177},{"i":178,"j":183},{"i":176,"j":179},{"i":173,"j":181},{"i":176,"j":180},{"i":187,"j":197},{"i":162,"j":164},{"i":181,"j":192},{"i":179,"j":181},{"i":161,"j":188},{"i":160,"j":161},{"i":152,"j":201},{"i":178,"j":185},{"i":174,"j":186},{"i":194,"j":206},{"i":183,"j":188},{"i":171,"j":195},{"i":184,"j":197},{"i":169,"j":202},{"i":164,"j":169},{"i":183,"j":185},{"i":188,"j":205},{"i":169,"j":186},{"i":182,"j":191},{"i":190,"j":193},{"i":172,"j":190},{"i":182,"j":194},{"i":187,"j":192},{"i":192,"j":198},{"i":190,"j":191},{"i":128,"j":250},{"i":193,"j":195},{"i":196,"j":203},{"i":184,"j":196},{"i":189,"j":200},{"i":186,"j":189},{"i":204,"j":208},{"i":201,"j":204},{"i":197,"j":198},{"i":198,"j":223},{"i":191,"j":194},{"i":205,"j":221},{"i":200,"j":217},{"i":195,"j":204},{"i":186,"j":200},{"i":203,"j":214},{"i":197,"j":203},{"i":201,"j":207},{"i":200,"j":201},{"i":195,"j":215},{"i":205,"j":206},{"i":210,"j":250},{"i":202,"j":217},{"i":199,"j":209},{"i":191,"j":199},{"i":212,"j":218},{"i":199,"j":206},{"i":206,"j":218},{"i":185,"j":216},{"i":202,"j":213},{"i":201,"j":222},{"i":193,"j":209},{"i":207,"j":217},{"i":196,"j":213},{"i":214,"j":230},{"i":211,"j":214},{"i":212,"j":215},{"i":209,"j":212},{"i":217,"j":227},{"i":185,"j":210},{"i":207,"j":229},{"i":222,"j":234},{"i":219,"j":222},{"i":206,"j":226},{"i":215,"j":220},{"i":224,"j":232},{"i":207,"j":224},{"i":219,"j":224},{"i":207,"j":219},{"i":218,"j":249},{"i":208,"j":243},{"i":198,"j":211},{"i":216,"j":231},{"i":210,"j":225},{"i":221,"j":236},{"i":226,"j":233},{"i":210,"j":228},{"i":213,"j":241},{"i":224,"j":234},{"i":227,"j":235},{"i":213,"j":227},{"i":211,"j":230},{"i":216,"j":225},{"i":235,"j":241},{"i":237,"j":252},{"i":226,"j":236},{"i":229,"j":232},{"i":222,"j":243},{"i":229,"j":237},{"i":227,"j":229},{"i":208,"j":220},{"i":231,"j":236},{"i":221,"j":231},{"i":234,"j":238},{"i":220,"j":244},{"i":230,"j":241},{"i":239,"j":240},{"i":230,"j":239},{"i":251,"j":256},{"i":235,"j":237},{"i":218,"j":233},{"i":238,"j":252},{"i":232,"j":238},{"i":233,"j":236},{"i":242,"j":245},{"i":231,"j":242},{"i":268,"j":286},{"i":241,"j":246},{"i":239,"j":241},{"i":246,"j":268},{"i":243,"j":251},{"i":247,"j":254},{"i":235,"j":247},{"i":244,"j":255},{"i":248,"j":256},{"i":243,"j":248},{"i":228,"j":253},{"i":225,"j":228},{"i":251,"j":252},{"i":264,"j":296},{"i":253,"j":264},{"i":247,"j":252},{"i":261,"j":277},{"i":244,"j":249},{"i":260,"j":278},{"i":249,"j":267},{"i":242,"j":253},{"i":255,"j":260},{"i":248,"j":255},{"i":245,"j":259},{"i":236,"j":245},{"i":260,"j":265},{"i":255,"j":269},{"i":261,"j":270},{"i":241,"j":261},{"i":241,"j":254},{"i":274,"j":282},{"i":240,"j":262},{"i":223,"j":240},{"i":240,"j":246},{"i":254,"j":277},{"i":257,"j":271},{"i":242,"j":257},{"i":258,"j":267},{"i":233,"j":258},{"i":263,"j":273},{"i":256,"j":263},{"i":266,"j":269},{"i":255,"j":266},{"i":259,"j":274},{"i":258,"j":259},{"i":266,"j":267},{"i":262,"j":292},{"i":223,"j":262},{"i":266,"j":281},{"i":270,"j":279},{"i":269,"j":278},{"i":257,"j":264},{"i":268,"j":272},{"i":263,"j":265},{"i":276,"j":284},{"i":266,"j":275},{"i":273,"j":280},{"i":267,"j":282},{"i":252,"j":273},{"i":250,"j":296},{"i":252,"j":276},{"i":281,"j":285},{"i":270,"j":277},{"i":279,"j":289},{"i":272,"j":279},{"i":276,"j":280},{"i":275,"j":288},{"i":278,"j":287},{"i":265,"j":278},{"i":271,"j":283},{"i":280,"j":287},{"i":277,"j":284},{"i":281,"j":288},{"i":272,"j":289},{"i":286,"j":289},{"i":293,"j":299},{"i":285,"j":293},{"i":278,"j":285},{"i":275,"j":282},{"i":289,"j":297},{"i":284,"j":297},{"i":283,"j":291},{"i":274,"j":283},{"i":291,"j":298},{"i":282,"j":291},{"i":286,"j":292},{"i":294,"j":299},{"i":288,"j":299},{"i":285,"j":288},{"i":293,"j":294},{"i":290,"j":295},{"i":271,"j":290},{"i":296,"j":298},{"i":295,"j":296},{"i":290,"j":296},{"i":294,"j":297},{"i":287,"j":294},{"i":295,"j":298},{"i":291,"j":295},{"i":298,"j":299},{"i":0,"j":28},{"i":28,"j":180},{"i":180,"j":223},{"i":223,"j":292},{"i":292,"j":297},{"i":297,"j":299}],"type":"Solution"}