{"instance_name":"uniform-0000070-2","edges":[{"i":1,"j":3},{"i":6,"j":15},{"i":0,"j":40},{"i":1,"j":9},{"i":0,"j":6},{"i":4,"j":5},{"i":0,"j":4},{"i":9,"j":10},{"i":3,"j":8},{"i":2,"j":3},{"i":1,"j":10},{"i":9,"j":13},{"i":1,"j":5},{"i":9,"j":11},{"i":8,"j":9},{"i":5,"j":17},{"i":8,"j":12},{"i":11,"j":13},{"i":11,"j":12},{"i":16,"j":21},{"i":4,"j":6},{"i":14,"j":17},{"i":4,"j":14},{"i":15,"j":40},{"i":17,"j":22},{"i":14,"j":15},{"i":10,"j":17},{"i":24,"j":30},{"i":20,"j":27},{"i":18,"j":20},{"i":2,"j":12},{"i":20,"j":21},{"i":13,"j":19},{"i":19,"j":24},{"i":12,"j":23},{"i":19,"j":22},{"i":23,"j":28},{"i":25,"j":26},{"i":12,"j":25},{"i":21,"j":26},{"i":26,"j":29},{"i":23,"j":24},{"i":28,"j":29},{"i":25,"j":28},{"i":29,"j":35},{"i":22,"j":31},{"i":33,"j":37},{"i":32,"j":36},{"i":26,"j":32},{"i":31,"j":33},{"i":30,"j":31},{"i":34,"j":42},{"i":27,"j":34},{"i":30,"j":37},{"i":28,"j":30},{"i":32,"j":43},{"i":39,"j":43},{"i":32,"j":39},{"i":36,"j":49},{"i":32,"j":35},{"i":37,"j":39},{"i":35,"j":37},{"i":41,"j":45},{"i":38,"j":41},{"i":33,"j":38},{"i":38,"j":40},{"i":34,"j":36},{"i":50,"j":57},{"i":39,"j":52},{"i":43,"j":49},{"i":41,"j":46},{"i":39,"j":44},{"i":45,"j":46},{"i":40,"j":63},{"i":47,"j":50},{"i":46,"j":47},{"i":40,"j":48},{"i":44,"j":45},{"i":53,"j":58},{"i":42,"j":49},{"i":47,"j":48},{"i":51,"j":52},{"i":44,"j":51},{"i":52,"j":53},{"i":53,"j":54},{"i":56,"j":65},{"i":49,"j":54},{"i":45,"j":57},{"i":55,"j":56},{"i":51,"j":55},{"i":62,"j":66},{"i":61,"j":62},{"i":55,"j":61},{"i":50,"j":60},{"i":53,"j":56},{"i":58,"j":65},{"i":54,"j":58},{"i":57,"j":61},{"i":50,"j":64},{"i":63,"j":69},{"i":56,"j":61},{"i":60,"j":62},{"i":48,"j":63},{"i":60,"j":67},{"i":65,"j":66},{"i":64,"j":67},{"i":63,"j":68},{"i":67,"j":69},{"i":66,"j":67},{"i":68,"j":69},{"i":64,"j":68},{"i":1,"j":2},{"i":2,"j":7},{"i":7,"j":16},{"i":16,"j":18},{"i":18,"j":27},{"i":27,"j":42},{"i":42,"j":59},{"i":59,"j":65},{"i":65,"j":69},{"i":0,"j":1}],"type":"Solution"}