{"instance_name":"uniform-0000500-1","edges":[{"i":0,"j":2},{"i":0,"j":8},{"i":0,"j":3},{"i":1,"j":15},{"i":2,"j":3},{"i":5,"j":6},{"i":0,"j":5},{"i":7,"j":20},{"i":0,"j":7},{"i":6,"j":7},{"i":0,"j":6},{"i":6,"j":9},{"i":9,"j":12},{"i":7,"j":9},{"i":8,"j":21},{"i":5,"j":8},{"i":5,"j":18},{"i":7,"j":11},{"i":4,"j":15},{"i":2,"j":31},{"i":1,"j":2},{"i":16,"j":36},{"i":5,"j":16},{"i":14,"j":19},{"i":3,"j":14},{"i":13,"j":17},{"i":6,"j":13},{"i":19,"j":37},{"i":11,"j":26},{"i":2,"j":19},{"i":12,"j":26},{"i":11,"j":12},{"i":20,"j":28},{"i":0,"j":20},{"i":17,"j":47},{"i":9,"j":17},{"i":25,"j":30},{"i":4,"j":25},{"i":15,"j":33},{"i":24,"j":25},{"i":4,"j":24},{"i":28,"j":55},{"i":14,"j":28},{"i":16,"j":21},{"i":22,"j":40},{"i":20,"j":22},{"i":27,"j":43},{"i":29,"j":35},{"i":10,"j":29},{"i":34,"j":45},{"i":21,"j":34},{"i":35,"j":53},{"i":23,"j":42},{"i":2,"j":23},{"i":31,"j":41},{"i":8,"j":27},{"i":22,"j":26},{"i":8,"j":50},{"i":35,"j":39},{"i":29,"j":52},{"i":27,"j":56},{"i":39,"j":48},{"i":38,"j":39},{"i":43,"j":56},{"i":32,"j":43},{"i":29,"j":30},{"i":37,"j":46},{"i":23,"j":37},{"i":40,"j":44},{"i":28,"j":40},{"i":18,"j":63},{"i":13,"j":18},{"i":8,"j":32},{"i":37,"j":55},{"i":31,"j":42},{"i":24,"j":33},{"i":49,"j":60},{"i":30,"j":49},{"i":47,"j":51},{"i":32,"j":56},{"i":45,"j":54},{"i":36,"j":45},{"i":42,"j":46},{"i":53,"j":95},{"i":48,"j":53},{"i":52,"j":53},{"i":26,"j":51},{"i":61,"j":77},{"i":34,"j":50},{"i":55,"j":57},{"i":46,"j":55},{"i":55,"j":69},{"i":33,"j":41},{"i":36,"j":91},{"i":58,"j":59},{"i":51,"j":58},{"i":64,"j":84},{"i":57,"j":62},{"i":42,"j":57},{"i":60,"j":67},{"i":52,"j":60},{"i":50,"j":77},{"i":66,"j":76},{"i":66,"j":72},{"i":62,"j":66},{"i":54,"j":71},{"i":63,"j":74},{"i":61,"j":64},{"i":50,"j":61},{"i":63,"j":65},{"i":47,"j":63},{"i":44,"j":59},{"i":55,"j":70},{"i":56,"j":86},{"i":53,"j":67},{"i":41,"j":66},{"i":68,"j":73},{"i":49,"j":68},{"i":62,"j":76},{"i":44,"j":80},{"i":70,"j":75},{"i":54,"j":64},{"i":69,"j":75},{"i":57,"j":69},{"i":72,"j":96},{"i":68,"j":81},{"i":81,"j":89},{"i":63,"j":83},{"i":70,"j":79},{"i":62,"j":97},{"i":56,"j":125},{"i":71,"j":82},{"i":73,"j":78},{"i":67,"j":78},{"i":65,"j":87},{"i":58,"j":65},{"i":65,"j":74},{"i":62,"j":75},{"i":83,"j":94},{"i":72,"j":89},{"i":68,"j":72},{"i":73,"j":81},{"i":71,"j":84},{"i":36,"j":82},{"i":77,"j":84},{"i":83,"j":85},{"i":85,"j":100},{"i":74,"j":85},{"i":82,"j":105},{"i":84,"j":93},{"i":76,"j":98},{"i":78,"j":88},{"i":75,"j":110},{"i":88,"j":89},{"i":86,"j":90},{"i":79,"j":104},{"i":91,"j":94},{"i":90,"j":92},{"i":77,"j":90},{"i":92,"j":93},{"i":94,"j":108},{"i":80,"j":114},{"i":78,"j":109},{"i":89,"j":99},{"i":95,"j":122},{"i":48,"j":95},{"i":97,"j":116},{"i":96,"j":99},{"i":79,"j":80},{"i":97,"j":98},{"i":105,"j":129},{"i":96,"j":101},{"i":104,"j":107},{"i":96,"j":106},{"i":96,"j":98},{"i":111,"j":127},{"i":102,"j":127},{"i":103,"j":120},{"i":88,"j":102},{"i":59,"j":115},{"i":105,"j":119},{"i":91,"j":105},{"i":92,"j":124},{"i":27,"j":184},{"i":110,"j":123},{"i":78,"j":103},{"i":111,"j":118},{"i":102,"j":111},{"i":107,"j":110},{"i":109,"j":113},{"i":106,"j":117},{"i":112,"j":122},{"i":95,"j":112},{"i":109,"j":120},{"i":110,"j":116},{"i":87,"j":126},{"i":101,"j":128},{"i":106,"j":132},{"i":118,"j":121},{"i":99,"j":127},{"i":118,"j":138},{"i":108,"j":131},{"i":103,"j":121},{"i":113,"j":120},{"i":116,"j":132},{"i":98,"j":116},{"i":112,"j":113},{"i":121,"j":138},{"i":115,"j":140},{"i":124,"j":130},{"i":93,"j":124},{"i":86,"j":125},{"i":119,"j":131},{"i":108,"j":119},{"i":123,"j":144},{"i":101,"j":117},{"i":128,"j":134},{"i":127,"j":128},{"i":127,"j":138},{"i":116,"j":123},{"i":124,"j":135},{"i":129,"j":136},{"i":129,"j":131},{"i":132,"j":137},{"i":104,"j":114},{"i":134,"j":145},{"i":100,"j":141},{"i":87,"j":100},{"i":105,"j":130},{"i":135,"j":148},{"i":133,"j":136},{"i":105,"j":133},{"i":117,"j":149},{"i":126,"j":140},{"i":115,"j":126},{"i":124,"j":154},{"i":127,"j":134},{"i":135,"j":139},{"i":130,"j":135},{"i":131,"j":143},{"i":125,"j":159},{"i":107,"j":153},{"i":136,"j":143},{"i":144,"j":152},{"i":139,"j":142},{"i":133,"j":139},{"i":137,"j":144},{"i":117,"j":137},{"i":138,"j":147},{"i":120,"j":138},{"i":146,"j":182},{"i":122,"j":146},{"i":145,"j":147},{"i":153,"j":155},{"i":100,"j":143},{"i":142,"j":163},{"i":141,"j":151},{"i":140,"j":141},{"i":149,"j":158},{"i":145,"j":149},{"i":143,"j":163},{"i":141,"j":150},{"i":151,"j":168},{"i":147,"j":160},{"i":140,"j":155},{"i":114,"j":140},{"i":125,"j":184},{"i":142,"j":148},{"i":90,"j":125},{"i":153,"j":161},{"i":153,"j":180},{"i":147,"j":157},{"i":146,"j":156},{"i":149,"j":170},{"i":156,"j":190},{"i":159,"j":176},{"i":157,"j":160},{"i":156,"j":157},{"i":147,"j":172},{"i":164,"j":166},{"i":159,"j":162},{"i":152,"j":171},{"i":148,"j":167},{"i":163,"j":164},{"i":150,"j":163},{"i":150,"j":164},{"i":153,"j":169},{"i":165,"j":178},{"i":151,"j":165},{"i":166,"j":192},{"i":165,"j":179},{"i":151,"j":178},{"i":170,"j":171},{"i":168,"j":169},{"i":155,"j":168},{"i":161,"j":180},{"i":152,"j":161},{"i":147,"j":158},{"i":172,"j":190},{"i":165,"j":166},{"i":154,"j":174},{"i":177,"j":201},{"i":180,"j":196},{"i":162,"j":176},{"i":154,"j":162},{"i":184,"j":197},{"i":177,"j":183},{"i":170,"j":177},{"i":168,"j":185},{"i":167,"j":194},{"i":183,"j":195},{"i":181,"j":183},{"i":158,"j":170},{"i":172,"j":181},{"i":160,"j":190},{"i":180,"j":193},{"i":175,"j":180},{"i":191,"j":204},{"i":175,"j":191},{"i":171,"j":175},{"i":176,"j":186},{"i":159,"j":184},{"i":178,"j":188},{"i":195,"j":222},{"i":184,"j":187},{"i":169,"j":199},{"i":190,"j":203},{"i":181,"j":195},{"i":189,"j":190},{"i":172,"j":189},{"i":173,"j":198},{"i":167,"j":173},{"i":185,"j":211},{"i":184,"j":223},{"i":174,"j":205},{"i":173,"j":174},{"i":163,"j":194},{"i":177,"j":191},{"i":188,"j":200},{"i":168,"j":188},{"i":196,"j":219},{"i":186,"j":187},{"i":184,"j":212},{"i":186,"j":205},{"i":198,"j":206},{"i":179,"j":208},{"i":201,"j":204},{"i":193,"j":213},{"i":179,"j":232},{"i":211,"j":233},{"i":200,"j":211},{"i":185,"j":200},{"i":198,"j":202},{"i":195,"j":210},{"i":189,"j":195},{"i":199,"j":211},{"i":196,"j":199},{"i":202,"j":207},{"i":194,"j":202},{"i":187,"j":197},{"i":206,"j":209},{"i":202,"j":209},{"i":192,"j":207},{"i":192,"j":225},{"i":200,"j":208},{"i":207,"j":242},{"i":232,"j":237},{"i":205,"j":228},{"i":197,"j":215},{"i":193,"j":219},{"i":210,"j":224},{"i":215,"j":228},{"i":205,"j":215},{"i":212,"j":216},{"i":212,"j":223},{"i":215,"j":216},{"i":210,"j":218},{"i":218,"j":271},{"i":203,"j":218},{"i":214,"j":236},{"i":217,"j":228},{"i":215,"j":217},{"i":201,"j":214},{"i":210,"j":220},{"i":220,"j":222},{"i":214,"j":227},{"i":214,"j":249},{"i":220,"j":231},{"i":218,"j":224},{"i":221,"j":225},{"i":192,"j":221},{"i":226,"j":243},{"i":223,"j":229},{"i":216,"j":223},{"i":219,"j":233},{"i":227,"j":238},{"i":206,"j":228},{"i":223,"j":226},{"i":228,"j":235},{"i":222,"j":238},{"i":217,"j":229},{"i":231,"j":250},{"i":225,"j":237},{"i":204,"j":213},{"i":208,"j":232},{"i":244,"j":253},{"i":226,"j":251},{"i":221,"j":254},{"i":236,"j":241},{"i":208,"j":234},{"i":230,"j":239},{"i":206,"j":230},{"i":227,"j":236},{"i":235,"j":240},{"i":237,"j":244},{"i":234,"j":237},{"i":230,"j":235},{"i":209,"j":245},{"i":239,"j":246},{"i":231,"j":238},{"i":233,"j":249},{"i":213,"j":233},{"i":250,"j":262},{"i":209,"j":239},{"i":235,"j":252},{"i":242,"j":257},{"i":251,"j":334},{"i":240,"j":248},{"i":221,"j":242},{"i":229,"j":243},{"i":250,"j":259},{"i":238,"j":262},{"i":240,"j":275},{"i":243,"j":251},{"i":246,"j":265},{"i":245,"j":246},{"i":256,"j":261},{"i":233,"j":256},{"i":253,"j":260},{"i":247,"j":253},{"i":242,"j":245},{"i":241,"j":262},{"i":255,"j":288},{"i":247,"j":260},{"i":234,"j":247},{"i":253,"j":263},{"i":254,"j":267},{"i":244,"j":254},{"i":246,"j":252},{"i":241,"j":249},{"i":259,"j":283},{"i":255,"j":259},{"i":254,"j":282},{"i":249,"j":272},{"i":261,"j":272},{"i":249,"j":261},{"i":260,"j":268},{"i":257,"j":264},{"i":268,"j":295},{"i":258,"j":266},{"i":242,"j":258},{"i":265,"j":284},{"i":266,"j":270},{"i":257,"j":266},{"i":254,"j":264},{"i":263,"j":287},{"i":270,"j":282},{"i":264,"j":270},{"i":258,"j":265},{"i":266,"j":277},{"i":252,"j":285},{"i":224,"j":255},{"i":287,"j":295},{"i":260,"j":287},{"i":268,"j":276},{"i":256,"j":268},{"i":258,"j":269},{"i":251,"j":273},{"i":248,"j":251},{"i":256,"j":291},{"i":275,"j":280},{"i":272,"j":294},{"i":267,"j":287},{"i":263,"j":267},{"i":273,"j":305},{"i":269,"j":320},{"i":273,"j":289},{"i":278,"j":279},{"i":248,"j":278},{"i":279,"j":281},{"i":275,"j":279},{"i":280,"j":293},{"i":282,"j":323},{"i":283,"j":303},{"i":277,"j":282},{"i":290,"j":318},{"i":274,"j":283},{"i":262,"j":274},{"i":284,"j":306},{"i":269,"j":284},{"i":252,"j":280},{"i":280,"j":281},{"i":226,"j":334},{"i":283,"j":286},{"i":288,"j":296},{"i":255,"j":286},{"i":285,"j":301},{"i":284,"j":285},{"i":278,"j":289},{"i":288,"j":310},{"i":272,"j":300},{"i":276,"j":299},{"i":281,"j":297},{"i":286,"j":303},{"i":272,"j":290},{"i":287,"j":311},{"i":292,"j":302},{"i":271,"j":292},{"i":286,"j":310},{"i":295,"j":308},{"i":285,"j":293},{"i":269,"j":307},{"i":294,"j":298},{"i":274,"j":294},{"i":298,"j":313},{"i":276,"j":308},{"i":283,"j":298},{"i":291,"j":318},{"i":290,"j":291},{"i":291,"j":299},{"i":297,"j":301},{"i":293,"j":297},{"i":292,"j":296},{"i":310,"j":317},{"i":296,"j":310},{"i":294,"j":300},{"i":294,"j":330},{"i":300,"j":318},{"i":297,"j":309},{"i":289,"j":309},{"i":306,"j":325},{"i":306,"j":307},{"i":289,"j":305},{"i":302,"j":321},{"i":286,"j":315},{"i":282,"j":312},{"i":311,"j":338},{"i":312,"j":322},{"i":294,"j":304},{"i":313,"j":314},{"i":303,"j":313},{"i":299,"j":339},{"i":315,"j":354},{"i":304,"j":336},{"i":318,"j":342},{"i":310,"j":337},{"i":317,"j":327},{"i":302,"j":317},{"i":327,"j":357},{"i":291,"j":324},{"i":316,"j":324},{"i":291,"j":316},{"i":323,"j":344},{"i":307,"j":325},{"i":302,"j":327},{"i":312,"j":344},{"i":277,"j":326},{"i":319,"j":338},{"i":311,"j":319},{"i":314,"j":354},{"i":301,"j":332},{"i":320,"j":328},{"i":323,"j":326},{"i":315,"j":337},{"i":327,"j":346},{"i":320,"j":356},{"i":328,"j":329},{"i":326,"j":328},{"i":304,"j":318},{"i":329,"j":358},{"i":331,"j":332},{"i":309,"j":331},{"i":329,"j":335},{"i":305,"j":334},{"i":319,"j":347},{"i":325,"j":340},{"i":320,"j":325},{"i":322,"j":347},{"i":319,"j":322},{"i":308,"j":352},{"i":330,"j":351},{"i":314,"j":330},{"i":330,"j":360},{"i":333,"j":344},{"i":323,"j":333},{"i":334,"j":371},{"i":332,"j":348},{"i":324,"j":342},{"i":341,"j":349},{"i":336,"j":341},{"i":342,"j":349},{"i":341,"j":342},{"i":345,"j":363},{"i":333,"j":335},{"i":339,"j":353},{"i":316,"j":339},{"i":344,"j":345},{"i":346,"j":423},{"i":321,"j":346},{"i":322,"j":345},{"i":350,"j":372},{"i":347,"j":363},{"i":340,"j":356},{"i":343,"j":353},{"i":339,"j":343},{"i":336,"j":367},{"i":350,"j":376},{"i":353,"j":368},{"i":343,"j":352},{"i":308,"j":350},{"i":337,"j":361},{"i":351,"j":354},{"i":340,"j":348},{"i":334,"j":355},{"i":331,"j":334},{"i":358,"j":365},{"i":337,"j":359},{"i":357,"j":375},{"i":361,"j":375},{"i":360,"j":367},{"i":359,"j":375},{"i":357,"j":359},{"i":361,"j":382},{"i":351,"j":360},{"i":335,"j":365},{"i":364,"j":368},{"i":353,"j":364},{"i":356,"j":369},{"i":336,"j":349},{"i":349,"j":368},{"i":376,"j":384},{"i":366,"j":381},{"i":351,"j":366},{"i":363,"j":373},{"i":348,"j":370},{"i":369,"j":379},{"i":358,"j":369},{"i":370,"j":383},{"i":332,"j":355},{"i":373,"j":401},{"i":372,"j":378},{"i":352,"j":372},{"i":362,"j":393},{"i":344,"j":362},{"i":334,"j":402},{"i":376,"j":380},{"i":372,"j":376},{"i":370,"j":374},{"i":369,"j":370},{"i":354,"j":377},{"i":373,"j":385},{"i":393,"j":400},{"i":338,"j":384},{"i":375,"j":409},{"i":366,"j":367},{"i":361,"j":387},{"i":367,"j":368},{"i":378,"j":392},{"i":364,"j":378},{"i":377,"j":432},{"i":382,"j":386},{"i":375,"j":382},{"i":374,"j":390},{"i":355,"j":371},{"i":365,"j":379},{"i":384,"j":385},{"i":384,"j":391},{"i":389,"j":413},{"i":386,"j":389},{"i":377,"j":381},{"i":374,"j":405},{"i":371,"j":388},{"i":387,"j":389},{"i":390,"j":414},{"i":392,"j":403},{"i":378,"j":417},{"i":380,"j":422},{"i":378,"j":380},{"i":394,"j":401},{"i":363,"j":394},{"i":362,"j":365},{"i":393,"j":394},{"i":392,"j":395},{"i":368,"j":392},{"i":334,"j":443},{"i":395,"j":396},{"i":367,"j":395},{"i":400,"j":406},{"i":396,"j":408},{"i":385,"j":401},{"i":379,"j":390},{"i":397,"j":399},{"i":391,"j":397},{"i":391,"j":422},{"i":398,"j":400},{"i":365,"j":398},{"i":383,"j":388},{"i":377,"j":407},{"i":404,"j":410},{"i":383,"j":404},{"i":383,"j":410},{"i":402,"j":415},{"i":397,"j":401},{"i":396,"j":407},{"i":381,"j":396},{"i":426,"j":455},{"i":387,"j":432},{"i":403,"j":411},{"i":395,"j":403},{"i":386,"j":413},{"i":346,"j":409},{"i":405,"j":414},{"i":404,"j":416},{"i":391,"j":399},{"i":408,"j":448},{"i":402,"j":412},{"i":388,"j":402},{"i":408,"j":421},{"i":405,"j":419},{"i":416,"j":426},{"i":404,"j":412},{"i":406,"j":418},{"i":401,"j":406},{"i":416,"j":434},{"i":411,"j":417},{"i":410,"j":426},{"i":418,"j":420},{"i":422,"j":436},{"i":428,"j":429},{"i":436,"j":439},{"i":399,"j":431},{"i":409,"j":435},{"i":420,"j":431},{"i":397,"j":420},{"i":398,"j":414},{"i":418,"j":424},{"i":425,"j":446},{"i":419,"j":433},{"i":425,"j":427},{"i":400,"j":425},{"i":427,"j":441},{"i":424,"j":429},{"i":420,"j":428},{"i":427,"j":429},{"i":424,"j":427},{"i":407,"j":421},{"i":417,"j":436},{"i":411,"j":430},{"i":428,"j":454},{"i":421,"j":445},{"i":419,"j":426},{"i":414,"j":446},{"i":412,"j":415},{"i":413,"j":437},{"i":422,"j":449},{"i":435,"j":450},{"i":423,"j":435},{"i":437,"j":452},{"i":408,"j":440},{"i":430,"j":451},{"i":440,"j":476},{"i":449,"j":459},{"i":439,"j":449},{"i":438,"j":440},{"i":411,"j":438},{"i":438,"j":451},{"i":433,"j":446},{"i":433,"j":461},{"i":402,"j":443},{"i":437,"j":444},{"i":432,"j":452},{"i":444,"j":458},{"i":421,"j":456},{"i":434,"j":455},{"i":443,"j":460},{"i":443,"j":447},{"i":415,"j":443},{"i":443,"j":489},{"i":445,"j":470},{"i":432,"j":445},{"i":444,"j":450},{"i":450,"j":473},{"i":423,"j":450},{"i":430,"j":439},{"i":454,"j":463},{"i":431,"j":454},{"i":448,"j":456},{"i":452,"j":472},{"i":440,"j":451},{"i":441,"j":464},{"i":429,"j":468},{"i":459,"j":467},{"i":451,"j":459},{"i":453,"j":462},{"i":441,"j":453},{"i":442,"j":479},{"i":434,"j":442},{"i":456,"j":485},{"i":449,"j":482},{"i":452,"j":458},{"i":458,"j":473},{"i":445,"j":481},{"i":447,"j":460},{"i":442,"j":447},{"i":455,"j":484},{"i":457,"j":464},{"i":446,"j":457},{"i":462,"j":468},{"i":454,"j":468},{"i":460,"j":489},{"i":464,"j":466},{"i":461,"j":469},{"i":453,"j":466},{"i":475,"j":492},{"i":467,"j":476},{"i":465,"j":475},{"i":457,"j":465},{"i":470,"j":481},{"i":463,"j":474},{"i":470,"j":472},{"i":472,"j":473},{"i":471,"j":490},{"i":463,"j":480},{"i":480,"j":499},{"i":465,"j":469},{"i":467,"j":471},{"i":475,"j":477},{"i":477,"j":478},{"i":466,"j":477},{"i":469,"j":492},{"i":474,"j":482},{"i":468,"j":498},{"i":474,"j":493},{"i":472,"j":481},{"i":482,"j":496},{"i":479,"j":484},{"i":476,"j":490},{"i":448,"j":476},{"i":461,"j":484},{"i":479,"j":486},{"i":483,"j":491},{"i":445,"j":483},{"i":487,"j":491},{"i":487,"j":488},{"i":481,"j":487},{"i":486,"j":495},{"i":479,"j":489},{"i":471,"j":496},{"i":483,"j":485},{"i":491,"j":497},{"i":488,"j":491},{"i":493,"j":499},{"i":484,"j":495},{"i":485,"j":490},{"i":478,"j":498},{"i":462,"j":478},{"i":490,"j":496},{"i":496,"j":497},{"i":494,"j":496},{"i":477,"j":492},{"i":489,"j":495},{"i":486,"j":489},{"i":493,"j":496},{"i":494,"j":497},{"i":485,"j":494},{"i":495,"j":498},{"i":492,"j":495},{"i":498,"j":499},{"i":480,"j":498},{"i":0,"j":1},{"i":1,"j":4},{"i":4,"j":10},{"i":10,"j":38},{"i":38,"j":122},{"i":122,"j":182},{"i":182,"j":203},{"i":203,"j":271},{"i":271,"j":321},{"i":321,"j":423},{"i":423,"j":473},{"i":473,"j":488},{"i":488,"j":497},{"i":496,"j":499}],"type":"Solution"}