{"instance_name":"uniform-0000200-1","edges":[{"i":0,"j":3},{"i":6,"j":10},{"i":4,"j":6},{"i":2,"j":4},{"i":0,"j":2},{"i":1,"j":3},{"i":11,"j":23},{"i":5,"j":9},{"i":1,"j":5},{"i":4,"j":7},{"i":0,"j":4},{"i":2,"j":8},{"i":5,"j":13},{"i":11,"j":14},{"i":3,"j":11},{"i":9,"j":20},{"i":7,"j":23},{"i":17,"j":24},{"i":8,"j":18},{"i":6,"j":8},{"i":19,"j":32},{"i":13,"j":15},{"i":9,"j":13},{"i":10,"j":19},{"i":7,"j":10},{"i":9,"j":29},{"i":9,"j":15},{"i":2,"j":17},{"i":2,"j":22},{"i":16,"j":30},{"i":8,"j":16},{"i":22,"j":27},{"i":18,"j":19},{"i":12,"j":28},{"i":29,"j":48},{"i":7,"j":33},{"i":17,"j":21},{"i":16,"j":21},{"i":21,"j":24},{"i":23,"j":38},{"i":14,"j":23},{"i":17,"j":22},{"i":12,"j":40},{"i":12,"j":25},{"i":2,"j":12},{"i":25,"j":26},{"i":26,"j":27},{"i":26,"j":31},{"i":25,"j":31},{"i":5,"j":14},{"i":32,"j":35},{"i":20,"j":29},{"i":27,"j":37},{"i":32,"j":36},{"i":25,"j":34},{"i":18,"j":30},{"i":30,"j":43},{"i":23,"j":42},{"i":31,"j":37},{"i":32,"j":43},{"i":33,"j":42},{"i":37,"j":41},{"i":30,"j":52},{"i":31,"j":34},{"i":33,"j":35},{"i":37,"j":39},{"i":24,"j":37},{"i":28,"j":49},{"i":34,"j":56},{"i":47,"j":52},{"i":36,"j":47},{"i":35,"j":36},{"i":44,"j":55},{"i":30,"j":58},{"i":42,"j":44},{"i":40,"j":57},{"i":38,"j":46},{"i":15,"j":38},{"i":45,"j":68},{"i":20,"j":45},{"i":44,"j":46},{"i":54,"j":65},{"i":53,"j":54},{"i":43,"j":47},{"i":46,"j":48},{"i":48,"j":62},{"i":45,"j":48},{"i":30,"j":39},{"i":28,"j":40},{"i":47,"j":50},{"i":39,"j":66},{"i":40,"j":51},{"i":49,"j":56},{"i":52,"j":60},{"i":56,"j":61},{"i":42,"j":64},{"i":48,"j":53},{"i":50,"j":59},{"i":58,"j":83},{"i":39,"j":41},{"i":58,"j":60},{"i":50,"j":60},{"i":61,"j":78},{"i":42,"j":59},{"i":63,"j":101},{"i":59,"j":71},{"i":49,"j":51},{"i":54,"j":55},{"i":62,"j":68},{"i":60,"j":71},{"i":57,"j":63},{"i":51,"j":57},{"i":41,"j":61},{"i":67,"j":73},{"i":55,"j":64},{"i":53,"j":67},{"i":65,"j":67},{"i":78,"j":101},{"i":20,"j":68},{"i":62,"j":69},{"i":70,"j":72},{"i":69,"j":70},{"i":68,"j":72},{"i":65,"j":74},{"i":73,"j":80},{"i":69,"j":73},{"i":65,"j":84},{"i":74,"j":76},{"i":73,"j":74},{"i":64,"j":71},{"i":75,"j":92},{"i":58,"j":85},{"i":77,"j":81},{"i":61,"j":77},{"i":61,"j":63},{"i":75,"j":79},{"i":64,"j":75},{"i":66,"j":81},{"i":76,"j":80},{"i":80,"j":96},{"i":83,"j":86},{"i":80,"j":82},{"i":70,"j":80},{"i":86,"j":90},{"i":91,"j":105},{"i":79,"j":84},{"i":65,"j":79},{"i":66,"j":88},{"i":83,"j":94},{"i":78,"j":87},{"i":81,"j":95},{"i":85,"j":112},{"i":86,"j":89},{"i":89,"j":92},{"i":71,"j":89},{"i":90,"j":102},{"i":82,"j":91},{"i":72,"j":82},{"i":90,"j":92},{"i":91,"j":93},{"i":68,"j":91},{"i":76,"j":103},{"i":84,"j":100},{"i":94,"j":112},{"i":79,"j":104},{"i":87,"j":95},{"i":77,"j":87},{"i":96,"j":103},{"i":96,"j":97},{"i":97,"j":105},{"i":91,"j":97},{"i":95,"j":98},{"i":85,"j":88},{"i":112,"j":118},{"i":88,"j":98},{"i":57,"j":101},{"i":86,"j":107},{"i":100,"j":114},{"i":92,"j":102},{"i":97,"j":111},{"i":105,"j":113},{"i":102,"j":110},{"i":94,"j":107},{"i":104,"j":110},{"i":100,"j":104},{"i":99,"j":108},{"i":87,"j":99},{"i":102,"j":106},{"i":101,"j":108},{"i":99,"j":101},{"i":102,"j":115},{"i":101,"j":143},{"i":106,"j":116},{"i":109,"j":111},{"i":103,"j":109},{"i":109,"j":117},{"i":98,"j":140},{"i":116,"j":129},{"i":115,"j":116},{"i":111,"j":125},{"i":110,"j":122},{"i":106,"j":107},{"i":107,"j":119},{"i":114,"j":117},{"i":110,"j":124},{"i":107,"j":118},{"i":115,"j":124},{"i":120,"j":123},{"i":114,"j":120},{"i":121,"j":130},{"i":113,"j":121},{"i":123,"j":133},{"i":122,"j":123},{"i":120,"j":122},{"i":121,"j":125},{"i":117,"j":133},{"i":128,"j":135},{"i":57,"j":157},{"i":119,"j":129},{"i":116,"j":119},{"i":124,"j":128},{"i":128,"j":151},{"i":118,"j":136},{"i":127,"j":130},{"i":125,"j":127},{"i":140,"j":146},{"i":133,"j":138},{"i":127,"j":133},{"i":134,"j":139},{"i":126,"j":132},{"i":108,"j":126},{"i":138,"j":148},{"i":122,"j":151},{"i":135,"j":150},{"i":136,"j":155},{"i":129,"j":136},{"i":118,"j":134},{"i":130,"j":137},{"i":113,"j":137},{"i":128,"j":131},{"i":129,"j":149},{"i":134,"j":141},{"i":132,"j":140},{"i":139,"j":144},{"i":136,"j":139},{"i":112,"j":140},{"i":140,"j":142},{"i":126,"j":147},{"i":141,"j":144},{"i":131,"j":152},{"i":150,"j":180},{"i":144,"j":161},{"i":147,"j":158},{"i":151,"j":156},{"i":135,"j":149},{"i":145,"j":150},{"i":145,"j":152},{"i":131,"j":145},{"i":150,"j":168},{"i":148,"j":153},{"i":137,"j":153},{"i":147,"j":154},{"i":152,"j":156},{"i":142,"j":163},{"i":141,"j":142},{"i":152,"j":168},{"i":156,"j":165},{"i":146,"j":163},{"i":143,"j":158},{"i":143,"j":159},{"i":154,"j":164},{"i":132,"j":154},{"i":157,"j":159},{"i":159,"j":183},{"i":138,"j":165},{"i":148,"j":160},{"i":153,"j":169},{"i":161,"j":167},{"i":157,"j":198},{"i":158,"j":173},{"i":162,"j":170},{"i":137,"j":162},{"i":149,"j":155},{"i":161,"j":177},{"i":164,"j":166},{"i":146,"j":164},{"i":163,"j":174},{"i":171,"j":179},{"i":149,"j":180},{"i":171,"j":175},{"i":165,"j":171},{"i":160,"j":165},{"i":169,"j":182},{"i":162,"j":169},{"i":160,"j":172},{"i":174,"j":184},{"i":165,"j":176},{"i":171,"j":172},{"i":166,"j":174},{"i":163,"j":166},{"i":158,"j":183},{"i":166,"j":181},{"i":168,"j":186},{"i":175,"j":178},{"i":172,"j":175},{"i":167,"j":180},{"i":155,"j":167},{"i":176,"j":179},{"i":178,"j":188},{"i":169,"j":178},{"i":179,"j":188},{"i":177,"j":192},{"i":164,"j":173},{"i":173,"j":187},{"i":157,"j":183},{"i":181,"j":191},{"i":187,"j":194},{"i":183,"j":185},{"i":186,"j":197},{"i":185,"j":194},{"i":184,"j":192},{"i":177,"j":184},{"i":173,"j":185},{"i":182,"j":188},{"i":186,"j":189},{"i":176,"j":186},{"i":189,"j":199},{"i":188,"j":189},{"i":181,"j":187},{"i":193,"j":195},{"i":192,"j":193},{"i":191,"j":193},{"i":191,"j":195},{"i":190,"j":195},{"i":181,"j":190},{"i":194,"j":195},{"i":190,"j":194},{"i":195,"j":198},{"i":188,"j":199},{"i":192,"j":197},{"i":180,"j":192},{"i":194,"j":198},{"i":183,"j":198},{"i":197,"j":199},{"i":0,"j":1},{"i":1,"j":20},{"i":20,"j":93},{"i":93,"j":113},{"i":113,"j":170},{"i":170,"j":182},{"i":182,"j":196},{"i":196,"j":199},{"i":197,"j":198}],"type":"Solution"}