{"instance_name":"uniform-0000800-1","edges":[{"i":3,"j":29},{"i":0,"j":4},{"i":2,"j":5},{"i":0,"j":2},{"i":1,"j":3},{"i":0,"j":1},{"i":3,"j":10},{"i":0,"j":3},{"i":17,"j":25},{"i":5,"j":6},{"i":6,"j":7},{"i":11,"j":13},{"i":5,"j":11},{"i":6,"j":9},{"i":8,"j":19},{"i":7,"j":8},{"i":2,"j":25},{"i":1,"j":23},{"i":13,"j":27},{"i":23,"j":46},{"i":22,"j":23},{"i":9,"j":16},{"i":8,"j":9},{"i":13,"j":15},{"i":6,"j":31},{"i":19,"j":42},{"i":16,"j":28},{"i":8,"j":16},{"i":2,"j":30},{"i":10,"j":24},{"i":4,"j":10},{"i":1,"j":12},{"i":24,"j":30},{"i":14,"j":19},{"i":5,"j":17},{"i":6,"j":15},{"i":21,"j":44},{"i":14,"j":21},{"i":15,"j":33},{"i":24,"j":75},{"i":1,"j":18},{"i":3,"j":22},{"i":5,"j":35},{"i":4,"j":30},{"i":11,"j":32},{"i":28,"j":42},{"i":17,"j":20},{"i":26,"j":31},{"i":6,"j":26},{"i":25,"j":51},{"i":22,"j":41},{"i":24,"j":37},{"i":32,"j":63},{"i":27,"j":33},{"i":31,"j":39},{"i":25,"j":34},{"i":34,"j":36},{"i":20,"j":43},{"i":38,"j":43},{"i":20,"j":38},{"i":33,"j":40},{"i":26,"j":33},{"i":18,"j":47},{"i":36,"j":38},{"i":24,"j":61},{"i":36,"j":43},{"i":39,"j":45},{"i":47,"j":60},{"i":28,"j":45},{"i":34,"j":58},{"i":29,"j":59},{"i":10,"j":29},{"i":42,"j":48},{"i":21,"j":48},{"i":37,"j":51},{"i":30,"j":37},{"i":46,"j":47},{"i":32,"j":35},{"i":46,"j":49},{"i":42,"j":110},{"i":47,"j":84},{"i":73,"j":81},{"i":46,"j":55},{"i":58,"j":79},{"i":40,"j":50},{"i":41,"j":56},{"i":48,"j":110},{"i":40,"j":54},{"i":52,"j":62},{"i":39,"j":52},{"i":53,"j":54},{"i":40,"j":53},{"i":51,"j":57},{"i":41,"j":49},{"i":56,"j":65},{"i":57,"j":58},{"i":18,"j":85},{"i":54,"j":64},{"i":52,"j":54},{"i":56,"j":59},{"i":49,"j":67},{"i":10,"j":80},{"i":63,"j":74},{"i":43,"j":72},{"i":55,"j":93},{"i":62,"j":69},{"i":45,"j":62},{"i":62,"j":73},{"i":66,"j":74},{"i":27,"j":63},{"i":64,"j":73},{"i":62,"j":64},{"i":50,"j":66},{"i":59,"j":65},{"i":68,"j":69},{"i":62,"j":68},{"i":55,"j":60},{"i":45,"j":123},{"i":67,"j":70},{"i":65,"j":67},{"i":57,"j":79},{"i":74,"j":87},{"i":53,"j":78},{"i":85,"j":147},{"i":63,"j":76},{"i":72,"j":76},{"i":35,"j":72},{"i":10,"j":59},{"i":82,"j":89},{"i":72,"j":82},{"i":50,"j":100},{"i":77,"j":104},{"i":68,"j":77},{"i":81,"j":125},{"i":78,"j":81},{"i":66,"j":71},{"i":61,"j":106},{"i":51,"j":61},{"i":75,"j":88},{"i":79,"j":82},{"i":94,"j":115},{"i":77,"j":109},{"i":79,"j":92},{"i":75,"j":101},{"i":80,"j":91},{"i":84,"j":94},{"i":12,"j":85},{"i":70,"j":102},{"i":76,"j":98},{"i":74,"j":76},{"i":75,"j":90},{"i":83,"j":103},{"i":80,"j":90},{"i":87,"j":95},{"i":71,"j":87},{"i":61,"j":88},{"i":92,"j":96},{"i":86,"j":97},{"i":60,"j":86},{"i":90,"j":91},{"i":76,"j":83},{"i":95,"j":119},{"i":71,"j":113},{"i":90,"j":105},{"i":89,"j":108},{"i":94,"j":97},{"i":86,"j":94},{"i":83,"j":89},{"i":81,"j":111},{"i":77,"j":81},{"i":70,"j":93},{"i":85,"j":99},{"i":84,"j":85},{"i":102,"j":116},{"i":93,"j":120},{"i":88,"j":114},{"i":97,"j":118},{"i":102,"j":107},{"i":59,"j":102},{"i":96,"j":108},{"i":89,"j":96},{"i":106,"j":112},{"i":92,"j":106},{"i":103,"j":117},{"i":91,"j":107},{"i":101,"j":114},{"i":99,"j":126},{"i":78,"j":121},{"i":69,"j":132},{"i":110,"j":122},{"i":100,"j":121},{"i":100,"j":113},{"i":98,"j":138},{"i":108,"j":117},{"i":103,"j":108},{"i":121,"j":127},{"i":101,"j":135},{"i":120,"j":152},{"i":94,"j":99},{"i":112,"j":128},{"i":96,"j":112},{"i":112,"j":142},{"i":107,"j":116},{"i":95,"j":138},{"i":12,"j":147},{"i":121,"j":155},{"i":118,"j":120},{"i":113,"j":145},{"i":129,"j":158},{"i":69,"j":104},{"i":122,"j":141},{"i":104,"j":154},{"i":123,"j":136},{"i":119,"j":137},{"i":113,"j":119},{"i":138,"j":143},{"i":124,"j":131},{"i":116,"j":124},{"i":115,"j":139},{"i":109,"j":154},{"i":136,"j":167},{"i":114,"j":144},{"i":106,"j":114},{"i":128,"j":182},{"i":120,"j":134},{"i":102,"j":120},{"i":128,"j":130},{"i":131,"j":135},{"i":105,"j":131},{"i":124,"j":129},{"i":109,"j":161},{"i":98,"j":150},{"i":111,"j":164},{"i":109,"j":111},{"i":105,"j":135},{"i":130,"j":182},{"i":144,"j":149},{"i":142,"j":144},{"i":98,"j":117},{"i":130,"j":140},{"i":133,"j":159},{"i":138,"j":150},{"i":136,"j":141},{"i":122,"j":136},{"i":123,"j":132},{"i":133,"j":149},{"i":114,"j":133},{"i":134,"j":158},{"i":129,"j":134},{"i":138,"j":146},{"i":137,"j":153},{"i":143,"j":146},{"i":117,"j":140},{"i":139,"j":148},{"i":118,"j":139},{"i":115,"j":126},{"i":148,"j":157},{"i":151,"j":186},{"i":121,"j":145},{"i":137,"j":143},{"i":148,"j":152},{"i":148,"j":192},{"i":155,"j":199},{"i":145,"j":156},{"i":154,"j":162},{"i":132,"j":154},{"i":151,"j":156},{"i":145,"j":151},{"i":135,"j":168},{"i":125,"j":178},{"i":142,"j":182},{"i":131,"j":158},{"i":125,"j":127},{"i":152,"j":169},{"i":133,"j":135},{"i":159,"j":175},{"i":159,"j":160},{"i":162,"j":166},{"i":158,"j":203},{"i":126,"j":147},{"i":154,"j":177},{"i":127,"j":155},{"i":166,"j":173},{"i":149,"j":175},{"i":161,"j":164},{"i":166,"j":167},{"i":167,"j":173},{"i":155,"j":187},{"i":152,"j":157},{"i":151,"j":153},{"i":160,"j":201},{"i":170,"j":180},{"i":164,"j":170},{"i":161,"j":177},{"i":171,"j":183},{"i":162,"j":171},{"i":191,"j":217},{"i":163,"j":172},{"i":139,"j":163},{"i":139,"j":194},{"i":160,"j":168},{"i":165,"j":184},{"i":174,"j":176},{"i":147,"j":174},{"i":173,"j":188},{"i":184,"j":208},{"i":146,"j":185},{"i":176,"j":179},{"i":163,"j":176},{"i":171,"j":177},{"i":178,"j":180},{"i":170,"j":178},{"i":150,"j":165},{"i":181,"j":186},{"i":153,"j":181},{"i":177,"j":189},{"i":185,"j":190},{"i":182,"j":184},{"i":140,"j":182},{"i":165,"j":191},{"i":181,"j":190},{"i":183,"j":207},{"i":156,"j":199},{"i":195,"j":222},{"i":188,"j":212},{"i":141,"j":188},{"i":180,"j":197},{"i":189,"j":230},{"i":186,"j":199},{"i":187,"j":210},{"i":178,"j":187},{"i":168,"j":220},{"i":182,"j":202},{"i":191,"j":193},{"i":193,"j":217},{"i":185,"j":193},{"i":158,"j":169},{"i":172,"j":200},{"i":157,"j":198},{"i":169,"j":196},{"i":192,"j":198},{"i":197,"j":204},{"i":169,"j":211},{"i":199,"j":253},{"i":202,"j":206},{"i":194,"j":200},{"i":192,"j":194},{"i":179,"j":240},{"i":172,"j":179},{"i":195,"j":201},{"i":160,"j":195},{"i":175,"j":214},{"i":201,"j":205},{"i":196,"j":213},{"i":197,"j":233},{"i":207,"j":221},{"i":174,"j":311},{"i":183,"j":230},{"i":189,"j":204},{"i":168,"j":203},{"i":206,"j":208},{"i":208,"j":216},{"i":205,"j":209},{"i":175,"j":205},{"i":209,"j":214},{"i":207,"j":212},{"i":209,"j":231},{"i":198,"j":219},{"i":196,"j":198},{"i":211,"j":215},{"i":217,"j":228},{"i":211,"j":213},{"i":190,"j":235},{"i":216,"j":217},{"i":226,"j":236},{"i":218,"j":219},{"i":200,"j":218},{"i":215,"j":237},{"i":203,"j":215},{"i":220,"j":226},{"i":203,"j":237},{"i":204,"j":247},{"i":221,"j":266},{"i":220,"j":222},{"i":206,"j":229},{"i":224,"j":232},{"i":190,"j":224},{"i":202,"j":248},{"i":225,"j":257},{"i":216,"j":225},{"i":219,"j":272},{"i":174,"j":227},{"i":232,"j":242},{"i":210,"j":241},{"i":197,"j":210},{"i":230,"j":234},{"i":232,"j":261},{"i":222,"j":239},{"i":224,"j":228},{"i":223,"j":280},{"i":233,"j":247},{"i":221,"j":234},{"i":231,"j":248},{"i":214,"j":248},{"i":236,"j":254},{"i":219,"j":238},{"i":226,"j":237},{"i":236,"j":239},{"i":199,"j":223},{"i":256,"j":288},{"i":229,"j":255},{"i":225,"j":229},{"i":238,"j":245},{"i":213,"j":238},{"i":231,"j":239},{"i":218,"j":240},{"i":244,"j":272},{"i":218,"j":244},{"i":249,"j":268},{"i":237,"j":249},{"i":242,"j":260},{"i":235,"j":242},{"i":223,"j":235},{"i":243,"j":254},{"i":226,"j":243},{"i":227,"j":311},{"i":245,"j":249},{"i":240,"j":262},{"i":227,"j":250},{"i":247,"j":251},{"i":230,"j":247},{"i":259,"j":267},{"i":246,"j":259},{"i":251,"j":252},{"i":251,"j":264},{"i":229,"j":246},{"i":246,"j":258},{"i":241,"j":269},{"i":253,"j":284},{"i":241,"j":284},{"i":257,"j":294},{"i":248,"j":259},{"i":255,"j":258},{"i":231,"j":265},{"i":242,"j":261},{"i":240,"j":250},{"i":250,"j":263},{"i":256,"j":264},{"i":247,"j":256},{"i":265,"j":277},{"i":238,"j":276},{"i":252,"j":266},{"i":234,"j":252},{"i":266,"j":282},{"i":239,"j":254},{"i":268,"j":278},{"i":260,"j":280},{"i":233,"j":269},{"i":242,"j":286},{"i":268,"j":270},{"i":270,"j":271},{"i":243,"j":270},{"i":262,"j":279},{"i":244,"j":262},{"i":273,"j":275},{"i":269,"j":273},{"i":281,"j":296},{"i":245,"j":276},{"i":277,"j":291},{"i":245,"j":292},{"i":271,"j":300},{"i":254,"j":271},{"i":263,"j":311},{"i":260,"j":274},{"i":256,"j":275},{"i":280,"j":281},{"i":264,"j":293},{"i":280,"j":297},{"i":309,"j":338},{"i":263,"j":283},{"i":262,"j":263},{"i":253,"j":281},{"i":275,"j":306},{"i":259,"j":277},{"i":228,"j":257},{"i":255,"j":294},{"i":270,"j":278},{"i":273,"j":284},{"i":293,"j":310},{"i":294,"j":303},{"i":285,"j":303},{"i":267,"j":285},{"i":289,"j":290},{"i":261,"j":289},{"i":294,"j":301},{"i":274,"j":297},{"i":287,"j":291},{"i":265,"j":287},{"i":287,"j":308},{"i":279,"j":307},{"i":272,"j":279},{"i":293,"j":299},{"i":258,"j":267},{"i":278,"j":292},{"i":286,"j":313},{"i":295,"j":323},{"i":284,"j":295},{"i":290,"j":298},{"i":286,"j":290},{"i":295,"j":296},{"i":289,"j":322},{"i":288,"j":310},{"i":299,"j":316},{"i":282,"j":299},{"i":285,"j":312},{"i":278,"j":309},{"i":303,"j":317},{"i":300,"j":302},{"i":254,"j":300},{"i":305,"j":323},{"i":291,"j":312},{"i":285,"j":291},{"i":309,"j":326},{"i":283,"j":304},{"i":286,"j":298},{"i":298,"j":328},{"i":305,"j":306},{"i":273,"j":305},{"i":310,"j":320},{"i":287,"j":358},{"i":304,"j":307},{"i":287,"j":302},{"i":312,"j":329},{"i":292,"j":338},{"i":312,"j":344},{"i":311,"j":392},{"i":315,"j":332},{"i":308,"j":312},{"i":322,"j":328},{"i":289,"j":301},{"i":311,"j":314},{"i":283,"j":311},{"i":311,"j":331},{"i":274,"j":313},{"i":299,"j":320},{"i":316,"j":349},{"i":282,"j":316},{"i":315,"j":321},{"i":297,"j":315},{"i":318,"j":330},{"i":310,"j":318},{"i":328,"j":337},{"i":276,"j":338},{"i":310,"j":330},{"i":336,"j":392},{"i":324,"j":325},{"i":313,"j":332},{"i":321,"j":345},{"i":296,"j":321},{"i":322,"j":346},{"i":288,"j":306},{"i":318,"j":324},{"i":323,"j":325},{"i":306,"j":323},{"i":308,"j":339},{"i":326,"j":340},{"i":319,"j":326},{"i":314,"j":327},{"i":321,"j":371},{"i":320,"j":349},{"i":314,"j":336},{"i":328,"j":332},{"i":300,"j":319},{"i":335,"j":350},{"i":333,"j":335},{"i":276,"j":307},{"i":334,"j":335},{"i":319,"j":334},{"i":314,"j":331},{"i":347,"j":384},{"i":307,"j":342},{"i":326,"j":338},{"i":302,"j":333},{"i":326,"j":354},{"i":350,"j":372},{"i":338,"j":369},{"i":327,"j":347},{"i":304,"j":327},{"i":317,"j":356},{"i":301,"j":317},{"i":332,"j":337},{"i":344,"j":365},{"i":345,"j":359},{"i":345,"j":351},{"i":329,"j":356},{"i":345,"j":367},{"i":336,"j":370},{"i":341,"j":342},{"i":325,"j":355},{"i":343,"j":374},{"i":330,"j":353},{"i":349,"j":353},{"i":282,"j":349},{"i":340,"j":372},{"i":334,"j":340},{"i":348,"j":376},{"i":324,"j":348},{"i":343,"j":352},{"i":322,"j":343},{"i":329,"j":365},{"i":355,"j":368},{"i":348,"j":355},{"i":339,"j":360},{"i":341,"j":369},{"i":338,"j":341},{"i":282,"j":353},{"i":325,"j":363},{"i":333,"j":350},{"i":339,"j":358},{"i":350,"j":366},{"i":347,"j":357},{"i":342,"j":347},{"i":332,"j":371},{"i":359,"j":375},{"i":339,"j":386},{"i":364,"j":401},{"i":360,"j":361},{"i":346,"j":380},{"i":343,"j":346},{"i":354,"j":372},{"i":351,"j":375},{"i":323,"j":351},{"i":363,"j":391},{"i":361,"j":365},{"i":344,"j":361},{"i":331,"j":392},{"i":364,"j":365},{"i":361,"j":364},{"i":372,"j":381},{"i":365,"j":390},{"i":356,"j":365},{"i":357,"j":369},{"i":352,"j":371},{"i":337,"j":352},{"i":359,"j":378},{"i":363,"j":368},{"i":346,"j":356},{"i":362,"j":373},{"i":327,"j":362},{"i":378,"j":382},{"i":384,"j":404},{"i":362,"j":399},{"i":378,"j":397},{"i":356,"j":393},{"i":383,"j":391},{"i":368,"j":376},{"i":376,"j":379},{"i":373,"j":384},{"i":347,"j":373},{"i":370,"j":377},{"i":368,"j":389},{"i":367,"j":397},{"i":375,"j":383},{"i":363,"j":375},{"i":353,"j":379},{"i":371,"j":396},{"i":374,"j":395},{"i":371,"j":374},{"i":382,"j":397},{"i":375,"j":382},{"i":390,"j":414},{"i":358,"j":366},{"i":373,"j":385},{"i":366,"j":406},{"i":386,"j":400},{"i":380,"j":407},{"i":387,"j":397},{"i":367,"j":387},{"i":369,"j":394},{"i":388,"j":398},{"i":354,"j":388},{"i":360,"j":401},{"i":379,"j":389},{"i":422,"j":440},{"i":362,"j":377},{"i":370,"j":392},{"i":400,"j":402},{"i":385,"j":404},{"i":388,"j":432},{"i":396,"j":403},{"i":387,"j":396},{"i":399,"j":409},{"i":385,"j":399},{"i":400,"j":421},{"i":411,"j":467},{"i":401,"j":402},{"i":377,"j":428},{"i":380,"j":393},{"i":403,"j":410},{"i":397,"j":403},{"i":381,"j":418},{"i":385,"j":446},{"i":393,"j":416},{"i":381,"j":412},{"i":366,"j":381},{"i":405,"j":421},{"i":386,"j":405},{"i":388,"j":394},{"i":390,"j":415},{"i":357,"j":404},{"i":408,"j":420},{"i":371,"j":395},{"i":416,"j":430},{"i":407,"j":411},{"i":395,"j":407},{"i":406,"j":413},{"i":405,"j":406},{"i":381,"j":398},{"i":412,"j":413},{"i":402,"j":436},{"i":392,"j":457},{"i":390,"j":402},{"i":414,"j":416},{"i":417,"j":445},{"i":411,"j":423},{"i":396,"j":411},{"i":415,"j":417},{"i":414,"j":415},{"i":407,"j":442},{"i":412,"j":418},{"i":404,"j":420},{"i":418,"j":437},{"i":413,"j":441},{"i":397,"j":425},{"i":383,"j":397},{"i":391,"j":440},{"i":389,"j":422},{"i":394,"j":408},{"i":410,"j":462},{"i":421,"j":476},{"i":389,"j":438},{"i":422,"j":449},{"i":408,"j":419},{"i":424,"j":428},{"i":392,"j":429},{"i":402,"j":421},{"i":441,"j":464},{"i":420,"j":434},{"i":419,"j":420},{"i":426,"j":441},{"i":412,"j":426},{"i":353,"j":427},{"i":427,"j":433},{"i":433,"j":447},{"i":353,"j":433},{"i":444,"j":486},{"i":434,"j":435},{"i":419,"j":434},{"i":385,"j":409},{"i":431,"j":437},{"i":398,"j":431},{"i":430,"j":454},{"i":431,"j":432},{"i":437,"j":459},{"i":426,"j":437},{"i":425,"j":451},{"i":423,"j":443},{"i":410,"j":423},{"i":438,"j":448},{"i":430,"j":442},{"i":422,"j":439},{"i":417,"j":458},{"i":417,"j":436},{"i":435,"j":444},{"i":432,"j":435},{"i":458,"j":476},{"i":424,"j":453},{"i":409,"j":424},{"i":427,"j":448},{"i":443,"j":455},{"i":449,"j":468},{"i":456,"j":469},{"i":439,"j":468},{"i":449,"j":450},{"i":451,"j":507},{"i":450,"j":460},{"i":438,"j":450},{"i":451,"j":452},{"i":466,"j":486},{"i":455,"j":462},{"i":445,"j":454},{"i":439,"j":440},{"i":455,"j":472},{"i":447,"j":461},{"i":444,"j":466},{"i":429,"j":457},{"i":428,"j":429},{"i":453,"j":465},{"i":446,"j":453},{"i":353,"j":461},{"i":452,"j":468},{"i":440,"j":452},{"i":456,"j":461},{"i":447,"j":456},{"i":448,"j":469},{"i":448,"j":483},{"i":473,"j":490},{"i":443,"j":473},{"i":479,"j":514},{"i":445,"j":458},{"i":464,"j":480},{"i":453,"j":474},{"i":434,"j":486},{"i":459,"j":466},{"i":463,"j":467},{"i":442,"j":463},{"i":425,"j":462},{"i":460,"j":482},{"i":469,"j":491},{"i":446,"j":486},{"i":436,"j":476},{"i":467,"j":473},{"i":463,"j":479},{"i":489,"j":523},{"i":454,"j":514},{"i":465,"j":484},{"i":446,"j":465},{"i":475,"j":485},{"i":459,"j":475},{"i":464,"j":478},{"i":472,"j":477},{"i":462,"j":472},{"i":459,"j":480},{"i":471,"j":500},{"i":445,"j":471},{"i":476,"j":502},{"i":471,"j":476},{"i":470,"j":481},{"i":457,"j":470},{"i":468,"j":489},{"i":460,"j":468},{"i":482,"j":493},{"i":448,"j":482},{"i":474,"j":487},{"i":484,"j":495},{"i":475,"j":486},{"i":459,"j":485},{"i":474,"j":481},{"i":495,"j":526},{"i":479,"j":490},{"i":489,"j":494},{"i":490,"j":504},{"i":483,"j":491},{"i":498,"j":517},{"i":490,"j":496},{"i":491,"j":525},{"i":461,"j":491},{"i":489,"j":493},{"i":493,"j":509},{"i":483,"j":493},{"i":494,"j":513},{"i":496,"j":520},{"i":480,"j":522},{"i":490,"j":501},{"i":494,"j":506},{"i":496,"j":497},{"i":502,"j":515},{"i":500,"j":502},{"i":486,"j":495},{"i":451,"j":477},{"i":498,"j":499},{"i":485,"j":498},{"i":478,"j":512},{"i":476,"j":478},{"i":488,"j":514},{"i":454,"j":488},{"i":392,"j":611},{"i":492,"j":505},{"i":488,"j":492},{"i":470,"j":503},{"i":501,"j":520},{"i":500,"j":508},{"i":492,"j":500},{"i":504,"j":511},{"i":472,"j":497},{"i":506,"j":545},{"i":497,"j":520},{"i":504,"j":516},{"i":506,"j":509},{"i":509,"j":545},{"i":463,"j":514},{"i":507,"j":532},{"i":508,"j":538},{"i":505,"j":519},{"i":480,"j":529},{"i":513,"j":545},{"i":505,"j":538},{"i":508,"j":515},{"i":511,"j":514},{"i":516,"j":543},{"i":515,"j":530},{"i":484,"j":487},{"i":481,"j":503},{"i":516,"j":527},{"i":501,"j":516},{"i":524,"j":534},{"i":508,"j":524},{"i":510,"j":520},{"i":519,"j":521},{"i":514,"j":519},{"i":480,"j":499},{"i":507,"j":531},{"i":513,"j":523},{"i":512,"j":530},{"i":491,"j":509},{"i":512,"j":553},{"i":499,"j":517},{"i":528,"j":539},{"i":480,"j":528},{"i":529,"j":549},{"i":522,"j":553},{"i":499,"j":535},{"i":477,"j":510},{"i":523,"j":531},{"i":510,"j":554},{"i":526,"j":533},{"i":533,"j":544},{"i":524,"j":530},{"i":539,"j":566},{"i":517,"j":533},{"i":487,"j":518},{"i":503,"j":536},{"i":534,"j":575},{"i":499,"j":548},{"i":527,"j":550},{"i":520,"j":527},{"i":508,"j":534},{"i":519,"j":569},{"i":528,"j":537},{"i":518,"j":581},{"i":544,"j":578},{"i":540,"j":542},{"i":531,"j":540},{"i":555,"j":563},{"i":542,"j":547},{"i":523,"j":542},{"i":521,"j":546},{"i":511,"j":521},{"i":541,"j":544},{"i":526,"j":541},{"i":536,"j":611},{"i":545,"j":568},{"i":529,"j":555},{"i":546,"j":551},{"i":547,"j":552},{"i":523,"j":547},{"i":529,"j":539},{"i":549,"j":557},{"i":543,"j":571},{"i":553,"j":557},{"i":546,"j":569},{"i":552,"j":560},{"i":551,"j":564},{"i":543,"j":551},{"i":522,"j":549},{"i":550,"j":554},{"i":554,"j":593},{"i":532,"j":572},{"i":562,"j":591},{"i":537,"j":548},{"i":518,"j":574},{"i":559,"j":565},{"i":552,"j":561},{"i":567,"j":584},{"i":559,"j":561},{"i":542,"j":559},{"i":532,"j":554},{"i":537,"j":590},{"i":534,"j":580},{"i":562,"j":564},{"i":551,"j":562},{"i":556,"j":570},{"i":540,"j":556},{"i":561,"j":565},{"i":535,"j":544},{"i":557,"j":594},{"i":560,"j":567},{"i":567,"j":582},{"i":567,"j":568},{"i":568,"j":598},{"i":530,"j":606},{"i":556,"j":572},{"i":564,"j":571},{"i":560,"j":561},{"i":575,"j":610},{"i":554,"j":583},{"i":518,"j":558},{"i":541,"j":581},{"i":518,"j":536},{"i":555,"j":566},{"i":538,"j":587},{"i":536,"j":576},{"i":573,"j":577},{"i":535,"j":573},{"i":592,"j":614},{"i":558,"j":601},{"i":566,"j":590},{"i":557,"j":563},{"i":553,"j":606},{"i":589,"j":615},{"i":574,"j":592},{"i":584,"j":616},{"i":582,"j":584},{"i":550,"j":571},{"i":582,"j":602},{"i":570,"j":586},{"i":565,"j":570},{"i":583,"j":595},{"i":538,"j":575},{"i":572,"j":595},{"i":580,"j":610},{"i":585,"j":620},{"i":569,"j":585},{"i":577,"j":589},{"i":548,"j":577},{"i":578,"j":596},{"i":573,"j":578},{"i":392,"j":647},{"i":589,"j":590},{"i":571,"j":591},{"i":571,"j":599},{"i":583,"j":629},{"i":588,"j":597},{"i":553,"j":588},{"i":579,"j":605},{"i":563,"j":579},{"i":594,"j":605},{"i":581,"j":600},{"i":577,"j":596},{"i":588,"j":594},{"i":587,"j":620},{"i":585,"j":587},{"i":590,"j":607},{"i":579,"j":590},{"i":558,"j":603},{"i":595,"j":609},{"i":602,"j":616},{"i":598,"j":602},{"i":601,"j":608},{"i":558,"j":592},{"i":553,"j":597},{"i":606,"j":625},{"i":597,"j":604},{"i":600,"j":608},{"i":578,"j":600},{"i":607,"j":613},{"i":593,"j":599},{"i":586,"j":645},{"i":580,"j":622},{"i":623,"j":627},{"i":591,"j":623},{"i":603,"j":614},{"i":601,"j":603},{"i":574,"j":576},{"i":596,"j":641},{"i":607,"j":612},{"i":604,"j":636},{"i":608,"j":632},{"i":561,"j":586},{"i":576,"j":611},{"i":611,"j":647},{"i":617,"j":618},{"i":611,"j":617},{"i":613,"j":646},{"i":610,"j":634},{"i":620,"j":628},{"i":638,"j":651},{"i":615,"j":621},{"i":612,"j":615},{"i":591,"j":620},{"i":623,"j":649},{"i":599,"j":627},{"i":626,"j":642},{"i":619,"j":634},{"i":610,"j":619},{"i":605,"j":633},{"i":593,"j":624},{"i":624,"j":640},{"i":624,"j":631},{"i":636,"j":686},{"i":593,"j":626},{"i":626,"j":631},{"i":622,"j":635},{"i":619,"j":622},{"i":605,"j":613},{"i":627,"j":640},{"i":614,"j":638},{"i":633,"j":646},{"i":622,"j":625},{"i":628,"j":649},{"i":604,"j":630},{"i":635,"j":674},{"i":630,"j":633},{"i":637,"j":660},{"i":616,"j":637},{"i":614,"j":618},{"i":636,"j":639},{"i":625,"j":636},{"i":642,"j":662},{"i":629,"j":642},{"i":634,"j":649},{"i":628,"j":634},{"i":631,"j":664},{"i":629,"j":662},{"i":621,"j":648},{"i":638,"j":643},{"i":632,"j":638},{"i":612,"j":621},{"i":644,"j":654},{"i":630,"j":644},{"i":629,"j":657},{"i":609,"j":629},{"i":639,"j":674},{"i":635,"j":639},{"i":615,"j":641},{"i":617,"j":647},{"i":632,"j":656},{"i":646,"j":655},{"i":669,"j":681},{"i":647,"j":650},{"i":618,"j":647},{"i":643,"j":656},{"i":650,"j":652},{"i":653,"j":663},{"i":641,"j":653},{"i":640,"j":690},{"i":646,"j":648},{"i":651,"j":669},{"i":643,"j":651},{"i":647,"j":685},{"i":616,"j":660},{"i":660,"j":666},{"i":609,"j":657},{"i":658,"j":676},{"i":637,"j":645},{"i":653,"j":672},{"i":650,"j":661},{"i":657,"j":675},{"i":656,"j":670},{"i":654,"j":667},{"i":636,"j":654},{"i":659,"j":675},{"i":647,"j":665},{"i":658,"j":666},{"i":664,"j":671},{"i":658,"j":668},{"i":616,"j":658},{"i":598,"j":668},{"i":663,"j":673},{"i":648,"j":663},{"i":651,"j":652},{"i":670,"j":672},{"i":653,"j":670},{"i":663,"j":729},{"i":649,"j":684},{"i":657,"j":693},{"i":659,"j":679},{"i":645,"j":659},{"i":668,"j":676},{"i":680,"j":687},{"i":678,"j":680},{"i":679,"j":687},{"i":675,"j":687},{"i":666,"j":677},{"i":679,"j":680},{"i":686,"j":705},{"i":650,"j":700},{"i":678,"j":687},{"i":677,"j":678},{"i":685,"j":719},{"i":692,"j":703},{"i":674,"j":684},{"i":644,"j":697},{"i":650,"j":665},{"i":644,"j":655},{"i":672,"j":701},{"i":683,"j":766},{"i":668,"j":683},{"i":662,"j":706},{"i":689,"j":692},{"i":684,"j":689},{"i":686,"j":688},{"i":671,"j":706},{"i":662,"j":671},{"i":674,"j":713},{"i":687,"j":702},{"i":677,"j":687},{"i":649,"j":692},{"i":652,"j":661},{"i":685,"j":740},{"i":690,"j":699},{"i":664,"j":690},{"i":702,"j":746},{"i":695,"j":711},{"i":663,"j":695},{"i":682,"j":698},{"i":661,"j":682},{"i":696,"j":722},{"i":672,"j":681},{"i":667,"j":708},{"i":655,"j":673},{"i":667,"j":691},{"i":673,"j":738},{"i":681,"j":704},{"i":708,"j":720},{"i":665,"j":685},{"i":694,"j":704},{"i":669,"j":694},{"i":701,"j":716},{"i":693,"j":721},{"i":675,"j":693},{"i":699,"j":706},{"i":674,"j":688},{"i":695,"j":712},{"i":696,"j":707},{"i":691,"j":696},{"i":706,"j":731},{"i":706,"j":717},{"i":688,"j":715},{"i":696,"j":697},{"i":691,"j":707},{"i":702,"j":709},{"i":647,"j":756},{"i":706,"j":710},{"i":705,"j":708},{"i":695,"j":701},{"i":704,"j":716},{"i":717,"j":728},{"i":705,"j":715},{"i":707,"j":720},{"i":711,"j":741},{"i":694,"j":698},{"i":693,"j":710},{"i":690,"j":703},{"i":676,"j":709},{"i":714,"j":726},{"i":696,"j":714},{"i":682,"j":700},{"i":713,"j":725},{"i":689,"j":713},{"i":718,"j":758},{"i":683,"j":718},{"i":710,"j":728},{"i":663,"j":711},{"i":724,"j":730},{"i":699,"j":724},{"i":724,"j":732},{"i":722,"j":726},{"i":720,"j":722},{"i":712,"j":752},{"i":700,"j":719},{"i":702,"j":721},{"i":717,"j":751},{"i":703,"j":723},{"i":712,"j":716},{"i":725,"j":733},{"i":723,"j":725},{"i":734,"j":739},{"i":723,"j":734},{"i":728,"j":746},{"i":721,"j":728},{"i":730,"j":736},{"i":715,"j":759},{"i":730,"j":732},{"i":720,"j":726},{"i":733,"j":734},{"i":697,"j":738},{"i":727,"j":735},{"i":698,"j":727},{"i":728,"j":761},{"i":729,"j":738},{"i":744,"j":767},{"i":737,"j":748},{"i":714,"j":737},{"i":719,"j":742},{"i":741,"j":754},{"i":729,"j":741},{"i":742,"j":753},{"i":727,"j":742},{"i":709,"j":745},{"i":761,"j":776},{"i":739,"j":744},{"i":724,"j":739},{"i":743,"j":771},{"i":731,"j":751},{"i":743,"j":745},{"i":731,"j":736},{"i":744,"j":747},{"i":747,"j":755},{"i":733,"j":760},{"i":716,"j":735},{"i":758,"j":789},{"i":747,"j":750},{"i":732,"j":747},{"i":752,"j":774},{"i":749,"j":775},{"i":738,"j":749},{"i":742,"j":772},{"i":738,"j":768},{"i":737,"j":738},{"i":735,"j":774},{"i":740,"j":757},{"i":756,"j":757},{"i":740,"j":756},{"i":718,"j":743},{"i":758,"j":766},{"i":748,"j":762},{"i":726,"j":748},{"i":759,"j":760},{"i":713,"j":759},{"i":755,"j":767},{"i":750,"j":778},{"i":736,"j":750},{"i":761,"j":781},{"i":741,"j":752},{"i":755,"j":764},{"i":783,"j":791},{"i":746,"j":784},{"i":760,"j":767},{"i":762,"j":770},{"i":745,"j":784},{"i":751,"j":782},{"i":754,"j":769},{"i":749,"j":754},{"i":762,"j":768},{"i":761,"j":763},{"i":771,"j":789},{"i":757,"j":772},{"i":765,"j":777},{"i":741,"j":765},{"i":753,"j":779},{"i":735,"j":753},{"i":769,"j":780},{"i":779,"j":799},{"i":774,"j":779},{"i":764,"j":778},{"i":778,"j":787},{"i":775,"j":790},{"i":768,"j":775},{"i":774,"j":777},{"i":765,"j":774},{"i":776,"j":786},{"i":763,"j":776},{"i":760,"j":788},{"i":773,"j":793},{"i":769,"j":773},{"i":772,"j":779},{"i":777,"j":793},{"i":773,"j":777},{"i":780,"j":793},{"i":793,"j":799},{"i":781,"j":792},{"i":778,"j":782},{"i":785,"j":791},{"i":788,"j":798},{"i":781,"j":784},{"i":791,"j":796},{"i":782,"j":792},{"i":783,"j":785},{"i":767,"j":783},{"i":786,"j":792},{"i":763,"j":786},{"i":776,"j":782},{"i":785,"j":787},{"i":764,"j":785},{"i":787,"j":792},{"i":784,"j":789},{"i":771,"j":784},{"i":775,"j":780},{"i":783,"j":788},{"i":787,"j":796},{"i":770,"j":798},{"i":759,"j":770},{"i":756,"j":794},{"i":794,"j":795},{"i":772,"j":794},{"i":790,"j":797},{"i":790,"j":793},{"i":797,"j":798},{"i":797,"j":799},{"i":795,"j":799},{"i":0,"j":7},{"i":7,"j":14},{"i":14,"j":44},{"i":44,"j":141},{"i":141,"j":212},{"i":212,"j":282},{"i":282,"j":525},{"i":525,"j":598},{"i":598,"j":766},{"i":766,"j":789},{"i":789,"j":792},{"i":792,"j":796},{"i":796,"j":798},{"i":798,"j":799}],"type":"Solution"}