{"instance_name":"uniform-0000035-1","edges":[{"i":4,"j":14},{"i":3,"j":5},{"i":2,"j":3},{"i":0,"j":7},{"i":3,"j":8},{"i":0,"j":4},{"i":0,"j":6},{"i":7,"j":9},{"i":13,"j":16},{"i":17,"j":24},{"i":9,"j":16},{"i":7,"j":10},{"i":10,"j":13},{"i":6,"j":11},{"i":8,"j":12},{"i":8,"j":9},{"i":12,"j":23},{"i":10,"j":19},{"i":11,"j":19},{"i":5,"j":12},{"i":11,"j":17},{"i":16,"j":18},{"i":14,"j":17},{"i":6,"j":14},{"i":13,"j":21},{"i":18,"j":21},{"i":12,"j":18},{"i":14,"j":29},{"i":19,"j":20},{"i":23,"j":33},{"i":21,"j":25},{"i":17,"j":22},{"i":20,"j":25},{"i":22,"j":26},{"i":20,"j":22},{"i":28,"j":32},{"i":23,"j":25},{"i":25,"j":26},{"i":27,"j":28},{"i":26,"j":27},{"i":30,"j":34},{"i":27,"j":32},{"i":22,"j":24},{"i":29,"j":30},{"i":24,"j":29},{"i":29,"j":34},{"i":30,"j":31},{"i":27,"j":31},{"i":28,"j":33},{"i":32,"j":34},{"i":31,"j":34},{"i":1,"j":2},{"i":2,"j":5},{"i":5,"j":15},{"i":15,"j":33},{"i":33,"j":34},{"i":0,"j":1}],"type":"Solution"}