{"instance_name":"uniform-0000900-1","edges":[{"i":1,"j":11},{"i":0,"j":1},{"i":0,"j":3},{"i":3,"j":10},{"i":1,"j":3},{"i":2,"j":7},{"i":0,"j":2},{"i":4,"j":22},{"i":7,"j":9},{"i":0,"j":7},{"i":2,"j":13},{"i":9,"j":12},{"i":0,"j":9},{"i":4,"j":37},{"i":2,"j":4},{"i":8,"j":11},{"i":1,"j":8},{"i":1,"j":24},{"i":1,"j":19},{"i":18,"j":34},{"i":8,"j":15},{"i":15,"j":16},{"i":14,"j":28},{"i":11,"j":14},{"i":14,"j":45},{"i":13,"j":18},{"i":1,"j":53},{"i":10,"j":42},{"i":8,"j":32},{"i":9,"j":30},{"i":5,"j":22},{"i":4,"j":5},{"i":22,"j":23},{"i":5,"j":35},{"i":20,"j":25},{"i":2,"j":20},{"i":25,"j":34},{"i":13,"j":25},{"i":8,"j":17},{"i":20,"j":31},{"i":18,"j":30},{"i":9,"j":18},{"i":17,"j":19},{"i":28,"j":29},{"i":28,"j":48},{"i":29,"j":48},{"i":21,"j":29},{"i":15,"j":40},{"i":24,"j":33},{"i":19,"j":24},{"i":1,"j":10},{"i":20,"j":68},{"i":10,"j":12},{"i":15,"j":51},{"i":26,"j":42},{"i":12,"j":26},{"i":27,"j":41},{"i":8,"j":27},{"i":31,"j":34},{"i":39,"j":54},{"i":23,"j":39},{"i":6,"j":44},{"i":4,"j":6},{"i":27,"j":32},{"i":26,"j":71},{"i":23,"j":56},{"i":6,"j":23},{"i":22,"j":35},{"i":14,"j":16},{"i":5,"j":93},{"i":38,"j":46},{"i":16,"j":38},{"i":41,"j":51},{"i":37,"j":50},{"i":20,"j":37},{"i":17,"j":33},{"i":45,"j":46},{"i":48,"j":80},{"i":41,"j":43},{"i":1,"j":57},{"i":35,"j":47},{"i":58,"j":85},{"i":54,"j":62},{"i":44,"j":50},{"i":48,"j":77},{"i":43,"j":81},{"i":38,"j":40},{"i":49,"j":58},{"i":33,"j":49},{"i":32,"j":52},{"i":1,"j":36},{"i":39,"j":47},{"i":34,"j":60},{"i":57,"j":61},{"i":55,"j":57},{"i":31,"j":72},{"i":53,"j":76},{"i":61,"j":66},{"i":55,"j":61},{"i":58,"j":59},{"i":54,"j":99},{"i":20,"j":50},{"i":42,"j":65},{"i":62,"j":67},{"i":56,"j":62},{"i":56,"j":63},{"i":56,"j":67},{"i":47,"j":96},{"i":59,"j":74},{"i":52,"j":59},{"i":43,"j":64},{"i":30,"j":60},{"i":36,"j":82},{"i":65,"j":82},{"i":36,"j":65},{"i":50,"j":79},{"i":44,"j":83},{"i":31,"j":68},{"i":69,"j":94},{"i":45,"j":102},{"i":60,"j":73},{"i":68,"j":69},{"i":55,"j":84},{"i":53,"j":55},{"i":64,"j":108},{"i":74,"j":75},{"i":52,"j":74},{"i":92,"j":113},{"i":77,"j":80},{"i":65,"j":101},{"i":78,"j":145},{"i":21,"j":78},{"i":77,"j":78},{"i":46,"j":70},{"i":82,"j":122},{"i":72,"j":91},{"i":75,"j":108},{"i":64,"j":75},{"i":49,"j":76},{"i":71,"j":73},{"i":79,"j":88},{"i":63,"j":98},{"i":44,"j":63},{"i":66,"j":117},{"i":89,"j":109},{"i":86,"j":89},{"i":76,"j":92},{"i":69,"j":88},{"i":51,"j":110},{"i":86,"j":90},{"i":70,"j":86},{"i":87,"j":107},{"i":65,"j":71},{"i":74,"j":85},{"i":87,"j":89},{"i":40,"j":87},{"i":87,"j":105},{"i":86,"j":114},{"i":90,"j":102},{"i":70,"j":90},{"i":72,"j":100},{"i":82,"j":95},{"i":66,"j":82},{"i":87,"j":110},{"i":67,"j":97},{"i":94,"j":100},{"i":91,"j":120},{"i":35,"j":93},{"i":118,"j":149},{"i":83,"j":98},{"i":83,"j":118},{"i":94,"j":106},{"i":88,"j":115},{"i":91,"j":103},{"i":73,"j":91},{"i":105,"j":109},{"i":81,"j":110},{"i":95,"j":131},{"i":98,"j":149},{"i":80,"j":102},{"i":96,"j":136},{"i":104,"j":123},{"i":78,"j":104},{"i":85,"j":92},{"i":83,"j":116},{"i":79,"j":83},{"i":84,"j":113},{"i":76,"j":84},{"i":110,"j":140},{"i":109,"j":132},{"i":105,"j":107},{"i":102,"j":114},{"i":81,"j":112},{"i":95,"j":117},{"i":108,"j":119},{"i":81,"j":108},{"i":107,"j":161},{"i":101,"j":122},{"i":117,"j":125},{"i":113,"j":125},{"i":111,"j":113},{"i":100,"j":147},{"i":103,"j":120},{"i":101,"j":103},{"i":97,"j":149},{"i":106,"j":127},{"i":95,"j":134},{"i":115,"j":116},{"i":97,"j":99},{"i":111,"j":160},{"i":108,"j":111},{"i":124,"j":137},{"i":106,"j":115},{"i":122,"j":153},{"i":121,"j":138},{"i":115,"j":121},{"i":120,"j":122},{"i":102,"j":124},{"i":130,"j":139},{"i":121,"j":130},{"i":123,"j":145},{"i":118,"j":126},{"i":116,"j":118},{"i":5,"j":217},{"i":128,"j":142},{"i":128,"j":129},{"i":124,"j":128},{"i":112,"j":140},{"i":129,"j":133},{"i":104,"j":129},{"i":135,"j":162},{"i":117,"j":135},{"i":119,"j":143},{"i":112,"j":119},{"i":132,"j":137},{"i":114,"j":132},{"i":129,"j":142},{"i":133,"j":145},{"i":123,"j":133},{"i":131,"j":135},{"i":127,"j":147},{"i":131,"j":141},{"i":139,"j":147},{"i":127,"j":139},{"i":126,"j":138},{"i":96,"j":148},{"i":138,"j":157},{"i":146,"j":185},{"i":148,"j":169},{"i":140,"j":161},{"i":143,"j":184},{"i":125,"j":146},{"i":93,"j":144},{"i":145,"j":265},{"i":21,"j":145},{"i":140,"j":184},{"i":130,"j":166},{"i":156,"j":202},{"i":96,"j":144},{"i":99,"j":136},{"i":120,"j":164},{"i":149,"j":154},{"i":126,"j":149},{"i":147,"j":164},{"i":139,"j":151},{"i":141,"j":162},{"i":156,"j":176},{"i":148,"j":156},{"i":152,"j":159},{"i":136,"j":152},{"i":144,"j":156},{"i":165,"j":178},{"i":152,"j":169},{"i":154,"j":168},{"i":163,"j":187},{"i":141,"j":165},{"i":163,"j":173},{"i":137,"j":163},{"i":161,"j":184},{"i":134,"j":179},{"i":158,"j":207},{"i":145,"j":158},{"i":109,"j":161},{"i":162,"j":178},{"i":146,"j":162},{"i":155,"j":167},{"i":138,"j":155},{"i":153,"j":171},{"i":134,"j":153},{"i":153,"j":164},{"i":155,"j":157},{"i":166,"j":174},{"i":151,"j":166},{"i":166,"j":167},{"i":159,"j":172},{"i":149,"j":159},{"i":168,"j":170},{"i":157,"j":168},{"i":170,"j":174},{"i":167,"j":170},{"i":174,"j":177},{"i":143,"j":150},{"i":173,"j":180},{"i":165,"j":179},{"i":168,"j":194},{"i":151,"j":177},{"i":169,"j":183},{"i":183,"j":205},{"i":168,"j":182},{"i":184,"j":214},{"i":171,"j":198},{"i":173,"j":189},{"i":144,"j":217},{"i":180,"j":186},{"i":142,"j":180},{"i":150,"j":160},{"i":175,"j":208},{"i":147,"j":175},{"i":154,"j":172},{"i":185,"j":195},{"i":160,"j":185},{"i":180,"j":193},{"i":178,"j":212},{"i":181,"j":187},{"i":163,"j":181},{"i":200,"j":203},{"i":187,"j":199},{"i":184,"j":188},{"i":181,"j":184},{"i":189,"j":193},{"i":180,"j":189},{"i":187,"j":188},{"i":183,"j":191},{"i":172,"j":183},{"i":186,"j":192},{"i":158,"j":186},{"i":192,"j":207},{"i":158,"j":192},{"i":200,"j":213},{"i":182,"j":197},{"i":175,"j":177},{"i":196,"j":198},{"i":171,"j":196},{"i":208,"j":223},{"i":199,"j":204},{"i":193,"j":199},{"i":197,"j":211},{"i":194,"j":197},{"i":194,"j":211},{"i":200,"j":201},{"i":174,"j":200},{"i":176,"j":205},{"i":169,"j":176},{"i":190,"j":195},{"i":201,"j":208},{"i":177,"j":201},{"i":202,"j":205},{"i":193,"j":218},{"i":206,"j":214},{"i":190,"j":206},{"i":208,"j":239},{"i":208,"j":209},{"i":164,"j":208},{"i":207,"j":265},{"i":150,"j":190},{"i":191,"j":216},{"i":182,"j":191},{"i":219,"j":247},{"i":179,"j":233},{"i":212,"j":215},{"i":211,"j":213},{"i":204,"j":226},{"i":206,"j":222},{"i":184,"j":210},{"i":198,"j":233},{"i":215,"j":243},{"i":195,"j":215},{"i":205,"j":228},{"i":202,"j":221},{"i":188,"j":220},{"i":207,"j":218},{"i":210,"j":235},{"i":204,"j":232},{"i":217,"j":221},{"i":221,"j":240},{"i":203,"j":239},{"i":209,"j":234},{"i":196,"j":209},{"i":216,"j":224},{"i":219,"j":220},{"i":225,"j":245},{"i":224,"j":225},{"i":211,"j":224},{"i":217,"j":242},{"i":204,"j":219},{"i":206,"j":243},{"i":221,"j":227},{"i":230,"j":250},{"i":227,"j":228},{"i":223,"j":230},{"i":198,"j":252},{"i":209,"j":230},{"i":228,"j":231},{"i":210,"j":246},{"i":235,"j":262},{"i":213,"j":225},{"i":222,"j":246},{"i":214,"j":222},{"i":237,"j":247},{"i":235,"j":237},{"i":233,"j":248},{"i":229,"j":233},{"i":227,"j":244},{"i":229,"j":255},{"i":212,"j":229},{"i":236,"j":239},{"i":203,"j":236},{"i":238,"j":240},{"i":221,"j":238},{"i":237,"j":241},{"i":238,"j":258},{"i":244,"j":280},{"i":240,"j":280},{"i":231,"j":251},{"i":216,"j":231},{"i":232,"j":287},{"i":241,"j":247},{"i":220,"j":241},{"i":239,"j":249},{"i":217,"j":281},{"i":250,"j":256},{"i":234,"j":250},{"i":244,"j":251},{"i":234,"j":266},{"i":234,"j":256},{"i":255,"j":275},{"i":245,"j":269},{"i":236,"j":245},{"i":243,"j":259},{"i":257,"j":284},{"i":248,"j":260},{"i":261,"j":283},{"i":252,"j":261},{"i":243,"j":255},{"i":223,"j":276},{"i":251,"j":267},{"i":242,"j":258},{"i":238,"j":242},{"i":269,"j":274},{"i":259,"j":279},{"i":254,"j":259},{"i":252,"j":264},{"i":248,"j":252},{"i":260,"j":275},{"i":256,"j":272},{"i":257,"j":262},{"i":246,"j":257},{"i":246,"j":254},{"i":251,"j":282},{"i":217,"j":263},{"i":247,"j":268},{"i":260,"j":264},{"i":249,"j":276},{"i":256,"j":271},{"i":270,"j":335},{"i":267,"j":269},{"i":232,"j":268},{"i":266,"j":270},{"i":249,"j":253},{"i":256,"j":273},{"i":283,"j":290},{"i":261,"j":290},{"i":271,"j":307},{"i":273,"j":278},{"i":272,"j":273},{"i":253,"j":277},{"i":274,"j":277},{"i":253,"j":274},{"i":272,"j":295},{"i":266,"j":272},{"i":272,"j":278},{"i":259,"j":292},{"i":290,"j":335},{"i":258,"j":300},{"i":258,"j":263},{"i":254,"j":279},{"i":261,"j":270},{"i":285,"j":301},{"i":268,"j":285},{"i":283,"j":286},{"i":275,"j":294},{"i":226,"j":303},{"i":218,"j":226},{"i":265,"j":288},{"i":277,"j":298},{"i":267,"j":282},{"i":291,"j":339},{"i":285,"j":291},{"i":275,"j":319},{"i":282,"j":297},{"i":298,"j":332},{"i":286,"j":305},{"i":264,"j":286},{"i":308,"j":342},{"i":271,"j":276},{"i":280,"j":297},{"i":307,"j":316},{"i":298,"j":299},{"i":276,"j":298},{"i":271,"j":299},{"i":289,"j":300},{"i":258,"j":289},{"i":309,"j":348},{"i":279,"j":313},{"i":226,"j":306},{"i":302,"j":310},{"i":288,"j":302},{"i":287,"j":306},{"i":302,"j":322},{"i":306,"j":343},{"i":295,"j":311},{"i":284,"j":321},{"i":296,"j":320},{"i":293,"j":296},{"i":278,"j":307},{"i":297,"j":344},{"i":263,"j":281},{"i":303,"j":322},{"i":302,"j":303},{"i":312,"j":321},{"i":304,"j":329},{"i":284,"j":304},{"i":295,"j":308},{"i":301,"j":326},{"i":287,"j":301},{"i":312,"j":325},{"i":305,"j":318},{"i":310,"j":378},{"i":288,"j":310},{"i":312,"j":314},{"i":262,"j":312},{"i":305,"j":360},{"i":274,"j":293},{"i":315,"j":316},{"i":296,"j":297},{"i":311,"j":341},{"i":292,"j":337},{"i":275,"j":318},{"i":292,"j":294},{"i":317,"j":323},{"i":299,"j":317},{"i":280,"j":300},{"i":330,"j":340},{"i":327,"j":330},{"i":304,"j":313},{"i":317,"j":352},{"i":300,"j":328},{"i":325,"j":336},{"i":291,"j":314},{"i":306,"j":326},{"i":320,"j":330},{"i":293,"j":320},{"i":330,"j":357},{"i":320,"j":349},{"i":309,"j":328},{"i":289,"j":309},{"i":319,"j":338},{"i":294,"j":319},{"i":327,"j":332},{"i":274,"j":327},{"i":311,"j":345},{"i":305,"j":335},{"i":336,"j":370},{"i":281,"j":333},{"i":329,"j":334},{"i":321,"j":329},{"i":334,"j":353},{"i":315,"j":342},{"i":308,"j":315},{"i":338,"j":350},{"i":337,"j":338},{"i":325,"j":334},{"i":351,"j":369},{"i":336,"j":339},{"i":314,"j":336},{"i":329,"j":355},{"i":319,"j":372},{"i":331,"j":337},{"i":339,"j":358},{"i":324,"j":346},{"i":297,"j":324},{"i":323,"j":342},{"i":316,"j":323},{"i":362,"j":430},{"i":341,"j":345},{"i":332,"j":352},{"i":343,"j":363},{"i":343,"j":359},{"i":322,"j":343},{"i":324,"j":347},{"i":344,"j":349},{"i":318,"j":372},{"i":324,"j":361},{"i":324,"j":366},{"i":344,"j":346},{"i":333,"j":362},{"i":349,"j":357},{"i":333,"j":348},{"i":309,"j":333},{"i":349,"j":364},{"i":340,"j":382},{"i":341,"j":351},{"i":335,"j":341},{"i":355,"j":365},{"i":350,"j":354},{"i":337,"j":350},{"i":342,"j":367},{"i":351,"j":360},{"i":340,"j":356},{"i":332,"j":340},{"i":313,"j":331},{"i":360,"j":372},{"i":355,"j":379},{"i":354,"j":376},{"i":353,"j":370},{"i":351,"j":368},{"i":352,"j":374},{"i":347,"j":361},{"i":346,"j":347},{"i":353,"j":365},{"i":359,"j":378},{"i":363,"j":385},{"i":328,"j":366},{"i":324,"j":328},{"i":364,"j":380},{"i":326,"j":385},{"i":362,"j":388},{"i":379,"j":394},{"i":331,"j":354},{"i":348,"j":371},{"i":356,"j":381},{"i":352,"j":356},{"i":345,"j":369},{"i":350,"j":372},{"i":367,"j":369},{"i":376,"j":387},{"i":375,"j":376},{"i":370,"j":385},{"i":358,"j":370},{"i":372,"j":401},{"i":363,"j":373},{"i":358,"j":385},{"i":368,"j":393},{"i":364,"j":377},{"i":357,"j":364},{"i":375,"j":379},{"i":331,"j":375},{"i":359,"j":391},{"i":376,"j":401},{"i":367,"j":374},{"i":359,"j":384},{"i":373,"j":396},{"i":357,"j":382},{"i":361,"j":392},{"i":377,"j":382},{"i":377,"j":380},{"i":379,"j":383},{"i":365,"j":379},{"i":378,"j":450},{"i":288,"j":378},{"i":359,"j":373},{"i":391,"j":403},{"i":382,"j":386},{"i":333,"j":451},{"i":371,"j":388},{"i":366,"j":371},{"i":379,"j":407},{"i":381,"j":390},{"i":381,"j":386},{"i":378,"j":384},{"i":389,"j":390},{"i":366,"j":426},{"i":389,"j":397},{"i":374,"j":389},{"i":387,"j":424},{"i":394,"j":413},{"i":383,"j":405},{"i":370,"j":383},{"i":385,"j":396},{"i":396,"j":400},{"i":395,"j":403},{"i":391,"j":395},{"i":394,"j":398},{"i":379,"j":387},{"i":389,"j":418},{"i":393,"j":401},{"i":383,"j":398},{"i":393,"j":411},{"i":413,"j":436},{"i":400,"j":422},{"i":395,"j":400},{"i":401,"j":416},{"i":390,"j":419},{"i":392,"j":406},{"i":380,"j":392},{"i":404,"j":419},{"i":397,"j":412},{"i":369,"j":397},{"i":400,"j":410},{"i":398,"j":413},{"i":389,"j":404},{"i":392,"j":409},{"i":405,"j":420},{"i":401,"j":408},{"i":368,"j":412},{"i":406,"j":414},{"i":392,"j":438},{"i":403,"j":441},{"i":385,"j":405},{"i":387,"j":408},{"i":389,"j":421},{"i":412,"j":431},{"i":401,"j":411},{"i":413,"j":417},{"i":406,"j":409},{"i":414,"j":435},{"i":402,"j":414},{"i":412,"j":415},{"i":408,"j":428},{"i":416,"j":429},{"i":394,"j":407},{"i":417,"j":436},{"i":399,"j":423},{"i":386,"j":399},{"i":419,"j":445},{"i":402,"j":423},{"i":399,"j":402},{"i":417,"j":420},{"i":410,"j":448},{"i":404,"j":437},{"i":410,"j":432},{"i":422,"j":441},{"i":415,"j":433},{"i":411,"j":415},{"i":388,"j":425},{"i":431,"j":439},{"i":424,"j":427},{"i":407,"j":424},{"i":434,"j":465},{"i":425,"j":434},{"i":429,"j":471},{"i":427,"j":440},{"i":407,"j":427},{"i":412,"j":444},{"i":427,"j":446},{"i":418,"j":460},{"i":433,"j":458},{"i":436,"j":442},{"i":431,"j":433},{"i":430,"j":434},{"i":426,"j":438},{"i":432,"j":455},{"i":422,"j":432},{"i":428,"j":446},{"i":424,"j":428},{"i":419,"j":423},{"i":426,"j":443},{"i":418,"j":444},{"i":410,"j":420},{"i":428,"j":429},{"i":436,"j":440},{"i":422,"j":455},{"i":281,"j":639},{"i":435,"j":453},{"i":423,"j":435},{"i":425,"j":449},{"i":440,"j":474},{"i":442,"j":470},{"i":437,"j":445},{"i":442,"j":452},{"i":420,"j":442},{"i":448,"j":452},{"i":443,"j":457},{"i":384,"j":441},{"i":450,"j":530},{"i":430,"j":451},{"i":444,"j":456},{"i":437,"j":459},{"i":421,"j":437},{"i":454,"j":530},{"i":450,"j":454},{"i":448,"j":472},{"i":416,"j":471},{"i":460,"j":464},{"i":447,"j":459},{"i":445,"j":447},{"i":449,"j":457},{"i":443,"j":449},{"i":441,"j":491},{"i":439,"j":469},{"i":453,"j":462},{"i":421,"j":464},{"i":460,"j":478},{"i":456,"j":460},{"i":438,"j":463},{"i":409,"j":438},{"i":462,"j":479},{"i":453,"j":461},{"i":438,"j":490},{"i":447,"j":462},{"i":459,"j":487},{"i":439,"j":456},{"i":457,"j":468},{"i":458,"j":471},{"i":465,"j":467},{"i":465,"j":533},{"i":463,"j":496},{"i":461,"j":463},{"i":469,"j":489},{"i":446,"j":473},{"i":452,"j":493},{"i":456,"j":478},{"i":466,"j":482},{"i":446,"j":466},{"i":473,"j":474},{"i":458,"j":469},{"i":441,"j":480},{"i":476,"j":480},{"i":471,"j":483},{"i":466,"j":471},{"i":461,"j":496},{"i":464,"j":497},{"i":438,"j":495},{"i":476,"j":486},{"i":477,"j":492},{"i":459,"j":477},{"i":467,"j":481},{"i":471,"j":498},{"i":475,"j":489},{"i":480,"j":491},{"i":475,"j":498},{"i":458,"j":475},{"i":478,"j":499},{"i":454,"j":476},{"i":487,"j":492},{"i":485,"j":530},{"i":454,"j":485},{"i":455,"j":472},{"i":484,"j":489},{"i":439,"j":484},{"i":485,"j":486},{"i":482,"j":494},{"i":473,"j":482},{"i":497,"j":516},{"i":488,"j":527},{"i":486,"j":488},{"i":470,"j":474},{"i":464,"j":487},{"i":479,"j":506},{"i":466,"j":500},{"i":472,"j":515},{"i":466,"j":483},{"i":468,"j":501},{"i":490,"j":504},{"i":479,"j":496},{"i":500,"j":517},{"i":498,"j":513},{"i":474,"j":494},{"i":483,"j":510},{"i":490,"j":495},{"i":481,"j":501},{"i":468,"j":481},{"i":500,"j":502},{"i":509,"j":522},{"i":501,"j":503},{"i":495,"j":501},{"i":503,"j":504},{"i":477,"j":506},{"i":502,"j":505},{"i":494,"j":502},{"i":487,"j":526},{"i":508,"j":539},{"i":496,"j":529},{"i":489,"j":528},{"i":524,"j":546},{"i":470,"j":542},{"i":507,"j":535},{"i":477,"j":521},{"i":483,"j":507},{"i":472,"j":493},{"i":511,"j":514},{"i":491,"j":511},{"i":467,"j":512},{"i":508,"j":515},{"i":493,"j":508},{"i":499,"j":525},{"i":508,"j":542},{"i":488,"j":549},{"i":509,"j":518},{"i":492,"j":509},{"i":517,"j":541},{"i":520,"j":541},{"i":499,"j":516},{"i":522,"j":566},{"i":517,"j":520},{"i":516,"j":544},{"i":504,"j":529},{"i":521,"j":522},{"i":520,"j":523},{"i":529,"j":565},{"i":503,"j":531},{"i":512,"j":524},{"i":487,"j":518},{"i":513,"j":561},{"i":518,"j":536},{"i":527,"j":549},{"i":515,"j":547},{"i":511,"j":515},{"i":470,"j":505},{"i":525,"j":528},{"i":484,"j":525},{"i":527,"j":530},{"i":544,"j":559},{"i":521,"j":566},{"i":519,"j":532},{"i":501,"j":519},{"i":512,"j":546},{"i":519,"j":524},{"i":532,"j":537},{"i":451,"j":533},{"i":526,"j":540},{"i":497,"j":526},{"i":532,"j":534},{"i":513,"j":538},{"i":507,"j":513},{"i":510,"j":543},{"i":500,"j":510},{"i":540,"j":579},{"i":531,"j":534},{"i":523,"j":542},{"i":505,"j":523},{"i":543,"j":560},{"i":526,"j":536},{"i":535,"j":543},{"i":539,"j":562},{"i":539,"j":551},{"i":535,"j":538},{"i":541,"j":543},{"i":540,"j":544},{"i":557,"j":580},{"i":531,"j":555},{"i":529,"j":531},{"i":533,"j":546},{"i":550,"j":553},{"i":542,"j":562},{"i":530,"j":545},{"i":491,"j":550},{"i":488,"j":491},{"i":491,"j":514},{"i":549,"j":553},{"i":548,"j":549},{"i":514,"j":547},{"i":551,"j":552},{"i":541,"j":567},{"i":525,"j":544},{"i":534,"j":537},{"i":552,"j":556},{"i":547,"j":552},{"i":563,"j":575},{"i":561,"j":563},{"i":546,"j":557},{"i":553,"j":577},{"i":538,"j":560},{"i":536,"j":579},{"i":528,"j":563},{"i":558,"j":560},{"i":528,"j":568},{"i":564,"j":576},{"i":560,"j":564},{"i":556,"j":573},{"i":550,"j":556},{"i":561,"j":564},{"i":528,"j":554},{"i":561,"j":587},{"i":568,"j":575},{"i":555,"j":565},{"i":506,"j":565},{"i":554,"j":559},{"i":541,"j":558},{"i":568,"j":590},{"i":580,"j":615},{"i":565,"j":582},{"i":537,"j":570},{"i":569,"j":574},{"i":555,"j":569},{"i":548,"j":577},{"i":545,"j":548},{"i":609,"j":630},{"i":571,"j":572},{"i":545,"j":571},{"i":530,"j":572},{"i":551,"j":562},{"i":569,"j":594},{"i":566,"j":579},{"i":558,"j":611},{"i":573,"j":577},{"i":577,"j":609},{"i":571,"j":577},{"i":570,"j":592},{"i":557,"j":578},{"i":598,"j":603},{"i":574,"j":608},{"i":565,"j":574},{"i":533,"j":580},{"i":562,"j":599},{"i":581,"j":593},{"i":579,"j":583},{"i":559,"j":600},{"i":568,"j":585},{"i":584,"j":585},{"i":554,"j":584},{"i":575,"j":606},{"i":576,"j":589},{"i":567,"j":599},{"i":589,"j":616},{"i":581,"j":588},{"i":552,"j":581},{"i":576,"j":591},{"i":576,"j":587},{"i":587,"j":605},{"i":533,"j":639},{"i":579,"j":603},{"i":578,"j":595},{"i":570,"j":578},{"i":586,"j":596},{"i":567,"j":586},{"i":588,"j":618},{"i":573,"j":588},{"i":569,"j":592},{"i":558,"j":589},{"i":602,"j":617},{"i":583,"j":598},{"i":594,"j":608},{"i":596,"j":612},{"i":579,"j":610},{"i":593,"j":625},{"i":583,"j":601},{"i":559,"j":583},{"i":591,"j":605},{"i":585,"j":626},{"i":598,"j":602},{"i":601,"j":614},{"i":601,"j":617},{"i":566,"j":582},{"i":594,"j":597},{"i":595,"j":604},{"i":590,"j":606},{"i":600,"j":626},{"i":584,"j":600},{"i":604,"j":607},{"i":592,"j":604},{"i":608,"j":629},{"i":608,"j":637},{"i":610,"j":620},{"i":588,"j":625},{"i":612,"j":636},{"i":610,"j":656},{"i":613,"j":641},{"i":609,"j":621},{"i":572,"j":609},{"i":596,"j":613},{"i":599,"j":624},{"i":593,"j":599},{"i":611,"j":613},{"i":586,"j":611},{"i":611,"j":635},{"i":602,"j":620},{"i":604,"j":640},{"i":595,"j":615},{"i":605,"j":622},{"i":616,"j":635},{"i":606,"j":634},{"i":603,"j":620},{"i":618,"j":630},{"i":605,"j":606},{"i":621,"j":710},{"i":614,"j":647},{"i":600,"j":614},{"i":590,"j":626},{"i":624,"j":636},{"i":619,"j":633},{"i":591,"j":619},{"i":630,"j":666},{"i":622,"j":642},{"i":597,"j":638},{"i":533,"j":627},{"i":624,"j":628},{"i":642,"j":646},{"i":615,"j":632},{"i":629,"j":648},{"i":623,"j":629},{"i":631,"j":710},{"i":621,"j":631},{"i":619,"j":642},{"i":635,"j":684},{"i":616,"j":650},{"i":616,"j":633},{"i":618,"j":675},{"i":597,"j":607},{"i":582,"j":623},{"i":607,"j":643},{"i":638,"j":673},{"i":637,"j":638},{"i":627,"j":649},{"i":632,"j":655},{"i":640,"j":657},{"i":635,"j":641},{"i":617,"j":678},{"i":641,"j":644},{"i":612,"j":641},{"i":625,"j":707},{"i":634,"j":658},{"i":622,"j":634},{"i":655,"j":680},{"i":646,"j":660},{"i":633,"j":646},{"i":617,"j":653},{"i":614,"j":617},{"i":637,"j":651},{"i":649,"j":680},{"i":627,"j":639},{"i":658,"j":663},{"i":648,"j":654},{"i":638,"j":643},{"i":626,"j":662},{"i":651,"j":673},{"i":648,"j":651},{"i":654,"j":661},{"i":632,"j":649},{"i":647,"j":665},{"i":623,"j":654},{"i":652,"j":658},{"i":634,"j":652},{"i":628,"j":702},{"i":625,"j":628},{"i":645,"j":697},{"i":653,"j":665},{"i":647,"j":653},{"i":646,"j":663},{"i":644,"j":686},{"i":636,"j":644},{"i":660,"j":664},{"i":653,"j":682},{"i":645,"j":674},{"i":620,"j":645},{"i":636,"j":702},{"i":631,"j":659},{"i":666,"j":667},{"i":659,"j":666},{"i":662,"j":677},{"i":652,"j":662},{"i":672,"j":706},{"i":667,"j":669},{"i":659,"j":667},{"i":668,"j":681},{"i":663,"j":668},{"i":665,"j":670},{"i":662,"j":665},{"i":678,"j":699},{"i":656,"j":661},{"i":671,"j":672},{"i":661,"j":671},{"i":656,"j":672},{"i":643,"j":657},{"i":670,"j":685},{"i":676,"j":685},{"i":670,"j":676},{"i":695,"j":729},{"i":676,"j":677},{"i":677,"j":700},{"i":658,"j":677},{"i":674,"j":678},{"i":697,"j":706},{"i":655,"j":679},{"i":640,"j":655},{"i":675,"j":687},{"i":668,"j":700},{"i":664,"j":712},{"i":678,"j":682},{"i":631,"j":669},{"i":666,"j":675},{"i":686,"j":702},{"i":650,"j":664},{"i":697,"j":704},{"i":691,"j":697},{"i":683,"j":687},{"i":734,"j":846},{"i":679,"j":701},{"i":639,"j":688},{"i":681,"j":712},{"i":660,"j":681},{"i":689,"j":690},{"i":650,"j":689},{"i":695,"j":726},{"i":657,"j":701},{"i":680,"j":694},{"i":673,"j":708},{"i":691,"j":693},{"i":674,"j":691},{"i":700,"j":720},{"i":680,"j":696},{"i":679,"j":738},{"i":690,"j":695},{"i":684,"j":690},{"i":686,"j":711},{"i":694,"j":738},{"i":685,"j":721},{"i":672,"j":730},{"i":698,"j":727},{"i":693,"j":747},{"i":674,"j":693},{"i":677,"j":698},{"i":702,"j":716},{"i":669,"j":683},{"i":683,"j":719},{"i":692,"j":705},{"i":643,"j":692},{"i":682,"j":721},{"i":705,"j":713},{"i":699,"j":771},{"i":707,"j":716},{"i":687,"j":707},{"i":705,"j":708},{"i":688,"j":725},{"i":695,"j":711},{"i":684,"j":695},{"i":703,"j":710},{"i":669,"j":703},{"i":710,"j":785},{"i":572,"j":710},{"i":702,"j":709},{"i":709,"j":711},{"i":699,"j":721},{"i":708,"j":730},{"i":671,"j":708},{"i":688,"j":714},{"i":709,"j":717},{"i":715,"j":743},{"i":702,"j":715},{"i":711,"j":735},{"i":704,"j":747},{"i":712,"j":720},{"i":716,"j":719},{"i":719,"j":733},{"i":703,"j":719},{"i":698,"j":718},{"i":727,"j":760},{"i":713,"j":730},{"i":701,"j":732},{"i":692,"j":701},{"i":712,"j":731},{"i":736,"j":755},{"i":722,"j":724},{"i":705,"j":722},{"i":639,"j":734},{"i":724,"j":739},{"i":713,"j":724},{"i":714,"j":737},{"i":696,"j":714},{"i":727,"j":762},{"i":700,"j":746},{"i":728,"j":749},{"i":726,"j":736},{"i":731,"j":749},{"i":723,"j":731},{"i":720,"j":728},{"i":736,"j":752},{"i":694,"j":696},{"i":726,"j":735},{"i":704,"j":740},{"i":737,"j":741},{"i":725,"j":734},{"i":714,"j":725},{"i":717,"j":767},{"i":715,"j":717},{"i":729,"j":736},{"i":726,"j":729},{"i":733,"j":751},{"i":734,"j":737},{"i":722,"j":732},{"i":706,"j":745},{"i":738,"j":787},{"i":741,"j":757},{"i":733,"j":742},{"i":743,"j":777},{"i":758,"j":775},{"i":735,"j":758},{"i":730,"j":754},{"i":740,"j":744},{"i":730,"j":764},{"i":745,"j":761},{"i":744,"j":745},{"i":718,"j":762},{"i":749,"j":755},{"i":723,"j":749},{"i":749,"j":792},{"i":740,"j":772},{"i":738,"j":741},{"i":728,"j":768},{"i":751,"j":756},{"i":742,"j":751},{"i":743,"j":750},{"i":716,"j":743},{"i":710,"j":742},{"i":733,"j":750},{"i":689,"j":723},{"i":753,"j":759},{"i":739,"j":753},{"i":713,"j":739},{"i":721,"j":779},{"i":718,"j":721},{"i":728,"j":746},{"i":710,"j":756},{"i":738,"j":748},{"i":734,"j":757},{"i":752,"j":773},{"i":759,"j":764},{"i":754,"j":761},{"i":745,"j":754},{"i":757,"j":805},{"i":760,"j":762},{"i":754,"j":783},{"i":699,"j":747},{"i":760,"j":770},{"i":747,"j":772},{"i":763,"j":809},{"i":758,"j":765},{"i":762,"j":806},{"i":765,"j":767},{"i":755,"j":792},{"i":760,"j":800},{"i":769,"j":782},{"i":746,"j":769},{"i":699,"j":763},{"i":774,"j":788},{"i":744,"j":796},{"i":773,"j":791},{"i":770,"j":774},{"i":758,"j":791},{"i":775,"j":794},{"i":765,"j":775},{"i":776,"j":794},{"i":766,"j":781},{"i":743,"j":766},{"i":778,"j":823},{"i":750,"j":823},{"i":777,"j":823},{"i":774,"j":803},{"i":771,"j":779},{"i":776,"j":780},{"i":767,"j":776},{"i":792,"j":808},{"i":781,"j":814},{"i":777,"j":781},{"i":769,"j":774},{"i":772,"j":799},{"i":764,"j":783},{"i":773,"j":795},{"i":782,"j":784},{"i":778,"j":785},{"i":756,"j":778},{"i":785,"j":836},{"i":768,"j":792},{"i":790,"j":798},{"i":753,"j":790},{"i":748,"j":793},{"i":784,"j":789},{"i":768,"j":784},{"i":784,"j":811},{"i":791,"j":795},{"i":761,"j":818},{"i":787,"j":790},{"i":732,"j":787},{"i":752,"j":786},{"i":791,"j":801},{"i":768,"j":789},{"i":792,"j":797},{"i":786,"j":792},{"i":787,"j":810},{"i":748,"j":757},{"i":771,"j":809},{"i":806,"j":821},{"i":783,"j":818},{"i":782,"j":788},{"i":797,"j":804},{"i":786,"j":797},{"i":796,"j":799},{"i":803,"j":816},{"i":819,"j":844},{"i":794,"j":801},{"i":763,"j":799},{"i":787,"j":793},{"i":780,"j":829},{"i":766,"j":780},{"i":800,"j":803},{"i":770,"j":800},{"i":792,"j":827},{"i":793,"j":802},{"i":789,"j":827},{"i":779,"j":807},{"i":807,"j":812},{"i":806,"j":807},{"i":788,"j":815},{"i":801,"j":843},{"i":798,"j":813},{"i":759,"j":798},{"i":813,"j":819},{"i":783,"j":813},{"i":802,"j":831},{"i":803,"j":815},{"i":820,"j":851},{"i":811,"j":822},{"i":807,"j":809},{"i":812,"j":828},{"i":814,"j":839},{"i":800,"j":821},{"i":864,"j":899},{"i":811,"j":815},{"i":802,"j":805},{"i":734,"j":817},{"i":815,"j":838},{"i":790,"j":810},{"i":818,"j":820},{"i":812,"j":835},{"i":816,"j":821},{"i":816,"j":838},{"i":816,"j":852},{"i":835,"j":849},{"i":819,"j":833},{"i":818,"j":819},{"i":805,"j":817},{"i":823,"j":839},{"i":804,"j":808},{"i":796,"j":820},{"i":822,"j":827},{"i":827,"j":834},{"i":808,"j":827},{"i":814,"j":825},{"i":795,"j":804},{"i":809,"j":847},{"i":824,"j":830},{"i":817,"j":824},{"i":830,"j":831},{"i":829,"j":832},{"i":834,"j":842},{"i":826,"j":837},{"i":799,"j":826},{"i":845,"j":893},{"i":828,"j":845},{"i":821,"j":828},{"i":841,"j":874},{"i":832,"j":848},{"i":825,"j":832},{"i":831,"j":840},{"i":810,"j":831},{"i":833,"j":869},{"i":843,"j":855},{"i":829,"j":843},{"i":804,"j":834},{"i":841,"j":855},{"i":828,"j":835},{"i":825,"j":870},{"i":791,"j":841},{"i":844,"j":857},{"i":837,"j":847},{"i":830,"j":846},{"i":824,"j":846},{"i":847,"j":860},{"i":847,"j":849},{"i":852,"j":880},{"i":845,"j":876},{"i":822,"j":838},{"i":852,"j":853},{"i":861,"j":885},{"i":842,"j":867},{"i":841,"j":842},{"i":848,"j":878},{"i":851,"j":861},{"i":826,"j":851},{"i":851,"j":868},{"i":856,"j":863},{"i":840,"j":872},{"i":798,"j":840},{"i":854,"j":857},{"i":859,"j":871},{"i":839,"j":859},{"i":856,"j":860},{"i":837,"j":856},{"i":838,"j":853},{"i":844,"j":854},{"i":861,"j":863},{"i":857,"j":872},{"i":864,"j":865},{"i":846,"j":864},{"i":866,"j":877},{"i":854,"j":866},{"i":867,"j":874},{"i":833,"j":844},{"i":860,"j":885},{"i":848,"j":888},{"i":870,"j":886},{"i":859,"j":870},{"i":871,"j":886},{"i":862,"j":871},{"i":858,"j":896},{"i":840,"j":858},{"i":877,"j":896},{"i":872,"j":896},{"i":878,"j":888},{"i":873,"j":875},{"i":827,"j":873},{"i":867,"j":875},{"i":868,"j":869},{"i":863,"j":885},{"i":866,"j":872},{"i":855,"j":888},{"i":874,"j":888},{"i":853,"j":880},{"i":879,"j":880},{"i":876,"j":880},{"i":838,"j":879},{"i":881,"j":885},{"i":880,"j":895},{"i":869,"j":884},{"i":868,"j":883},{"i":883,"j":897},{"i":887,"j":895},{"i":878,"j":886},{"i":881,"j":893},{"i":849,"j":881},{"i":889,"j":895},{"i":882,"j":898},{"i":875,"j":882},{"i":888,"j":898},{"i":886,"j":888},{"i":887,"j":889},{"i":879,"j":887},{"i":884,"j":891},{"i":883,"j":884},{"i":877,"j":890},{"i":890,"j":891},{"i":891,"j":896},{"i":889,"j":892},{"i":873,"j":889},{"i":895,"j":898},{"i":892,"j":895},{"i":885,"j":897},{"i":890,"j":896},{"i":858,"j":865},{"i":893,"j":895},{"i":876,"j":893},{"i":894,"j":896},{"i":865,"j":894},{"i":896,"j":899},{"i":893,"j":897},{"i":891,"j":897},{"i":892,"j":898},{"i":882,"j":892},{"i":894,"j":899},{"i":639,"j":899},{"i":0,"j":11},{"i":11,"j":21},{"i":21,"j":265},{"i":265,"j":530},{"i":530,"j":836},{"i":836,"j":850},{"i":850,"j":862},{"i":862,"j":886},{"i":886,"j":898},{"i":895,"j":897},{"i":897,"j":899}],"type":"Solution"}