{"instance_name":"uniform-0000035-2","edges":[{"i":0,"j":2},{"i":2,"j":5},{"i":0,"j":7},{"i":5,"j":10},{"i":3,"j":5},{"i":2,"j":3},{"i":8,"j":13},{"i":3,"j":10},{"i":1,"j":3},{"i":2,"j":4},{"i":6,"j":8},{"i":0,"j":6},{"i":0,"j":12},{"i":6,"j":7},{"i":4,"j":9},{"i":8,"j":9},{"i":4,"j":15},{"i":11,"j":12},{"i":10,"j":22},{"i":7,"j":13},{"i":7,"j":11},{"i":11,"j":14},{"i":12,"j":18},{"i":9,"j":13},{"i":13,"j":19},{"i":16,"j":23},{"i":10,"j":15},{"i":13,"j":14},{"i":14,"j":16},{"i":12,"j":17},{"i":17,"j":27},{"i":16,"j":17},{"i":19,"j":23},{"i":19,"j":21},{"i":15,"j":19},{"i":20,"j":21},{"i":19,"j":20},{"i":21,"j":22},{"i":18,"j":33},{"i":22,"j":24},{"i":20,"j":26},{"i":26,"j":31},{"i":25,"j":26},{"i":23,"j":25},{"i":29,"j":34},{"i":27,"j":28},{"i":27,"j":33},{"i":28,"j":29},{"i":30,"j":32},{"i":29,"j":30},{"i":25,"j":29},{"i":26,"j":30},{"i":33,"j":34},{"i":28,"j":33},{"i":0,"j":1},{"i":1,"j":24},{"i":24,"j":31},{"i":31,"j":32},{"i":32,"j":34}],"type":"Solution"}