{"instance_name":"uniform-0000070-1","edges":[{"i":1,"j":6},{"i":0,"j":4},{"i":0,"j":1},{"i":3,"j":5},{"i":1,"j":3},{"i":5,"j":7},{"i":0,"j":5},{"i":4,"j":15},{"i":4,"j":11},{"i":14,"j":16},{"i":3,"j":6},{"i":4,"j":7},{"i":11,"j":21},{"i":9,"j":11},{"i":10,"j":12},{"i":7,"j":10},{"i":13,"j":24},{"i":12,"j":14},{"i":7,"j":12},{"i":8,"j":13},{"i":6,"j":8},{"i":19,"j":24},{"i":15,"j":21},{"i":16,"j":18},{"i":15,"j":16},{"i":6,"j":13},{"i":14,"j":20},{"i":18,"j":20},{"i":13,"j":19},{"i":10,"j":17},{"i":18,"j":22},{"i":26,"j":29},{"i":9,"j":21},{"i":20,"j":27},{"i":22,"j":34},{"i":21,"j":22},{"i":17,"j":19},{"i":23,"j":26},{"i":17,"j":23},{"i":23,"j":24},{"i":25,"j":26},{"i":23,"j":25},{"i":28,"j":36},{"i":22,"j":27},{"i":26,"j":28},{"i":30,"j":36},{"i":26,"j":33},{"i":27,"j":28},{"i":8,"j":39},{"i":24,"j":31},{"i":8,"j":35},{"i":30,"j":32},{"i":27,"j":30},{"i":32,"j":34},{"i":22,"j":32},{"i":31,"j":33},{"i":25,"j":31},{"i":29,"j":36},{"i":29,"j":41},{"i":31,"j":38},{"i":35,"j":37},{"i":31,"j":35},{"i":37,"j":38},{"i":35,"j":39},{"i":33,"j":45},{"i":40,"j":50},{"i":38,"j":45},{"i":42,"j":47},{"i":42,"j":43},{"i":34,"j":42},{"i":43,"j":47},{"i":41,"j":44},{"i":44,"j":51},{"i":38,"j":40},{"i":46,"j":55},{"i":39,"j":46},{"i":37,"j":39},{"i":36,"j":44},{"i":21,"j":48},{"i":43,"j":48},{"i":46,"j":49},{"i":40,"j":49},{"i":46,"j":60},{"i":45,"j":52},{"i":41,"j":45},{"i":52,"j":53},{"i":45,"j":53},{"i":45,"j":56},{"i":52,"j":58},{"i":45,"j":50},{"i":54,"j":56},{"i":50,"j":59},{"i":52,"j":57},{"i":63,"j":69},{"i":57,"j":58},{"i":51,"j":57},{"i":49,"j":61},{"i":56,"j":59},{"i":55,"j":62},{"i":61,"j":63},{"i":59,"j":61},{"i":60,"j":62},{"i":55,"j":60},{"i":47,"j":51},{"i":54,"j":66},{"i":53,"j":54},{"i":66,"j":67},{"i":65,"j":66},{"i":56,"j":63},{"i":67,"j":68},{"i":64,"j":67},{"i":65,"j":67},{"i":58,"j":65},{"i":64,"j":68},{"i":48,"j":64},{"i":66,"j":69},{"i":62,"j":69},{"i":61,"j":62},{"i":0,"j":2},{"i":2,"j":9},{"i":9,"j":68},{"i":67,"j":69}],"type":"Solution"}