{"instance_name":"uniform-0000060-1","edges":[{"i":0,"j":4},{"i":0,"j":2},{"i":4,"j":6},{"i":3,"j":5},{"i":0,"j":3},{"i":9,"j":11},{"i":4,"j":9},{"i":2,"j":6},{"i":5,"j":7},{"i":4,"j":5},{"i":7,"j":9},{"i":8,"j":17},{"i":6,"j":14},{"i":8,"j":21},{"i":10,"j":16},{"i":2,"j":10},{"i":7,"j":15},{"i":5,"j":13},{"i":3,"j":8},{"i":6,"j":11},{"i":8,"j":37},{"i":16,"j":55},{"i":1,"j":16},{"i":12,"j":19},{"i":7,"j":12},{"i":10,"j":14},{"i":14,"j":18},{"i":11,"j":22},{"i":12,"j":13},{"i":11,"j":15},{"i":19,"j":24},{"i":18,"j":25},{"i":19,"j":20},{"i":13,"j":17},{"i":20,"j":22},{"i":15,"j":20},{"i":24,"j":28},{"i":22,"j":29},{"i":21,"j":23},{"i":17,"j":21},{"i":18,"j":22},{"i":16,"j":25},{"i":24,"j":26},{"i":22,"j":24},{"i":26,"j":27},{"i":26,"j":28},{"i":27,"j":29},{"i":22,"j":27},{"i":29,"j":30},{"i":30,"j":34},{"i":30,"j":31},{"i":34,"j":46},{"i":31,"j":40},{"i":25,"j":31},{"i":23,"j":33},{"i":19,"j":23},{"i":28,"j":35},{"i":23,"j":36},{"i":24,"j":32},{"i":38,"j":45},{"i":34,"j":40},{"i":32,"j":41},{"i":33,"j":39},{"i":32,"j":33},{"i":36,"j":39},{"i":21,"j":38},{"i":37,"j":38},{"i":36,"j":47},{"i":40,"j":55},{"i":25,"j":40},{"i":39,"j":41},{"i":41,"j":42},{"i":42,"j":43},{"i":35,"j":42},{"i":35,"j":43},{"i":38,"j":44},{"i":44,"j":47},{"i":37,"j":50},{"i":35,"j":49},{"i":49,"j":54},{"i":46,"j":55},{"i":44,"j":45},{"i":39,"j":51},{"i":48,"j":54},{"i":43,"j":48},{"i":43,"j":54},{"i":52,"j":56},{"i":46,"j":52},{"i":45,"j":50},{"i":47,"j":53},{"i":46,"j":49},{"i":54,"j":59},{"i":50,"j":53},{"i":50,"j":58},{"i":48,"j":51},{"i":52,"j":54},{"i":56,"j":57},{"i":55,"j":56},{"i":53,"j":58},{"i":51,"j":53},{"i":58,"j":59},{"i":0,"j":1},{"i":1,"j":55},{"i":55,"j":57},{"i":57,"j":59}],"type":"Solution"}