{"instance_name":"uniform-0000600-1","edges":[{"i":1,"j":8},{"i":0,"j":4},{"i":1,"j":3},{"i":0,"j":1},{"i":4,"j":20},{"i":2,"j":4},{"i":0,"j":9},{"i":0,"j":3},{"i":8,"j":43},{"i":0,"j":15},{"i":9,"j":13},{"i":3,"j":13},{"i":6,"j":22},{"i":8,"j":30},{"i":16,"j":28},{"i":5,"j":16},{"i":8,"j":12},{"i":5,"j":8},{"i":11,"j":12},{"i":8,"j":11},{"i":1,"j":26},{"i":15,"j":21},{"i":7,"j":15},{"i":6,"j":9},{"i":0,"j":6},{"i":13,"j":25},{"i":10,"j":13},{"i":9,"j":10},{"i":12,"j":16},{"i":10,"j":31},{"i":22,"j":27},{"i":18,"j":22},{"i":7,"j":23},{"i":4,"j":7},{"i":17,"j":21},{"i":15,"j":17},{"i":13,"j":35},{"i":20,"j":32},{"i":18,"j":24},{"i":0,"j":18},{"i":23,"j":46},{"i":9,"j":19},{"i":24,"j":27},{"i":20,"j":23},{"i":24,"j":29},{"i":0,"j":24},{"i":31,"j":60},{"i":1,"j":5},{"i":30,"j":43},{"i":10,"j":25},{"i":12,"j":38},{"i":14,"j":35},{"i":3,"j":14},{"i":11,"j":36},{"i":29,"j":39},{"i":17,"j":29},{"i":26,"j":45},{"i":21,"j":48},{"i":32,"j":67},{"i":2,"j":32},{"i":19,"j":31},{"i":28,"j":49},{"i":34,"j":54},{"i":36,"j":47},{"i":34,"j":37},{"i":19,"j":34},{"i":14,"j":74},{"i":30,"j":36},{"i":31,"j":41},{"i":39,"j":51},{"i":27,"j":50},{"i":17,"j":39},{"i":38,"j":40},{"i":41,"j":55},{"i":42,"j":44},{"i":21,"j":42},{"i":42,"j":51},{"i":38,"j":63},{"i":33,"j":53},{"i":26,"j":33},{"i":53,"j":70},{"i":21,"j":44},{"i":28,"j":40},{"i":51,"j":88},{"i":34,"j":41},{"i":46,"j":66},{"i":22,"j":37},{"i":48,"j":52},{"i":23,"j":48},{"i":49,"j":62},{"i":45,"j":58},{"i":14,"j":45},{"i":33,"j":49},{"i":50,"j":51},{"i":44,"j":79},{"i":52,"j":57},{"i":25,"j":60},{"i":37,"j":94},{"i":46,"j":56},{"i":46,"j":84},{"i":55,"j":81},{"i":54,"j":55},{"i":53,"j":58},{"i":40,"j":62},{"i":35,"j":65},{"i":71,"j":98},{"i":81,"j":105},{"i":49,"j":59},{"i":47,"j":63},{"i":61,"j":77},{"i":33,"j":61},{"i":63,"j":98},{"i":62,"j":72},{"i":43,"j":64},{"i":66,"j":84},{"i":58,"j":74},{"i":52,"j":82},{"i":66,"j":68},{"i":67,"j":68},{"i":69,"j":105},{"i":73,"j":76},{"i":59,"j":73},{"i":51,"j":79},{"i":64,"j":91},{"i":47,"j":91},{"i":58,"j":70},{"i":72,"j":73},{"i":59,"j":72},{"i":69,"j":110},{"i":70,"j":86},{"i":77,"j":86},{"i":71,"j":75},{"i":63,"j":71},{"i":72,"j":108},{"i":60,"j":65},{"i":51,"j":99},{"i":68,"j":78},{"i":55,"j":69},{"i":56,"j":57},{"i":78,"j":102},{"i":81,"j":93},{"i":87,"j":104},{"i":82,"j":83},{"i":57,"j":82},{"i":83,"j":87},{"i":56,"j":83},{"i":80,"j":84},{"i":64,"j":97},{"i":88,"j":106},{"i":61,"j":76},{"i":79,"j":90},{"i":84,"j":87},{"i":50,"j":95},{"i":90,"j":107},{"i":80,"j":102},{"i":78,"j":80},{"i":43,"j":117},{"i":89,"j":115},{"i":67,"j":89},{"i":88,"j":90},{"i":54,"j":85},{"i":72,"j":75},{"i":99,"j":106},{"i":50,"j":92},{"i":74,"j":125},{"i":85,"j":121},{"i":94,"j":112},{"i":92,"j":94},{"i":92,"j":109},{"i":91,"j":118},{"i":96,"j":97},{"i":64,"j":96},{"i":98,"j":118},{"i":95,"j":99},{"i":65,"j":101},{"i":76,"j":138},{"i":86,"j":130},{"i":90,"j":103},{"i":94,"j":121},{"i":104,"j":132},{"i":95,"j":137},{"i":89,"j":102},{"i":82,"j":107},{"i":102,"j":129},{"i":60,"j":110},{"i":97,"j":118},{"i":103,"j":132},{"i":107,"j":132},{"i":104,"j":107},{"i":98,"j":108},{"i":75,"j":98},{"i":93,"j":121},{"i":85,"j":93},{"i":113,"j":124},{"i":100,"j":113},{"i":77,"j":100},{"i":112,"j":122},{"i":93,"j":105},{"i":43,"j":220},{"i":109,"j":112},{"i":113,"j":114},{"i":118,"j":126},{"i":116,"j":118},{"i":115,"j":165},{"i":100,"j":127},{"i":96,"j":117},{"i":117,"j":118},{"i":122,"j":136},{"i":119,"j":122},{"i":119,"j":120},{"i":109,"j":119},{"i":103,"j":106},{"i":117,"j":155},{"i":120,"j":131},{"i":95,"j":120},{"i":125,"j":134},{"i":101,"j":125},{"i":123,"j":135},{"i":110,"j":123},{"i":86,"j":114},{"i":114,"j":133},{"i":111,"j":138},{"i":108,"j":111},{"i":124,"j":127},{"i":101,"j":134},{"i":131,"j":137},{"i":115,"j":129},{"i":124,"j":133},{"i":123,"j":128},{"i":132,"j":139},{"i":106,"j":154},{"i":125,"j":130},{"i":127,"j":150},{"i":130,"j":144},{"i":128,"j":153},{"i":120,"j":136},{"i":121,"j":140},{"i":140,"j":143},{"i":131,"j":163},{"i":137,"j":154},{"i":105,"j":135},{"i":138,"j":148},{"i":135,"j":157},{"i":139,"j":166},{"i":129,"j":139},{"i":100,"j":138},{"i":117,"j":141},{"i":116,"j":126},{"i":142,"j":150},{"i":138,"j":142},{"i":134,"j":144},{"i":128,"j":134},{"i":136,"j":143},{"i":111,"j":116},{"i":141,"j":146},{"i":141,"j":155},{"i":143,"j":152},{"i":130,"j":133},{"i":137,"j":169},{"i":145,"j":149},{"i":126,"j":145},{"i":150,"j":183},{"i":149,"j":181},{"i":148,"j":160},{"i":153,"j":159},{"i":133,"j":173},{"i":140,"j":151},{"i":152,"j":167},{"i":144,"j":158},{"i":147,"j":161},{"i":136,"j":147},{"i":154,"j":162},{"i":148,"j":149},{"i":153,"j":156},{"i":157,"j":184},{"i":135,"j":156},{"i":163,"j":170},{"i":152,"j":164},{"i":158,"j":159},{"i":155,"j":182},{"i":156,"j":184},{"i":145,"j":146},{"i":151,"j":167},{"i":164,"j":174},{"i":147,"j":164},{"i":162,"j":166},{"i":161,"j":163},{"i":182,"j":220},{"i":162,"j":176},{"i":157,"j":167},{"i":151,"j":157},{"i":129,"j":166},{"i":155,"j":168},{"i":146,"j":155},{"i":171,"j":194},{"i":158,"j":171},{"i":154,"j":169},{"i":169,"j":180},{"i":161,"j":174},{"i":160,"j":178},{"i":164,"j":167},{"i":172,"j":173},{"i":150,"j":172},{"i":175,"j":189},{"i":170,"j":180},{"i":154,"j":175},{"i":166,"j":179},{"i":165,"j":177},{"i":172,"j":200},{"i":160,"j":181},{"i":176,"j":179},{"i":191,"j":201},{"i":179,"j":190},{"i":170,"j":193},{"i":178,"j":183},{"i":142,"j":178},{"i":168,"j":181},{"i":178,"j":214},{"i":168,"j":195},{"i":178,"j":181},{"i":194,"j":217},{"i":185,"j":187},{"i":174,"j":187},{"i":180,"j":189},{"i":175,"j":180},{"i":184,"j":186},{"i":182,"j":206},{"i":188,"j":205},{"i":176,"j":188},{"i":172,"j":192},{"i":190,"j":213},{"i":177,"j":190},{"i":189,"j":202},{"i":188,"j":189},{"i":184,"j":204},{"i":191,"j":197},{"i":187,"j":191},{"i":183,"j":192},{"i":170,"j":185},{"i":117,"j":220},{"i":193,"j":202},{"i":196,"j":199},{"i":159,"j":199},{"i":186,"j":201},{"i":167,"j":186},{"i":197,"j":198},{"i":185,"j":197},{"i":202,"j":215},{"i":194,"j":199},{"i":196,"j":207},{"i":192,"j":232},{"i":184,"j":196},{"i":202,"j":221},{"i":205,"j":215},{"i":199,"j":209},{"i":195,"j":203},{"i":181,"j":195},{"i":199,"j":211},{"i":171,"j":173},{"i":176,"j":205},{"i":204,"j":224},{"i":200,"j":216},{"i":173,"j":200},{"i":198,"j":221},{"i":193,"j":198},{"i":212,"j":238},{"i":204,"j":207},{"i":208,"j":210},{"i":205,"j":208},{"i":190,"j":210},{"i":210,"j":238},{"i":178,"j":203},{"i":197,"j":201},{"i":190,"j":212},{"i":213,"j":230},{"i":217,"j":225},{"i":218,"j":255},{"i":209,"j":223},{"i":207,"j":209},{"i":194,"j":216},{"i":211,"j":222},{"i":219,"j":235},{"i":212,"j":237},{"i":216,"j":225},{"i":214,"j":260},{"i":198,"j":227},{"i":223,"j":240},{"i":198,"j":218},{"i":217,"j":222},{"i":211,"j":229},{"i":228,"j":233},{"i":223,"j":224},{"i":226,"j":231},{"i":226,"j":239},{"i":221,"j":242},{"i":218,"j":226},{"i":222,"j":244},{"i":203,"j":260},{"i":223,"j":229},{"i":224,"j":255},{"i":201,"j":224},{"i":219,"j":230},{"i":213,"j":219},{"i":230,"j":236},{"i":177,"j":230},{"i":241,"j":266},{"i":214,"j":228},{"i":195,"j":263},{"i":228,"j":241},{"i":208,"j":238},{"i":234,"j":235},{"i":219,"j":234},{"i":215,"j":238},{"i":234,"j":237},{"i":227,"j":250},{"i":239,"j":245},{"i":231,"j":239},{"i":239,"j":248},{"i":233,"j":253},{"i":232,"j":233},{"i":227,"j":231},{"i":250,"j":264},{"i":252,"j":276},{"i":241,"j":243},{"i":242,"j":259},{"i":232,"j":251},{"i":200,"j":232},{"i":227,"j":245},{"i":242,"j":246},{"i":237,"j":249},{"i":247,"j":262},{"i":235,"j":247},{"i":250,"j":256},{"i":238,"j":246},{"i":220,"j":281},{"i":247,"j":249},{"i":245,"j":264},{"i":240,"j":261},{"i":251,"j":252},{"i":261,"j":278},{"i":243,"j":253},{"i":225,"j":252},{"i":257,"j":267},{"i":229,"j":244},{"i":257,"j":265},{"i":244,"j":257},{"i":248,"j":264},{"i":256,"j":264},{"i":254,"j":257},{"i":225,"j":254},{"i":244,"j":274},{"i":255,"j":261},{"i":256,"j":259},{"i":254,"j":276},{"i":206,"j":263},{"i":240,"j":258},{"i":262,"j":271},{"i":236,"j":262},{"i":220,"j":263},{"i":206,"j":220},{"i":246,"j":272},{"i":255,"j":273},{"i":239,"j":255},{"i":260,"j":266},{"i":251,"j":253},{"i":260,"j":263},{"i":244,"j":285},{"i":267,"j":268},{"i":273,"j":297},{"i":258,"j":278},{"i":259,"j":292},{"i":271,"j":288},{"i":271,"j":277},{"i":236,"j":271},{"i":255,"j":269},{"i":280,"j":284},{"i":266,"j":280},{"i":270,"j":272},{"i":244,"j":265},{"i":268,"j":324},{"i":253,"j":284},{"i":258,"j":287},{"i":243,"j":266},{"i":270,"j":283},{"i":249,"j":270},{"i":236,"j":277},{"i":258,"j":274},{"i":264,"j":311},{"i":265,"j":268},{"i":285,"j":317},{"i":266,"j":275},{"i":275,"j":290},{"i":263,"j":290},{"i":269,"j":315},{"i":279,"j":285},{"i":282,"j":286},{"i":275,"j":282},{"i":279,"j":295},{"i":274,"j":279},{"i":278,"j":287},{"i":262,"j":283},{"i":289,"j":294},{"i":269,"j":278},{"i":280,"j":286},{"i":290,"j":293},{"i":291,"j":314},{"i":288,"j":318},{"i":259,"j":289},{"i":290,"j":291},{"i":272,"j":292},{"i":273,"j":296},{"i":248,"j":273},{"i":267,"j":276},{"i":296,"j":309},{"i":284,"j":312},{"i":276,"j":284},{"i":281,"j":298},{"i":298,"j":334},{"i":281,"j":299},{"i":296,"j":297},{"i":292,"j":294},{"i":292,"j":308},{"i":301,"j":305},{"i":272,"j":301},{"i":299,"j":304},{"i":220,"j":302},{"i":283,"j":305},{"i":305,"j":316},{"i":299,"j":302},{"i":286,"j":313},{"i":295,"j":310},{"i":310,"j":315},{"i":287,"j":310},{"i":300,"j":309},{"i":297,"j":300},{"i":308,"j":329},{"i":301,"j":308},{"i":300,"j":307},{"i":289,"j":311},{"i":311,"j":333},{"i":315,"j":328},{"i":282,"j":293},{"i":285,"j":306},{"i":291,"j":334},{"i":314,"j":327},{"i":293,"j":314},{"i":317,"j":338},{"i":309,"j":360},{"i":321,"j":343},{"i":288,"j":323},{"i":277,"j":318},{"i":317,"j":319},{"i":322,"j":326},{"i":303,"j":323},{"i":283,"j":303},{"i":320,"j":335},{"i":318,"j":320},{"i":303,"j":316},{"i":296,"j":337},{"i":220,"j":408},{"i":323,"j":340},{"i":320,"j":323},{"i":319,"j":328},{"i":295,"j":319},{"i":276,"j":353},{"i":306,"j":338},{"i":322,"j":325},{"i":313,"j":322},{"i":325,"j":331},{"i":313,"j":325},{"i":326,"j":331},{"i":298,"j":304},{"i":349,"j":374},{"i":294,"j":321},{"i":326,"j":327},{"i":302,"j":330},{"i":306,"j":324},{"i":304,"j":330},{"i":302,"j":332},{"i":316,"j":340},{"i":307,"j":339},{"i":349,"j":371},{"i":330,"j":374},{"i":335,"j":341},{"i":321,"j":333},{"i":307,"j":315},{"i":343,"j":362},{"i":336,"j":342},{"i":328,"j":336},{"i":344,"j":351},{"i":329,"j":348},{"i":341,"j":354},{"i":335,"j":376},{"i":339,"j":350},{"i":334,"j":374},{"i":342,"j":344},{"i":315,"j":342},{"i":344,"j":345},{"i":318,"j":341},{"i":340,"j":348},{"i":337,"j":359},{"i":346,"j":354},{"i":329,"j":347},{"i":336,"j":358},{"i":314,"j":334},{"i":345,"j":350},{"i":339,"j":345},{"i":338,"j":355},{"i":312,"j":361},{"i":338,"j":363},{"i":312,"j":331},{"i":236,"j":346},{"i":324,"j":352},{"i":355,"j":389},{"i":336,"j":355},{"i":352,"j":375},{"i":327,"j":349},{"i":356,"j":357},{"i":327,"j":356},{"i":356,"j":371},{"i":336,"j":412},{"i":360,"j":364},{"i":337,"j":360},{"i":350,"j":360},{"i":333,"j":359},{"i":368,"j":393},{"i":331,"j":372},{"i":348,"j":373},{"i":352,"j":383},{"i":363,"j":389},{"i":351,"j":367},{"i":345,"j":351},{"i":364,"j":365},{"i":358,"j":367},{"i":369,"j":401},{"i":365,"j":368},{"i":359,"j":365},{"i":364,"j":369},{"i":347,"j":362},{"i":366,"j":369},{"i":360,"j":366},{"i":347,"j":392},{"i":370,"j":387},{"i":340,"j":370},{"i":361,"j":377},{"i":331,"j":357},{"i":361,"j":372},{"i":376,"j":397},{"i":343,"j":368},{"i":372,"j":379},{"i":332,"j":374},{"i":352,"j":353},{"i":332,"j":408},{"i":340,"j":387},{"i":366,"j":367},{"i":371,"j":378},{"i":382,"j":400},{"i":379,"j":382},{"i":358,"j":391},{"i":362,"j":394},{"i":380,"j":384},{"i":362,"j":380},{"i":375,"j":389},{"i":363,"j":375},{"i":377,"j":385},{"i":353,"j":377},{"i":378,"j":382},{"i":357,"j":378},{"i":383,"j":389},{"i":364,"j":398},{"i":379,"j":404},{"i":377,"j":379},{"i":389,"j":430},{"i":354,"j":376},{"i":387,"j":395},{"i":376,"j":388},{"i":386,"j":438},{"i":346,"j":386},{"i":387,"j":388},{"i":383,"j":385},{"i":391,"j":399},{"i":381,"j":391},{"i":371,"j":374},{"i":396,"j":418},{"i":362,"j":384},{"i":370,"j":373},{"i":220,"j":534},{"i":384,"j":396},{"i":373,"j":392},{"i":397,"j":420},{"i":380,"j":393},{"i":392,"j":416},{"i":373,"j":407},{"i":381,"j":401},{"i":367,"j":381},{"i":394,"j":416},{"i":399,"j":412},{"i":399,"j":406},{"i":381,"j":399},{"i":409,"j":429},{"i":397,"j":402},{"i":400,"j":404},{"i":374,"j":390},{"i":400,"j":422},{"i":416,"j":440},{"i":394,"j":396},{"i":388,"j":395},{"i":401,"j":409},{"i":405,"j":433},{"i":378,"j":403},{"i":390,"j":411},{"i":418,"j":434},{"i":402,"j":410},{"i":386,"j":402},{"i":388,"j":415},{"i":408,"j":411},{"i":390,"j":408},{"i":404,"j":413},{"i":406,"j":429},{"i":386,"j":410},{"i":395,"j":405},{"i":397,"j":414},{"i":398,"j":417},{"i":393,"j":398},{"i":414,"j":415},{"i":398,"j":409},{"i":414,"j":448},{"i":417,"j":418},{"i":405,"j":407},{"i":411,"j":419},{"i":403,"j":411},{"i":420,"j":423},{"i":412,"j":430},{"i":403,"j":419},{"i":404,"j":432},{"i":418,"j":427},{"i":423,"j":438},{"i":410,"j":423},{"i":385,"j":413},{"i":413,"j":428},{"i":389,"j":425},{"i":419,"j":426},{"i":411,"j":439},{"i":421,"j":429},{"i":406,"j":421},{"i":436,"j":445},{"i":422,"j":432},{"i":421,"j":424},{"i":427,"j":436},{"i":425,"j":441},{"i":429,"j":442},{"i":407,"j":416},{"i":425,"j":428},{"i":415,"j":431},{"i":426,"j":447},{"i":422,"j":426},{"i":435,"j":439},{"i":427,"j":450},{"i":435,"j":437},{"i":426,"j":435},{"i":420,"j":448},{"i":434,"j":456},{"i":428,"j":444},{"i":416,"j":436},{"i":448,"j":467},{"i":432,"j":444},{"i":430,"j":449},{"i":424,"j":430},{"i":442,"j":458},{"i":417,"j":442},{"i":430,"j":452},{"i":432,"j":453},{"i":426,"j":437},{"i":440,"j":459},{"i":443,"j":454},{"i":441,"j":443},{"i":441,"j":454},{"i":433,"j":459},{"i":431,"j":433},{"i":446,"j":449},{"i":430,"j":446},{"i":450,"j":456},{"i":434,"j":458},{"i":445,"j":450},{"i":439,"j":451},{"i":447,"j":453},{"i":447,"j":457},{"i":444,"j":465},{"i":443,"j":444},{"i":449,"j":464},{"i":456,"j":502},{"i":424,"j":464},{"i":437,"j":488},{"i":453,"j":484},{"i":452,"j":463},{"i":446,"j":452},{"i":458,"j":461},{"i":477,"j":485},{"i":445,"j":468},{"i":440,"j":445},{"i":454,"j":462},{"i":460,"j":473},{"i":442,"j":460},{"i":408,"j":474},{"i":462,"j":463},{"i":452,"j":462},{"i":463,"j":477},{"i":465,"j":475},{"i":462,"j":465},{"i":437,"j":451},{"i":472,"j":496},{"i":431,"j":470},{"i":469,"j":486},{"i":461,"j":478},{"i":459,"j":482},{"i":467,"j":472},{"i":469,"j":470},{"i":459,"j":469},{"i":455,"j":471},{"i":438,"j":455},{"i":455,"j":467},{"i":468,"j":482},{"i":466,"j":488},{"i":451,"j":466},{"i":460,"j":481},{"i":480,"j":483},{"i":473,"j":494},{"i":473,"j":487},{"i":461,"j":473},{"i":473,"j":476},{"i":464,"j":480},{"i":478,"j":502},{"i":487,"j":504},{"i":478,"j":487},{"i":482,"j":486},{"i":476,"j":479},{"i":477,"j":503},{"i":457,"j":489},{"i":485,"j":491},{"i":480,"j":485},{"i":479,"j":501},{"i":486,"j":505},{"i":481,"j":501},{"i":479,"j":481},{"i":466,"j":474},{"i":489,"j":490},{"i":490,"j":498},{"i":484,"j":490},{"i":491,"j":500},{"i":492,"j":501},{"i":491,"j":493},{"i":480,"j":491},{"i":492,"j":494},{"i":476,"j":492},{"i":495,"j":496},{"i":472,"j":495},{"i":496,"j":519},{"i":483,"j":520},{"i":481,"j":483},{"i":475,"j":511},{"i":497,"j":517},{"i":489,"j":513},{"i":484,"j":498},{"i":488,"j":507},{"i":457,"j":488},{"i":497,"j":500},{"i":485,"j":497},{"i":501,"j":523},{"i":493,"j":520},{"i":500,"j":517},{"i":475,"j":484},{"i":494,"j":510},{"i":520,"j":538},{"i":502,"j":512},{"i":468,"j":502},{"i":499,"j":506},{"i":488,"j":499},{"i":506,"j":507},{"i":505,"j":508},{"i":470,"j":505},{"i":498,"j":529},{"i":506,"j":509},{"i":504,"j":510},{"i":502,"j":504},{"i":511,"j":533},{"i":510,"j":528},{"i":495,"j":508},{"i":497,"j":503},{"i":507,"j":516},{"i":499,"j":518},{"i":509,"j":518},{"i":507,"j":509},{"i":529,"j":547},{"i":511,"j":522},{"i":503,"j":511},{"i":516,"j":546},{"i":514,"j":516},{"i":499,"j":515},{"i":515,"j":521},{"i":495,"j":536},{"i":528,"j":550},{"i":526,"j":543},{"i":518,"j":521},{"i":517,"j":527},{"i":493,"j":517},{"i":513,"j":547},{"i":525,"j":530},{"i":508,"j":525},{"i":520,"j":523},{"i":519,"j":524},{"i":471,"j":519},{"i":524,"j":548},{"i":471,"j":524},{"i":512,"j":541},{"i":505,"j":512},{"i":522,"j":526},{"i":526,"j":527},{"i":531,"j":540},{"i":523,"j":550},{"i":527,"j":538},{"i":514,"j":546},{"i":513,"j":514},{"i":525,"j":541},{"i":530,"j":542},{"i":529,"j":531},{"i":511,"j":529},{"i":533,"j":543},{"i":522,"j":543},{"i":532,"j":556},{"i":526,"j":532},{"i":531,"j":533},{"i":515,"j":537},{"i":512,"j":528},{"i":534,"j":571},{"i":530,"j":562},{"i":474,"j":534},{"i":521,"j":561},{"i":512,"j":535},{"i":527,"j":558},{"i":531,"j":549},{"i":512,"j":545},{"i":524,"j":552},{"i":530,"j":555},{"i":545,"j":575},{"i":541,"j":545},{"i":534,"j":544},{"i":523,"j":554},{"i":552,"j":594},{"i":546,"j":561},{"i":547,"j":559},{"i":546,"j":559},{"i":519,"j":536},{"i":539,"j":553},{"i":529,"j":539},{"i":543,"j":551},{"i":533,"j":540},{"i":552,"j":590},{"i":538,"j":563},{"i":539,"j":559},{"i":532,"j":551},{"i":541,"j":564},{"i":555,"j":594},{"i":551,"j":557},{"i":556,"j":558},{"i":557,"j":587},{"i":558,"j":578},{"i":554,"j":563},{"i":540,"j":549},{"i":537,"j":560},{"i":561,"j":588},{"i":544,"j":560},{"i":537,"j":544},{"i":521,"j":565},{"i":535,"j":577},{"i":559,"j":568},{"i":550,"j":554},{"i":564,"j":572},{"i":560,"j":567},{"i":534,"j":566},{"i":568,"j":583},{"i":568,"j":588},{"i":565,"j":588},{"i":569,"j":570},{"i":550,"j":569},{"i":566,"j":571},{"i":560,"j":566},{"i":564,"j":575},{"i":582,"j":597},{"i":570,"j":577},{"i":535,"j":570},{"i":557,"j":576},{"i":573,"j":574},{"i":563,"j":573},{"i":553,"j":584},{"i":549,"j":553},{"i":574,"j":579},{"i":569,"j":574},{"i":556,"j":576},{"i":584,"j":595},{"i":579,"j":585},{"i":570,"j":579},{"i":575,"j":577},{"i":580,"j":596},{"i":575,"j":580},{"i":562,"j":572},{"i":577,"j":585},{"i":562,"j":597},{"i":555,"j":582},{"i":583,"j":584},{"i":578,"j":593},{"i":573,"j":578},{"i":585,"j":596},{"i":581,"j":585},{"i":571,"j":586},{"i":557,"j":595},{"i":592,"j":598},{"i":587,"j":598},{"i":567,"j":589},{"i":565,"j":567},{"i":542,"j":594},{"i":536,"j":542},{"i":581,"j":596},{"i":580,"j":581},{"i":589,"j":592},{"i":588,"j":589},{"i":586,"j":592},{"i":591,"j":597},{"i":576,"j":598},{"i":594,"j":599},{"i":590,"j":594},{"i":591,"j":594},{"i":582,"j":591},{"i":593,"j":598},{"i":588,"j":595},{"i":583,"j":588},{"i":579,"j":593},{"i":597,"j":599},{"i":596,"j":597},{"i":572,"j":596},{"i":595,"j":598},{"i":587,"j":595},{"i":590,"j":599},{"i":0,"j":2},{"i":2,"j":67},{"i":67,"j":165},{"i":165,"j":236},{"i":236,"j":438},{"i":438,"j":471},{"i":471,"j":548},{"i":548,"j":599},{"i":596,"j":598}],"type":"Solution"}