{"instance_name":"uniform-0000050-1","edges":[{"i":2,"j":6},{"i":0,"j":5},{"i":10,"j":16},{"i":0,"j":4},{"i":2,"j":10},{"i":0,"j":2},{"i":3,"j":4},{"i":0,"j":1},{"i":2,"j":7},{"i":4,"j":6},{"i":7,"j":14},{"i":7,"j":8},{"i":11,"j":15},{"i":8,"j":9},{"i":6,"j":8},{"i":10,"j":23},{"i":9,"j":11},{"i":5,"j":10},{"i":5,"j":20},{"i":3,"j":11},{"i":3,"j":12},{"i":16,"j":23},{"i":12,"j":21},{"i":9,"j":14},{"i":18,"j":27},{"i":12,"j":15},{"i":14,"j":18},{"i":16,"j":17},{"i":14,"j":17},{"i":20,"j":35},{"i":18,"j":19},{"i":19,"j":22},{"i":15,"j":19},{"i":1,"j":20},{"i":15,"j":22},{"i":22,"j":25},{"i":21,"j":25},{"i":23,"j":30},{"i":17,"j":23},{"i":24,"j":29},{"i":21,"j":24},{"i":20,"j":26},{"i":27,"j":30},{"i":27,"j":28},{"i":19,"j":27},{"i":24,"j":25},{"i":29,"j":34},{"i":13,"j":29},{"i":32,"j":42},{"i":30,"j":39},{"i":28,"j":42},{"i":26,"j":31},{"i":28,"j":32},{"i":25,"j":28},{"i":34,"j":46},{"i":13,"j":34},{"i":30,"j":38},{"i":31,"j":36},{"i":23,"j":31},{"i":29,"j":32},{"i":35,"j":45},{"i":33,"j":36},{"i":31,"j":33},{"i":26,"j":35},{"i":33,"j":37},{"i":39,"j":43},{"i":35,"j":37},{"i":36,"j":39},{"i":43,"j":45},{"i":37,"j":45},{"i":40,"j":44},{"i":38,"j":40},{"i":37,"j":41},{"i":28,"j":38},{"i":45,"j":48},{"i":41,"j":43},{"i":42,"j":46},{"i":41,"j":45},{"i":28,"j":44},{"i":40,"j":45},{"i":47,"j":49},{"i":44,"j":47},{"i":48,"j":49},{"i":47,"j":48},{"i":0,"j":3},{"i":3,"j":13},{"i":13,"j":46},{"i":46,"j":49}],"type":"Solution"}