{"instance_name":"uniform-0000200-2","edges":[{"i":0,"j":1},{"i":0,"j":4},{"i":0,"j":5},{"i":1,"j":2},{"i":1,"j":13},{"i":2,"j":7},{"i":8,"j":13},{"i":4,"j":5},{"i":8,"j":10},{"i":1,"j":8},{"i":6,"j":7},{"i":10,"j":15},{"i":5,"j":10},{"i":2,"j":14},{"i":1,"j":6},{"i":4,"j":29},{"i":10,"j":12},{"i":6,"j":20},{"i":12,"j":18},{"i":13,"j":30},{"i":13,"j":18},{"i":12,"j":13},{"i":4,"j":19},{"i":3,"j":4},{"i":9,"j":17},{"i":3,"j":16},{"i":19,"j":32},{"i":16,"j":19},{"i":16,"j":32},{"i":7,"j":24},{"i":15,"j":25},{"i":25,"j":45},{"i":11,"j":24},{"i":7,"j":11},{"i":23,"j":36},{"i":14,"j":21},{"i":11,"j":14},{"i":13,"j":20},{"i":21,"j":22},{"i":22,"j":23},{"i":11,"j":22},{"i":23,"j":27},{"i":11,"j":23},{"i":23,"j":37},{"i":15,"j":39},{"i":21,"j":31},{"i":24,"j":26},{"i":29,"j":34},{"i":20,"j":26},{"i":26,"j":46},{"i":14,"j":40},{"i":31,"j":40},{"i":29,"j":32},{"i":28,"j":30},{"i":20,"j":28},{"i":27,"j":46},{"i":26,"j":27},{"i":4,"j":25},{"i":34,"j":44},{"i":32,"j":34},{"i":17,"j":32},{"i":18,"j":35},{"i":14,"j":66},{"i":33,"j":38},{"i":25,"j":33},{"i":15,"j":35},{"i":30,"j":41},{"i":22,"j":31},{"i":43,"j":56},{"i":29,"j":38},{"i":28,"j":42},{"i":39,"j":45},{"i":28,"j":46},{"i":36,"j":46},{"i":35,"j":48},{"i":36,"j":37},{"i":38,"j":47},{"i":39,"j":43},{"i":48,"j":51},{"i":33,"j":54},{"i":41,"j":42},{"i":44,"j":47},{"i":41,"j":51},{"i":46,"j":49},{"i":42,"j":46},{"i":45,"j":53},{"i":56,"j":63},{"i":50,"j":55},{"i":47,"j":50},{"i":50,"j":54},{"i":17,"j":52},{"i":43,"j":48},{"i":52,"j":62},{"i":50,"j":64},{"i":53,"j":59},{"i":48,"j":63},{"i":56,"j":57},{"i":48,"j":65},{"i":32,"j":44},{"i":53,"j":57},{"i":61,"j":69},{"i":60,"j":61},{"i":55,"j":61},{"i":44,"j":55},{"i":62,"j":74},{"i":58,"j":62},{"i":60,"j":73},{"i":52,"j":60},{"i":61,"j":70},{"i":54,"j":59},{"i":59,"j":83},{"i":64,"j":79},{"i":51,"j":81},{"i":67,"j":94},{"i":37,"j":40},{"i":40,"j":66},{"i":66,"j":119},{"i":64,"j":70},{"i":55,"j":64},{"i":69,"j":72},{"i":57,"j":85},{"i":65,"j":68},{"i":49,"j":67},{"i":63,"j":76},{"i":72,"j":73},{"i":73,"j":84},{"i":62,"j":73},{"i":74,"j":158},{"i":72,"j":84},{"i":75,"j":76},{"i":65,"j":75},{"i":82,"j":100},{"i":70,"j":79},{"i":78,"j":82},{"i":69,"j":78},{"i":71,"j":81},{"i":49,"j":71},{"i":66,"j":80},{"i":81,"j":92},{"i":77,"j":81},{"i":78,"j":79},{"i":94,"j":112},{"i":76,"j":93},{"i":72,"j":89},{"i":84,"j":97},{"i":83,"j":86},{"i":85,"j":91},{"i":83,"j":85},{"i":83,"j":91},{"i":92,"j":98},{"i":68,"j":92},{"i":82,"j":90},{"i":87,"j":95},{"i":79,"j":104},{"i":71,"j":94},{"i":87,"j":89},{"i":72,"j":87},{"i":95,"j":106},{"i":89,"j":97},{"i":77,"j":92},{"i":68,"j":77},{"i":91,"j":93},{"i":96,"j":105},{"i":88,"j":99},{"i":81,"j":88},{"i":67,"j":80},{"i":90,"j":101},{"i":87,"j":90},{"i":79,"j":86},{"i":94,"j":96},{"i":88,"j":94},{"i":80,"j":112},{"i":95,"j":97},{"i":105,"j":114},{"i":97,"j":109},{"i":74,"j":97},{"i":92,"j":103},{"i":98,"j":102},{"i":75,"j":98},{"i":86,"j":93},{"i":100,"j":104},{"i":100,"j":101},{"i":101,"j":106},{"i":98,"j":115},{"i":102,"j":107},{"i":102,"j":115},{"i":99,"j":108},{"i":101,"j":124},{"i":103,"j":108},{"i":106,"j":129},{"i":103,"j":115},{"i":93,"j":107},{"i":109,"j":158},{"i":99,"j":105},{"i":110,"j":111},{"i":99,"j":110},{"i":111,"j":123},{"i":107,"j":116},{"i":116,"j":151},{"i":112,"j":114},{"i":96,"j":112},{"i":104,"j":113},{"i":108,"j":111},{"i":107,"j":115},{"i":114,"j":117},{"i":116,"j":118},{"i":113,"j":116},{"i":122,"j":133},{"i":112,"j":119},{"i":118,"j":120},{"i":113,"j":118},{"i":122,"j":126},{"i":121,"j":128},{"i":103,"j":121},{"i":117,"j":123},{"i":110,"j":117},{"i":124,"j":139},{"i":119,"j":122},{"i":101,"j":120},{"i":119,"j":142},{"i":121,"j":123},{"i":122,"j":125},{"i":125,"j":127},{"i":123,"j":125},{"i":126,"j":133},{"i":126,"j":127},{"i":121,"j":131},{"i":106,"j":124},{"i":128,"j":135},{"i":128,"j":131},{"i":127,"j":130},{"i":123,"j":127},{"i":129,"j":132},{"i":136,"j":139},{"i":130,"j":145},{"i":119,"j":134},{"i":136,"j":138},{"i":129,"j":136},{"i":132,"j":158},{"i":109,"j":132},{"i":132,"j":137},{"i":137,"j":159},{"i":120,"j":141},{"i":135,"j":143},{"i":115,"j":135},{"i":142,"j":189},{"i":145,"j":147},{"i":140,"j":145},{"i":134,"j":142},{"i":133,"j":134},{"i":141,"j":144},{"i":139,"j":141},{"i":131,"j":140},{"i":133,"j":148},{"i":130,"j":133},{"i":146,"j":155},{"i":140,"j":146},{"i":146,"j":147},{"i":148,"j":149},{"i":135,"j":166},{"i":142,"j":150},{"i":143,"j":154},{"i":116,"j":143},{"i":154,"j":160},{"i":151,"j":154},{"i":151,"j":152},{"i":141,"j":152},{"i":143,"j":153},{"i":147,"j":149},{"i":151,"j":157},{"i":160,"j":170},{"i":144,"j":168},{"i":138,"j":144},{"i":151,"j":169},{"i":137,"j":138},{"i":159,"j":186},{"i":158,"j":159},{"i":156,"j":162},{"i":152,"j":156},{"i":157,"j":162},{"i":156,"j":157},{"i":153,"j":163},{"i":153,"j":167},{"i":150,"j":161},{"i":148,"j":150},{"i":162,"j":178},{"i":151,"j":170},{"i":161,"j":165},{"i":149,"j":161},{"i":142,"j":164},{"i":161,"j":164},{"i":155,"j":165},{"i":155,"j":171},{"i":163,"j":175},{"i":166,"j":167},{"i":170,"j":172},{"i":162,"j":168},{"i":173,"j":181},{"i":168,"j":186},{"i":159,"j":168},{"i":160,"j":163},{"i":174,"j":181},{"i":173,"j":174},{"i":167,"j":173},{"i":177,"j":194},{"i":172,"j":188},{"i":169,"j":172},{"i":174,"j":176},{"i":169,"j":188},{"i":180,"j":184},{"i":166,"j":180},{"i":177,"j":190},{"i":168,"j":177},{"i":175,"j":187},{"i":172,"j":175},{"i":176,"j":185},{"i":175,"j":176},{"i":166,"j":171},{"i":179,"j":180},{"i":171,"j":179},{"i":187,"j":193},{"i":165,"j":183},{"i":184,"j":197},{"i":181,"j":184},{"i":185,"j":195},{"i":182,"j":198},{"i":179,"j":182},{"i":187,"j":191},{"i":175,"j":185},{"i":197,"j":199},{"i":182,"j":183},{"i":164,"j":189},{"i":177,"j":178},{"i":190,"j":194},{"i":178,"j":188},{"i":190,"j":192},{"i":178,"j":196},{"i":176,"j":181},{"i":191,"j":196},{"i":188,"j":191},{"i":194,"j":199},{"i":193,"j":196},{"i":191,"j":193},{"i":195,"j":197},{"i":193,"j":195},{"i":198,"j":199},{"i":197,"j":198},{"i":189,"j":198},{"i":183,"j":189},{"i":196,"j":199},{"i":0,"j":3},{"i":3,"j":9},{"i":9,"j":58},{"i":58,"j":158},{"i":158,"j":186},{"i":186,"j":192},{"i":192,"j":199}],"type":"Solution"}