{"instance_name":"uniform-0000050-2","edges":[{"i":0,"j":3},{"i":1,"j":3},{"i":0,"j":6},{"i":1,"j":2},{"i":0,"j":1},{"i":10,"j":18},{"i":3,"j":14},{"i":6,"j":8},{"i":5,"j":6},{"i":7,"j":9},{"i":6,"j":7},{"i":7,"j":10},{"i":8,"j":9},{"i":5,"j":13},{"i":0,"j":5},{"i":13,"j":20},{"i":11,"j":16},{"i":4,"j":11},{"i":10,"j":12},{"i":9,"j":10},{"i":8,"j":15},{"i":8,"j":19},{"i":13,"j":14},{"i":11,"j":14},{"i":14,"j":16},{"i":17,"j":19},{"i":15,"j":20},{"i":15,"j":17},{"i":8,"j":12},{"i":12,"j":18},{"i":21,"j":26},{"i":17,"j":21},{"i":25,"j":33},{"i":22,"j":28},{"i":19,"j":25},{"i":27,"j":31},{"i":20,"j":27},{"i":22,"j":23},{"i":16,"j":22},{"i":20,"j":28},{"i":23,"j":36},{"i":16,"j":23},{"i":21,"j":24},{"i":24,"j":27},{"i":21,"j":25},{"i":18,"j":49},{"i":28,"j":29},{"i":28,"j":31},{"i":29,"j":36},{"i":23,"j":29},{"i":24,"j":26},{"i":27,"j":30},{"i":31,"j":38},{"i":32,"j":33},{"i":18,"j":33},{"i":32,"j":34},{"i":26,"j":32},{"i":34,"j":41},{"i":37,"j":47},{"i":36,"j":37},{"i":35,"j":37},{"i":31,"j":35},{"i":40,"j":47},{"i":35,"j":40},{"i":26,"j":34},{"i":35,"j":38},{"i":30,"j":45},{"i":39,"j":41},{"i":42,"j":48},{"i":30,"j":39},{"i":43,"j":44},{"i":38,"j":43},{"i":45,"j":48},{"i":43,"j":45},{"i":42,"j":45},{"i":39,"j":42},{"i":44,"j":47},{"i":40,"j":44},{"i":46,"j":48},{"i":41,"j":46},{"i":46,"j":49},{"i":33,"j":49},{"i":0,"j":2},{"i":2,"j":4},{"i":4,"j":16},{"i":16,"j":36},{"i":36,"j":47},{"i":47,"j":48},{"i":48,"j":49}],"type":"Solution"}