{"instance_name":"uniform-0001000-2","edges":[{"i":0,"j":5},{"i":0,"j":2},{"i":0,"j":6},{"i":2,"j":8},{"i":1,"j":2},{"i":3,"j":7},{"i":0,"j":3},{"i":10,"j":50},{"i":6,"j":11},{"i":2,"j":6},{"i":12,"j":16},{"i":8,"j":12},{"i":8,"j":14},{"i":1,"j":8},{"i":4,"j":13},{"i":0,"j":4},{"i":5,"j":10},{"i":3,"j":5},{"i":12,"j":33},{"i":15,"j":45},{"i":7,"j":20},{"i":4,"j":7},{"i":2,"j":21},{"i":14,"j":30},{"i":6,"j":25},{"i":9,"j":44},{"i":9,"j":23},{"i":6,"j":9},{"i":15,"j":19},{"i":0,"j":15},{"i":9,"j":27},{"i":2,"j":24},{"i":18,"j":34},{"i":11,"j":18},{"i":21,"j":28},{"i":12,"j":21},{"i":19,"j":25},{"i":13,"j":39},{"i":2,"j":11},{"i":18,"j":43},{"i":19,"j":32},{"i":9,"j":46},{"i":3,"j":10},{"i":25,"j":63},{"i":33,"j":57},{"i":24,"j":53},{"i":13,"j":20},{"i":16,"j":35},{"i":14,"j":16},{"i":25,"j":26},{"i":22,"j":31},{"i":7,"j":22},{"i":13,"j":49},{"i":38,"j":59},{"i":36,"j":38},{"i":18,"j":23},{"i":28,"j":40},{"i":30,"j":37},{"i":39,"j":70},{"i":37,"j":38},{"i":26,"j":32},{"i":34,"j":55},{"i":29,"j":34},{"i":35,"j":58},{"i":30,"j":35},{"i":32,"j":45},{"i":29,"j":64},{"i":24,"j":29},{"i":23,"j":27},{"i":9,"j":17},{"i":44,"j":47},{"i":17,"j":67},{"i":44,"j":46},{"i":62,"j":106},{"i":47,"j":51},{"i":60,"j":87},{"i":20,"j":80},{"i":49,"j":73},{"i":41,"j":71},{"i":26,"j":41},{"i":48,"j":52},{"i":3,"j":48},{"i":5,"j":50},{"i":47,"j":69},{"i":27,"j":51},{"i":42,"j":61},{"i":42,"j":56},{"i":34,"j":42},{"i":58,"j":66},{"i":40,"j":76},{"i":33,"j":40},{"i":42,"j":43},{"i":55,"j":64},{"i":57,"j":66},{"i":57,"j":58},{"i":53,"j":75},{"i":28,"j":53},{"i":43,"j":68},{"i":37,"j":66},{"i":59,"j":83},{"i":64,"j":78},{"i":55,"j":56},{"i":45,"j":99},{"i":41,"j":45},{"i":52,"j":79},{"i":22,"j":52},{"i":64,"j":81},{"i":81,"j":95},{"i":60,"j":68},{"i":23,"j":60},{"i":59,"j":66},{"i":64,"j":77},{"i":53,"j":64},{"i":17,"j":63},{"i":51,"j":87},{"i":56,"j":95},{"i":46,"j":67},{"i":39,"j":62},{"i":61,"j":95},{"i":7,"j":31},{"i":70,"j":106},{"i":72,"j":73},{"i":50,"j":74},{"i":48,"j":50},{"i":50,"j":96},{"i":76,"j":82},{"i":57,"j":76},{"i":65,"j":115},{"i":77,"j":107},{"i":75,"j":77},{"i":74,"j":89},{"i":80,"j":86},{"i":52,"j":74},{"i":75,"j":100},{"i":40,"j":75},{"i":31,"j":86},{"i":63,"j":88},{"i":69,"j":85},{"i":78,"j":93},{"i":66,"j":91},{"i":83,"j":98},{"i":80,"j":90},{"i":49,"j":80},{"i":85,"j":147},{"i":63,"j":117},{"i":31,"j":79},{"i":69,"j":92},{"i":92,"j":147},{"i":78,"j":81},{"i":80,"j":84},{"i":84,"j":102},{"i":86,"j":109},{"i":84,"j":86},{"i":72,"j":106},{"i":62,"j":72},{"i":61,"j":65},{"i":93,"j":135},{"i":91,"j":97},{"i":83,"j":91},{"i":88,"j":94},{"i":67,"j":88},{"i":68,"j":115},{"i":65,"j":68},{"i":82,"j":123},{"i":45,"j":70},{"i":92,"j":101},{"i":86,"j":121},{"i":93,"j":103},{"i":97,"j":98},{"i":98,"j":105},{"i":63,"j":71},{"i":97,"j":126},{"i":94,"j":108},{"i":85,"j":94},{"i":110,"j":144},{"i":79,"j":121},{"i":102,"j":112},{"i":103,"j":125},{"i":103,"j":107},{"i":104,"j":130},{"i":82,"j":100},{"i":105,"j":118},{"i":99,"j":114},{"i":73,"j":90},{"i":87,"j":101},{"i":100,"j":119},{"i":104,"j":108},{"i":94,"j":104},{"i":111,"j":155},{"i":89,"j":116},{"i":96,"j":110},{"i":101,"j":147},{"i":107,"j":120},{"i":82,"j":113},{"i":68,"j":129},{"i":124,"j":181},{"i":111,"j":128},{"i":87,"j":111},{"i":114,"j":124},{"i":71,"j":114},{"i":110,"j":116},{"i":89,"j":110},{"i":105,"j":126},{"i":119,"j":122},{"i":113,"j":119},{"i":121,"j":138},{"i":109,"j":121},{"i":122,"j":154},{"i":126,"j":175},{"i":123,"j":126},{"i":90,"j":112},{"i":95,"j":137},{"i":119,"j":120},{"i":122,"j":136},{"i":113,"j":122},{"i":131,"j":141},{"i":102,"j":109},{"i":117,"j":134},{"i":128,"j":129},{"i":129,"j":145},{"i":115,"j":145},{"i":124,"j":131},{"i":131,"j":146},{"i":127,"j":133},{"i":112,"j":127},{"i":116,"j":132},{"i":127,"j":139},{"i":106,"j":133},{"i":117,"j":131},{"i":108,"j":151},{"i":115,"j":137},{"i":139,"j":162},{"i":125,"j":140},{"i":120,"j":125},{"i":121,"j":148},{"i":127,"j":138},{"i":143,"j":152},{"i":106,"j":143},{"i":125,"j":171},{"i":96,"j":206},{"i":142,"j":160},{"i":140,"j":142},{"i":134,"j":153},{"i":130,"j":134},{"i":139,"j":143},{"i":133,"j":139},{"i":96,"j":164},{"i":122,"j":142},{"i":128,"j":158},{"i":140,"j":159},{"i":155,"j":167},{"i":130,"j":153},{"i":132,"j":150},{"i":111,"j":147},{"i":135,"j":163},{"i":143,"j":156},{"i":150,"j":168},{"i":134,"j":141},{"i":147,"j":180},{"i":156,"j":185},{"i":138,"j":194},{"i":153,"j":161},{"i":155,"j":180},{"i":136,"j":183},{"i":123,"j":136},{"i":147,"j":149},{"i":152,"j":157},{"i":106,"j":152},{"i":156,"j":165},{"i":156,"j":157},{"i":149,"j":151},{"i":163,"j":171},{"i":137,"j":174},{"i":135,"j":137},{"i":154,"j":183},{"i":146,"j":169},{"i":141,"j":146},{"i":146,"j":181},{"i":148,"j":190},{"i":163,"j":172},{"i":145,"j":174},{"i":150,"j":166},{"i":148,"j":150},{"i":143,"j":185},{"i":164,"j":173},{"i":157,"j":178},{"i":99,"j":157},{"i":144,"j":168},{"i":132,"j":144},{"i":151,"j":161},{"i":183,"j":207},{"i":144,"j":173},{"i":176,"j":202},{"i":179,"j":216},{"i":154,"j":160},{"i":142,"j":159},{"i":158,"j":177},{"i":173,"j":218},{"i":153,"j":169},{"i":171,"j":192},{"i":160,"j":195},{"i":175,"j":223},{"i":165,"j":178},{"i":161,"j":176},{"i":167,"j":187},{"i":148,"j":166},{"i":178,"j":184},{"i":176,"j":186},{"i":173,"j":203},{"i":149,"j":179},{"i":191,"j":200},{"i":158,"j":191},{"i":167,"j":180},{"i":114,"j":184},{"i":190,"j":201},{"i":168,"j":203},{"i":172,"j":174},{"i":183,"j":189},{"i":162,"j":198},{"i":181,"j":188},{"i":187,"j":191},{"i":128,"j":187},{"i":184,"j":199},{"i":171,"j":172},{"i":185,"j":212},{"i":166,"j":182},{"i":196,"j":245},{"i":188,"j":202},{"i":169,"j":188},{"i":177,"j":193},{"i":192,"j":204},{"i":170,"j":192},{"i":177,"j":196},{"i":193,"j":197},{"i":174,"j":193},{"i":138,"j":190},{"i":194,"j":213},{"i":170,"j":204},{"i":159,"j":170},{"i":185,"j":198},{"i":196,"j":197},{"i":96,"j":271},{"i":162,"j":194},{"i":199,"j":251},{"i":179,"j":186},{"i":206,"j":271},{"i":199,"j":211},{"i":181,"j":199},{"i":200,"j":209},{"i":177,"j":200},{"i":197,"j":215},{"i":201,"j":205},{"i":194,"j":201},{"i":205,"j":222},{"i":164,"j":206},{"i":195,"j":214},{"i":207,"j":225},{"i":204,"j":219},{"i":195,"j":204},{"i":199,"j":229},{"i":186,"j":210},{"i":198,"j":253},{"i":180,"j":216},{"i":205,"j":213},{"i":180,"j":226},{"i":182,"j":244},{"i":208,"j":217},{"i":192,"j":208},{"i":219,"j":230},{"i":209,"j":221},{"i":196,"j":209},{"i":216,"j":234},{"i":219,"j":246},{"i":208,"j":215},{"i":213,"j":228},{"i":231,"j":236},{"i":202,"j":231},{"i":191,"j":224},{"i":222,"j":244},{"i":189,"j":227},{"i":175,"j":189},{"i":221,"j":245},{"i":214,"j":238},{"i":210,"j":233},{"i":227,"j":240},{"i":223,"j":227},{"i":214,"j":232},{"i":207,"j":214},{"i":230,"j":246},{"i":220,"j":230},{"i":211,"j":231},{"i":202,"j":211},{"i":229,"j":242},{"i":213,"j":222},{"i":224,"j":235},{"i":220,"j":238},{"i":195,"j":220},{"i":225,"j":248},{"i":210,"j":236},{"i":224,"j":226},{"i":233,"j":234},{"i":228,"j":241},{"i":231,"j":242},{"i":212,"j":239},{"i":212,"j":262},{"i":225,"j":258},{"i":240,"j":255},{"i":239,"j":243},{"i":228,"j":253},{"i":237,"j":251},{"i":199,"j":237},{"i":245,"j":250},{"i":243,"j":267},{"i":203,"j":252},{"i":182,"j":203},{"i":238,"j":259},{"i":217,"j":247},{"i":204,"j":217},{"i":248,"j":264},{"i":215,"j":250},{"i":236,"j":272},{"i":233,"j":236},{"i":232,"j":260},{"i":246,"j":259},{"i":235,"j":256},{"i":221,"j":235},{"i":243,"j":249},{"i":165,"j":243},{"i":234,"j":261},{"i":226,"j":234},{"i":246,"j":285},{"i":251,"j":268},{"i":241,"j":295},{"i":218,"j":252},{"i":253,"j":316},{"i":248,"j":254},{"i":255,"j":265},{"i":223,"j":255},{"i":257,"j":272},{"i":258,"j":260},{"i":247,"j":285},{"i":250,"j":279},{"i":260,"j":330},{"i":232,"j":259},{"i":258,"j":284},{"i":257,"j":261},{"i":234,"j":257},{"i":256,"j":275},{"i":262,"j":263},{"i":269,"j":281},{"i":264,"j":270},{"i":254,"j":270},{"i":240,"j":254},{"i":263,"j":266},{"i":239,"j":263},{"i":266,"j":267},{"i":237,"j":249},{"i":267,"j":269},{"i":249,"j":267},{"i":256,"j":282},{"i":270,"j":300},{"i":252,"j":293},{"i":218,"j":283},{"i":242,"j":278},{"i":280,"j":298},{"i":269,"j":273},{"i":237,"j":269},{"i":271,"j":274},{"i":261,"j":276},{"i":224,"j":276},{"i":279,"j":308},{"i":273,"j":277},{"i":268,"j":273},{"i":229,"j":287},{"i":278,"j":287},{"i":271,"j":319},{"i":268,"j":289},{"i":229,"j":268},{"i":218,"j":274},{"i":281,"j":301},{"i":277,"j":281},{"i":276,"j":288},{"i":259,"j":330},{"i":285,"j":315},{"i":284,"j":299},{"i":264,"j":284},{"i":280,"j":286},{"i":274,"j":280},{"i":275,"j":282},{"i":277,"j":289},{"i":272,"j":278},{"i":290,"j":307},{"i":278,"j":290},{"i":288,"j":311},{"i":282,"j":288},{"i":283,"j":293},{"i":289,"j":290},{"i":287,"j":289},{"i":291,"j":308},{"i":275,"j":306},{"i":245,"j":275},{"i":304,"j":309},{"i":289,"j":304},{"i":291,"j":292},{"i":247,"j":291},{"i":289,"j":309},{"i":283,"j":320},{"i":293,"j":294},{"i":244,"j":293},{"i":266,"j":317},{"i":272,"j":322},{"i":294,"j":297},{"i":241,"j":294},{"i":253,"j":295},{"i":286,"j":298},{"i":283,"j":286},{"i":270,"j":299},{"i":292,"j":305},{"i":285,"j":292},{"i":301,"j":318},{"i":303,"j":318},{"i":300,"j":302},{"i":302,"j":383},{"i":265,"j":302},{"i":301,"j":303},{"i":289,"j":303},{"i":96,"j":363},{"i":275,"j":332},{"i":299,"j":312},{"i":288,"j":296},{"i":306,"j":343},{"i":279,"j":306},{"i":305,"j":315},{"i":285,"j":305},{"i":297,"j":313},{"i":295,"j":297},{"i":310,"j":325},{"i":300,"j":310},{"i":307,"j":322},{"i":321,"j":334},{"i":305,"j":326},{"i":310,"j":312},{"i":316,"j":339},{"i":283,"j":298},{"i":305,"j":338},{"i":284,"j":330},{"i":309,"j":331},{"i":295,"j":313},{"i":262,"j":316},{"i":304,"j":318},{"i":281,"j":344},{"i":336,"j":348},{"i":283,"j":314},{"i":298,"j":319},{"i":322,"j":335},{"i":307,"j":340},{"i":296,"j":335},{"i":320,"j":324},{"i":293,"j":320},{"i":312,"j":323},{"i":331,"j":353},{"i":328,"j":356},{"i":323,"j":328},{"i":275,"j":311},{"i":326,"j":330},{"i":296,"j":329},{"i":302,"j":325},{"i":315,"j":330},{"i":326,"j":338},{"i":309,"j":321},{"i":311,"j":327},{"i":330,"j":356},{"i":328,"j":330},{"i":327,"j":329},{"i":318,"j":344},{"i":327,"j":337},{"i":307,"j":331},{"i":321,"j":333},{"i":335,"j":350},{"i":324,"j":336},{"i":313,"j":324},{"i":335,"j":340},{"i":308,"j":347},{"i":339,"j":342},{"i":353,"j":375},{"i":339,"j":341},{"i":354,"j":368},{"i":317,"j":364},{"i":313,"j":346},{"i":332,"j":373},{"i":341,"j":357},{"i":317,"j":341},{"i":336,"j":345},{"i":342,"j":346},{"i":308,"j":377},{"i":345,"j":349},{"i":345,"j":354},{"i":346,"j":349},{"i":334,"j":353},{"i":331,"j":334},{"i":350,"j":351},{"i":329,"j":350},{"i":332,"j":337},{"i":347,"j":366},{"i":338,"j":347},{"i":343,"j":381},{"i":355,"j":382},{"i":342,"j":355},{"i":317,"j":357},{"i":349,"j":360},{"i":330,"j":365},{"i":323,"j":356},{"i":308,"j":343},{"i":342,"j":382},{"i":349,"j":354},{"i":314,"j":319},{"i":358,"j":359},{"i":314,"j":358},{"i":359,"j":372},{"i":360,"j":382},{"i":355,"j":360},{"i":320,"j":359},{"i":362,"j":376},{"i":348,"j":362},{"i":361,"j":370},{"i":320,"j":361},{"i":319,"j":363},{"i":357,"j":391},{"i":337,"j":386},{"i":353,"j":369},{"i":366,"j":367},{"i":369,"j":401},{"i":348,"j":376},{"i":353,"j":374},{"i":369,"j":371},{"i":340,"j":369},{"i":352,"j":405},{"i":358,"j":363},{"i":337,"j":351},{"i":384,"j":407},{"i":333,"j":393},{"i":368,"j":376},{"i":360,"j":368},{"i":374,"j":401},{"i":370,"j":384},{"i":362,"j":370},{"i":343,"j":352},{"i":371,"j":385},{"i":351,"j":371},{"i":356,"j":395},{"i":378,"j":379},{"i":325,"j":378},{"i":372,"j":449},{"i":383,"j":542},{"i":377,"j":380},{"i":380,"j":390},{"i":366,"j":380},{"i":386,"j":409},{"i":379,"j":383},{"i":325,"j":379},{"i":344,"j":393},{"i":333,"j":344},{"i":361,"j":372},{"i":374,"j":375},{"i":351,"j":385},{"i":367,"j":399},{"i":365,"j":367},{"i":365,"j":397},{"i":344,"j":364},{"i":398,"j":409},{"i":388,"j":389},{"i":375,"j":388},{"i":399,"j":422},{"i":390,"j":399},{"i":389,"j":421},{"i":382,"j":402},{"i":391,"j":392},{"i":364,"j":391},{"i":388,"j":428},{"i":344,"j":392},{"i":393,"j":426},{"i":388,"j":393},{"i":384,"j":394},{"i":365,"j":396},{"i":406,"j":425},{"i":395,"j":416},{"i":378,"j":395},{"i":373,"j":386},{"i":396,"j":404},{"i":387,"j":401},{"i":374,"j":387},{"i":397,"j":400},{"i":387,"j":389},{"i":381,"j":408},{"i":400,"j":410},{"i":398,"j":403},{"i":373,"j":398},{"i":403,"j":414},{"i":376,"j":419},{"i":405,"j":417},{"i":396,"j":400},{"i":385,"j":411},{"i":352,"j":373},{"i":414,"j":423},{"i":381,"j":405},{"i":376,"j":394},{"i":390,"j":422},{"i":381,"j":406},{"i":401,"j":441},{"i":404,"j":412},{"i":395,"j":404},{"i":397,"j":399},{"i":402,"j":418},{"i":409,"j":436},{"i":403,"j":409},{"i":394,"j":407},{"i":411,"j":453},{"i":409,"j":411},{"i":403,"j":436},{"i":412,"j":433},{"i":408,"j":422},{"i":377,"j":408},{"i":412,"j":416},{"i":410,"j":434},{"i":414,"j":417},{"i":363,"j":485},{"i":402,"j":424},{"i":392,"j":435},{"i":413,"j":419},{"i":376,"j":413},{"i":416,"j":420},{"i":426,"j":431},{"i":417,"j":425},{"i":406,"j":417},{"i":383,"j":420},{"i":418,"j":424},{"i":409,"j":469},{"i":425,"j":437},{"i":419,"j":424},{"i":410,"j":415},{"i":423,"j":425},{"i":391,"j":418},{"i":427,"j":434},{"i":427,"j":433},{"i":412,"j":427},{"i":426,"j":428},{"i":425,"j":429},{"i":408,"j":425},{"i":422,"j":429},{"i":426,"j":435},{"i":413,"j":430},{"i":428,"j":439},{"i":435,"j":462},{"i":415,"j":440},{"i":433,"j":454},{"i":434,"j":440},{"i":443,"j":446},{"i":424,"j":443},{"i":431,"j":439},{"i":441,"j":453},{"i":423,"j":464},{"i":437,"j":448},{"i":429,"j":437},{"i":435,"j":442},{"i":431,"j":435},{"i":430,"j":438},{"i":421,"j":460},{"i":451,"j":480},{"i":432,"j":452},{"i":392,"j":432},{"i":439,"j":470},{"i":424,"j":445},{"i":363,"j":444},{"i":438,"j":447},{"i":443,"j":450},{"i":449,"j":498},{"i":438,"j":483},{"i":436,"j":458},{"i":422,"j":461},{"i":415,"j":422},{"i":443,"j":445},{"i":372,"j":444},{"i":446,"j":451},{"i":432,"j":446},{"i":447,"j":455},{"i":445,"j":447},{"i":450,"j":451},{"i":451,"j":452},{"i":421,"j":439},{"i":458,"j":464},{"i":423,"j":458},{"i":433,"j":440},{"i":444,"j":485},{"i":442,"j":467},{"i":452,"j":462},{"i":420,"j":454},{"i":422,"j":471},{"i":470,"j":511},{"i":457,"j":461},{"i":437,"j":494},{"i":448,"j":478},{"i":421,"j":456},{"i":422,"j":448},{"i":449,"j":463},{"i":407,"j":449},{"i":474,"j":477},{"i":448,"j":459},{"i":457,"j":481},{"i":440,"j":457},{"i":420,"j":466},{"i":465,"j":473},{"i":453,"j":465},{"i":442,"j":476},{"i":409,"j":473},{"i":475,"j":508},{"i":439,"j":467},{"i":459,"j":507},{"i":461,"j":489},{"i":456,"j":495},{"i":441,"j":460},{"i":480,"j":503},{"i":472,"j":480},{"i":463,"j":477},{"i":430,"j":463},{"i":467,"j":511},{"i":472,"j":475},{"i":462,"j":472},{"i":475,"j":476},{"i":455,"j":488},{"i":450,"j":455},{"i":463,"j":490},{"i":469,"j":492},{"i":458,"j":469},{"i":471,"j":478},{"i":456,"j":470},{"i":438,"j":474},{"i":461,"j":471},{"i":473,"j":487},{"i":460,"j":479},{"i":486,"j":498},{"i":468,"j":486},{"i":449,"j":468},{"i":483,"j":510},{"i":468,"j":485},{"i":473,"j":515},{"i":480,"j":521},{"i":484,"j":515},{"i":465,"j":484},{"i":469,"j":482},{"i":488,"j":521},{"i":463,"j":516},{"i":476,"j":509},{"i":474,"j":496},{"i":482,"j":499},{"i":477,"j":490},{"i":485,"j":493},{"i":464,"j":523},{"i":464,"j":492},{"i":490,"j":530},{"i":483,"j":518},{"i":495,"j":497},{"i":479,"j":495},{"i":494,"j":523},{"i":482,"j":535},{"i":499,"j":501},{"i":492,"j":499},{"i":489,"j":500},{"i":481,"j":500},{"i":504,"j":506},{"i":485,"j":556},{"i":503,"j":578},{"i":491,"j":541},{"i":498,"j":502},{"i":481,"j":512},{"i":509,"j":520},{"i":483,"j":491},{"i":493,"j":506},{"i":486,"j":493},{"i":494,"j":514},{"i":500,"j":531},{"i":503,"j":508},{"i":488,"j":510},{"i":502,"j":529},{"i":512,"j":531},{"i":454,"j":512},{"i":512,"j":519},{"i":514,"j":557},{"i":492,"j":501},{"i":479,"j":497},{"i":509,"j":550},{"i":504,"j":526},{"i":502,"j":504},{"i":501,"j":528},{"i":511,"j":517},{"i":495,"j":511},{"i":508,"j":540},{"i":491,"j":496},{"i":513,"j":551},{"i":520,"j":549},{"i":524,"j":547},{"i":510,"j":558},{"i":514,"j":522},{"i":459,"j":514},{"i":522,"j":527},{"i":507,"j":522},{"i":523,"j":557},{"i":517,"j":524},{"i":497,"j":517},{"i":505,"j":525},{"i":466,"j":505},{"i":513,"j":525},{"i":505,"j":513},{"i":478,"j":507},{"i":487,"j":537},{"i":482,"j":487},{"i":524,"j":536},{"i":484,"j":524},{"i":526,"j":529},{"i":528,"j":559},{"i":523,"j":528},{"i":516,"j":564},{"i":489,"j":532},{"i":530,"j":561},{"i":526,"j":533},{"i":525,"j":534},{"i":532,"j":583},{"i":520,"j":538},{"i":519,"j":565},{"i":513,"j":519},{"i":536,"j":539},{"i":515,"j":544},{"i":518,"j":558},{"i":538,"j":545},{"i":496,"j":530},{"i":518,"j":541},{"i":534,"j":542},{"i":466,"j":534},{"i":539,"j":566},{"i":539,"j":544},{"i":511,"j":567},{"i":542,"j":651},{"i":507,"j":527},{"i":511,"j":543},{"i":537,"j":581},{"i":552,"j":569},{"i":546,"j":552},{"i":535,"j":554},{"i":536,"j":547},{"i":540,"j":550},{"i":555,"j":574},{"i":553,"j":555},{"i":540,"j":578},{"i":534,"j":546},{"i":551,"j":552},{"i":546,"j":551},{"i":532,"j":548},{"i":537,"j":555},{"i":553,"j":554},{"i":535,"j":553},{"i":522,"j":585},{"i":554,"j":586},{"i":543,"j":582},{"i":506,"j":556},{"i":528,"j":554},{"i":566,"j":584},{"i":541,"j":560},{"i":545,"j":568},{"i":543,"j":545},{"i":536,"j":572},{"i":573,"j":603},{"i":516,"j":529},{"i":560,"j":592},{"i":529,"j":577},{"i":550,"j":578},{"i":544,"j":581},{"i":562,"j":563},{"i":527,"j":562},{"i":563,"j":573},{"i":548,"j":563},{"i":529,"j":533},{"i":530,"j":564},{"i":531,"j":591},{"i":565,"j":570},{"i":549,"j":571},{"i":538,"j":549},{"i":549,"j":550},{"i":567,"j":572},{"i":547,"j":567},{"i":521,"j":558},{"i":570,"j":620},{"i":569,"j":570},{"i":567,"j":598},{"i":561,"j":576},{"i":560,"j":561},{"i":568,"j":582},{"i":586,"j":596},{"i":559,"j":586},{"i":569,"j":575},{"i":575,"j":651},{"i":542,"j":575},{"i":568,"j":587},{"i":533,"j":556},{"i":558,"j":604},{"i":571,"j":578},{"i":573,"j":579},{"i":548,"j":573},{"i":556,"j":580},{"i":580,"j":695},{"i":580,"j":593},{"i":574,"j":597},{"i":568,"j":571},{"i":579,"j":583},{"i":531,"j":583},{"i":557,"j":599},{"i":557,"j":559},{"i":590,"j":605},{"i":574,"j":581},{"i":622,"j":649},{"i":580,"j":588},{"i":577,"j":580},{"i":579,"j":600},{"i":562,"j":603},{"i":590,"j":591},{"i":583,"j":590},{"i":591,"j":617},{"i":586,"j":597},{"i":576,"j":608},{"i":602,"j":618},{"i":577,"j":588},{"i":558,"j":592},{"i":598,"j":611},{"i":584,"j":597},{"i":581,"j":584},{"i":587,"j":610},{"i":585,"j":603},{"i":582,"j":598},{"i":587,"j":613},{"i":599,"j":619},{"i":595,"j":599},{"i":595,"j":619},{"i":600,"j":615},{"i":558,"j":594},{"i":593,"j":601},{"i":588,"j":593},{"i":602,"j":606},{"i":594,"j":618},{"i":585,"j":595},{"i":596,"j":619},{"i":558,"j":602},{"i":592,"j":609},{"i":591,"j":654},{"i":589,"j":612},{"i":564,"j":589},{"i":606,"j":645},{"i":604,"j":606},{"i":607,"j":608},{"i":576,"j":607},{"i":608,"j":609},{"i":604,"j":616},{"i":578,"j":604},{"i":596,"j":626},{"i":598,"j":625},{"i":627,"j":641},{"i":589,"j":622},{"i":613,"j":623},{"i":596,"j":643},{"i":615,"j":641},{"i":600,"j":644},{"i":617,"j":632},{"i":594,"j":621},{"i":613,"j":638},{"i":605,"j":635},{"i":605,"j":615},{"i":609,"j":621},{"i":565,"j":617},{"i":620,"j":650},{"i":601,"j":640},{"i":589,"j":601},{"i":616,"j":631},{"i":610,"j":616},{"i":623,"j":629},{"i":603,"j":644},{"i":572,"j":611},{"i":628,"j":637},{"i":566,"j":628},{"i":624,"j":643},{"i":596,"j":624},{"i":627,"j":635},{"i":605,"j":627},{"i":626,"j":646},{"i":624,"j":626},{"i":611,"j":639},{"i":630,"j":685},{"i":597,"j":637},{"i":634,"j":646},{"i":626,"j":634},{"i":628,"j":658},{"i":621,"j":652},{"i":638,"j":647},{"i":625,"j":663},{"i":607,"j":612},{"i":629,"j":656},{"i":626,"j":630},{"i":591,"j":635},{"i":614,"j":644},{"i":603,"j":614},{"i":631,"j":647},{"i":622,"j":636},{"i":610,"j":647},{"i":634,"j":685},{"i":618,"j":653},{"i":638,"j":656},{"i":623,"j":638},{"i":625,"j":629},{"i":628,"j":683},{"i":593,"j":640},{"i":636,"j":642},{"i":612,"j":636},{"i":657,"j":676},{"i":635,"j":716},{"i":614,"j":619},{"i":621,"j":633},{"i":645,"j":659},{"i":644,"j":661},{"i":637,"j":658},{"i":630,"j":637},{"i":643,"j":668},{"i":631,"j":665},{"i":632,"j":648},{"i":620,"j":632},{"i":666,"j":686},{"i":622,"j":657},{"i":648,"j":650},{"i":650,"j":651},{"i":642,"j":670},{"i":633,"j":642},{"i":659,"j":669},{"i":652,"j":653},{"i":654,"j":671},{"i":647,"j":674},{"i":655,"j":667},{"i":641,"j":655},{"i":628,"j":639},{"i":645,"j":653},{"i":632,"j":671},{"i":660,"j":694},{"i":648,"j":660},{"i":646,"j":666},{"i":663,"j":706},{"i":662,"j":663},{"i":629,"j":662},{"i":663,"j":683},{"i":639,"j":663},{"i":651,"j":664},{"i":631,"j":659},{"i":652,"j":675},{"i":655,"j":661},{"i":646,"j":686},{"i":661,"j":677},{"i":654,"j":679},{"i":666,"j":668},{"i":668,"j":682},{"i":619,"j":668},{"i":665,"j":672},{"i":649,"j":676},{"i":636,"j":649},{"i":669,"j":672},{"i":665,"j":669},{"i":672,"j":674},{"i":681,"j":715},{"i":633,"j":670},{"i":673,"j":676},{"i":657,"j":673},{"i":644,"j":682},{"i":671,"j":678},{"i":654,"j":716},{"i":667,"j":716},{"i":674,"j":681},{"i":656,"j":674},{"i":678,"j":679},{"i":556,"j":735},{"i":663,"j":705},{"i":670,"j":709},{"i":640,"j":684},{"i":685,"j":688},{"i":677,"j":692},{"i":646,"j":700},{"i":658,"j":688},{"i":682,"j":702},{"i":677,"j":682},{"i":683,"j":690},{"i":678,"j":689},{"i":660,"j":678},{"i":688,"j":721},{"i":653,"j":675},{"i":693,"j":723},{"i":673,"j":680},{"i":689,"j":726},{"i":686,"j":729},{"i":690,"j":693},{"i":689,"j":694},{"i":664,"j":694},{"i":692,"j":696},{"i":667,"j":692},{"i":693,"j":703},{"i":688,"j":693},{"i":691,"j":697},{"i":675,"j":691},{"i":701,"j":711},{"i":680,"j":684},{"i":695,"j":699},{"i":684,"j":695},{"i":702,"j":718},{"i":696,"j":702},{"i":687,"j":707},{"i":685,"j":687},{"i":676,"j":709},{"i":696,"j":716},{"i":668,"j":717},{"i":662,"j":681},{"i":688,"j":703},{"i":701,"j":704},{"i":691,"j":701},{"i":695,"j":735},{"i":697,"j":712},{"i":669,"j":697},{"i":705,"j":723},{"i":690,"j":705},{"i":701,"j":709},{"i":699,"j":708},{"i":680,"j":699},{"i":691,"j":704},{"i":698,"j":710},{"i":673,"j":698},{"i":698,"j":724},{"i":701,"j":728},{"i":711,"j":720},{"i":704,"j":711},{"i":697,"j":739},{"i":712,"j":714},{"i":714,"j":730},{"i":672,"j":714},{"i":717,"j":741},{"i":713,"j":717},{"i":713,"j":741},{"i":702,"j":713},{"i":726,"j":751},{"i":698,"j":708},{"i":695,"j":719},{"i":710,"j":734},{"i":709,"j":710},{"i":720,"j":728},{"i":705,"j":761},{"i":687,"j":731},{"i":700,"j":737},{"i":717,"j":750},{"i":706,"j":715},{"i":731,"j":749},{"i":720,"j":725},{"i":485,"j":747},{"i":716,"j":718},{"i":687,"j":721},{"i":712,"j":753},{"i":700,"j":707},{"i":722,"j":742},{"i":717,"j":722},{"i":725,"j":739},{"i":697,"j":725},{"i":703,"j":758},{"i":727,"j":738},{"i":707,"j":727},{"i":726,"j":732},{"i":694,"j":726},{"i":664,"j":732},{"i":733,"j":771},{"i":731,"j":743},{"i":727,"j":731},{"i":710,"j":724},{"i":740,"j":775},{"i":719,"j":736},{"i":709,"j":781},{"i":719,"j":735},{"i":706,"j":761},{"i":738,"j":748},{"i":737,"j":738},{"i":721,"j":744},{"i":708,"j":736},{"i":722,"j":729},{"i":756,"j":804},{"i":737,"j":745},{"i":729,"j":737},{"i":737,"j":748},{"i":733,"j":755},{"i":723,"j":733},{"i":738,"j":743},{"i":742,"j":767},{"i":731,"j":744},{"i":740,"j":746},{"i":724,"j":740},{"i":753,"j":772},{"i":743,"j":749},{"i":745,"j":765},{"i":742,"j":745},{"i":750,"j":777},{"i":750,"j":757},{"i":751,"j":774},{"i":679,"j":716},{"i":751,"j":752},{"i":739,"j":769},{"i":741,"j":757},{"i":744,"j":758},{"i":747,"j":756},{"i":735,"j":747},{"i":754,"j":759},{"i":718,"j":754},{"i":748,"j":779},{"i":755,"j":758},{"i":759,"j":768},{"i":716,"j":759},{"i":752,"j":760},{"i":755,"j":766},{"i":730,"j":762},{"i":715,"j":730},{"i":753,"j":763},{"i":746,"j":764},{"i":734,"j":746},{"i":769,"j":782},{"i":770,"j":779},{"i":749,"j":770},{"i":761,"j":771},{"i":733,"j":761},{"i":765,"j":767},{"i":771,"j":800},{"i":757,"j":777},{"i":754,"j":757},{"i":744,"j":780},{"i":762,"j":773},{"i":761,"j":762},{"i":758,"j":766},{"i":769,"j":772},{"i":752,"j":783},{"i":774,"j":787},{"i":732,"j":774},{"i":709,"j":734},{"i":736,"j":756},{"i":767,"j":784},{"i":777,"j":785},{"i":739,"j":788},{"i":776,"j":779},{"i":770,"j":776},{"i":780,"j":831},{"i":761,"j":819},{"i":764,"j":799},{"i":728,"j":778},{"i":730,"j":763},{"i":768,"j":795},{"i":760,"j":768},{"i":768,"j":814},{"i":792,"j":830},{"i":774,"j":783},{"i":728,"j":792},{"i":763,"j":793},{"i":761,"j":773},{"i":790,"j":794},{"i":730,"j":790},{"i":772,"j":796},{"i":728,"j":786},{"i":747,"j":822},{"i":782,"j":806},{"i":791,"j":825},{"i":790,"j":791},{"i":791,"j":793},{"i":803,"j":810},{"i":785,"j":803},{"i":794,"j":801},{"i":789,"j":794},{"i":782,"j":788},{"i":792,"j":798},{"i":788,"j":792},{"i":778,"j":781},{"i":786,"j":813},{"i":796,"j":817},{"i":797,"j":805},{"i":781,"j":797},{"i":764,"j":775},{"i":773,"j":789},{"i":765,"j":826},{"i":782,"j":798},{"i":787,"j":873},{"i":651,"j":787},{"i":795,"j":802},{"i":760,"j":795},{"i":818,"j":851},{"i":777,"j":784},{"i":797,"j":799},{"i":798,"j":836},{"i":780,"j":818},{"i":776,"j":780},{"i":802,"j":812},{"i":795,"j":808},{"i":802,"j":807},{"i":768,"j":785},{"i":778,"j":815},{"i":778,"j":805},{"i":807,"j":824},{"i":814,"j":841},{"i":783,"j":812},{"i":823,"j":837},{"i":811,"j":873},{"i":787,"j":811},{"i":807,"j":867},{"i":809,"j":813},{"i":786,"j":809},{"i":820,"j":853},{"i":810,"j":833},{"i":785,"j":810},{"i":806,"j":827},{"i":805,"j":834},{"i":814,"j":832},{"i":796,"j":806},{"i":793,"j":817},{"i":813,"j":820},{"i":789,"j":801},{"i":779,"j":828},{"i":801,"j":860},{"i":819,"j":838},{"i":809,"j":852},{"i":819,"j":821},{"i":828,"j":844},{"i":792,"j":820},{"i":799,"j":840},{"i":817,"j":827},{"i":812,"j":824},{"i":811,"j":812},{"i":807,"j":808},{"i":818,"j":829},{"i":823,"j":825},{"i":793,"j":823},{"i":818,"j":828},{"i":800,"j":831},{"i":766,"j":800},{"i":821,"j":831},{"i":800,"j":821},{"i":843,"j":870},{"i":837,"j":843},{"i":826,"j":846},{"i":816,"j":826},{"i":819,"j":860},{"i":809,"j":815},{"i":828,"j":914},{"i":784,"j":816},{"i":822,"j":912},{"i":806,"j":836},{"i":804,"j":840},{"i":775,"j":804},{"i":830,"j":836},{"i":827,"j":835},{"i":842,"j":864},{"i":823,"j":827},{"i":831,"j":851},{"i":825,"j":849},{"i":822,"j":839},{"i":804,"j":822},{"i":834,"j":840},{"i":808,"j":832},{"i":814,"j":833},{"i":838,"j":859},{"i":835,"j":864},{"i":842,"j":843},{"i":823,"j":842},{"i":836,"j":858},{"i":835,"j":836},{"i":841,"j":863},{"i":829,"j":897},{"i":828,"j":829},{"i":844,"j":845},{"i":826,"j":844},{"i":846,"j":855},{"i":837,"j":849},{"i":846,"j":848},{"i":816,"j":846},{"i":831,"j":847},{"i":848,"j":850},{"i":803,"j":848},{"i":870,"j":881},{"i":849,"j":870},{"i":838,"j":860},{"i":834,"j":868},{"i":815,"j":834},{"i":852,"j":853},{"i":853,"j":861},{"i":830,"j":853},{"i":839,"j":854},{"i":850,"j":862},{"i":833,"j":850},{"i":845,"j":869},{"i":854,"j":856},{"i":840,"j":854},{"i":839,"j":857},{"i":854,"j":911},{"i":849,"j":860},{"i":860,"j":920},{"i":876,"j":892},{"i":850,"j":872},{"i":865,"j":874},{"i":833,"j":866},{"i":867,"j":906},{"i":858,"j":882},{"i":870,"j":901},{"i":862,"j":865},{"i":833,"j":865},{"i":841,"j":866},{"i":832,"j":863},{"i":864,"j":884},{"i":856,"j":875},{"i":834,"j":856},{"i":866,"j":874},{"i":845,"j":892},{"i":869,"j":876},{"i":855,"j":869},{"i":865,"j":888},{"i":863,"j":893},{"i":824,"j":877},{"i":871,"j":883},{"i":847,"j":936},{"i":861,"j":885},{"i":858,"j":861},{"i":854,"j":878},{"i":874,"j":883},{"i":871,"j":874},{"i":871,"j":879},{"i":863,"j":871},{"i":868,"j":875},{"i":862,"j":872},{"i":747,"j":974},{"i":850,"j":855},{"i":861,"j":889},{"i":879,"j":893},{"i":862,"j":888},{"i":886,"j":941},{"i":882,"j":884},{"i":851,"j":897},{"i":876,"j":891},{"i":879,"j":900},{"i":880,"j":890},{"i":872,"j":880},{"i":882,"j":885},{"i":868,"j":903},{"i":852,"j":868},{"i":880,"j":886},{"i":883,"j":909},{"i":847,"j":859},{"i":891,"j":895},{"i":884,"j":898},{"i":900,"j":908},{"i":877,"j":899},{"i":894,"j":922},{"i":867,"j":893},{"i":887,"j":910},{"i":885,"j":887},{"i":860,"j":923},{"i":909,"j":934},{"i":908,"j":909},{"i":914,"j":932},{"i":896,"j":898},{"i":884,"j":896},{"i":877,"j":906},{"i":888,"j":916},{"i":891,"j":892},{"i":898,"j":901},{"i":899,"j":922},{"i":893,"j":900},{"i":873,"j":894},{"i":894,"j":904},{"i":919,"j":935},{"i":910,"j":918},{"i":878,"j":905},{"i":875,"j":878},{"i":902,"j":906},{"i":893,"j":902},{"i":887,"j":889},{"i":906,"j":915},{"i":890,"j":916},{"i":902,"j":949},{"i":903,"j":921},{"i":905,"j":913},{"i":854,"j":857},{"i":903,"j":907},{"i":857,"j":912},{"i":905,"j":919},{"i":881,"j":923},{"i":860,"j":881},{"i":908,"j":934},{"i":915,"j":940},{"i":899,"j":915},{"i":886,"j":895},{"i":896,"j":910},{"i":911,"j":919},{"i":911,"j":951},{"i":901,"j":955},{"i":917,"j":933},{"i":898,"j":917},{"i":913,"j":924},{"i":907,"j":913},{"i":899,"j":927},{"i":922,"j":967},{"i":917,"j":918},{"i":910,"j":938},{"i":913,"j":935},{"i":920,"j":926},{"i":925,"j":931},{"i":892,"j":925},{"i":920,"j":982},{"i":916,"j":934},{"i":927,"j":966},{"i":897,"j":932},{"i":939,"j":986},{"i":926,"j":930},{"i":889,"j":921},{"i":930,"j":956},{"i":930,"j":946},{"i":859,"j":930},{"i":925,"j":937},{"i":895,"j":931},{"i":897,"j":936},{"i":937,"j":957},{"i":926,"j":982},{"i":918,"j":929},{"i":924,"j":952},{"i":907,"j":924},{"i":928,"j":939},{"i":914,"j":928},{"i":931,"j":957},{"i":921,"j":942},{"i":929,"j":973},{"i":954,"j":986},{"i":940,"j":949},{"i":939,"j":954},{"i":925,"j":939},{"i":902,"j":959},{"i":941,"j":961},{"i":942,"j":950},{"i":938,"j":942},{"i":940,"j":944},{"i":943,"j":991},{"i":940,"j":943},{"i":927,"j":945},{"i":944,"j":945},{"i":956,"j":979},{"i":901,"j":964},{"i":936,"j":946},{"i":929,"j":938},{"i":947,"j":964},{"i":933,"j":947},{"i":941,"j":948},{"i":890,"j":941},{"i":945,"j":977},{"i":934,"j":959},{"i":901,"j":933},{"i":924,"j":962},{"i":911,"j":912},{"i":924,"j":935},{"i":952,"j":953},{"i":923,"j":982},{"i":932,"j":985},{"i":937,"j":954},{"i":965,"j":979},{"i":960,"j":965},{"i":946,"j":956},{"i":955,"j":958},{"i":959,"j":963},{"i":946,"j":965},{"i":941,"j":976},{"i":963,"j":972},{"i":949,"j":963},{"i":935,"j":983},{"i":944,"j":977},{"i":950,"j":973},{"i":929,"j":950},{"i":923,"j":958},{"i":979,"j":996},{"i":927,"j":969},{"i":986,"j":997},{"i":966,"j":967},{"i":962,"j":968},{"i":952,"j":962},{"i":970,"j":983},{"i":935,"j":970},{"i":934,"j":980},{"i":962,"j":999},{"i":942,"j":953},{"i":971,"j":987},{"i":968,"j":971},{"i":969,"j":977},{"i":966,"j":969},{"i":934,"j":948},{"i":953,"j":968},{"i":955,"j":995},{"i":919,"j":951},{"i":912,"j":974},{"i":976,"j":994},{"i":961,"j":976},{"i":960,"j":985},{"i":936,"j":960},{"i":943,"j":993},{"i":957,"j":990},{"i":977,"j":991},{"i":967,"j":977},{"i":948,"j":994},{"i":975,"j":990},{"i":957,"j":975},{"i":972,"j":993},{"i":961,"j":994},{"i":964,"j":995},{"i":979,"j":982},{"i":981,"j":983},{"i":970,"j":981},{"i":987,"j":999},{"i":974,"j":984},{"i":951,"j":974},{"i":985,"j":997},{"i":928,"j":985},{"i":971,"j":999},{"i":983,"j":999},{"i":973,"j":989},{"i":947,"j":973},{"i":988,"j":995},{"i":989,"j":998},{"i":978,"j":993},{"i":972,"j":978},{"i":986,"j":990},{"i":975,"j":986},{"i":978,"j":980},{"i":988,"j":992},{"i":958,"j":988},{"i":980,"j":994},{"i":990,"j":994},{"i":976,"j":990},{"i":995,"j":996},{"i":992,"j":995},{"i":989,"j":995},{"i":992,"j":996},{"i":982,"j":992},{"i":996,"j":997},{"i":985,"j":996},{"i":987,"j":998},{"i":973,"j":987},{"i":984,"j":999},{"i":981,"j":984},{"i":0,"j":1},{"i":1,"j":36},{"i":36,"j":54},{"i":54,"j":118},{"i":118,"j":223},{"i":223,"j":265},{"i":265,"j":651},{"i":651,"j":873},{"i":873,"j":904},{"i":904,"j":967},{"i":967,"j":991},{"i":991,"j":993},{"i":993,"j":994},{"i":994,"j":997},{"i":995,"j":998},{"i":998,"j":999}],"type":"Solution"}