{"instance_name":"uniform-0000040-2","edges":[{"i":1,"j":16},{"i":2,"j":3},{"i":0,"j":2},{"i":1,"j":12},{"i":1,"j":4},{"i":0,"j":1},{"i":6,"j":16},{"i":5,"j":11},{"i":2,"j":5},{"i":0,"j":4},{"i":4,"j":10},{"i":1,"j":6},{"i":7,"j":11},{"i":5,"j":7},{"i":11,"j":22},{"i":9,"j":11},{"i":7,"j":9},{"i":9,"j":10},{"i":8,"j":12},{"i":6,"j":8},{"i":12,"j":14},{"i":8,"j":16},{"i":13,"j":14},{"i":12,"j":13},{"i":15,"j":17},{"i":3,"j":15},{"i":11,"j":15},{"i":13,"j":18},{"i":14,"j":18},{"i":10,"j":14},{"i":21,"j":31},{"i":18,"j":22},{"i":16,"j":20},{"i":20,"j":25},{"i":18,"j":20},{"i":19,"j":21},{"i":16,"j":19},{"i":18,"j":26},{"i":27,"j":30},{"i":22,"j":32},{"i":21,"j":24},{"i":24,"j":25},{"i":30,"j":33},{"i":29,"j":30},{"i":26,"j":32},{"i":25,"j":27},{"i":26,"j":27},{"i":24,"j":28},{"i":31,"j":34},{"i":28,"j":31},{"i":29,"j":35},{"i":26,"j":29},{"i":28,"j":30},{"i":19,"j":31},{"i":35,"j":38},{"i":32,"j":36},{"i":31,"j":39},{"i":35,"j":36},{"i":34,"j":37},{"i":33,"j":34},{"i":37,"j":38},{"i":33,"j":37},{"i":37,"j":39},{"i":0,"j":3},{"i":3,"j":17},{"i":17,"j":23},{"i":23,"j":36},{"i":36,"j":38},{"i":38,"j":39}],"type":"Solution"}