{"instance_name":"uniform-0000060-2","edges":[{"i":1,"j":8},{"i":0,"j":22},{"i":0,"j":1},{"i":1,"j":5},{"i":1,"j":4},{"i":2,"j":10},{"i":0,"j":11},{"i":2,"j":4},{"i":4,"j":5},{"i":0,"j":7},{"i":1,"j":9},{"i":8,"j":16},{"i":7,"j":9},{"i":1,"j":7},{"i":8,"j":10},{"i":5,"j":8},{"i":10,"j":18},{"i":9,"j":14},{"i":16,"j":21},{"i":9,"j":11},{"i":15,"j":19},{"i":11,"j":15},{"i":11,"j":13},{"i":12,"j":20},{"i":8,"j":12},{"i":13,"j":26},{"i":0,"j":17},{"i":16,"j":18},{"i":18,"j":27},{"i":14,"j":23},{"i":12,"j":14},{"i":6,"j":27},{"i":20,"j":21},{"i":21,"j":27},{"i":15,"j":26},{"i":19,"j":24},{"i":19,"j":25},{"i":23,"j":24},{"i":20,"j":23},{"i":24,"j":29},{"i":13,"j":17},{"i":17,"j":22},{"i":21,"j":29},{"i":25,"j":26},{"i":22,"j":28},{"i":25,"j":30},{"i":29,"j":32},{"i":30,"j":31},{"i":32,"j":39},{"i":31,"j":32},{"i":32,"j":34},{"i":39,"j":43},{"i":34,"j":39},{"i":36,"j":47},{"i":26,"j":28},{"i":22,"j":36},{"i":35,"j":37},{"i":28,"j":35},{"i":27,"j":33},{"i":33,"j":34},{"i":38,"j":44},{"i":25,"j":37},{"i":36,"j":40},{"i":35,"j":36},{"i":40,"j":41},{"i":43,"j":50},{"i":33,"j":38},{"i":45,"j":54},{"i":31,"j":45},{"i":38,"j":43},{"i":42,"j":44},{"i":30,"j":46},{"i":45,"j":50},{"i":41,"j":49},{"i":37,"j":41},{"i":46,"j":49},{"i":40,"j":47},{"i":45,"j":46},{"i":48,"j":49},{"i":41,"j":47},{"i":51,"j":55},{"i":44,"j":51},{"i":50,"j":52},{"i":48,"j":54},{"i":45,"j":48},{"i":52,"j":53},{"i":51,"j":52},{"i":49,"j":58},{"i":53,"j":55},{"i":55,"j":57},{"i":44,"j":55},{"i":54,"j":59},{"i":53,"j":59},{"i":56,"j":59},{"i":54,"j":56},{"i":47,"j":58},{"i":58,"j":59},{"i":56,"j":58},{"i":2,"j":3},{"i":3,"j":6},{"i":6,"j":42},{"i":42,"j":57},{"i":57,"j":59},{"i":0,"j":2}],"type":"Solution"}