{"instance_name":"uniform-0000300-1","edges":[{"i":0,"j":3},{"i":1,"j":2},{"i":0,"j":1},{"i":2,"j":8},{"i":7,"j":12},{"i":0,"j":7},{"i":3,"j":9},{"i":1,"j":13},{"i":0,"j":11},{"i":8,"j":16},{"i":11,"j":15},{"i":6,"j":11},{"i":0,"j":6},{"i":11,"j":22},{"i":6,"j":20},{"i":9,"j":17},{"i":1,"j":9},{"i":3,"j":5},{"i":5,"j":12},{"i":7,"j":26},{"i":13,"j":25},{"i":2,"j":13},{"i":18,"j":39},{"i":8,"j":18},{"i":13,"j":33},{"i":19,"j":27},{"i":23,"j":37},{"i":14,"j":15},{"i":20,"j":38},{"i":10,"j":23},{"i":6,"j":10},{"i":19,"j":24},{"i":5,"j":19},{"i":14,"j":26},{"i":7,"j":14},{"i":21,"j":23},{"i":10,"j":21},{"i":21,"j":55},{"i":26,"j":44},{"i":12,"j":29},{"i":28,"j":31},{"i":17,"j":28},{"i":28,"j":34},{"i":24,"j":32},{"i":22,"j":30},{"i":15,"j":22},{"i":24,"j":27},{"i":22,"j":42},{"i":36,"j":43},{"i":25,"j":36},{"i":33,"j":61},{"i":29,"j":44},{"i":27,"j":29},{"i":13,"j":17},{"i":37,"j":49},{"i":33,"j":36},{"i":32,"j":34},{"i":26,"j":30},{"i":21,"j":35},{"i":31,"j":41},{"i":31,"j":50},{"i":35,"j":37},{"i":37,"j":38},{"i":20,"j":37},{"i":25,"j":40},{"i":18,"j":25},{"i":30,"j":52},{"i":39,"j":47},{"i":42,"j":52},{"i":40,"j":46},{"i":39,"j":40},{"i":32,"j":48},{"i":43,"j":51},{"i":38,"j":42},{"i":43,"j":53},{"i":41,"j":67},{"i":33,"j":41},{"i":40,"j":43},{"i":27,"j":54},{"i":46,"j":51},{"i":46,"j":47},{"i":48,"j":56},{"i":47,"j":79},{"i":16,"j":47},{"i":44,"j":57},{"i":34,"j":48},{"i":45,"j":80},{"i":49,"j":52},{"i":54,"j":64},{"i":49,"j":63},{"i":51,"j":73},{"i":44,"j":45},{"i":49,"j":58},{"i":35,"j":55},{"i":48,"j":64},{"i":52,"j":58},{"i":57,"j":60},{"i":54,"j":57},{"i":52,"j":74},{"i":45,"j":52},{"i":64,"j":70},{"i":50,"j":56},{"i":61,"j":71},{"i":53,"j":61},{"i":54,"j":60},{"i":55,"j":69},{"i":62,"j":70},{"i":59,"j":68},{"i":58,"j":59},{"i":60,"j":62},{"i":69,"j":110},{"i":56,"j":64},{"i":50,"j":65},{"i":67,"j":81},{"i":41,"j":66},{"i":68,"j":91},{"i":66,"j":83},{"i":59,"j":63},{"i":68,"j":74},{"i":62,"j":77},{"i":72,"j":73},{"i":67,"j":71},{"i":53,"j":75},{"i":75,"j":84},{"i":73,"j":75},{"i":72,"j":79},{"i":47,"j":72},{"i":71,"j":75},{"i":66,"j":78},{"i":70,"j":82},{"i":65,"j":70},{"i":78,"j":81},{"i":62,"j":86},{"i":65,"j":82},{"i":72,"j":76},{"i":79,"j":92},{"i":74,"j":80},{"i":77,"j":82},{"i":82,"j":83},{"i":84,"j":90},{"i":76,"j":84},{"i":83,"j":85},{"i":89,"j":93},{"i":85,"j":87},{"i":78,"j":85},{"i":80,"j":86},{"i":83,"j":89},{"i":81,"j":90},{"i":81,"j":87},{"i":90,"j":94},{"i":88,"j":90},{"i":89,"j":113},{"i":76,"j":104},{"i":99,"j":103},{"i":76,"j":88},{"i":86,"j":95},{"i":93,"j":99},{"i":87,"j":93},{"i":69,"j":96},{"i":63,"j":69},{"i":91,"j":100},{"i":80,"j":91},{"i":95,"j":105},{"i":98,"j":116},{"i":92,"j":98},{"i":95,"j":101},{"i":77,"j":95},{"i":101,"j":106},{"i":89,"j":101},{"i":100,"j":102},{"i":99,"j":117},{"i":94,"j":118},{"i":98,"j":104},{"i":97,"j":112},{"i":86,"j":97},{"i":101,"j":108},{"i":107,"j":121},{"i":106,"j":113},{"i":105,"j":108},{"i":108,"j":111},{"i":107,"j":109},{"i":91,"j":107},{"i":96,"j":115},{"i":110,"j":138},{"i":117,"j":127},{"i":97,"j":102},{"i":111,"j":113},{"i":106,"j":111},{"i":105,"j":123},{"i":111,"j":122},{"i":109,"j":114},{"i":100,"j":109},{"i":110,"j":115},{"i":96,"j":110},{"i":103,"j":117},{"i":94,"j":103},{"i":94,"j":117},{"i":118,"j":128},{"i":118,"j":119},{"i":88,"j":118},{"i":120,"j":129},{"i":117,"j":120},{"i":112,"j":125},{"i":112,"j":123},{"i":105,"j":112},{"i":113,"j":134},{"i":102,"j":114},{"i":119,"j":124},{"i":104,"j":119},{"i":124,"j":142},{"i":116,"j":124},{"i":123,"j":137},{"i":121,"j":130},{"i":114,"j":121},{"i":115,"j":126},{"i":107,"j":115},{"i":127,"j":134},{"i":134,"j":151},{"i":118,"j":133},{"i":120,"j":127},{"i":114,"j":157},{"i":135,"j":157},{"i":126,"j":131},{"i":107,"j":126},{"i":129,"j":141},{"i":125,"j":137},{"i":132,"j":137},{"i":130,"j":162},{"i":122,"j":147},{"i":132,"j":144},{"i":122,"j":132},{"i":135,"j":146},{"i":130,"j":131},{"i":125,"j":135},{"i":141,"j":145},{"i":131,"j":143},{"i":55,"j":138},{"i":139,"j":164},{"i":139,"j":140},{"i":130,"j":139},{"i":129,"j":134},{"i":128,"j":153},{"i":124,"j":128},{"i":142,"j":184},{"i":116,"j":142},{"i":136,"j":150},{"i":126,"j":136},{"i":143,"j":164},{"i":139,"j":143},{"i":130,"j":157},{"i":137,"j":148},{"i":141,"j":160},{"i":122,"j":144},{"i":146,"j":157},{"i":144,"j":154},{"i":152,"j":167},{"i":146,"j":148},{"i":133,"j":153},{"i":155,"j":171},{"i":136,"j":138},{"i":150,"j":174},{"i":153,"j":184},{"i":149,"j":153},{"i":147,"j":156},{"i":149,"j":184},{"i":142,"j":149},{"i":145,"j":161},{"i":133,"j":145},{"i":144,"j":152},{"i":154,"j":158},{"i":147,"j":154},{"i":156,"j":158},{"i":156,"j":168},{"i":130,"j":140},{"i":154,"j":159},{"i":160,"j":172},{"i":151,"j":156},{"i":152,"j":179},{"i":151,"j":163},{"i":163,"j":172},{"i":160,"j":163},{"i":161,"j":177},{"i":148,"j":179},{"i":140,"j":166},{"i":159,"j":167},{"i":158,"j":159},{"i":164,"j":173},{"i":143,"j":155},{"i":150,"j":165},{"i":162,"j":175},{"i":157,"j":176},{"i":168,"j":187},{"i":168,"j":169},{"i":163,"j":168},{"i":138,"j":186},{"i":167,"j":183},{"i":166,"j":170},{"i":162,"j":166},{"i":171,"j":173},{"i":155,"j":165},{"i":169,"j":172},{"i":170,"j":175},{"i":165,"j":174},{"i":176,"j":180},{"i":175,"j":176},{"i":157,"j":175},{"i":173,"j":202},{"i":170,"j":173},{"i":177,"j":188},{"i":172,"j":181},{"i":161,"j":172},{"i":178,"j":185},{"i":177,"j":178},{"i":167,"j":193},{"i":183,"j":192},{"i":169,"j":199},{"i":182,"j":203},{"i":178,"j":181},{"i":181,"j":182},{"i":178,"j":182},{"i":177,"j":184},{"i":184,"j":196},{"i":188,"j":203},{"i":174,"j":189},{"i":171,"j":174},{"i":177,"j":185},{"i":183,"j":187},{"i":185,"j":203},{"i":188,"j":195},{"i":173,"j":189},{"i":169,"j":205},{"i":190,"j":191},{"i":189,"j":190},{"i":180,"j":193},{"i":179,"j":180},{"i":181,"j":204},{"i":175,"j":208},{"i":174,"j":186},{"i":188,"j":197},{"i":205,"j":211},{"i":195,"j":196},{"i":187,"j":201},{"i":194,"j":198},{"i":190,"j":194},{"i":192,"j":193},{"i":197,"j":212},{"i":195,"j":197},{"i":192,"j":201},{"i":194,"j":200},{"i":186,"j":200},{"i":191,"j":206},{"i":201,"j":205},{"i":175,"j":202},{"i":199,"j":204},{"i":199,"j":211},{"i":203,"j":223},{"i":198,"j":209},{"i":191,"j":198},{"i":208,"j":228},{"i":208,"j":217},{"i":207,"j":208},{"i":202,"j":207},{"i":222,"j":233},{"i":209,"j":224},{"i":206,"j":209},{"i":193,"j":213},{"i":211,"j":226},{"i":204,"j":223},{"i":201,"j":219},{"i":206,"j":216},{"i":212,"j":214},{"i":196,"j":214},{"i":192,"j":220},{"i":217,"j":222},{"i":213,"j":217},{"i":210,"j":232},{"i":206,"j":224},{"i":186,"j":244},{"i":200,"j":218},{"i":186,"j":221},{"i":192,"j":210},{"i":186,"j":264},{"i":211,"j":215},{"i":213,"j":225},{"i":210,"j":213},{"i":228,"j":245},{"i":215,"j":219},{"i":215,"j":235},{"i":213,"j":222},{"i":218,"j":229},{"i":207,"j":216},{"i":220,"j":235},{"i":219,"j":220},{"i":212,"j":223},{"i":227,"j":250},{"i":214,"j":227},{"i":225,"j":232},{"i":216,"j":245},{"i":224,"j":245},{"i":218,"j":221},{"i":223,"j":239},{"i":230,"j":246},{"i":227,"j":230},{"i":217,"j":228},{"i":231,"j":236},{"i":217,"j":231},{"i":225,"j":238},{"i":229,"j":255},{"i":232,"j":237},{"i":220,"j":237},{"i":236,"j":248},{"i":233,"j":236},{"i":235,"j":240},{"i":235,"j":268},{"i":225,"j":233},{"i":226,"j":241},{"i":249,"j":272},{"i":246,"j":258},{"i":237,"j":267},{"i":226,"j":240},{"i":234,"j":242},{"i":229,"j":234},{"i":241,"j":261},{"i":238,"j":243},{"i":221,"j":244},{"i":242,"j":247},{"i":241,"j":256},{"i":239,"j":241},{"i":242,"j":254},{"i":249,"j":259},{"i":248,"j":249},{"i":233,"j":248},{"i":246,"j":250},{"i":225,"j":249},{"i":262,"j":269},{"i":248,"j":262},{"i":251,"j":252},{"i":238,"j":251},{"i":247,"j":253},{"i":229,"j":247},{"i":253,"j":255},{"i":234,"j":244},{"i":255,"j":263},{"i":245,"j":255},{"i":258,"j":275},{"i":240,"j":257},{"i":196,"j":250},{"i":239,"j":265},{"i":230,"j":239},{"i":257,"j":261},{"i":245,"j":262},{"i":231,"j":245},{"i":243,"j":271},{"i":237,"j":243},{"i":257,"j":260},{"i":252,"j":281},{"i":263,"j":278},{"i":253,"j":280},{"i":244,"j":264},{"i":256,"j":266},{"i":258,"j":265},{"i":243,"j":252},{"i":264,"j":298},{"i":267,"j":268},{"i":262,"j":263},{"i":260,"j":287},{"i":251,"j":259},{"i":269,"j":272},{"i":274,"j":277},{"i":256,"j":274},{"i":270,"j":273},{"i":261,"j":270},{"i":265,"j":266},{"i":273,"j":274},{"i":256,"j":273},{"i":266,"j":297},{"i":282,"j":297},{"i":272,"j":276},{"i":271,"j":279},{"i":267,"j":271},{"i":270,"j":287},{"i":259,"j":276},{"i":254,"j":280},{"i":286,"j":292},{"i":271,"j":286},{"i":278,"j":285},{"i":269,"j":278},{"i":264,"j":280},{"i":254,"j":264},{"i":277,"j":284},{"i":250,"j":275},{"i":294,"j":299},{"i":293,"j":294},{"i":275,"j":297},{"i":268,"j":296},{"i":260,"j":268},{"i":282,"j":289},{"i":250,"j":282},{"i":281,"j":299},{"i":278,"j":290},{"i":283,"j":288},{"i":277,"j":283},{"i":281,"j":286},{"i":279,"j":296},{"i":287,"j":296},{"i":283,"j":291},{"i":288,"j":297},{"i":284,"j":288},{"i":284,"j":297},{"i":276,"j":293},{"i":287,"j":291},{"i":288,"j":291},{"i":269,"j":294},{"i":292,"j":299},{"i":293,"j":299},{"i":285,"j":299},{"i":285,"j":290},{"i":280,"j":295},{"i":292,"j":296},{"i":279,"j":292},{"i":296,"j":297},{"i":291,"j":296},{"i":295,"j":298},{"i":290,"j":295},{"i":298,"j":299},{"i":290,"j":298},{"i":0,"j":2},{"i":2,"j":4},{"i":4,"j":16},{"i":16,"j":92},{"i":92,"j":116},{"i":116,"j":196},{"i":196,"j":289},{"i":289,"j":297},{"i":296,"j":299}],"type":"Solution"}