{"instance_name":"uniform-0001000-1","edges":[{"i":0,"j":4},{"i":0,"j":3},{"i":3,"j":12},{"i":0,"j":11},{"i":3,"j":8},{"i":2,"j":3},{"i":9,"j":43},{"i":3,"j":14},{"i":1,"j":7},{"i":0,"j":1},{"i":10,"j":13},{"i":8,"j":19},{"i":2,"j":8},{"i":7,"j":10},{"i":0,"j":7},{"i":9,"j":16},{"i":1,"j":9},{"i":0,"j":15},{"i":16,"j":71},{"i":4,"j":6},{"i":13,"j":31},{"i":6,"j":24},{"i":4,"j":32},{"i":3,"j":4},{"i":8,"j":12},{"i":13,"j":17},{"i":0,"j":13},{"i":11,"j":15},{"i":14,"j":25},{"i":0,"j":30},{"i":16,"j":20},{"i":7,"j":16},{"i":22,"j":33},{"i":21,"j":22},{"i":11,"j":27},{"i":6,"j":11},{"i":18,"j":49},{"i":4,"j":18},{"i":20,"j":39},{"i":7,"j":20},{"i":25,"j":34},{"i":12,"j":25},{"i":21,"j":33},{"i":15,"j":21},{"i":11,"j":38},{"i":0,"j":17},{"i":30,"j":54},{"i":28,"j":30},{"i":28,"j":35},{"i":22,"j":28},{"i":29,"j":45},{"i":17,"j":29},{"i":27,"j":44},{"i":23,"j":27},{"i":31,"j":60},{"i":28,"j":54},{"i":34,"j":69},{"i":34,"j":42},{"i":11,"j":26},{"i":9,"j":61},{"i":33,"j":41},{"i":26,"j":33},{"i":36,"j":40},{"i":10,"j":36},{"i":41,"j":85},{"i":20,"j":71},{"i":31,"j":40},{"i":42,"j":59},{"i":19,"j":42},{"i":14,"j":32},{"i":41,"j":51},{"i":26,"j":41},{"i":37,"j":62},{"i":9,"j":37},{"i":31,"j":56},{"i":29,"j":31},{"i":44,"j":46},{"i":38,"j":50},{"i":39,"j":63},{"i":38,"j":57},{"i":24,"j":53},{"i":18,"j":24},{"i":48,"j":52},{"i":32,"j":48},{"i":59,"j":78},{"i":49,"j":52},{"i":48,"j":49},{"i":23,"j":67},{"i":6,"j":23},{"i":23,"j":73},{"i":47,"j":55},{"i":44,"j":47},{"i":52,"j":66},{"i":23,"j":46},{"i":47,"j":50},{"i":40,"j":75},{"i":61,"j":153},{"i":51,"j":74},{"i":38,"j":51},{"i":54,"j":64},{"i":57,"j":58},{"i":50,"j":57},{"i":16,"j":62},{"i":53,"j":70},{"i":49,"j":53},{"i":30,"j":45},{"i":62,"j":86},{"i":43,"j":77},{"i":37,"j":43},{"i":39,"j":100},{"i":67,"j":76},{"i":72,"j":81},{"i":33,"j":35},{"i":2,"j":19},{"i":43,"j":61},{"i":46,"j":83},{"i":58,"j":117},{"i":66,"j":69},{"i":25,"j":66},{"i":69,"j":93},{"i":68,"j":107},{"i":59,"j":68},{"i":60,"j":99},{"i":66,"j":70},{"i":36,"j":63},{"i":72,"j":85},{"i":61,"j":80},{"i":55,"j":83},{"i":51,"j":72},{"i":55,"j":58},{"i":63,"j":90},{"i":67,"j":73},{"i":83,"j":105},{"i":79,"j":83},{"i":57,"j":104},{"i":68,"j":69},{"i":65,"j":78},{"i":35,"j":89},{"i":79,"j":88},{"i":73,"j":79},{"i":77,"j":84},{"i":80,"j":153},{"i":75,"j":82},{"i":74,"j":81},{"i":35,"j":64},{"i":74,"j":104},{"i":87,"j":108},{"i":77,"j":80},{"i":110,"j":150},{"i":81,"j":102},{"i":62,"j":108},{"i":71,"j":86},{"i":86,"j":87},{"i":79,"j":105},{"i":76,"j":128},{"i":56,"j":99},{"i":45,"j":56},{"i":82,"j":99},{"i":60,"j":82},{"i":70,"j":76},{"i":89,"j":97},{"i":91,"j":93},{"i":68,"j":91},{"i":69,"j":92},{"i":78,"j":111},{"i":94,"j":112},{"i":65,"j":94},{"i":91,"j":152},{"i":89,"j":101},{"i":96,"j":103},{"i":74,"j":96},{"i":95,"j":97},{"i":64,"j":95},{"i":101,"j":127},{"i":82,"j":114},{"i":90,"j":109},{"i":75,"j":90},{"i":98,"j":100},{"i":87,"j":98},{"i":90,"j":100},{"i":99,"j":122},{"i":101,"j":102},{"i":85,"j":101},{"i":102,"j":103},{"i":96,"j":102},{"i":106,"j":131},{"i":83,"j":106},{"i":92,"j":137},{"i":110,"j":125},{"i":105,"j":113},{"i":98,"j":115},{"i":84,"j":110},{"i":100,"j":134},{"i":84,"j":129},{"i":111,"j":132},{"i":94,"j":111},{"i":116,"j":132},{"i":111,"j":116},{"i":121,"j":148},{"i":82,"j":109},{"i":108,"j":110},{"i":112,"j":200},{"i":65,"j":112},{"i":107,"j":121},{"i":102,"j":119},{"i":88,"j":130},{"i":67,"j":88},{"i":97,"j":145},{"i":118,"j":120},{"i":103,"j":118},{"i":118,"j":119},{"i":117,"j":124},{"i":106,"j":117},{"i":114,"j":138},{"i":104,"j":120},{"i":124,"j":136},{"i":125,"j":126},{"i":114,"j":123},{"i":141,"j":164},{"i":113,"j":146},{"i":128,"j":137},{"i":92,"j":128},{"i":125,"j":154},{"i":1,"j":153},{"i":128,"j":156},{"i":120,"j":161},{"i":121,"j":143},{"i":116,"j":121},{"i":112,"j":132},{"i":113,"j":131},{"i":115,"j":141},{"i":135,"j":149},{"i":123,"j":135},{"i":115,"j":126},{"i":133,"j":139},{"i":104,"j":133},{"i":134,"j":135},{"i":109,"j":134},{"i":124,"j":142},{"i":127,"j":160},{"i":119,"j":127},{"i":128,"j":159},{"i":107,"j":152},{"i":146,"j":167},{"i":123,"j":149},{"i":139,"j":142},{"i":140,"j":169},{"i":140,"j":142},{"i":139,"j":140},{"i":132,"j":205},{"i":122,"j":158},{"i":95,"j":122},{"i":141,"j":147},{"i":134,"j":141},{"i":128,"j":130},{"i":130,"j":146},{"i":145,"j":160},{"i":126,"j":164},{"i":93,"j":137},{"i":152,"j":162},{"i":129,"j":151},{"i":150,"j":154},{"i":144,"j":151},{"i":129,"j":144},{"i":151,"j":155},{"i":143,"j":148},{"i":150,"j":155},{"i":138,"j":165},{"i":151,"j":168},{"i":152,"j":173},{"i":131,"j":136},{"i":158,"j":170},{"i":156,"j":192},{"i":145,"j":157},{"i":163,"j":175},{"i":157,"j":163},{"i":119,"j":160},{"i":149,"j":194},{"i":137,"j":192},{"i":133,"j":161},{"i":157,"j":158},{"i":165,"j":170},{"i":154,"j":188},{"i":160,"j":185},{"i":162,"j":166},{"i":148,"j":162},{"i":142,"j":172},{"i":136,"j":142},{"i":138,"j":180},{"i":144,"j":171},{"i":171,"j":233},{"i":149,"j":180},{"i":175,"j":191},{"i":169,"j":172},{"i":177,"j":185},{"i":160,"j":177},{"i":159,"j":183},{"i":132,"j":143},{"i":147,"j":194},{"i":153,"j":174},{"i":159,"j":167},{"i":163,"j":170},{"i":175,"j":178},{"i":168,"j":181},{"i":156,"j":179},{"i":131,"j":195},{"i":178,"j":187},{"i":177,"j":178},{"i":167,"j":197},{"i":165,"j":176},{"i":168,"j":196},{"i":180,"j":186},{"i":180,"j":182},{"i":176,"j":180},{"i":161,"j":209},{"i":185,"j":209},{"i":179,"j":213},{"i":131,"j":172},{"i":164,"j":188},{"i":182,"j":190},{"i":176,"j":182},{"i":188,"j":189},{"i":194,"j":236},{"i":182,"j":211},{"i":187,"j":203},{"i":170,"j":215},{"i":190,"j":208},{"i":165,"j":190},{"i":173,"j":206},{"i":162,"j":173},{"i":195,"j":199},{"i":189,"j":194},{"i":147,"j":189},{"i":187,"j":201},{"i":185,"j":187},{"i":193,"j":198},{"i":183,"j":193},{"i":181,"j":204},{"i":155,"j":181},{"i":195,"j":197},{"i":187,"j":202},{"i":197,"j":198},{"i":193,"j":197},{"i":169,"j":184},{"i":192,"j":206},{"i":191,"j":203},{"i":166,"j":207},{"i":143,"j":166},{"i":192,"j":223},{"i":201,"j":231},{"i":196,"j":204},{"i":179,"j":183},{"i":205,"j":225},{"i":199,"j":210},{"i":197,"j":199},{"i":207,"j":256},{"i":207,"j":220},{"i":202,"j":224},{"i":201,"j":202},{"i":186,"j":238},{"i":174,"j":253},{"i":172,"j":226},{"i":209,"j":239},{"i":184,"j":209},{"i":198,"j":228},{"i":214,"j":232},{"i":213,"j":250},{"i":212,"j":213},{"i":212,"j":214},{"i":192,"j":212},{"i":192,"j":214},{"i":208,"j":219},{"i":208,"j":242},{"i":224,"j":231},{"i":186,"j":216},{"i":211,"j":240},{"i":208,"j":211},{"i":206,"j":221},{"i":220,"j":256},{"i":217,"j":226},{"i":221,"j":237},{"i":203,"j":245},{"i":220,"j":225},{"i":205,"j":220},{"i":225,"j":229},{"i":222,"j":226},{"i":184,"j":222},{"i":210,"j":264},{"i":210,"j":217},{"i":213,"j":227},{"i":223,"j":232},{"i":221,"j":223},{"i":186,"j":218},{"i":204,"j":230},{"i":209,"j":243},{"i":227,"j":282},{"i":216,"j":235},{"i":171,"j":174},{"i":216,"j":236},{"i":209,"j":231},{"i":188,"j":230},{"i":218,"j":247},{"i":230,"j":246},{"i":236,"j":270},{"i":237,"j":269},{"i":240,"j":251},{"i":234,"j":240},{"i":237,"j":256},{"i":208,"j":234},{"i":211,"j":238},{"i":233,"j":241},{"i":196,"j":233},{"i":241,"j":258},{"i":204,"j":241},{"i":234,"j":273},{"i":239,"j":243},{"i":231,"j":289},{"i":239,"j":255},{"i":222,"j":239},{"i":215,"j":245},{"i":191,"j":215},{"i":239,"j":263},{"i":245,"j":266},{"i":244,"j":245},{"i":230,"j":252},{"i":235,"j":257},{"i":218,"j":235},{"i":247,"j":262},{"i":238,"j":247},{"i":244,"j":260},{"i":224,"j":244},{"i":228,"j":274},{"i":227,"j":228},{"i":257,"j":265},{"i":247,"j":257},{"i":219,"j":275},{"i":215,"j":219},{"i":235,"j":270},{"i":253,"j":495},{"i":249,"j":271},{"i":226,"j":249},{"i":255,"j":263},{"i":257,"j":290},{"i":241,"j":254},{"i":253,"j":261},{"i":233,"j":253},{"i":251,"j":273},{"i":253,"j":259},{"i":246,"j":279},{"i":236,"j":246},{"i":248,"j":272},{"i":217,"j":248},{"i":264,"j":274},{"i":252,"j":279},{"i":251,"j":262},{"i":271,"j":285},{"i":261,"j":267},{"i":254,"j":261},{"i":280,"j":319},{"i":250,"j":283},{"i":268,"j":269},{"i":258,"j":277},{"i":252,"j":258},{"i":262,"j":265},{"i":249,"j":255},{"i":248,"j":271},{"i":274,"j":287},{"i":259,"j":326},{"i":242,"j":278},{"i":250,"j":282},{"i":250,"j":276},{"i":275,"j":281},{"i":273,"j":284},{"i":242,"j":273},{"i":275,"j":278},{"i":256,"j":268},{"i":256,"j":280},{"i":272,"j":310},{"i":264,"j":272},{"i":276,"j":312},{"i":260,"j":291},{"i":231,"j":260},{"i":266,"j":294},{"i":270,"j":290},{"i":283,"j":325},{"i":283,"j":288},{"i":288,"j":297},{"i":232,"j":288},{"i":281,"j":294},{"i":266,"j":281},{"i":289,"j":293},{"i":290,"j":324},{"i":286,"j":292},{"i":262,"j":286},{"i":289,"j":309},{"i":293,"j":300},{"i":243,"j":293},{"i":284,"j":295},{"i":278,"j":284},{"i":293,"j":309},{"i":292,"j":295},{"i":273,"j":292},{"i":265,"j":307},{"i":277,"j":323},{"i":282,"j":287},{"i":291,"j":309},{"i":308,"j":357},{"i":287,"j":327},{"i":298,"j":308},{"i":263,"j":298},{"i":294,"j":305},{"i":297,"j":301},{"i":280,"j":316},{"i":302,"j":522},{"i":229,"j":302},{"i":265,"j":290},{"i":267,"j":303},{"i":254,"j":267},{"i":279,"j":324},{"i":304,"j":322},{"i":286,"j":304},{"i":291,"j":305},{"i":301,"j":306},{"i":269,"j":301},{"i":297,"j":333},{"i":296,"j":315},{"i":277,"j":296},{"i":314,"j":330},{"i":304,"j":307},{"i":308,"j":314},{"i":285,"j":308},{"i":317,"j":352},{"i":272,"j":285},{"i":329,"j":359},{"i":299,"j":327},{"i":287,"j":299},{"i":306,"j":319},{"i":276,"j":317},{"i":254,"j":321},{"i":325,"j":346},{"i":314,"j":335},{"i":285,"j":314},{"i":296,"j":313},{"i":268,"j":319},{"i":316,"j":364},{"i":302,"j":316},{"i":306,"j":333},{"i":276,"j":311},{"i":285,"j":320},{"i":312,"j":325},{"i":319,"j":364},{"i":318,"j":345},{"i":272,"j":318},{"i":318,"j":320},{"i":254,"j":303},{"i":313,"j":334},{"i":295,"j":340},{"i":315,"j":331},{"i":279,"j":323},{"i":299,"j":310},{"i":312,"j":317},{"i":303,"j":326},{"i":321,"j":349},{"i":325,"j":337},{"i":292,"j":322},{"i":298,"j":300},{"i":326,"j":329},{"i":300,"j":366},{"i":313,"j":321},{"i":330,"j":332},{"i":320,"j":330},{"i":331,"j":336},{"i":323,"j":331},{"i":333,"j":342},{"i":319,"j":333},{"i":294,"j":328},{"i":321,"j":344},{"i":310,"j":356},{"i":334,"j":336},{"i":315,"j":334},{"i":311,"j":327},{"i":340,"j":371},{"i":318,"j":350},{"i":328,"j":363},{"i":317,"j":360},{"i":295,"j":343},{"i":318,"j":355},{"i":324,"j":348},{"i":337,"j":342},{"i":347,"j":381},{"i":336,"j":348},{"i":339,"j":347},{"i":305,"j":339},{"i":337,"j":346},{"i":345,"j":356},{"i":340,"j":363},{"i":328,"j":340},{"i":359,"j":448},{"i":334,"j":344},{"i":329,"j":349},{"i":332,"j":376},{"i":358,"j":390},{"i":322,"j":338},{"i":341,"j":358},{"i":327,"j":341},{"i":352,"j":372},{"i":346,"j":352},{"i":340,"j":343},{"i":324,"j":354},{"i":307,"j":324},{"i":353,"j":361},{"i":338,"j":353},{"i":348,"j":374},{"i":345,"j":350},{"i":363,"j":370},{"i":355,"j":375},{"i":350,"j":355},{"i":347,"j":366},{"i":309,"j":347},{"i":341,"j":356},{"i":353,"j":362},{"i":344,"j":386},{"i":311,"j":358},{"i":352,"j":360},{"i":338,"j":378},{"i":361,"j":365},{"i":351,"j":361},{"i":354,"j":378},{"i":371,"j":391},{"i":319,"j":384},{"i":364,"j":383},{"i":368,"j":379},{"i":347,"j":380},{"i":369,"j":385},{"i":357,"j":366},{"i":351,"j":391},{"i":343,"j":351},{"i":367,"j":369},{"i":334,"j":367},{"i":335,"j":376},{"i":332,"j":335},{"i":368,"j":376},{"i":357,"j":368},{"i":362,"j":389},{"i":358,"j":413},{"i":395,"j":445},{"i":374,"j":388},{"i":369,"j":373},{"i":366,"j":403},{"i":348,"j":373},{"i":377,"j":397},{"i":372,"j":377},{"i":342,"j":377},{"i":354,"j":392},{"i":355,"j":399},{"i":370,"j":381},{"i":339,"j":370},{"i":380,"j":403},{"i":390,"j":407},{"i":371,"j":382},{"i":365,"j":391},{"i":351,"j":365},{"i":342,"j":384},{"i":383,"j":447},{"i":342,"j":401},{"i":373,"j":385},{"i":385,"j":405},{"i":349,"j":387},{"i":386,"j":395},{"i":367,"j":386},{"i":349,"j":359},{"i":385,"j":388},{"i":374,"j":385},{"i":388,"j":406},{"i":354,"j":388},{"i":378,"j":415},{"i":362,"j":378},{"i":391,"j":436},{"i":375,"j":402},{"i":390,"j":394},{"i":360,"j":390},{"i":389,"j":391},{"i":384,"j":411},{"i":153,"j":495},{"i":382,"j":416},{"i":363,"j":382},{"i":394,"j":427},{"i":396,"j":404},{"i":393,"j":401},{"i":377,"j":393},{"i":394,"j":397},{"i":372,"j":394},{"i":397,"j":409},{"i":399,"j":426},{"i":375,"j":398},{"i":379,"j":410},{"i":398,"j":399},{"i":396,"j":400},{"i":381,"j":396},{"i":379,"j":434},{"i":392,"j":415},{"i":392,"j":406},{"i":408,"j":415},{"i":392,"j":408},{"i":388,"j":414},{"i":407,"j":427},{"i":390,"j":465},{"i":417,"j":459},{"i":401,"j":419},{"i":401,"j":439},{"i":400,"j":404},{"i":395,"j":412},{"i":416,"j":424},{"i":402,"j":422},{"i":356,"j":402},{"i":405,"j":432},{"i":406,"j":414},{"i":410,"j":426},{"i":400,"j":459},{"i":380,"j":400},{"i":420,"j":440},{"i":398,"j":420},{"i":421,"j":432},{"i":456,"j":484},{"i":427,"j":442},{"i":376,"j":426},{"i":414,"j":432},{"i":413,"j":465},{"i":389,"j":415},{"i":423,"j":467},{"i":423,"j":424},{"i":391,"j":423},{"i":434,"j":457},{"i":410,"j":430},{"i":403,"j":417},{"i":425,"j":456},{"i":420,"j":425},{"i":419,"j":449},{"i":407,"j":490},{"i":428,"j":459},{"i":416,"j":444},{"i":404,"j":416},{"i":411,"j":441},{"i":419,"j":429},{"i":410,"j":433},{"i":428,"j":431},{"i":417,"j":428},{"i":421,"j":435},{"i":406,"j":421},{"i":426,"j":430},{"i":425,"j":426},{"i":431,"j":434},{"i":418,"j":458},{"i":408,"j":418},{"i":422,"j":440},{"i":415,"j":452},{"i":405,"j":412},{"i":387,"j":437},{"i":386,"j":387},{"i":438,"j":446},{"i":432,"j":438},{"i":409,"j":462},{"i":393,"j":409},{"i":422,"j":473},{"i":429,"j":441},{"i":411,"j":429},{"i":409,"j":442},{"i":443,"j":469},{"i":422,"j":453},{"i":413,"j":422},{"i":383,"j":441},{"i":439,"j":449},{"i":422,"j":454},{"i":424,"j":460},{"i":445,"j":450},{"i":441,"j":443},{"i":443,"j":493},{"i":259,"j":448},{"i":302,"j":447},{"i":445,"j":451},{"i":435,"j":446},{"i":437,"j":455},{"i":435,"j":466},{"i":418,"j":435},{"i":444,"j":460},{"i":433,"j":457},{"i":430,"j":433},{"i":440,"j":461},{"i":457,"j":483},{"i":448,"j":455},{"i":437,"j":448},{"i":455,"j":497},{"i":451,"j":455},{"i":453,"j":502},{"i":404,"j":444},{"i":452,"j":471},{"i":423,"j":436},{"i":452,"j":464},{"i":457,"j":468},{"i":456,"j":457},{"i":458,"j":492},{"i":452,"j":458},{"i":462,"j":477},{"i":453,"j":465},{"i":462,"j":463},{"i":442,"j":481},{"i":448,"j":495},{"i":463,"j":479},{"i":439,"j":463},{"i":454,"j":473},{"i":453,"j":454},{"i":436,"j":464},{"i":412,"j":450},{"i":468,"j":484},{"i":459,"j":486},{"i":449,"j":493},{"i":475,"j":487},{"i":459,"j":475},{"i":459,"j":460},{"i":464,"j":470},{"i":470,"j":494},{"i":470,"j":471},{"i":451,"j":497},{"i":461,"j":500},{"i":472,"j":497},{"i":448,"j":474},{"i":465,"j":516},{"i":460,"j":467},{"i":472,"j":476},{"i":450,"j":472},{"i":489,"j":505},{"i":476,"j":508},{"i":476,"j":478},{"i":475,"j":486},{"i":477,"j":479},{"i":458,"j":466},{"i":480,"j":496},{"i":467,"j":480},{"i":469,"j":522},{"i":447,"j":469},{"i":479,"j":482},{"i":494,"j":510},{"i":431,"j":459},{"i":468,"j":485},{"i":483,"j":485},{"i":485,"j":504},{"i":461,"j":484},{"i":449,"j":499},{"i":438,"j":478},{"i":482,"j":488},{"i":490,"j":506},{"i":492,"j":507},{"i":471,"j":492},{"i":489,"j":491},{"i":446,"j":489},{"i":483,"j":487},{"i":482,"j":499},{"i":449,"j":482},{"i":466,"j":514},{"i":494,"j":496},{"i":480,"j":494},{"i":486,"j":503},{"i":474,"j":512},{"i":484,"j":504},{"i":481,"j":506},{"i":477,"j":481},{"i":486,"j":525},{"i":496,"j":503},{"i":506,"j":515},{"i":473,"j":513},{"i":501,"j":504},{"i":487,"j":501},{"i":496,"j":523},{"i":504,"j":547},{"i":492,"j":498},{"i":478,"j":508},{"i":499,"j":540},{"i":498,"j":509},{"i":494,"j":520},{"i":466,"j":491},{"i":497,"j":521},{"i":509,"j":532},{"i":507,"j":509},{"i":507,"j":520},{"i":513,"j":524},{"i":512,"j":548},{"i":505,"j":521},{"i":508,"j":521},{"i":505,"j":508},{"i":474,"j":495},{"i":500,"j":504},{"i":523,"j":549},{"i":501,"j":558},{"i":511,"j":514},{"i":491,"j":511},{"i":488,"j":541},{"i":488,"j":515},{"i":510,"j":523},{"i":498,"j":514},{"i":517,"j":519},{"i":500,"j":517},{"i":514,"j":527},{"i":497,"j":512},{"i":493,"j":522},{"i":519,"j":524},{"i":513,"j":519},{"i":517,"j":547},{"i":516,"j":535},{"i":503,"j":549},{"i":490,"j":534},{"i":499,"j":526},{"i":511,"j":528},{"i":528,"j":530},{"i":511,"j":521},{"i":529,"j":537},{"i":515,"j":529},{"i":528,"j":568},{"i":518,"j":527},{"i":509,"j":518},{"i":518,"j":538},{"i":532,"j":536},{"i":530,"j":533},{"i":527,"j":530},{"i":516,"j":555},{"i":539,"j":552},{"i":529,"j":569},{"i":531,"j":543},{"i":510,"j":531},{"i":535,"j":544},{"i":534,"j":535},{"i":534,"j":544},{"i":529,"j":534},{"i":536,"j":539},{"i":520,"j":536},{"i":533,"j":538},{"i":523,"j":546},{"i":540,"j":554},{"i":537,"j":541},{"i":541,"j":545},{"i":540,"j":542},{"i":542,"j":570},{"i":522,"j":542},{"i":531,"j":539},{"i":523,"j":551},{"i":545,"j":556},{"i":545,"j":554},{"i":526,"j":545},{"i":543,"j":546},{"i":550,"j":551},{"i":501,"j":525},{"i":568,"j":591},{"i":546,"j":561},{"i":521,"j":568},{"i":537,"j":562},{"i":523,"j":550},{"i":543,"j":561},{"i":549,"j":559},{"i":532,"j":565},{"i":550,"j":577},{"i":526,"j":554},{"i":561,"j":585},{"i":553,"j":570},{"i":542,"j":553},{"i":502,"j":566},{"i":556,"j":595},{"i":502,"j":524},{"i":553,"j":554},{"i":537,"j":573},{"i":552,"j":561},{"i":548,"j":563},{"i":548,"j":560},{"i":559,"j":572},{"i":525,"j":559},{"i":532,"j":538},{"i":554,"j":595},{"i":495,"j":563},{"i":521,"j":560},{"i":495,"j":564},{"i":547,"j":586},{"i":564,"j":709},{"i":565,"j":567},{"i":552,"j":565},{"i":560,"j":584},{"i":555,"j":574},{"i":556,"j":562},{"i":557,"j":574},{"i":555,"j":557},{"i":576,"j":589},{"i":569,"j":579},{"i":551,"j":585},{"i":569,"j":575},{"i":576,"j":592},{"i":575,"j":582},{"i":573,"j":575},{"i":566,"j":576},{"i":557,"j":566},{"i":573,"j":582},{"i":571,"j":579},{"i":544,"j":571},{"i":571,"j":574},{"i":547,"j":590},{"i":567,"j":588},{"i":561,"j":567},{"i":574,"j":589},{"i":587,"j":600},{"i":571,"j":578},{"i":582,"j":596},{"i":572,"j":587},{"i":558,"j":572},{"i":533,"j":568},{"i":584,"j":598},{"i":563,"j":602},{"i":578,"j":628},{"i":558,"j":587},{"i":565,"j":588},{"i":565,"j":593},{"i":572,"j":604},{"i":583,"j":606},{"i":586,"j":603},{"i":583,"j":586},{"i":577,"j":594},{"i":559,"j":577},{"i":538,"j":599},{"i":585,"j":610},{"i":566,"j":601},{"i":579,"j":605},{"i":575,"j":579},{"i":547,"j":600},{"i":600,"j":632},{"i":524,"j":583},{"i":538,"j":580},{"i":585,"j":597},{"i":577,"j":585},{"i":562,"j":582},{"i":595,"j":596},{"i":585,"j":627},{"i":598,"j":608},{"i":591,"j":598},{"i":580,"j":608},{"i":572,"j":594},{"i":580,"j":591},{"i":572,"j":613},{"i":586,"j":590},{"i":601,"j":619},{"i":592,"j":601},{"i":584,"j":621},{"i":564,"j":602},{"i":590,"j":632},{"i":613,"j":625},{"i":603,"j":606},{"i":597,"j":633},{"i":594,"j":597},{"i":589,"j":628},{"i":578,"j":589},{"i":601,"j":606},{"i":604,"j":615},{"i":599,"j":607},{"i":588,"j":620},{"i":598,"j":612},{"i":605,"j":609},{"i":596,"j":605},{"i":609,"j":637},{"i":595,"j":609},{"i":593,"j":607},{"i":608,"j":611},{"i":599,"j":608},{"i":618,"j":648},{"i":581,"j":616},{"i":560,"j":581},{"i":594,"j":633},{"i":613,"j":641},{"i":607,"j":617},{"i":593,"j":614},{"i":604,"j":624},{"i":620,"j":627},{"i":611,"j":622},{"i":581,"j":618},{"i":617,"j":622},{"i":614,"j":617},{"i":584,"j":616},{"i":581,"j":602},{"i":592,"j":630},{"i":614,"j":636},{"i":622,"j":631},{"i":616,"j":645},{"i":600,"j":615},{"i":622,"j":635},{"i":603,"j":632},{"i":626,"j":642},{"i":624,"j":634},{"i":610,"j":633},{"i":625,"j":626},{"i":615,"j":634},{"i":629,"j":658},{"i":628,"j":629},{"i":605,"j":628},{"i":629,"j":646},{"i":609,"j":629},{"i":619,"j":644},{"i":624,"j":626},{"i":611,"j":654},{"i":610,"j":638},{"i":634,"j":672},{"i":627,"j":638},{"i":626,"j":649},{"i":625,"j":641},{"i":636,"j":670},{"i":631,"j":636},{"i":633,"j":641},{"i":631,"j":656},{"i":620,"j":639},{"i":636,"j":639},{"i":646,"j":661},{"i":637,"j":646},{"i":606,"j":623},{"i":641,"j":668},{"i":639,"j":657},{"i":602,"j":709},{"i":663,"j":722},{"i":643,"j":651},{"i":619,"j":643},{"i":623,"j":667},{"i":635,"j":656},{"i":618,"j":645},{"i":629,"j":640},{"i":637,"j":647},{"i":647,"j":703},{"i":570,"j":647},{"i":608,"j":612},{"i":602,"j":648},{"i":642,"j":672},{"i":634,"j":642},{"i":612,"j":621},{"i":632,"j":667},{"i":623,"j":632},{"i":638,"j":660},{"i":633,"j":638},{"i":635,"j":650},{"i":648,"j":653},{"i":654,"j":664},{"i":654,"j":663},{"i":650,"j":654},{"i":630,"j":662},{"i":628,"j":630},{"i":650,"j":663},{"i":656,"j":670},{"i":655,"j":658},{"i":629,"j":655},{"i":640,"j":678},{"i":602,"j":659},{"i":665,"j":702},{"i":661,"j":665},{"i":630,"j":651},{"i":649,"j":672},{"i":621,"j":645},{"i":656,"j":682},{"i":647,"j":661},{"i":658,"j":684},{"i":632,"j":688},{"i":644,"j":681},{"i":652,"j":673},{"i":641,"j":652},{"i":667,"j":675},{"i":666,"j":667},{"i":644,"j":666},{"i":668,"j":679},{"i":668,"j":672},{"i":649,"j":668},{"i":663,"j":682},{"i":670,"j":671},{"i":677,"j":719},{"i":671,"j":691},{"i":657,"j":671},{"i":660,"j":690},{"i":652,"j":660},{"i":669,"j":674},{"i":643,"j":669},{"i":675,"j":681},{"i":666,"j":675},{"i":676,"j":683},{"i":673,"j":679},{"i":668,"j":673},{"i":657,"j":694},{"i":638,"j":657},{"i":676,"j":678},{"i":640,"j":676},{"i":681,"j":699},{"i":669,"j":681},{"i":695,"j":717},{"i":694,"j":713},{"i":674,"j":680},{"i":651,"j":674},{"i":632,"j":672},{"i":671,"j":693},{"i":665,"j":678},{"i":683,"j":696},{"i":662,"j":685},{"i":655,"j":662},{"i":684,"j":697},{"i":683,"j":684},{"i":680,"j":686},{"i":684,"j":685},{"i":680,"j":710},{"i":677,"j":690},{"i":660,"j":677},{"i":653,"j":695},{"i":645,"j":653},{"i":685,"j":718},{"i":670,"j":700},{"i":659,"j":689},{"i":690,"j":698},{"i":664,"j":687},{"i":693,"j":701},{"i":687,"j":695},{"i":691,"j":706},{"i":710,"j":726},{"i":682,"j":707},{"i":653,"j":689},{"i":674,"j":699},{"i":697,"j":732},{"i":688,"j":728},{"i":682,"j":716},{"i":701,"j":729},{"i":693,"j":700},{"i":678,"j":696},{"i":696,"j":733},{"i":647,"j":702},{"i":570,"j":703},{"i":695,"j":704},{"i":704,"j":711},{"i":702,"j":714},{"i":662,"j":686},{"i":701,"j":706},{"i":691,"j":701},{"i":713,"j":735},{"i":694,"j":706},{"i":707,"j":708},{"i":689,"j":717},{"i":659,"j":709},{"i":679,"j":698},{"i":712,"j":721},{"i":664,"j":723},{"i":722,"j":763},{"i":694,"j":731},{"i":697,"j":705},{"i":714,"j":737},{"i":692,"j":723},{"i":687,"j":692},{"i":715,"j":717},{"i":689,"j":715},{"i":712,"j":718},{"i":686,"j":712},{"i":727,"j":750},{"i":713,"j":719},{"i":677,"j":713},{"i":704,"j":754},{"i":692,"j":711},{"i":710,"j":742},{"i":719,"j":725},{"i":707,"j":752},{"i":707,"j":716},{"i":729,"j":751},{"i":706,"j":729},{"i":698,"j":725},{"i":724,"j":744},{"i":705,"j":770},{"i":699,"j":742},{"i":742,"j":759},{"i":724,"j":727},{"i":672,"j":724},{"i":721,"j":726},{"i":688,"j":727},{"i":741,"j":775},{"i":708,"j":740},{"i":700,"j":708},{"i":709,"j":730},{"i":728,"j":738},{"i":675,"j":728},{"i":721,"j":734},{"i":739,"j":759},{"i":696,"j":732},{"i":714,"j":733},{"i":725,"j":760},{"i":724,"j":725},{"i":731,"j":735},{"i":720,"j":745},{"i":711,"j":720},{"i":714,"j":749},{"i":737,"j":776},{"i":703,"j":737},{"i":733,"j":757},{"i":699,"j":738},{"i":740,"j":751},{"i":729,"j":740},{"i":716,"j":722},{"i":744,"j":756},{"i":715,"j":730},{"i":699,"j":739},{"i":732,"j":757},{"i":720,"j":754},{"i":742,"j":747},{"i":726,"j":742},{"i":735,"j":766},{"i":720,"j":758},{"i":717,"j":741},{"i":730,"j":771},{"i":738,"j":755},{"i":709,"j":794},{"i":704,"j":746},{"i":730,"j":748},{"i":705,"j":718},{"i":737,"j":749},{"i":755,"j":781},{"i":740,"j":791},{"i":723,"j":736},{"i":734,"j":761},{"i":718,"j":734},{"i":753,"j":757},{"i":745,"j":767},{"i":736,"j":745},{"i":754,"j":786},{"i":759,"j":781},{"i":725,"j":735},{"i":743,"j":814},{"i":734,"j":743},{"i":753,"j":788},{"i":751,"j":762},{"i":720,"j":765},{"i":739,"j":755},{"i":760,"j":785},{"i":750,"j":769},{"i":728,"j":750},{"i":747,"j":795},{"i":743,"j":747},{"i":770,"j":830},{"i":744,"j":785},{"i":752,"j":787},{"i":762,"j":777},{"i":736,"j":767},{"i":762,"j":807},{"i":731,"j":782},{"i":756,"j":779},{"i":750,"j":756},{"i":763,"j":780},{"i":758,"j":773},{"i":747,"j":768},{"i":761,"j":770},{"i":770,"j":783},{"i":758,"j":765},{"i":741,"j":748},{"i":746,"j":786},{"i":773,"j":827},{"i":775,"j":796},{"i":755,"j":769},{"i":764,"j":780},{"i":763,"j":764},{"i":771,"j":775},{"i":748,"j":771},{"i":749,"j":753},{"i":774,"j":781},{"i":769,"j":774},{"i":763,"j":778},{"i":752,"j":763},{"i":778,"j":787},{"i":780,"j":812},{"i":760,"j":766},{"i":774,"j":804},{"i":780,"j":810},{"i":774,"j":801},{"i":783,"j":790},{"i":781,"j":806},{"i":768,"j":781},{"i":777,"j":782},{"i":784,"j":816},{"i":757,"j":790},{"i":784,"j":789},{"i":757,"j":784},{"i":746,"j":775},{"i":780,"j":798},{"i":753,"j":789},{"i":795,"j":811},{"i":788,"j":818},{"i":768,"j":806},{"i":787,"j":791},{"i":791,"j":803},{"i":777,"j":824},{"i":792,"j":793},{"i":782,"j":792},{"i":786,"j":797},{"i":772,"j":786},{"i":771,"j":794},{"i":779,"j":804},{"i":789,"j":818},{"i":786,"j":796},{"i":796,"j":839},{"i":764,"j":767},{"i":800,"j":817},{"i":799,"j":800},{"i":785,"j":823},{"i":779,"j":785},{"i":798,"j":800},{"i":778,"j":798},{"i":809,"j":857},{"i":824,"j":858},{"i":792,"j":824},{"i":776,"j":788},{"i":776,"j":802},{"i":799,"j":809},{"i":787,"j":799},{"i":793,"j":805},{"i":766,"j":793},{"i":801,"j":822},{"i":814,"j":833},{"i":803,"j":807},{"i":806,"j":808},{"i":798,"j":817},{"i":767,"j":773},{"i":795,"j":808},{"i":808,"j":842},{"i":798,"j":838},{"i":810,"j":812},{"i":765,"j":772},{"i":811,"j":814},{"i":825,"j":837},{"i":790,"j":816},{"i":802,"j":815},{"i":818,"j":825},{"i":815,"j":818},{"i":803,"j":826},{"i":819,"j":824},{"i":807,"j":819},{"i":826,"j":863},{"i":820,"j":847},{"i":772,"j":797},{"i":804,"j":828},{"i":832,"j":836},{"i":761,"j":831},{"i":823,"j":887},{"i":785,"j":805},{"i":819,"j":820},{"i":816,"j":837},{"i":825,"j":829},{"i":823,"j":832},{"i":813,"j":827},{"i":797,"j":813},{"i":803,"j":809},{"i":829,"j":876},{"i":815,"j":829},{"i":830,"j":855},{"i":828,"j":835},{"i":833,"j":865},{"i":831,"j":833},{"i":812,"j":853},{"i":828,"j":836},{"i":840,"j":885},{"i":835,"j":844},{"i":801,"j":835},{"i":836,"j":875},{"i":783,"j":830},{"i":834,"j":838},{"i":810,"j":834},{"i":821,"j":827},{"i":794,"j":839},{"i":839,"j":840},{"i":813,"j":839},{"i":812,"j":821},{"i":806,"j":822},{"i":845,"j":860},{"i":841,"j":843},{"i":834,"j":841},{"i":842,"j":851},{"i":811,"j":842},{"i":832,"j":852},{"i":844,"j":864},{"i":826,"j":847},{"i":820,"j":826},{"i":845,"j":846},{"i":805,"j":845},{"i":852,"j":897},{"i":831,"j":854},{"i":851,"j":867},{"i":844,"j":849},{"i":838,"j":857},{"i":817,"j":838},{"i":854,"j":869},{"i":842,"j":856},{"i":849,"j":870},{"i":838,"j":843},{"i":827,"j":840},{"i":848,"j":877},{"i":837,"j":848},{"i":855,"j":872},{"i":848,"j":855},{"i":854,"j":855},{"i":833,"j":851},{"i":849,"j":856},{"i":822,"j":849},{"i":843,"j":878},{"i":850,"j":863},{"i":826,"j":850},{"i":859,"j":898},{"i":858,"j":859},{"i":859,"j":860},{"i":845,"j":859},{"i":823,"j":846},{"i":853,"j":871},{"i":841,"j":853},{"i":840,"j":862},{"i":861,"j":868},{"i":821,"j":861},{"i":857,"j":891},{"i":850,"j":857},{"i":846,"j":900},{"i":836,"j":852},{"i":869,"j":901},{"i":851,"j":896},{"i":854,"j":882},{"i":829,"j":866},{"i":843,"j":871},{"i":871,"j":913},{"i":886,"j":890},{"i":865,"j":889},{"i":864,"j":870},{"i":853,"j":868},{"i":869,"j":872},{"i":866,"j":880},{"i":873,"j":884},{"i":862,"j":874},{"i":861,"j":862},{"i":794,"j":945},{"i":872,"j":895},{"i":858,"j":892},{"i":866,"j":873},{"i":898,"j":908},{"i":872,"j":901},{"i":860,"j":900},{"i":878,"j":890},{"i":875,"j":879},{"i":876,"j":912},{"i":837,"j":877},{"i":876,"j":881},{"i":881,"j":921},{"i":802,"j":881},{"i":873,"j":902},{"i":870,"j":888},{"i":880,"j":902},{"i":876,"j":884},{"i":883,"j":885},{"i":839,"j":883},{"i":868,"j":874},{"i":879,"j":904},{"i":864,"j":879},{"i":878,"j":891},{"i":847,"j":894},{"i":887,"j":897},{"i":867,"j":903},{"i":865,"j":867},{"i":886,"j":891},{"i":878,"j":886},{"i":868,"j":922},{"i":891,"j":925},{"i":863,"j":894},{"i":888,"j":893},{"i":856,"j":893},{"i":891,"j":894},{"i":900,"j":911},{"i":882,"j":901},{"i":908,"j":933},{"i":856,"j":899},{"i":896,"j":927},{"i":892,"j":898},{"i":898,"j":935},{"i":896,"j":903},{"i":899,"j":919},{"i":899,"j":906},{"i":898,"j":900},{"i":880,"j":910},{"i":889,"j":924},{"i":882,"j":889},{"i":895,"j":910},{"i":877,"j":895},{"i":902,"j":948},{"i":897,"j":916},{"i":875,"j":897},{"i":893,"j":919},{"i":888,"j":928},{"i":903,"j":926},{"i":916,"j":952},{"i":887,"j":905},{"i":911,"j":933},{"i":905,"j":911},{"i":894,"j":917},{"i":901,"j":937},{"i":912,"j":948},{"i":892,"j":909},{"i":902,"j":912},{"i":884,"j":902},{"i":910,"j":923},{"i":874,"j":918},{"i":905,"j":933},{"i":890,"j":913},{"i":885,"j":918},{"i":897,"j":914},{"i":930,"j":947},{"i":891,"j":907},{"i":913,"j":932},{"i":888,"j":904},{"i":919,"j":930},{"i":906,"j":919},{"i":868,"j":915},{"i":920,"j":938},{"i":907,"j":920},{"i":937,"j":969},{"i":915,"j":943},{"i":923,"j":940},{"i":907,"j":938},{"i":917,"j":934},{"i":909,"j":917},{"i":924,"j":937},{"i":896,"j":906},{"i":924,"j":926},{"i":916,"j":928},{"i":904,"j":916},{"i":908,"j":946},{"i":915,"j":918},{"i":927,"j":930},{"i":922,"j":950},{"i":883,"j":931},{"i":929,"j":939},{"i":918,"j":929},{"i":919,"j":971},{"i":925,"j":936},{"i":935,"j":949},{"i":935,"j":946},{"i":925,"j":942},{"i":934,"j":949},{"i":909,"j":934},{"i":927,"j":941},{"i":945,"j":963},{"i":920,"j":951},{"i":920,"j":957},{"i":923,"j":953},{"i":928,"j":952},{"i":938,"j":942},{"i":939,"j":944},{"i":944,"j":964},{"i":939,"j":943},{"i":936,"j":961},{"i":934,"j":936},{"i":943,"j":950},{"i":922,"j":943},{"i":931,"j":954},{"i":929,"j":931},{"i":883,"j":945},{"i":914,"j":959},{"i":953,"j":969},{"i":902,"j":960},{"i":953,"j":958},{"i":933,"j":959},{"i":914,"j":933},{"i":936,"j":968},{"i":944,"j":950},{"i":933,"j":946},{"i":920,"j":932},{"i":961,"j":972},{"i":967,"j":975},{"i":926,"j":970},{"i":932,"j":967},{"i":931,"j":956},{"i":982,"j":991},{"i":965,"j":982},{"i":940,"j":958},{"i":945,"j":956},{"i":939,"j":966},{"i":951,"j":973},{"i":955,"j":974},{"i":941,"j":970},{"i":958,"j":974},{"i":955,"j":960},{"i":940,"j":955},{"i":951,"j":968},{"i":942,"j":951},{"i":952,"j":971},{"i":949,"j":965},{"i":956,"j":963},{"i":945,"j":995},{"i":954,"j":966},{"i":950,"j":975},{"i":975,"j":998},{"i":964,"j":975},{"i":967,"j":977},{"i":957,"j":967},{"i":968,"j":978},{"i":947,"j":979},{"i":941,"j":947},{"i":989,"j":998},{"i":962,"j":980},{"i":946,"j":962},{"i":962,"j":965},{"i":961,"j":978},{"i":971,"j":993},{"i":947,"j":971},{"i":974,"j":976},{"i":967,"j":984},{"i":964,"j":998},{"i":948,"j":976},{"i":960,"j":976},{"i":973,"j":978},{"i":978,"j":989},{"i":981,"j":990},{"i":971,"j":981},{"i":972,"j":982},{"i":959,"j":985},{"i":980,"j":988},{"i":977,"j":983},{"i":957,"j":977},{"i":983,"j":998},{"i":966,"j":998},{"i":988,"j":994},{"i":985,"j":988},{"i":979,"j":986},{"i":970,"j":986},{"i":987,"j":992},{"i":969,"j":987},{"i":981,"j":985},{"i":980,"j":991},{"i":973,"j":983},{"i":990,"j":994},{"i":971,"j":990},{"i":989,"j":991},{"i":972,"j":989},{"i":987,"j":999},{"i":992,"j":996},{"i":974,"j":992},{"i":986,"j":999},{"i":991,"j":994},{"i":988,"j":991},{"i":984,"j":998},{"i":983,"j":984},{"i":963,"j":995},{"i":954,"j":963},{"i":993,"j":997},{"i":994,"j":997},{"i":993,"j":994},{"i":995,"j":998},{"i":997,"j":999},{"i":979,"j":997},{"i":0,"j":2},{"i":2,"j":5},{"i":5,"j":65},{"i":65,"j":200},{"i":200,"j":229},{"i":229,"j":522},{"i":522,"j":776},{"i":776,"j":921},{"i":921,"j":976},{"i":976,"j":996},{"i":996,"j":999},{"i":991,"j":998}],"type":"Solution"}