{"instance_name":"uniform-0000700-1","edges":[{"i":1,"j":7},{"i":6,"j":27},{"i":0,"j":6},{"i":0,"j":1},{"i":3,"j":8},{"i":1,"j":3},{"i":1,"j":19},{"i":2,"j":25},{"i":0,"j":10},{"i":4,"j":13},{"i":1,"j":4},{"i":11,"j":58},{"i":0,"j":14},{"i":15,"j":22},{"i":4,"j":15},{"i":2,"j":5},{"i":0,"j":32},{"i":10,"j":20},{"i":9,"j":10},{"i":7,"j":12},{"i":4,"j":7},{"i":7,"j":23},{"i":4,"j":24},{"i":8,"j":27},{"i":6,"j":8},{"i":13,"j":17},{"i":12,"j":15},{"i":5,"j":9},{"i":17,"j":19},{"i":1,"j":17},{"i":19,"j":48},{"i":30,"j":60},{"i":14,"j":36},{"i":10,"j":14},{"i":20,"j":21},{"i":9,"j":20},{"i":5,"j":21},{"i":4,"j":18},{"i":18,"j":26},{"i":18,"j":22},{"i":7,"j":11},{"i":5,"j":31},{"i":16,"j":49},{"i":19,"j":35},{"i":23,"j":28},{"i":12,"j":23},{"i":16,"j":25},{"i":20,"j":44},{"i":21,"j":47},{"i":5,"j":42},{"i":25,"j":31},{"i":30,"j":41},{"i":5,"j":30},{"i":24,"j":75},{"i":26,"j":37},{"i":24,"j":26},{"i":32,"j":34},{"i":14,"j":32},{"i":33,"j":58},{"i":14,"j":34},{"i":27,"j":40},{"i":38,"j":45},{"i":35,"j":38},{"i":3,"j":35},{"i":28,"j":39},{"i":15,"j":28},{"i":47,"j":82},{"i":23,"j":50},{"i":8,"j":46},{"i":31,"j":70},{"i":41,"j":42},{"i":46,"j":61},{"i":33,"j":43},{"i":11,"j":33},{"i":44,"j":47},{"i":37,"j":75},{"i":45,"j":46},{"i":36,"j":52},{"i":55,"j":74},{"i":22,"j":39},{"i":54,"j":68},{"i":48,"j":59},{"i":38,"j":48},{"i":43,"j":50},{"i":49,"j":51},{"i":59,"j":62},{"i":51,"j":54},{"i":29,"j":51},{"i":46,"j":53},{"i":49,"j":73},{"i":30,"j":47},{"i":54,"j":57},{"i":50,"j":55},{"i":55,"j":56},{"i":39,"j":55},{"i":40,"j":69},{"i":62,"j":84},{"i":61,"j":62},{"i":59,"j":72},{"i":52,"j":64},{"i":20,"j":52},{"i":45,"j":62},{"i":36,"j":83},{"i":63,"j":88},{"i":65,"j":123},{"i":58,"j":63},{"i":40,"j":67},{"i":41,"j":60},{"i":53,"j":69},{"i":40,"j":53},{"i":65,"j":66},{"i":34,"j":65},{"i":64,"j":83},{"i":61,"j":84},{"i":57,"j":68},{"i":48,"j":81},{"i":44,"j":64},{"i":70,"j":73},{"i":36,"j":66},{"i":70,"j":94},{"i":73,"j":96},{"i":56,"j":90},{"i":37,"j":56},{"i":48,"j":76},{"i":13,"j":86},{"i":78,"j":85},{"i":60,"j":78},{"i":71,"j":82},{"i":44,"j":71},{"i":77,"j":78},{"i":60,"j":77},{"i":84,"j":102},{"i":63,"j":79},{"i":43,"j":63},{"i":80,"j":90},{"i":56,"j":74},{"i":58,"j":97},{"i":65,"j":67},{"i":77,"j":82},{"i":83,"j":89},{"i":71,"j":83},{"i":79,"j":88},{"i":91,"j":112},{"i":80,"j":86},{"i":75,"j":80},{"i":81,"j":95},{"i":72,"j":81},{"i":56,"j":87},{"i":79,"j":92},{"i":50,"j":79},{"i":89,"j":91},{"i":82,"j":89},{"i":87,"j":129},{"i":69,"j":102},{"i":76,"j":128},{"i":94,"j":108},{"i":93,"j":103},{"i":67,"j":93},{"i":76,"j":137},{"i":94,"j":96},{"i":96,"j":106},{"i":101,"j":116},{"i":92,"j":101},{"i":74,"j":99},{"i":84,"j":114},{"i":92,"j":99},{"i":72,"j":95},{"i":99,"j":125},{"i":68,"j":96},{"i":99,"j":104},{"i":118,"j":135},{"i":98,"j":126},{"i":87,"j":98},{"i":116,"j":147},{"i":93,"j":102},{"i":66,"j":115},{"i":92,"j":119},{"i":76,"j":86},{"i":97,"j":105},{"i":88,"j":97},{"i":57,"j":100},{"i":91,"j":107},{"i":82,"j":91},{"i":108,"j":121},{"i":106,"j":108},{"i":83,"j":109},{"i":106,"j":179},{"i":100,"j":106},{"i":42,"j":113},{"i":85,"j":113},{"i":42,"j":85},{"i":102,"j":132},{"i":110,"j":121},{"i":108,"j":110},{"i":104,"j":126},{"i":98,"j":104},{"i":109,"j":131},{"i":107,"j":117},{"i":113,"j":121},{"i":110,"j":113},{"i":119,"j":147},{"i":111,"j":114},{"i":95,"j":111},{"i":103,"j":123},{"i":67,"j":103},{"i":114,"j":118},{"i":101,"j":105},{"i":112,"j":120},{"i":107,"j":112},{"i":122,"j":133},{"i":117,"j":122},{"i":113,"j":117},{"i":102,"j":118},{"i":92,"j":116},{"i":115,"j":131},{"i":109,"j":115},{"i":113,"j":124},{"i":126,"j":130},{"i":124,"j":138},{"i":117,"j":141},{"i":122,"j":127},{"i":99,"j":119},{"i":128,"j":144},{"i":86,"j":149},{"i":126,"j":129},{"i":128,"j":136},{"i":125,"j":130},{"i":129,"j":152},{"i":124,"j":127},{"i":111,"j":136},{"i":134,"j":171},{"i":105,"j":134},{"i":120,"j":142},{"i":123,"j":158},{"i":127,"j":150},{"i":137,"j":149},{"i":136,"j":159},{"i":129,"j":145},{"i":90,"j":129},{"i":138,"j":140},{"i":121,"j":138},{"i":137,"j":139},{"i":128,"j":139},{"i":140,"j":179},{"i":131,"j":153},{"i":120,"j":131},{"i":133,"j":150},{"i":133,"j":154},{"i":140,"j":143},{"i":128,"j":161},{"i":135,"j":155},{"i":132,"j":135},{"i":130,"j":151},{"i":129,"j":130},{"i":132,"j":156},{"i":142,"j":153},{"i":145,"j":149},{"i":134,"j":147},{"i":131,"j":146},{"i":135,"j":159},{"i":123,"j":148},{"i":145,"j":157},{"i":141,"j":167},{"i":58,"j":184},{"i":125,"j":147},{"i":151,"j":152},{"i":152,"j":157},{"i":148,"j":156},{"i":146,"j":173},{"i":143,"j":150},{"i":142,"j":167},{"i":141,"j":142},{"i":149,"j":160},{"i":148,"j":166},{"i":157,"j":208},{"i":158,"j":164},{"i":144,"j":162},{"i":159,"j":162},{"i":155,"j":170},{"i":139,"j":160},{"i":156,"j":168},{"i":169,"j":178},{"i":158,"j":169},{"i":164,"j":178},{"i":146,"j":164},{"i":146,"j":165},{"i":158,"j":163},{"i":155,"j":168},{"i":153,"j":173},{"i":172,"j":175},{"i":163,"j":194},{"i":163,"j":166},{"i":177,"j":198},{"i":161,"j":191},{"i":144,"j":161},{"i":157,"j":176},{"i":149,"j":157},{"i":151,"j":192},{"i":165,"j":195},{"i":172,"j":174},{"i":143,"j":172},{"i":154,"j":177},{"i":150,"j":154},{"i":174,"j":182},{"i":154,"j":167},{"i":151,"j":180},{"i":160,"j":176},{"i":167,"j":187},{"i":175,"j":186},{"i":174,"j":175},{"i":188,"j":211},{"i":187,"j":190},{"i":181,"j":196},{"i":179,"j":189},{"i":100,"j":179},{"i":171,"j":183},{"i":183,"j":216},{"i":171,"j":184},{"i":58,"j":203},{"i":183,"j":185},{"i":173,"j":190},{"i":186,"j":199},{"i":168,"j":211},{"i":177,"j":200},{"i":161,"j":181},{"i":179,"j":182},{"i":182,"j":224},{"i":165,"j":178},{"i":176,"j":208},{"i":188,"j":194},{"i":166,"j":188},{"i":181,"j":208},{"i":191,"j":196},{"i":185,"j":192},{"i":147,"j":185},{"i":191,"j":193},{"i":162,"j":191},{"i":194,"j":202},{"i":178,"j":205},{"i":190,"j":195},{"i":170,"j":211},{"i":168,"j":170},{"i":192,"j":197},{"i":187,"j":200},{"i":202,"j":219},{"i":186,"j":212},{"i":182,"j":199},{"i":186,"j":198},{"i":194,"j":206},{"i":212,"j":232},{"i":193,"j":211},{"i":159,"j":193},{"i":201,"j":202},{"i":194,"j":201},{"i":203,"j":239},{"i":184,"j":216},{"i":204,"j":209},{"i":180,"j":234},{"i":169,"j":206},{"i":196,"j":204},{"i":207,"j":209},{"i":180,"j":197},{"i":196,"j":229},{"i":204,"j":208},{"i":197,"j":213},{"i":207,"j":221},{"i":196,"j":207},{"i":214,"j":222},{"i":195,"j":214},{"i":198,"j":223},{"i":220,"j":230},{"i":212,"j":215},{"i":180,"j":210},{"i":184,"j":203},{"i":215,"j":217},{"i":199,"j":215},{"i":217,"j":266},{"i":221,"j":259},{"i":219,"j":231},{"i":222,"j":233},{"i":208,"j":218},{"i":205,"j":228},{"i":220,"j":221},{"i":209,"j":220},{"i":205,"j":225},{"i":244,"j":262},{"i":223,"j":232},{"i":182,"j":217},{"i":189,"j":224},{"i":219,"j":228},{"i":206,"j":219},{"i":211,"j":231},{"i":201,"j":211},{"i":213,"j":227},{"i":210,"j":213},{"i":213,"j":240},{"i":218,"j":230},{"i":214,"j":225},{"i":218,"j":234},{"i":228,"j":244},{"i":210,"j":226},{"i":229,"j":249},{"i":228,"j":268},{"i":200,"j":233},{"i":234,"j":267},{"i":244,"j":258},{"i":237,"j":255},{"i":236,"j":244},{"i":235,"j":237},{"i":200,"j":235},{"i":236,"j":238},{"i":225,"j":236},{"i":277,"j":305},{"i":216,"j":240},{"i":216,"j":242},{"i":239,"j":283},{"i":239,"j":242},{"i":241,"j":243},{"i":233,"j":241},{"i":240,"j":284},{"i":230,"j":261},{"i":242,"j":245},{"i":238,"j":247},{"i":222,"j":238},{"i":231,"j":268},{"i":248,"j":251},{"i":231,"j":248},{"i":246,"j":254},{"i":241,"j":246},{"i":230,"j":265},{"i":237,"j":252},{"i":223,"j":237},{"i":258,"j":264},{"i":247,"j":258},{"i":263,"j":271},{"i":257,"j":263},{"i":250,"j":253},{"i":232,"j":250},{"i":253,"j":270},{"i":255,"j":260},{"i":252,"j":255},{"i":246,"j":247},{"i":256,"j":263},{"i":243,"j":260},{"i":235,"j":243},{"i":253,"j":256},{"i":232,"j":253},{"i":250,"j":252},{"i":256,"j":257},{"i":215,"j":256},{"i":254,"j":260},{"i":234,"j":265},{"i":260,"j":289},{"i":264,"j":275},{"i":231,"j":251},{"i":226,"j":267},{"i":248,"j":249},{"i":269,"j":281},{"i":250,"j":269},{"i":258,"j":275},{"i":259,"j":273},{"i":229,"j":259},{"i":217,"j":257},{"i":266,"j":276},{"i":259,"j":287},{"i":227,"j":284},{"i":226,"j":227},{"i":273,"j":287},{"i":283,"j":372},{"i":264,"j":272},{"i":269,"j":270},{"i":271,"j":294},{"i":270,"j":271},{"i":254,"j":295},{"i":269,"j":278},{"i":262,"j":275},{"i":252,"j":260},{"i":271,"j":274},{"i":275,"j":310},{"i":272,"j":288},{"i":249,"j":282},{"i":267,"j":292},{"i":276,"j":279},{"i":224,"j":276},{"i":266,"j":274},{"i":278,"j":294},{"i":278,"j":309},{"i":262,"j":268},{"i":273,"j":285},{"i":261,"j":287},{"i":245,"j":284},{"i":245,"j":283},{"i":286,"j":298},{"i":277,"j":286},{"i":282,"j":285},{"i":280,"j":282},{"i":286,"j":301},{"i":280,"j":308},{"i":251,"j":291},{"i":265,"j":292},{"i":251,"j":280},{"i":283,"j":334},{"i":254,"j":272},{"i":297,"j":314},{"i":294,"j":317},{"i":280,"j":300},{"i":288,"j":302},{"i":285,"j":287},{"i":290,"j":296},{"i":268,"j":290},{"i":267,"j":277},{"i":261,"j":292},{"i":281,"j":306},{"i":281,"j":289},{"i":290,"j":304},{"i":289,"j":295},{"i":291,"j":304},{"i":293,"j":297},{"i":287,"j":293},{"i":293,"j":315},{"i":294,"j":299},{"i":274,"j":294},{"i":288,"j":310},{"i":298,"j":303},{"i":284,"j":305},{"i":302,"j":312},{"i":295,"j":302},{"i":296,"j":310},{"i":275,"j":296},{"i":298,"j":322},{"i":285,"j":297},{"i":291,"j":300},{"i":301,"j":311},{"i":284,"j":330},{"i":298,"j":311},{"i":289,"j":316},{"i":283,"j":307},{"i":306,"j":309},{"i":292,"j":324},{"i":308,"j":327},{"i":311,"j":336},{"i":316,"j":346},{"i":293,"j":342},{"i":313,"j":326},{"i":308,"j":313},{"i":313,"j":314},{"i":292,"j":342},{"i":309,"j":323},{"i":279,"j":299},{"i":294,"j":325},{"i":317,"j":318},{"i":299,"j":317},{"i":323,"j":325},{"i":306,"j":343},{"i":292,"j":303},{"i":307,"j":320},{"i":315,"j":321},{"i":314,"j":315},{"i":322,"j":337},{"i":301,"j":305},{"i":318,"j":333},{"i":279,"j":318},{"i":319,"j":323},{"i":309,"j":319},{"i":306,"j":316},{"i":303,"j":322},{"i":313,"j":321},{"i":325,"j":353},{"i":326,"j":378},{"i":327,"j":331},{"i":326,"j":327},{"i":332,"j":348},{"i":310,"j":329},{"i":304,"j":332},{"i":329,"j":348},{"i":320,"j":330},{"i":329,"j":338},{"i":328,"j":329},{"i":300,"j":331},{"i":335,"j":344},{"i":317,"j":358},{"i":335,"j":362},{"i":307,"j":334},{"i":348,"j":357},{"i":312,"j":359},{"i":349,"j":361},{"i":336,"j":337},{"i":331,"j":347},{"i":320,"j":352},{"i":339,"j":340},{"i":330,"j":339},{"i":340,"j":341},{"i":305,"j":340},{"i":203,"j":372},{"i":324,"j":337},{"i":279,"j":333},{"i":316,"j":335},{"i":319,"j":375},{"i":312,"j":328},{"i":337,"j":361},{"i":328,"j":338},{"i":347,"j":348},{"i":332,"j":347},{"i":348,"j":363},{"i":305,"j":341},{"i":345,"j":350},{"i":334,"j":345},{"i":336,"j":361},{"i":339,"j":352},{"i":351,"j":356},{"i":341,"j":351},{"i":350,"j":352},{"i":346,"j":362},{"i":324,"j":349},{"i":355,"j":379},{"i":352,"j":355},{"i":354,"j":364},{"i":349,"j":354},{"i":357,"j":377},{"i":353,"j":358},{"i":354,"j":361},{"i":369,"j":391},{"i":362,"j":376},{"i":342,"j":366},{"i":360,"j":363},{"i":347,"j":360},{"i":321,"j":366},{"i":354,"j":370},{"i":366,"j":404},{"i":351,"j":355},{"i":362,"j":371},{"i":364,"j":366},{"i":394,"j":435},{"i":343,"j":375},{"i":361,"j":381},{"i":350,"j":368},{"i":371,"j":382},{"i":344,"j":371},{"i":356,"j":389},{"i":336,"j":356},{"i":367,"j":393},{"i":359,"j":376},{"i":346,"j":359},{"i":355,"j":368},{"i":345,"j":372},{"i":369,"j":377},{"i":357,"j":369},{"i":358,"j":367},{"i":384,"j":400},{"i":343,"j":344},{"i":375,"j":392},{"i":359,"j":408},{"i":377,"j":386},{"i":338,"j":377},{"i":366,"j":383},{"i":379,"j":394},{"i":384,"j":411},{"i":375,"j":380},{"i":353,"j":375},{"i":365,"j":385},{"i":356,"j":365},{"i":370,"j":381},{"i":367,"j":380},{"i":371,"j":420},{"i":364,"j":370},{"i":374,"j":384},{"i":358,"j":374},{"i":382,"j":392},{"i":365,"j":379},{"i":373,"j":395},{"i":360,"j":373},{"i":395,"j":401},{"i":333,"j":384},{"i":387,"j":414},{"i":279,"j":387},{"i":389,"j":417},{"i":388,"j":389},{"i":381,"j":389},{"i":378,"j":383},{"i":356,"j":402},{"i":396,"j":418},{"i":395,"j":396},{"i":376,"j":420},{"i":378,"j":396},{"i":373,"j":378},{"i":398,"j":410},{"i":392,"j":410},{"i":380,"j":398},{"i":385,"j":416},{"i":368,"j":419},{"i":386,"j":412},{"i":383,"j":418},{"i":397,"j":401},{"i":405,"j":426},{"i":406,"j":412},{"i":397,"j":399},{"i":363,"j":397},{"i":393,"j":403},{"i":374,"j":393},{"i":400,"j":414},{"i":387,"j":400},{"i":386,"j":391},{"i":390,"j":405},{"i":385,"j":390},{"i":393,"j":398},{"i":409,"j":430},{"i":399,"j":424},{"i":391,"j":399},{"i":388,"j":413},{"i":370,"j":388},{"i":390,"j":394},{"i":403,"j":411},{"i":411,"j":415},{"i":406,"j":408},{"i":359,"j":406},{"i":408,"j":420},{"i":399,"j":439},{"i":382,"j":428},{"i":407,"j":442},{"i":386,"j":409},{"i":402,"j":417},{"i":400,"j":407},{"i":423,"j":425},{"i":410,"j":422},{"i":403,"j":410},{"i":402,"j":458},{"i":417,"j":425},{"i":372,"j":419},{"i":407,"j":415},{"i":419,"j":421},{"i":419,"j":480},{"i":413,"j":425},{"i":404,"j":413},{"i":434,"j":443},{"i":427,"j":434},{"i":423,"j":434},{"i":416,"j":436},{"i":402,"j":416},{"i":427,"j":437},{"i":418,"j":427},{"i":405,"j":435},{"i":420,"j":432},{"i":404,"j":423},{"i":409,"j":424},{"i":428,"j":431},{"i":410,"j":431},{"i":429,"j":450},{"i":433,"j":446},{"i":429,"j":447},{"i":422,"j":429},{"i":420,"j":441},{"i":418,"j":437},{"i":421,"j":480},{"i":426,"j":436},{"i":394,"j":421},{"i":426,"j":435},{"i":402,"j":436},{"i":401,"j":433},{"i":439,"j":446},{"i":439,"j":440},{"i":412,"j":430},{"i":438,"j":441},{"i":420,"j":438},{"i":431,"j":461},{"i":429,"j":431},{"i":415,"j":422},{"i":437,"j":446},{"i":433,"j":437},{"i":434,"j":457},{"i":450,"j":461},{"i":424,"j":440},{"i":432,"j":453},{"i":428,"j":432},{"i":443,"j":465},{"i":437,"j":443},{"i":445,"j":449},{"i":430,"j":445},{"i":442,"j":447},{"i":432,"j":454},{"i":450,"j":451},{"i":457,"j":465},{"i":456,"j":498},{"i":435,"j":452},{"i":451,"j":476},{"i":447,"j":451},{"i":441,"j":455},{"i":453,"j":461},{"i":444,"j":460},{"i":438,"j":444},{"i":448,"j":457},{"i":434,"j":448},{"i":436,"j":498},{"i":460,"j":478},{"i":455,"j":460},{"i":402,"j":456},{"i":448,"j":468},{"i":456,"j":459},{"i":458,"j":510},{"i":454,"j":463},{"i":453,"j":454},{"i":467,"j":475},{"i":476,"j":514},{"i":454,"j":455},{"i":425,"j":471},{"i":467,"j":474},{"i":446,"j":473},{"i":445,"j":467},{"i":442,"j":479},{"i":414,"j":469},{"i":468,"j":486},{"i":464,"j":468},{"i":465,"j":473},{"i":470,"j":482},{"i":445,"j":470},{"i":466,"j":475},{"i":440,"j":466},{"i":470,"j":485},{"i":466,"j":492},{"i":444,"j":449},{"i":483,"j":500},{"i":473,"j":483},{"i":464,"j":487},{"i":457,"j":464},{"i":479,"j":491},{"i":472,"j":485},{"i":470,"j":472},{"i":476,"j":479},{"i":469,"j":479},{"i":477,"j":484},{"i":465,"j":477},{"i":452,"j":481},{"i":452,"j":495},{"i":452,"j":480},{"i":474,"j":505},{"i":472,"j":474},{"i":482,"j":488},{"i":449,"j":482},{"i":475,"j":505},{"i":486,"j":502},{"i":473,"j":500},{"i":468,"j":502},{"i":486,"j":487},{"i":488,"j":553},{"i":477,"j":487},{"i":478,"j":519},{"i":463,"j":493},{"i":462,"j":463},{"i":490,"j":496},{"i":469,"j":490},{"i":463,"j":499},{"i":488,"j":544},{"i":461,"j":538},{"i":469,"j":496},{"i":494,"j":496},{"i":484,"j":522},{"i":483,"j":484},{"i":481,"j":498},{"i":491,"j":507},{"i":490,"j":491},{"i":458,"j":459},{"i":471,"j":504},{"i":468,"j":471},{"i":497,"j":508},{"i":471,"j":497},{"i":491,"j":514},{"i":478,"j":488},{"i":502,"j":530},{"i":501,"j":502},{"i":492,"j":525},{"i":487,"j":489},{"i":498,"j":540},{"i":480,"j":503},{"i":459,"j":498},{"i":504,"j":517},{"i":523,"j":547},{"i":506,"j":511},{"i":458,"j":506},{"i":508,"j":517},{"i":504,"j":508},{"i":509,"j":675},{"i":494,"j":509},{"i":458,"j":511},{"i":503,"j":564},{"i":498,"j":516},{"i":507,"j":515},{"i":461,"j":462},{"i":516,"j":523},{"i":506,"j":516},{"i":503,"j":513},{"i":462,"j":493},{"i":512,"j":515},{"i":507,"j":512},{"i":512,"j":514},{"i":510,"j":528},{"i":497,"j":510},{"i":495,"j":529},{"i":481,"j":495},{"i":515,"j":518},{"i":496,"j":515},{"i":499,"j":519},{"i":536,"j":563},{"i":505,"j":521},{"i":501,"j":537},{"i":489,"j":501},{"i":482,"j":548},{"i":492,"j":500},{"i":499,"j":545},{"i":520,"j":524},{"i":511,"j":520},{"i":516,"j":547},{"i":524,"j":527},{"i":500,"j":539},{"i":522,"j":577},{"i":523,"j":526},{"i":527,"j":531},{"i":510,"j":527},{"i":528,"j":533},{"i":531,"j":552},{"i":528,"j":531},{"i":495,"j":513},{"i":517,"j":534},{"i":529,"j":568},{"i":489,"j":537},{"i":530,"j":537},{"i":533,"j":534},{"i":525,"j":549},{"i":537,"j":546},{"i":532,"j":537},{"i":493,"j":536},{"i":538,"j":550},{"i":535,"j":538},{"i":522,"j":532},{"i":498,"j":529},{"i":535,"j":541},{"i":514,"j":535},{"i":578,"j":584},{"i":560,"j":578},{"i":541,"j":542},{"i":526,"j":547},{"i":520,"j":526},{"i":543,"j":558},{"i":533,"j":543},{"i":542,"j":576},{"i":485,"j":557},{"i":545,"j":563},{"i":536,"j":545},{"i":544,"j":554},{"i":519,"j":544},{"i":530,"j":534},{"i":547,"j":556},{"i":525,"j":539},{"i":551,"j":557},{"i":521,"j":551},{"i":553,"j":573},{"i":538,"j":565},{"i":560,"j":584},{"i":549,"j":551},{"i":521,"j":549},{"i":553,"j":561},{"i":524,"j":556},{"i":545,"j":554},{"i":548,"j":553},{"i":550,"j":579},{"i":535,"j":550},{"i":540,"j":572},{"i":480,"j":583},{"i":547,"j":570},{"i":556,"j":560},{"i":546,"j":569},{"i":561,"j":573},{"i":552,"j":560},{"i":543,"j":552},{"i":558,"j":566},{"i":534,"j":558},{"i":548,"j":595},{"i":372,"j":629},{"i":544,"j":585},{"i":561,"j":562},{"i":554,"j":575},{"i":565,"j":582},{"i":547,"j":611},{"i":538,"j":563},{"i":541,"j":590},{"i":559,"j":567},{"i":546,"j":559},{"i":569,"j":577},{"i":532,"j":569},{"i":564,"j":568},{"i":513,"j":564},{"i":567,"j":569},{"i":560,"j":570},{"i":566,"j":574},{"i":559,"j":566},{"i":555,"j":572},{"i":540,"j":555},{"i":518,"j":571},{"i":509,"j":518},{"i":515,"j":542},{"i":574,"j":580},{"i":567,"j":574},{"i":555,"j":568},{"i":557,"j":581},{"i":562,"j":596},{"i":566,"j":600},{"i":586,"j":601},{"i":577,"j":586},{"i":544,"j":562},{"i":571,"j":593},{"i":509,"j":571},{"i":565,"j":579},{"i":575,"j":582},{"i":580,"j":586},{"i":570,"j":587},{"i":576,"j":588},{"i":563,"j":582},{"i":549,"j":598},{"i":576,"j":594},{"i":575,"j":591},{"i":568,"j":592},{"i":566,"j":584},{"i":579,"j":590},{"i":573,"j":596},{"i":581,"j":595},{"i":580,"j":602},{"i":588,"j":589},{"i":601,"j":617},{"i":589,"j":610},{"i":582,"j":597},{"i":579,"j":582},{"i":575,"j":585},{"i":564,"j":583},{"i":571,"j":589},{"i":589,"j":593},{"i":588,"j":594},{"i":593,"j":675},{"i":590,"j":608},{"i":591,"j":597},{"i":577,"j":598},{"i":539,"j":577},{"i":595,"j":596},{"i":581,"j":619},{"i":578,"j":587},{"i":600,"j":609},{"i":587,"j":603},{"i":586,"j":624},{"i":583,"j":629},{"i":598,"j":619},{"i":600,"j":613},{"i":596,"j":604},{"i":619,"j":680},{"i":591,"j":621},{"i":602,"j":624},{"i":599,"j":645},{"i":592,"j":606},{"i":606,"j":612},{"i":615,"j":641},{"i":608,"j":615},{"i":585,"j":604},{"i":599,"j":613},{"i":584,"j":599},{"i":608,"j":610},{"i":594,"j":608},{"i":615,"j":634},{"i":572,"j":606},{"i":613,"j":649},{"i":606,"j":614},{"i":611,"j":633},{"i":612,"j":614},{"i":611,"j":612},{"i":606,"j":628},{"i":613,"j":632},{"i":609,"j":613},{"i":614,"j":628},{"i":609,"j":624},{"i":602,"j":609},{"i":605,"j":631},{"i":604,"j":637},{"i":618,"j":623},{"i":597,"j":618},{"i":617,"j":619},{"i":592,"j":607},{"i":583,"j":620},{"i":618,"j":644},{"i":595,"j":605},{"i":629,"j":650},{"i":624,"j":648},{"i":619,"j":631},{"i":605,"j":619},{"i":622,"j":640},{"i":607,"j":635},{"i":599,"j":603},{"i":623,"j":627},{"i":590,"j":623},{"i":621,"j":644},{"i":616,"j":635},{"i":607,"j":616},{"i":626,"j":638},{"i":611,"j":626},{"i":616,"j":636},{"i":610,"j":615},{"i":630,"j":675},{"i":593,"j":630},{"i":624,"j":632},{"i":608,"j":627},{"i":634,"j":647},{"i":630,"j":634},{"i":642,"j":661},{"i":620,"j":636},{"i":635,"j":642},{"i":629,"j":636},{"i":620,"j":629},{"i":622,"j":639},{"i":604,"j":622},{"i":603,"j":633},{"i":628,"j":646},{"i":626,"j":628},{"i":625,"j":640},{"i":595,"j":625},{"i":639,"j":654},{"i":631,"j":651},{"i":625,"j":631},{"i":621,"j":637},{"i":633,"j":656},{"i":635,"j":650},{"i":638,"j":668},{"i":643,"j":659},{"i":641,"j":653},{"i":643,"j":644},{"i":637,"j":643},{"i":633,"j":638},{"i":628,"j":642},{"i":641,"j":647},{"i":647,"j":658},{"i":632,"j":655},{"i":601,"j":648},{"i":613,"j":645},{"i":636,"j":650},{"i":651,"j":665},{"i":640,"j":664},{"i":644,"j":663},{"i":627,"j":644},{"i":653,"j":662},{"i":652,"j":654},{"i":639,"j":652},{"i":660,"j":669},{"i":655,"j":660},{"i":654,"j":659},{"i":649,"j":655},{"i":655,"j":657},{"i":665,"j":687},{"i":674,"j":684},{"i":640,"j":651},{"i":659,"j":673},{"i":656,"j":666},{"i":645,"j":656},{"i":650,"j":661},{"i":658,"j":677},{"i":658,"j":662},{"i":659,"j":663},{"i":673,"j":697},{"i":631,"j":676},{"i":664,"j":689},{"i":657,"j":672},{"i":648,"j":657},{"i":664,"j":667},{"i":646,"j":671},{"i":638,"j":646},{"i":668,"j":683},{"i":656,"j":668},{"i":666,"j":670},{"i":649,"j":666},{"i":672,"j":682},{"i":669,"j":681},{"i":661,"j":671},{"i":669,"j":690},{"i":663,"j":679},{"i":661,"j":694},{"i":672,"j":674},{"i":679,"j":686},{"i":653,"j":679},{"i":676,"j":678},{"i":677,"j":698},{"i":675,"j":677},{"i":673,"j":685},{"i":667,"j":691},{"i":652,"j":667},{"i":617,"j":674},{"i":660,"j":670},{"i":681,"j":682},{"i":683,"j":694},{"i":681,"j":684},{"i":671,"j":683},{"i":668,"j":671},{"i":682,"j":684},{"i":678,"j":687},{"i":665,"j":678},{"i":685,"j":695},{"i":685,"j":686},{"i":694,"j":696},{"i":676,"j":680},{"i":687,"j":696},{"i":683,"j":688},{"i":673,"j":699},{"i":687,"j":689},{"i":689,"j":699},{"i":695,"j":697},{"i":689,"j":691},{"i":684,"j":693},{"i":692,"j":696},{"i":680,"j":692},{"i":690,"j":693},{"i":681,"j":690},{"i":690,"j":694},{"i":688,"j":694},{"i":670,"j":688},{"i":686,"j":695},{"i":662,"j":686},{"i":693,"j":696},{"i":692,"j":693},{"i":691,"j":699},{"i":697,"j":699},{"i":695,"j":698},{"i":696,"j":699},{"i":0,"j":2},{"i":2,"j":16},{"i":16,"j":29},{"i":29,"j":57},{"i":57,"j":189},{"i":189,"j":279},{"i":279,"j":414},{"i":414,"j":494},{"i":494,"j":675},{"i":675,"j":698},{"i":698,"j":699}],"type":"Solution"}