{"instance_name":"uniform-0000500-2","edges":[{"i":0,"j":3},{"i":7,"j":25},{"i":0,"j":2},{"i":1,"j":2},{"i":3,"j":8},{"i":2,"j":3},{"i":4,"j":6},{"i":0,"j":4},{"i":4,"j":13},{"i":9,"j":24},{"i":3,"j":10},{"i":6,"j":18},{"i":0,"j":6},{"i":8,"j":9},{"i":11,"j":22},{"i":5,"j":11},{"i":15,"j":20},{"i":7,"j":17},{"i":5,"j":7},{"i":1,"j":16},{"i":9,"j":15},{"i":1,"j":9},{"i":12,"j":41},{"i":1,"j":12},{"i":4,"j":14},{"i":4,"j":5},{"i":19,"j":32},{"i":10,"j":19},{"i":12,"j":53},{"i":6,"j":13},{"i":8,"j":10},{"i":18,"j":19},{"i":15,"j":36},{"i":21,"j":34},{"i":13,"j":21},{"i":16,"j":49},{"i":14,"j":23},{"i":19,"j":40},{"i":11,"j":29},{"i":14,"j":30},{"i":15,"j":43},{"i":18,"j":38},{"i":22,"j":27},{"i":11,"j":17},{"i":26,"j":50},{"i":6,"j":26},{"i":14,"j":39},{"i":24,"j":66},{"i":25,"j":29},{"i":17,"j":25},{"i":30,"j":54},{"i":27,"j":33},{"i":4,"j":27},{"i":30,"j":31},{"i":18,"j":52},{"i":29,"j":58},{"i":23,"j":72},{"i":21,"j":23},{"i":22,"j":42},{"i":37,"j":65},{"i":34,"j":37},{"i":33,"j":35},{"i":24,"j":43},{"i":20,"j":36},{"i":28,"j":45},{"i":6,"j":28},{"i":38,"j":44},{"i":35,"j":39},{"i":14,"j":35},{"i":19,"j":44},{"i":40,"j":47},{"i":20,"j":48},{"i":16,"j":20},{"i":33,"j":74},{"i":26,"j":37},{"i":32,"j":55},{"i":28,"j":50},{"i":40,"j":51},{"i":31,"j":60},{"i":23,"j":31},{"i":42,"j":61},{"i":44,"j":51},{"i":43,"j":69},{"i":49,"j":53},{"i":30,"j":56},{"i":45,"j":52},{"i":47,"j":57},{"i":32,"j":47},{"i":45,"j":63},{"i":49,"j":100},{"i":53,"j":64},{"i":45,"j":68},{"i":39,"j":56},{"i":51,"j":76},{"i":61,"j":74},{"i":55,"j":92},{"i":54,"j":60},{"i":48,"j":100},{"i":38,"j":81},{"i":60,"j":101},{"i":42,"j":46},{"i":46,"j":71},{"i":25,"j":59},{"i":60,"j":78},{"i":58,"j":62},{"i":58,"j":83},{"i":34,"j":75},{"i":62,"j":103},{"i":24,"j":55},{"i":64,"j":67},{"i":55,"j":57},{"i":67,"j":86},{"i":41,"j":67},{"i":66,"j":69},{"i":65,"j":68},{"i":50,"j":65},{"i":69,"j":84},{"i":69,"j":70},{"i":36,"j":69},{"i":69,"j":98},{"i":63,"j":79},{"i":62,"j":71},{"i":46,"j":62},{"i":59,"j":105},{"i":73,"j":77},{"i":61,"j":73},{"i":71,"j":73},{"i":72,"j":75},{"i":57,"j":76},{"i":63,"j":80},{"i":68,"j":80},{"i":56,"j":91},{"i":56,"j":74},{"i":80,"j":87},{"i":79,"j":80},{"i":75,"j":85},{"i":79,"j":81},{"i":52,"j":79},{"i":82,"j":94},{"i":55,"j":82},{"i":72,"j":78},{"i":76,"j":107},{"i":70,"j":111},{"i":48,"j":70},{"i":78,"j":101},{"i":64,"j":100},{"i":85,"j":121},{"i":65,"j":85},{"i":77,"j":90},{"i":74,"j":77},{"i":88,"j":89},{"i":72,"j":88},{"i":73,"j":95},{"i":81,"j":127},{"i":90,"j":91},{"i":59,"j":119},{"i":66,"j":99},{"i":82,"j":93},{"i":104,"j":126},{"i":87,"j":104},{"i":54,"j":91},{"i":88,"j":101},{"i":60,"j":102},{"i":92,"j":99},{"i":87,"j":127},{"i":97,"j":98},{"i":69,"j":97},{"i":92,"j":94},{"i":98,"j":106},{"i":93,"j":113},{"i":84,"j":111},{"i":100,"j":116},{"i":97,"j":122},{"i":85,"j":89},{"i":96,"j":115},{"i":89,"j":96},{"i":91,"j":128},{"i":102,"j":128},{"i":62,"j":83},{"i":101,"j":110},{"i":96,"j":101},{"i":102,"j":109},{"i":95,"j":114},{"i":90,"j":95},{"i":83,"j":105},{"i":97,"j":99},{"i":113,"j":118},{"i":94,"j":113},{"i":84,"j":106},{"i":107,"j":113},{"i":93,"j":107},{"i":103,"j":114},{"i":107,"j":108},{"i":109,"j":133},{"i":101,"j":109},{"i":106,"j":154},{"i":111,"j":112},{"i":125,"j":136},{"i":112,"j":124},{"i":100,"j":112},{"i":108,"j":134},{"i":96,"j":117},{"i":96,"j":110},{"i":116,"j":120},{"i":86,"j":116},{"i":110,"j":133},{"i":115,"j":121},{"i":106,"j":122},{"i":121,"j":132},{"i":104,"j":121},{"i":105,"j":125},{"i":103,"j":105},{"i":86,"j":120},{"i":118,"j":123},{"i":99,"j":118},{"i":126,"j":129},{"i":111,"j":130},{"i":113,"j":145},{"i":111,"j":153},{"i":120,"j":124},{"i":105,"j":119},{"i":115,"j":137},{"i":128,"j":140},{"i":114,"j":140},{"i":123,"j":139},{"i":130,"j":131},{"i":131,"j":143},{"i":124,"j":131},{"i":108,"j":127},{"i":115,"j":149},{"i":132,"j":144},{"i":128,"j":133},{"i":129,"j":152},{"i":127,"j":129},{"i":132,"j":162},{"i":115,"j":117},{"i":125,"j":135},{"i":114,"j":148},{"i":133,"j":149},{"i":117,"j":133},{"i":132,"j":137},{"i":136,"j":138},{"i":135,"j":136},{"i":123,"j":146},{"i":134,"j":145},{"i":135,"j":148},{"i":139,"j":141},{"i":162,"j":179},{"i":148,"j":189},{"i":119,"j":142},{"i":130,"j":156},{"i":143,"j":190},{"i":120,"j":143},{"i":141,"j":150},{"i":122,"j":141},{"i":145,"j":146},{"i":123,"j":145},{"i":146,"j":151},{"i":144,"j":147},{"i":126,"j":144},{"i":140,"j":176},{"i":135,"j":180},{"i":154,"j":173},{"i":153,"j":154},{"i":150,"j":154},{"i":129,"j":165},{"i":152,"j":160},{"i":134,"j":152},{"i":151,"j":157},{"i":139,"j":151},{"i":149,"j":155},{"i":153,"j":156},{"i":158,"j":167},{"i":143,"j":156},{"i":150,"j":161},{"i":157,"j":161},{"i":159,"j":163},{"i":154,"j":159},{"i":157,"j":166},{"i":129,"j":147},{"i":158,"j":166},{"i":145,"j":158},{"i":161,"j":168},{"i":159,"j":161},{"i":155,"j":162},{"i":137,"j":155},{"i":163,"j":164},{"i":154,"j":163},{"i":164,"j":171},{"i":158,"j":160},{"i":160,"j":172},{"i":170,"j":174},{"i":165,"j":170},{"i":168,"j":210},{"i":171,"j":178},{"i":168,"j":187},{"i":148,"j":176},{"i":165,"j":175},{"i":170,"j":188},{"i":164,"j":168},{"i":173,"j":178},{"i":171,"j":173},{"i":172,"j":181},{"i":167,"j":172},{"i":174,"j":188},{"i":147,"j":169},{"i":169,"j":195},{"i":135,"j":138},{"i":173,"j":177},{"i":166,"j":203},{"i":172,"j":174},{"i":175,"j":195},{"i":175,"j":188},{"i":191,"j":208},{"i":142,"j":182},{"i":138,"j":142},{"i":177,"j":183},{"i":156,"j":177},{"i":180,"j":185},{"i":184,"j":192},{"i":176,"j":184},{"i":180,"j":182},{"i":155,"j":192},{"i":188,"j":196},{"i":181,"j":188},{"i":181,"j":204},{"i":187,"j":201},{"i":179,"j":195},{"i":169,"j":179},{"i":185,"j":189},{"i":183,"j":190},{"i":185,"j":191},{"i":186,"j":202},{"i":179,"j":186},{"i":189,"j":199},{"i":192,"j":207},{"i":186,"j":192},{"i":197,"j":244},{"i":190,"j":197},{"i":178,"j":187},{"i":194,"j":216},{"i":188,"j":200},{"i":190,"j":281},{"i":120,"j":190},{"i":183,"j":194},{"i":189,"j":191},{"i":142,"j":223},{"i":189,"j":198},{"i":193,"j":209},{"i":204,"j":219},{"i":203,"j":204},{"i":167,"j":204},{"i":194,"j":201},{"i":193,"j":206},{"i":184,"j":193},{"i":202,"j":211},{"i":196,"j":204},{"i":203,"j":210},{"i":196,"j":212},{"i":211,"j":218},{"i":202,"j":205},{"i":202,"j":228},{"i":192,"j":206},{"i":198,"j":217},{"i":182,"j":208},{"i":199,"j":225},{"i":193,"j":199},{"i":209,"j":232},{"i":195,"j":214},{"i":212,"j":219},{"i":207,"j":215},{"i":202,"j":207},{"i":200,"j":213},{"i":196,"j":200},{"i":142,"j":296},{"i":212,"j":248},{"i":205,"j":220},{"i":195,"j":205},{"i":206,"j":232},{"i":220,"j":229},{"i":198,"j":208},{"i":213,"j":234},{"i":211,"j":228},{"i":213,"j":214},{"i":218,"j":220},{"i":216,"j":251},{"i":225,"j":239},{"i":214,"j":229},{"i":199,"j":217},{"i":217,"j":222},{"i":208,"j":247},{"i":221,"j":245},{"i":201,"j":221},{"i":210,"j":233},{"i":225,"j":238},{"i":209,"j":225},{"i":216,"j":231},{"i":223,"j":296},{"i":227,"j":242},{"i":215,"j":256},{"i":218,"j":243},{"i":231,"j":240},{"i":226,"j":231},{"i":210,"j":236},{"i":197,"j":226},{"i":234,"j":242},{"i":224,"j":245},{"i":221,"j":224},{"i":213,"j":227},{"i":234,"j":235},{"i":227,"j":229},{"i":219,"j":241},{"i":230,"j":233},{"i":215,"j":264},{"i":222,"j":239},{"i":219,"j":262},{"i":228,"j":259},{"i":241,"j":246},{"i":236,"j":241},{"i":243,"j":255},{"i":229,"j":243},{"i":242,"j":248},{"i":238,"j":254},{"i":237,"j":238},{"i":240,"j":244},{"i":226,"j":240},{"i":252,"j":296},{"i":240,"j":251},{"i":236,"j":246},{"i":233,"j":236},{"i":245,"j":257},{"i":235,"j":248},{"i":212,"j":235},{"i":239,"j":254},{"i":208,"j":250},{"i":230,"j":260},{"i":224,"j":230},{"i":242,"j":253},{"i":247,"j":249},{"i":247,"j":276},{"i":208,"j":223},{"i":244,"j":281},{"i":216,"j":245},{"i":223,"j":252},{"i":239,"j":269},{"i":253,"j":258},{"i":249,"j":263},{"i":222,"j":249},{"i":232,"j":237},{"i":215,"j":267},{"i":253,"j":255},{"i":256,"j":273},{"i":232,"j":267},{"i":233,"j":278},{"i":246,"j":280},{"i":264,"j":272},{"i":258,"j":277},{"i":248,"j":277},{"i":228,"j":256},{"i":261,"j":284},{"i":257,"j":261},{"i":251,"j":257},{"i":257,"j":284},{"i":257,"j":260},{"i":248,"j":270},{"i":255,"j":275},{"i":250,"j":276},{"i":259,"j":271},{"i":254,"j":268},{"i":267,"j":282},{"i":252,"j":266},{"i":265,"j":267},{"i":237,"j":265},{"i":276,"j":303},{"i":263,"j":269},{"i":267,"j":272},{"i":255,"j":283},{"i":275,"j":289},{"i":272,"j":290},{"i":274,"j":316},{"i":264,"j":279},{"i":262,"j":270},{"i":271,"j":283},{"i":255,"j":271},{"i":265,"j":268},{"i":250,"j":266},{"i":274,"j":280},{"i":262,"j":274},{"i":258,"j":275},{"i":262,"j":280},{"i":270,"j":301},{"i":260,"j":305},{"i":240,"j":261},{"i":273,"j":287},{"i":259,"j":273},{"i":277,"j":312},{"i":280,"j":295},{"i":273,"j":279},{"i":276,"j":285},{"i":263,"j":276},{"i":285,"j":286},{"i":269,"j":285},{"i":268,"j":286},{"i":282,"j":290},{"i":283,"j":311},{"i":283,"j":289},{"i":283,"j":294},{"i":290,"j":292},{"i":279,"j":290},{"i":290,"j":308},{"i":289,"j":294},{"i":291,"j":299},{"i":282,"j":291},{"i":285,"j":293},{"i":287,"j":311},{"i":301,"j":316},{"i":280,"j":288},{"i":303,"j":313},{"i":266,"j":298},{"i":297,"j":310},{"i":296,"j":298},{"i":299,"j":307},{"i":293,"j":306},{"i":286,"j":293},{"i":299,"j":300},{"i":307,"j":320},{"i":278,"j":295},{"i":278,"j":305},{"i":306,"j":320},{"i":276,"j":297},{"i":302,"j":304},{"i":284,"j":302},{"i":302,"j":324},{"i":305,"j":323},{"i":302,"j":305},{"i":295,"j":322},{"i":293,"j":314},{"i":306,"j":307},{"i":291,"j":306},{"i":300,"j":309},{"i":290,"j":300},{"i":292,"j":330},{"i":287,"j":292},{"i":292,"j":342},{"i":297,"j":315},{"i":306,"j":314},{"i":294,"j":325},{"i":312,"j":318},{"i":306,"j":326},{"i":310,"j":313},{"i":303,"j":310},{"i":311,"j":317},{"i":313,"j":314},{"i":314,"j":328},{"i":301,"j":318},{"i":288,"j":335},{"i":308,"j":332},{"i":312,"j":325},{"i":318,"j":341},{"i":281,"j":304},{"i":304,"j":319},{"i":318,"j":348},{"i":317,"j":325},{"i":320,"j":321},{"i":323,"j":336},{"i":322,"j":353},{"i":319,"j":324},{"i":281,"j":319},{"i":322,"j":329},{"i":317,"j":351},{"i":308,"j":309},{"i":313,"j":328},{"i":296,"j":327},{"i":315,"j":340},{"i":309,"j":321},{"i":316,"j":334},{"i":335,"j":360},{"i":309,"j":337},{"i":327,"j":331},{"i":298,"j":327},{"i":327,"j":339},{"i":326,"j":350},{"i":325,"j":349},{"i":326,"j":328},{"i":337,"j":343},{"i":347,"j":408},{"i":288,"j":334},{"i":335,"j":344},{"i":329,"j":338},{"i":323,"j":329},{"i":336,"j":355},{"i":324,"j":336},{"i":321,"j":333},{"i":329,"j":359},{"i":315,"j":331},{"i":340,"j":352},{"i":332,"j":342},{"i":363,"j":372},{"i":341,"j":356},{"i":334,"j":341},{"i":330,"j":351},{"i":337,"j":377},{"i":344,"j":360},{"i":348,"j":349},{"i":328,"j":340},{"i":345,"j":350},{"i":328,"j":345},{"i":339,"j":346},{"i":331,"j":339},{"i":346,"j":352},{"i":327,"j":347},{"i":333,"j":377},{"i":348,"j":354},{"i":330,"j":364},{"i":350,"j":372},{"i":351,"j":358},{"i":344,"j":353},{"i":334,"j":360},{"i":354,"j":373},{"i":338,"j":370},{"i":336,"j":338},{"i":352,"j":372},{"i":345,"j":352},{"i":354,"j":356},{"i":356,"j":360},{"i":343,"j":362},{"i":332,"j":343},{"i":357,"j":358},{"i":351,"j":357},{"i":358,"j":361},{"i":349,"j":358},{"i":359,"j":370},{"i":353,"j":368},{"i":333,"j":350},{"i":362,"j":371},{"i":342,"j":371},{"i":355,"j":365},{"i":374,"j":389},{"i":365,"j":401},{"i":319,"j":365},{"i":363,"j":367},{"i":333,"j":363},{"i":366,"j":370},{"i":359,"j":366},{"i":361,"j":373},{"i":347,"j":369},{"i":346,"j":347},{"i":370,"j":379},{"i":355,"j":370},{"i":366,"j":368},{"i":357,"j":364},{"i":362,"j":394},{"i":369,"j":372},{"i":382,"j":390},{"i":372,"j":374},{"i":360,"j":380},{"i":371,"j":376},{"i":364,"j":371},{"i":367,"j":383},{"i":373,"j":380},{"i":356,"j":373},{"i":370,"j":388},{"i":379,"j":401},{"i":368,"j":378},{"i":375,"j":381},{"i":361,"j":375},{"i":378,"j":395},{"i":375,"j":392},{"i":382,"j":385},{"i":377,"j":385},{"i":367,"j":374},{"i":381,"j":386},{"i":373,"j":381},{"i":382,"j":384},{"i":362,"j":382},{"i":376,"j":392},{"i":375,"j":376},{"i":376,"j":403},{"i":398,"j":407},{"i":397,"j":398},{"i":385,"j":393},{"i":369,"j":387},{"i":388,"j":395},{"i":379,"j":388},{"i":389,"j":393},{"i":383,"j":389},{"i":383,"j":393},{"i":384,"j":394},{"i":393,"j":410},{"i":390,"j":393},{"i":390,"j":399},{"i":384,"j":390},{"i":394,"j":400},{"i":380,"j":398},{"i":387,"j":396},{"i":374,"j":387},{"i":399,"j":405},{"i":397,"j":411},{"i":378,"j":397},{"i":386,"j":423},{"i":394,"j":405},{"i":400,"j":433},{"i":411,"j":430},{"i":401,"j":418},{"i":401,"j":412},{"i":319,"j":401},{"i":387,"j":416},{"i":376,"j":400},{"i":406,"j":417},{"i":399,"j":406},{"i":391,"j":415},{"i":389,"j":391},{"i":423,"j":428},{"i":405,"j":433},{"i":404,"j":406},{"i":399,"j":404},{"i":386,"j":409},{"i":407,"j":409},{"i":396,"j":415},{"i":391,"j":396},{"i":396,"j":422},{"i":404,"j":442},{"i":407,"j":420},{"i":395,"j":414},{"i":412,"j":474},{"i":281,"j":412},{"i":408,"j":413},{"i":411,"j":414},{"i":392,"j":432},{"i":387,"j":402},{"i":415,"j":440},{"i":410,"j":415},{"i":396,"j":416},{"i":404,"j":445},{"i":403,"j":434},{"i":414,"j":418},{"i":414,"j":439},{"i":413,"j":419},{"i":402,"j":413},{"i":408,"j":425},{"i":419,"j":421},{"i":402,"j":419},{"i":421,"j":438},{"i":416,"j":421},{"i":420,"j":430},{"i":419,"j":424},{"i":327,"j":426},{"i":327,"j":425},{"i":425,"j":426},{"i":423,"j":429},{"i":426,"j":441},{"i":423,"j":427},{"i":417,"j":433},{"i":430,"j":450},{"i":414,"j":437},{"i":418,"j":431},{"i":412,"j":431},{"i":427,"j":460},{"i":429,"j":457},{"i":409,"j":429},{"i":422,"j":440},{"i":403,"j":433},{"i":424,"j":426},{"i":414,"j":430},{"i":437,"j":456},{"i":436,"j":454},{"i":414,"j":436},{"i":420,"j":450},{"i":436,"j":456},{"i":424,"j":435},{"i":404,"j":410},{"i":437,"j":439},{"i":441,"j":443},{"i":435,"j":441},{"i":443,"j":465},{"i":428,"j":432},{"i":440,"j":445},{"i":442,"j":458},{"i":417,"j":442},{"i":422,"j":449},{"i":452,"j":465},{"i":443,"j":447},{"i":435,"j":443},{"i":445,"j":472},{"i":438,"j":449},{"i":442,"j":472},{"i":434,"j":453},{"i":432,"j":434},{"i":441,"j":490},{"i":456,"j":471},{"i":438,"j":447},{"i":457,"j":461},{"i":444,"j":456},{"i":439,"j":444},{"i":459,"j":475},{"i":454,"j":455},{"i":431,"j":455},{"i":455,"j":470},{"i":427,"j":428},{"i":446,"j":448},{"i":432,"j":453},{"i":453,"j":462},{"i":457,"j":466},{"i":444,"j":450},{"i":459,"j":468},{"i":457,"j":459},{"i":451,"j":464},{"i":433,"j":451},{"i":458,"j":464},{"i":451,"j":458},{"i":452,"j":463},{"i":447,"j":452},{"i":446,"j":480},{"i":440,"j":446},{"i":448,"j":497},{"i":460,"j":473},{"i":459,"j":460},{"i":477,"j":486},{"i":456,"j":469},{"i":467,"j":470},{"i":450,"j":476},{"i":460,"j":462},{"i":450,"j":461},{"i":454,"j":477},{"i":470,"j":481},{"i":461,"j":487},{"i":473,"j":485},{"i":448,"j":449},{"i":464,"j":479},{"i":467,"j":474},{"i":431,"j":467},{"i":473,"j":475},{"i":478,"j":483},{"i":464,"j":478},{"i":466,"j":487},{"i":469,"j":486},{"i":471,"j":484},{"i":469,"j":471},{"i":468,"j":492},{"i":466,"j":468},{"i":472,"j":478},{"i":479,"j":489},{"i":463,"j":494},{"i":449,"j":463},{"i":477,"j":481},{"i":488,"j":499},{"i":479,"j":482},{"i":462,"j":479},{"i":482,"j":485},{"i":473,"j":482},{"i":472,"j":491},{"i":476,"j":496},{"i":476,"j":493},{"i":471,"j":476},{"i":481,"j":486},{"i":474,"j":481},{"i":484,"j":486},{"i":486,"j":498},{"i":474,"j":486},{"i":475,"j":492},{"i":485,"j":492},{"i":483,"j":488},{"i":488,"j":489},{"i":480,"j":491},{"i":465,"j":490},{"i":480,"j":499},{"i":491,"j":499},{"i":483,"j":491},{"i":489,"j":492},{"i":493,"j":495},{"i":484,"j":493},{"i":490,"j":494},{"i":490,"j":499},{"i":487,"j":496},{"i":495,"j":498},{"i":486,"j":495},{"i":492,"j":496},{"i":487,"j":492},{"i":494,"j":497},{"i":496,"j":498},{"i":497,"j":499},{"i":0,"j":1},{"i":1,"j":41},{"i":41,"j":86},{"i":86,"j":281},{"i":281,"j":474},{"i":474,"j":498},{"i":496,"j":499}],"type":"Solution"}