{"instance_name":"uniform-0000700-2","edges":[{"i":1,"j":23},{"i":0,"j":8},{"i":2,"j":5},{"i":2,"j":3},{"i":0,"j":2},{"i":0,"j":1},{"i":3,"j":4},{"i":1,"j":15},{"i":3,"j":6},{"i":3,"j":14},{"i":6,"j":10},{"i":4,"j":6},{"i":8,"j":26},{"i":6,"j":22},{"i":9,"j":10},{"i":3,"j":5},{"i":11,"j":21},{"i":6,"j":11},{"i":5,"j":13},{"i":13,"j":17},{"i":12,"j":13},{"i":3,"j":12},{"i":14,"j":20},{"i":11,"j":14},{"i":2,"j":19},{"i":1,"j":36},{"i":2,"j":42},{"i":34,"j":54},{"i":2,"j":8},{"i":17,"j":35},{"i":12,"j":17},{"i":0,"j":30},{"i":9,"j":32},{"i":4,"j":9},{"i":6,"j":25},{"i":15,"j":27},{"i":7,"j":15},{"i":35,"j":84},{"i":0,"j":7},{"i":27,"j":31},{"i":7,"j":27},{"i":20,"j":29},{"i":11,"j":20},{"i":1,"j":16},{"i":2,"j":55},{"i":10,"j":22},{"i":15,"j":36},{"i":10,"j":45},{"i":34,"j":46},{"i":36,"j":57},{"i":19,"j":42},{"i":18,"j":19},{"i":29,"j":33},{"i":25,"j":37},{"i":39,"j":73},{"i":25,"j":34},{"i":2,"j":24},{"i":35,"j":39},{"i":28,"j":32},{"i":25,"j":43},{"i":22,"j":37},{"i":38,"j":41},{"i":14,"j":38},{"i":26,"j":44},{"i":24,"j":26},{"i":39,"j":40},{"i":41,"j":50},{"i":20,"j":41},{"i":31,"j":57},{"i":30,"j":31},{"i":21,"j":33},{"i":6,"j":21},{"i":37,"j":51},{"i":39,"j":70},{"i":45,"j":68},{"i":40,"j":50},{"i":38,"j":40},{"i":44,"j":53},{"i":24,"j":44},{"i":43,"j":56},{"i":47,"j":49},{"i":30,"j":47},{"i":49,"j":76},{"i":44,"j":49},{"i":42,"j":79},{"i":61,"j":69},{"i":43,"j":94},{"i":48,"j":71},{"i":45,"j":48},{"i":33,"j":60},{"i":52,"j":54},{"i":21,"j":52},{"i":54,"j":83},{"i":54,"j":64},{"i":53,"j":55},{"i":48,"j":51},{"i":47,"j":63},{"i":60,"j":69},{"i":16,"j":23},{"i":50,"j":69},{"i":29,"j":50},{"i":43,"j":46},{"i":59,"j":62},{"i":52,"j":59},{"i":55,"j":67},{"i":60,"j":61},{"i":59,"j":60},{"i":61,"j":62},{"i":58,"j":97},{"i":52,"j":62},{"i":53,"j":78},{"i":23,"j":58},{"i":18,"j":84},{"i":17,"j":18},{"i":63,"j":76},{"i":56,"j":71},{"i":51,"j":56},{"i":32,"j":68},{"i":50,"j":87},{"i":46,"j":64},{"i":47,"j":57},{"i":68,"j":88},{"i":72,"j":74},{"i":28,"j":72},{"i":70,"j":77},{"i":65,"j":97},{"i":72,"j":88},{"i":74,"j":135},{"i":28,"j":74},{"i":65,"j":75},{"i":16,"j":65},{"i":66,"j":82},{"i":57,"j":66},{"i":89,"j":109},{"i":79,"j":81},{"i":76,"j":78},{"i":67,"j":81},{"i":42,"j":67},{"i":92,"j":126},{"i":77,"j":80},{"i":50,"j":80},{"i":79,"j":84},{"i":67,"j":99},{"i":78,"j":85},{"i":66,"j":92},{"i":62,"j":100},{"i":89,"j":98},{"i":88,"j":105},{"i":98,"j":102},{"i":76,"j":95},{"i":80,"j":89},{"i":77,"j":109},{"i":83,"j":113},{"i":88,"j":90},{"i":64,"j":113},{"i":70,"j":73},{"i":90,"j":105},{"i":74,"j":90},{"i":69,"j":87},{"i":85,"j":99},{"i":82,"j":93},{"i":63,"j":82},{"i":93,"j":124},{"i":84,"j":103},{"i":94,"j":104},{"i":93,"j":95},{"i":92,"j":96},{"i":86,"j":111},{"i":79,"j":86},{"i":75,"j":119},{"i":66,"j":75},{"i":84,"j":114},{"i":97,"j":115},{"i":85,"j":95},{"i":87,"j":101},{"i":114,"j":127},{"i":106,"j":134},{"i":98,"j":132},{"i":104,"j":106},{"i":71,"j":104},{"i":99,"j":122},{"i":91,"j":100},{"i":94,"j":110},{"i":91,"j":113},{"i":83,"j":91},{"i":88,"j":112},{"i":106,"j":112},{"i":105,"j":135},{"i":101,"j":139},{"i":103,"j":108},{"i":97,"j":107},{"i":81,"j":122},{"i":110,"j":133},{"i":58,"j":200},{"i":100,"j":121},{"i":101,"j":121},{"i":108,"j":118},{"i":73,"j":108},{"i":106,"j":130},{"i":128,"j":158},{"i":102,"j":139},{"i":101,"j":102},{"i":113,"j":120},{"i":84,"j":111},{"i":119,"j":126},{"i":107,"j":119},{"i":75,"j":107},{"i":112,"j":135},{"i":103,"j":114},{"i":115,"j":117},{"i":108,"j":123},{"i":86,"j":142},{"i":117,"j":119},{"i":104,"j":133},{"i":113,"j":128},{"i":120,"j":131},{"i":116,"j":120},{"i":109,"j":137},{"i":111,"j":127},{"i":120,"j":128},{"i":96,"j":125},{"i":82,"j":96},{"i":117,"j":126},{"i":124,"j":147},{"i":95,"j":148},{"i":121,"j":156},{"i":115,"j":153},{"i":109,"j":118},{"i":122,"j":129},{"i":116,"j":133},{"i":110,"j":116},{"i":137,"j":144},{"i":132,"j":137},{"i":118,"j":149},{"i":133,"j":143},{"i":123,"j":127},{"i":130,"j":134},{"i":135,"j":190},{"i":130,"j":135},{"i":137,"j":149},{"i":139,"j":155},{"i":125,"j":126},{"i":125,"j":151},{"i":124,"j":125},{"i":121,"j":141},{"i":129,"j":154},{"i":143,"j":161},{"i":134,"j":143},{"i":123,"j":160},{"i":145,"j":190},{"i":135,"j":145},{"i":142,"j":146},{"i":127,"j":142},{"i":115,"j":200},{"i":125,"j":138},{"i":136,"j":150},{"i":123,"j":136},{"i":147,"j":148},{"i":146,"j":150},{"i":136,"j":146},{"i":152,"j":172},{"i":142,"j":171},{"i":129,"j":148},{"i":148,"j":168},{"i":140,"j":152},{"i":126,"j":140},{"i":138,"j":152},{"i":154,"j":170},{"i":148,"j":183},{"i":144,"j":162},{"i":132,"j":144},{"i":163,"j":172},{"i":141,"j":169},{"i":156,"j":164},{"i":154,"j":157},{"i":141,"j":155},{"i":160,"j":174},{"i":159,"j":172},{"i":158,"j":165},{"i":131,"j":158},{"i":131,"j":165},{"i":164,"j":173},{"i":158,"j":164},{"i":138,"j":159},{"i":161,"j":182},{"i":142,"j":157},{"i":163,"j":167},{"i":159,"j":163},{"i":172,"j":194},{"i":151,"j":180},{"i":147,"j":151},{"i":168,"j":184},{"i":155,"j":162},{"i":162,"j":178},{"i":154,"j":168},{"i":157,"j":215},{"i":153,"j":196},{"i":140,"j":153},{"i":140,"j":186},{"i":169,"j":173},{"i":156,"j":169},{"i":165,"j":192},{"i":150,"j":176},{"i":165,"j":179},{"i":175,"j":190},{"i":145,"j":175},{"i":166,"j":178},{"i":149,"j":166},{"i":171,"j":188},{"i":155,"j":177},{"i":165,"j":198},{"i":174,"j":197},{"i":166,"j":174},{"i":167,"j":185},{"i":151,"j":167},{"i":160,"j":176},{"i":161,"j":179},{"i":181,"j":216},{"i":178,"j":181},{"i":177,"j":178},{"i":148,"j":180},{"i":183,"j":184},{"i":153,"j":200},{"i":183,"j":219},{"i":180,"j":219},{"i":177,"j":191},{"i":173,"j":198},{"i":188,"j":203},{"i":188,"j":189},{"i":176,"j":188},{"i":191,"j":195},{"i":175,"j":182},{"i":179,"j":205},{"i":195,"j":223},{"i":184,"j":199},{"i":170,"j":184},{"i":192,"j":205},{"i":174,"j":189},{"i":186,"j":193},{"i":193,"j":194},{"i":187,"j":207},{"i":193,"j":212},{"i":185,"j":201},{"i":187,"j":214},{"i":187,"j":204},{"i":169,"j":187},{"i":192,"j":222},{"i":185,"j":233},{"i":186,"j":196},{"i":200,"j":202},{"i":202,"j":208},{"i":171,"j":226},{"i":207,"j":221},{"i":187,"j":195},{"i":192,"j":234},{"i":196,"j":202},{"i":191,"j":216},{"i":206,"j":212},{"i":186,"j":206},{"i":204,"j":210},{"i":198,"j":234},{"i":204,"j":221},{"i":210,"j":224},{"i":209,"j":210},{"i":205,"j":211},{"i":182,"j":205},{"i":190,"j":211},{"i":228,"j":261},{"i":199,"j":220},{"i":170,"j":199},{"i":189,"j":203},{"i":214,"j":293},{"i":201,"j":219},{"i":215,"j":226},{"i":181,"j":197},{"i":229,"j":236},{"i":216,"j":223},{"i":213,"j":218},{"i":203,"j":213},{"i":216,"j":225},{"i":226,"j":232},{"i":217,"j":246},{"i":197,"j":217},{"i":199,"j":231},{"i":199,"j":254},{"i":209,"j":234},{"i":198,"j":209},{"i":221,"j":224},{"i":238,"j":256},{"i":224,"j":238},{"i":218,"j":237},{"i":217,"j":218},{"i":221,"j":251},{"i":215,"j":220},{"i":208,"j":227},{"i":206,"j":208},{"i":212,"j":261},{"i":228,"j":239},{"i":229,"j":230},{"i":213,"j":229},{"i":230,"j":236},{"i":230,"j":237},{"i":226,"j":257},{"i":220,"j":231},{"i":194,"j":228},{"i":222,"j":255},{"i":231,"j":249},{"i":236,"j":253},{"i":229,"j":232},{"i":232,"j":257},{"i":199,"j":247},{"i":223,"j":225},{"i":219,"j":245},{"i":206,"j":240},{"i":233,"j":252},{"i":201,"j":233},{"i":227,"j":240},{"i":205,"j":255},{"i":241,"j":258},{"i":211,"j":241},{"i":237,"j":242},{"i":217,"j":237},{"i":240,"j":261},{"i":252,"j":277},{"i":227,"j":243},{"i":217,"j":242},{"i":244,"j":247},{"i":219,"j":244},{"i":233,"j":265},{"i":243,"j":286},{"i":235,"j":281},{"i":247,"j":283},{"i":238,"j":250},{"i":251,"j":256},{"i":207,"j":293},{"i":250,"j":259},{"i":234,"j":250},{"i":256,"j":268},{"i":247,"j":262},{"i":233,"j":239},{"i":226,"j":235},{"i":242,"j":253},{"i":245,"j":271},{"i":222,"j":234},{"i":260,"j":290},{"i":241,"j":248},{"i":242,"j":285},{"i":259,"j":279},{"i":255,"j":259},{"i":235,"j":249},{"i":241,"j":273},{"i":255,"j":297},{"i":287,"j":310},{"i":250,"j":267},{"i":254,"j":280},{"i":249,"j":254},{"i":245,"j":252},{"i":245,"j":260},{"i":244,"j":271},{"i":264,"j":272},{"i":217,"j":264},{"i":258,"j":263},{"i":190,"j":258},{"i":248,"j":255},{"i":270,"j":275},{"i":253,"j":257},{"i":239,"j":261},{"i":266,"j":270},{"i":248,"j":266},{"i":214,"j":223},{"i":266,"j":297},{"i":225,"j":246},{"i":267,"j":279},{"i":265,"j":277},{"i":262,"j":284},{"i":262,"j":280},{"i":281,"j":295},{"i":270,"j":273},{"i":257,"j":281},{"i":243,"j":274},{"i":276,"j":307},{"i":273,"j":276},{"i":275,"j":276},{"i":269,"j":278},{"i":261,"j":269},{"i":271,"j":290},{"i":275,"j":296},{"i":268,"j":305},{"i":267,"j":268},{"i":270,"j":297},{"i":271,"j":283},{"i":280,"j":281},{"i":288,"j":294},{"i":223,"j":288},{"i":274,"j":291},{"i":269,"j":274},{"i":277,"j":292},{"i":260,"j":277},{"i":283,"j":284},{"i":281,"j":299},{"i":274,"j":282},{"i":200,"j":286},{"i":287,"j":288},{"i":223,"j":287},{"i":251,"j":293},{"i":284,"j":320},{"i":277,"j":301},{"i":282,"j":298},{"i":278,"j":303},{"i":261,"j":278},{"i":265,"j":303},{"i":268,"j":289},{"i":272,"j":310},{"i":246,"j":272},{"i":294,"j":300},{"i":280,"j":311},{"i":255,"j":279},{"i":296,"j":307},{"i":286,"j":298},{"i":282,"j":286},{"i":286,"j":387},{"i":285,"j":295},{"i":291,"j":325},{"i":300,"j":318},{"i":300,"j":304},{"i":293,"j":300},{"i":299,"j":309},{"i":285,"j":313},{"i":264,"j":285},{"i":314,"j":322},{"i":290,"j":320},{"i":279,"j":305},{"i":289,"j":332},{"i":297,"j":323},{"i":303,"j":312},{"i":291,"j":308},{"i":297,"j":315},{"i":263,"j":307},{"i":290,"j":292},{"i":309,"j":314},{"i":295,"j":309},{"i":289,"j":304},{"i":303,"j":306},{"i":311,"j":339},{"i":299,"j":311},{"i":292,"j":301},{"i":318,"j":328},{"i":310,"j":341},{"i":311,"j":320},{"i":306,"j":308},{"i":291,"j":340},{"i":315,"j":334},{"i":296,"j":315},{"i":302,"j":328},{"i":294,"j":302},{"i":310,"j":319},{"i":302,"j":310},{"i":304,"j":318},{"i":313,"j":326},{"i":312,"j":331},{"i":301,"j":312},{"i":317,"j":323},{"i":297,"j":317},{"i":305,"j":332},{"i":323,"j":349},{"i":314,"j":342},{"i":317,"j":321},{"i":322,"j":343},{"i":313,"j":322},{"i":319,"j":328},{"i":316,"j":327},{"i":308,"j":316},{"i":325,"j":345},{"i":316,"j":325},{"i":289,"j":324},{"i":319,"j":348},{"i":326,"j":333},{"i":320,"j":336},{"i":330,"j":335},{"i":326,"j":330},{"i":312,"j":347},{"i":324,"j":344},{"i":321,"j":371},{"i":334,"j":355},{"i":310,"j":333},{"i":329,"j":337},{"i":311,"j":329},{"i":339,"j":354},{"i":333,"j":335},{"i":329,"j":336},{"i":306,"j":327},{"i":337,"j":339},{"i":342,"j":346},{"i":338,"j":347},{"i":327,"j":338},{"i":319,"j":341},{"i":309,"j":350},{"i":322,"j":346},{"i":328,"j":357},{"i":324,"j":328},{"i":325,"j":340},{"i":340,"j":352},{"i":338,"j":390},{"i":337,"j":360},{"i":330,"j":343},{"i":321,"j":332},{"i":344,"j":359},{"i":337,"j":356},{"i":342,"j":350},{"i":349,"j":351},{"i":328,"j":348},{"i":338,"j":345},{"i":346,"j":358},{"i":362,"j":369},{"i":335,"j":362},{"i":336,"j":385},{"i":334,"j":351},{"i":357,"j":366},{"i":350,"j":368},{"i":320,"j":331},{"i":372,"j":384},{"i":366,"j":372},{"i":358,"j":368},{"i":353,"j":358},{"i":355,"j":373},{"i":307,"j":355},{"i":344,"j":370},{"i":356,"j":382},{"i":354,"j":382},{"i":350,"j":354},{"i":343,"j":353},{"i":333,"j":369},{"i":341,"j":363},{"i":360,"j":385},{"i":365,"j":367},{"i":331,"j":365},{"i":336,"j":361},{"i":356,"j":360},{"i":369,"j":380},{"i":362,"j":386},{"i":364,"j":410},{"i":366,"j":370},{"i":349,"j":371},{"i":359,"j":374},{"i":332,"j":359},{"i":349,"j":392},{"i":359,"j":370},{"i":364,"j":378},{"i":348,"j":364},{"i":351,"j":391},{"i":383,"j":393},{"i":365,"j":376},{"i":352,"j":375},{"i":376,"j":393},{"i":376,"j":383},{"i":375,"j":377},{"i":345,"j":377},{"i":380,"j":401},{"i":363,"j":380},{"i":378,"j":381},{"i":357,"j":378},{"i":379,"j":395},{"i":386,"j":401},{"i":362,"j":379},{"i":361,"j":367},{"i":347,"j":393},{"i":381,"j":384},{"i":372,"j":381},{"i":374,"j":402},{"i":353,"j":408},{"i":361,"j":388},{"i":389,"j":408},{"i":403,"j":422},{"i":390,"j":403},{"i":375,"j":396},{"i":298,"j":387},{"i":367,"j":383},{"i":395,"j":413},{"i":382,"j":405},{"i":382,"j":432},{"i":377,"j":403},{"i":371,"j":402},{"i":392,"j":399},{"i":391,"j":412},{"i":384,"j":398},{"i":370,"j":384},{"i":385,"j":407},{"i":390,"j":415},{"i":387,"j":394},{"i":389,"j":395},{"i":379,"j":389},{"i":388,"j":406},{"i":352,"j":394},{"i":396,"j":419},{"i":394,"j":397},{"i":397,"j":442},{"i":381,"j":404},{"i":402,"j":445},{"i":399,"j":423},{"i":398,"j":439},{"i":395,"j":401},{"i":386,"j":395},{"i":400,"j":402},{"i":374,"j":400},{"i":405,"j":426},{"i":401,"j":410},{"i":404,"j":416},{"i":363,"j":410},{"i":402,"j":423},{"i":392,"j":402},{"i":368,"j":409},{"i":406,"j":407},{"i":385,"j":406},{"i":405,"j":409},{"i":409,"j":420},{"i":410,"j":414},{"i":407,"j":435},{"i":391,"j":399},{"i":412,"j":479},{"i":373,"j":412},{"i":395,"j":431},{"i":416,"j":434},{"i":413,"j":414},{"i":418,"j":442},{"i":411,"j":421},{"i":388,"j":411},{"i":437,"j":468},{"i":427,"j":437},{"i":422,"j":430},{"i":417,"j":422},{"i":411,"j":427},{"i":396,"j":397},{"i":415,"j":417},{"i":418,"j":419},{"i":396,"j":418},{"i":416,"j":425},{"i":405,"j":457},{"i":406,"j":433},{"i":415,"j":424},{"i":417,"j":437},{"i":403,"j":429},{"i":423,"j":450},{"i":413,"j":428},{"i":420,"j":426},{"i":408,"j":420},{"i":387,"j":452},{"i":406,"j":421},{"i":424,"j":427},{"i":393,"j":424},{"i":431,"j":451},{"i":430,"j":443},{"i":419,"j":429},{"i":426,"j":441},{"i":407,"j":433},{"i":421,"j":447},{"i":427,"j":447},{"i":404,"j":438},{"i":441,"j":449},{"i":431,"j":441},{"i":428,"j":446},{"i":425,"j":444},{"i":398,"j":425},{"i":414,"j":446},{"i":417,"j":430},{"i":434,"j":444},{"i":438,"j":446},{"i":436,"j":438},{"i":436,"j":440},{"i":416,"j":436},{"i":439,"j":445},{"i":400,"j":439},{"i":436,"j":446},{"i":440,"j":456},{"i":434,"j":440},{"i":449,"j":457},{"i":387,"j":442},{"i":422,"j":461},{"i":437,"j":443},{"i":444,"j":458},{"i":439,"j":444},{"i":445,"j":471},{"i":447,"j":453},{"i":433,"j":447},{"i":429,"j":461},{"i":449,"j":455},{"i":449,"j":454},{"i":461,"j":486},{"i":442,"j":452},{"i":448,"j":464},{"i":443,"j":448},{"i":435,"j":463},{"i":432,"j":457},{"i":428,"j":451},{"i":432,"j":435},{"i":451,"j":466},{"i":456,"j":458},{"i":458,"j":470},{"i":454,"j":466},{"i":407,"j":453},{"i":464,"j":478},{"i":454,"j":476},{"i":454,"j":477},{"i":453,"j":467},{"i":461,"j":464},{"i":448,"j":461},{"i":462,"j":465},{"i":446,"j":462},{"i":452,"j":494},{"i":459,"j":484},{"i":456,"j":459},{"i":460,"j":472},{"i":457,"j":460},{"i":460,"j":463},{"i":453,"j":498},{"i":467,"j":473},{"i":463,"j":467},{"i":443,"j":464},{"i":450,"j":496},{"i":469,"j":471},{"i":445,"j":469},{"i":470,"j":481},{"i":467,"j":506},{"i":472,"j":474},{"i":457,"j":472},{"i":476,"j":488},{"i":474,"j":477},{"i":455,"j":474},{"i":473,"j":475},{"i":460,"j":473},{"i":454,"j":455},{"i":468,"j":478},{"i":466,"j":476},{"i":468,"j":498},{"i":450,"j":482},{"i":490,"j":513},{"i":477,"j":490},{"i":475,"j":499},{"i":460,"j":475},{"i":482,"j":515},{"i":479,"j":482},{"i":465,"j":484},{"i":459,"j":465},{"i":471,"j":496},{"i":481,"j":495},{"i":469,"j":481},{"i":472,"j":490},{"i":483,"j":484},{"i":462,"j":483},{"i":478,"j":491},{"i":480,"j":485},{"i":461,"j":480},{"i":480,"j":487},{"i":480,"j":486},{"i":487,"j":497},{"i":484,"j":504},{"i":505,"j":517},{"i":485,"j":491},{"i":488,"j":512},{"i":485,"j":503},{"i":489,"j":492},{"i":470,"j":489},{"i":492,"j":493},{"i":493,"j":500},{"i":470,"j":493},{"i":494,"j":604},{"i":495,"j":508},{"i":495,"j":496},{"i":482,"j":496},{"i":487,"j":501},{"i":497,"j":503},{"i":491,"j":507},{"i":502,"j":518},{"i":488,"j":502},{"i":483,"j":488},{"i":500,"j":509},{"i":494,"j":501},{"i":486,"j":494},{"i":488,"j":536},{"i":492,"j":517},{"i":507,"j":523},{"i":505,"j":514},{"i":512,"j":531},{"i":498,"j":511},{"i":503,"j":507},{"i":496,"j":508},{"i":500,"j":505},{"i":508,"j":509},{"i":501,"j":510},{"i":506,"j":532},{"i":490,"j":499},{"i":504,"j":519},{"i":489,"j":504},{"i":492,"j":527},{"i":511,"j":525},{"i":506,"j":511},{"i":515,"j":547},{"i":503,"j":523},{"i":503,"j":524},{"i":502,"j":528},{"i":520,"j":530},{"i":502,"j":512},{"i":518,"j":519},{"i":514,"j":530},{"i":509,"j":514},{"i":514,"j":542},{"i":504,"j":534},{"i":521,"j":522},{"i":499,"j":521},{"i":529,"j":535},{"i":516,"j":533},{"i":507,"j":516},{"i":510,"j":524},{"i":497,"j":510},{"i":518,"j":544},{"i":520,"j":526},{"i":508,"j":520},{"i":527,"j":542},{"i":513,"j":536},{"i":525,"j":532},{"i":523,"j":535},{"i":517,"j":542},{"i":519,"j":539},{"i":538,"j":541},{"i":525,"j":538},{"i":521,"j":532},{"i":529,"j":533},{"i":516,"j":529},{"i":518,"j":528},{"i":527,"j":534},{"i":511,"j":548},{"i":531,"j":537},{"i":522,"j":549},{"i":513,"j":522},{"i":537,"j":572},{"i":541,"j":551},{"i":540,"j":541},{"i":519,"j":550},{"i":534,"j":539},{"i":540,"j":543},{"i":532,"j":540},{"i":511,"j":561},{"i":527,"j":553},{"i":546,"j":557},{"i":537,"j":552},{"i":528,"j":537},{"i":543,"j":545},{"i":521,"j":543},{"i":544,"j":546},{"i":570,"j":604},{"i":515,"j":526},{"i":526,"j":547},{"i":545,"j":558},{"i":522,"j":545},{"i":519,"j":546},{"i":549,"j":560},{"i":538,"j":548},{"i":550,"j":555},{"i":479,"j":547},{"i":539,"j":555},{"i":550,"j":557},{"i":544,"j":552},{"i":561,"j":588},{"i":530,"j":568},{"i":556,"j":608},{"i":547,"j":556},{"i":542,"j":579},{"i":552,"j":581},{"i":536,"j":569},{"i":551,"j":558},{"i":554,"j":560},{"i":535,"j":559},{"i":533,"j":583},{"i":554,"j":589},{"i":561,"j":562},{"i":548,"j":561},{"i":566,"j":593},{"i":524,"j":563},{"i":501,"j":570},{"i":536,"j":554},{"i":568,"j":580},{"i":564,"j":568},{"i":566,"j":567},{"i":536,"j":566},{"i":531,"j":567},{"i":549,"j":558},{"i":563,"j":565},{"i":570,"j":571},{"i":565,"j":570},{"i":567,"j":573},{"i":557,"j":581},{"i":558,"j":587},{"i":572,"j":585},{"i":569,"j":593},{"i":563,"j":582},{"i":592,"j":615},{"i":576,"j":577},{"i":555,"j":576},{"i":556,"j":564},{"i":564,"j":578},{"i":579,"j":584},{"i":553,"j":584},{"i":578,"j":591},{"i":556,"j":578},{"i":568,"j":579},{"i":576,"j":594},{"i":573,"j":585},{"i":572,"j":573},{"i":533,"j":600},{"i":571,"j":582},{"i":565,"j":571},{"i":588,"j":605},{"i":561,"j":583},{"i":577,"j":609},{"i":553,"j":577},{"i":581,"j":607},{"i":591,"j":634},{"i":582,"j":586},{"i":452,"j":672},{"i":562,"j":590},{"i":551,"j":562},{"i":588,"j":598},{"i":574,"j":587},{"i":583,"j":599},{"i":590,"j":615},{"i":588,"j":590},{"i":580,"j":611},{"i":569,"j":589},{"i":589,"j":596},{"i":585,"j":607},{"i":596,"j":602},{"i":593,"j":603},{"i":573,"j":593},{"i":592,"j":595},{"i":587,"j":592},{"i":574,"j":602},{"i":560,"j":574},{"i":607,"j":618},{"i":594,"j":607},{"i":596,"j":597},{"i":598,"j":648},{"i":533,"j":559},{"i":559,"j":575},{"i":575,"j":586},{"i":595,"j":619},{"i":601,"j":628},{"i":586,"j":601},{"i":616,"j":637},{"i":603,"j":616},{"i":575,"j":613},{"i":599,"j":605},{"i":605,"j":614},{"i":603,"j":607},{"i":556,"j":591},{"i":609,"j":627},{"i":580,"j":612},{"i":591,"j":610},{"i":580,"j":584},{"i":610,"j":639},{"i":584,"j":609},{"i":600,"j":621},{"i":606,"j":621},{"i":600,"j":606},{"i":598,"j":614},{"i":602,"j":626},{"i":593,"j":597},{"i":615,"j":617},{"i":595,"j":615},{"i":616,"j":618},{"i":625,"j":650},{"i":618,"j":625},{"i":617,"j":619},{"i":606,"j":613},{"i":623,"j":650},{"i":622,"j":641},{"i":619,"j":626},{"i":620,"j":624},{"i":613,"j":620},{"i":618,"j":623},{"i":633,"j":642},{"i":626,"j":632},{"i":617,"j":629},{"i":609,"j":622},{"i":620,"j":628},{"i":604,"j":672},{"i":621,"j":633},{"i":599,"j":621},{"i":629,"j":635},{"i":619,"j":629},{"i":612,"j":641},{"i":594,"j":625},{"i":624,"j":640},{"i":613,"j":624},{"i":604,"j":631},{"i":601,"j":604},{"i":627,"j":641},{"i":612,"j":627},{"i":626,"j":635},{"i":631,"j":646},{"i":628,"j":638},{"i":611,"j":639},{"i":610,"j":611},{"i":608,"j":634},{"i":632,"j":637},{"i":597,"j":632},{"i":637,"j":649},{"i":623,"j":637},{"i":614,"j":633},{"i":622,"j":643},{"i":639,"j":644},{"i":636,"j":647},{"i":614,"j":636},{"i":594,"j":630},{"i":621,"j":645},{"i":642,"j":647},{"i":636,"j":642},{"i":647,"j":669},{"i":639,"j":662},{"i":621,"j":658},{"i":645,"j":659},{"i":642,"j":645},{"i":621,"j":663},{"i":638,"j":664},{"i":647,"j":648},{"i":676,"j":693},{"i":635,"j":665},{"i":654,"j":671},{"i":630,"j":656},{"i":630,"j":655},{"i":641,"j":667},{"i":649,"j":654},{"i":648,"j":652},{"i":615,"j":648},{"i":649,"j":653},{"i":659,"j":674},{"i":650,"j":653},{"i":654,"j":670},{"i":653,"j":654},{"i":650,"j":656},{"i":656,"j":697},{"i":652,"j":657},{"i":652,"j":688},{"i":621,"j":640},{"i":657,"j":665},{"i":635,"j":657},{"i":658,"j":659},{"i":644,"j":660},{"i":638,"j":646},{"i":631,"j":661},{"i":634,"j":660},{"i":640,"j":675},{"i":658,"j":683},{"i":646,"j":686},{"i":663,"j":683},{"i":632,"j":668},{"i":670,"j":695},{"i":662,"j":667},{"i":632,"j":678},{"i":666,"j":671},{"i":649,"j":666},{"i":651,"j":692},{"i":643,"j":651},{"i":664,"j":686},{"i":631,"j":672},{"i":662,"j":677},{"i":644,"j":662},{"i":673,"j":687},{"i":660,"j":673},{"i":664,"j":675},{"i":676,"j":680},{"i":661,"j":686},{"i":669,"j":688},{"i":668,"j":698},{"i":666,"j":668},{"i":655,"j":692},{"i":651,"j":655},{"i":677,"j":696},{"i":665,"j":676},{"i":670,"j":689},{"i":679,"j":690},{"i":667,"j":679},{"i":671,"j":695},{"i":669,"j":674},{"i":685,"j":696},{"i":677,"j":685},{"i":672,"j":682},{"i":675,"j":684},{"i":663,"j":675},{"i":688,"j":694},{"i":675,"j":686},{"i":686,"j":694},{"i":684,"j":686},{"i":682,"j":686},{"i":661,"j":682},{"i":673,"j":696},{"i":678,"j":680},{"i":679,"j":699},{"i":690,"j":699},{"i":689,"j":697},{"i":692,"j":699},{"i":643,"j":692},{"i":678,"j":698},{"i":683,"j":694},{"i":674,"j":683},{"i":691,"j":698},{"i":680,"j":691},{"i":684,"j":694},{"i":683,"j":684},{"i":691,"j":693},{"i":685,"j":690},{"i":698,"j":699},{"i":695,"j":697},{"i":689,"j":695},{"i":695,"j":698},{"i":694,"j":698},{"i":693,"j":694},{"i":697,"j":699},{"i":692,"j":697},{"i":0,"j":4},{"i":4,"j":28},{"i":28,"j":190},{"i":190,"j":263},{"i":263,"j":373},{"i":373,"j":479},{"i":479,"j":608},{"i":608,"j":681},{"i":681,"j":687},{"i":687,"j":696},{"i":696,"j":699}],"type":"Solution"}