{"instance_name":"uniform-0000080-2","edges":[{"i":1,"j":6},{"i":0,"j":9},{"i":0,"j":1},{"i":1,"j":8},{"i":8,"j":13},{"i":4,"j":8},{"i":4,"j":5},{"i":0,"j":4},{"i":1,"j":3},{"i":5,"j":7},{"i":7,"j":19},{"i":0,"j":7},{"i":3,"j":11},{"i":9,"j":19},{"i":13,"j":17},{"i":9,"j":10},{"i":3,"j":26},{"i":2,"j":10},{"i":3,"j":18},{"i":5,"j":15},{"i":13,"j":16},{"i":12,"j":19},{"i":8,"j":11},{"i":12,"j":14},{"i":10,"j":12},{"i":15,"j":19},{"i":6,"j":26},{"i":16,"j":20},{"i":15,"j":16},{"i":17,"j":20},{"i":6,"j":49},{"i":20,"j":25},{"i":25,"j":35},{"i":22,"j":31},{"i":20,"j":22},{"i":21,"j":24},{"i":17,"j":21},{"i":21,"j":23},{"i":25,"j":28},{"i":26,"j":43},{"i":11,"j":18},{"i":22,"j":24},{"i":27,"j":29},{"i":19,"j":27},{"i":25,"j":31},{"i":28,"j":35},{"i":27,"j":28},{"i":18,"j":32},{"i":23,"j":34},{"i":34,"j":41},{"i":30,"j":33},{"i":23,"j":30},{"i":26,"j":32},{"i":33,"j":41},{"i":23,"j":33},{"i":31,"j":40},{"i":37,"j":39},{"i":31,"j":37},{"i":35,"j":51},{"i":24,"j":34},{"i":36,"j":37},{"i":34,"j":36},{"i":30,"j":32},{"i":36,"j":41},{"i":39,"j":47},{"i":39,"j":40},{"i":6,"j":59},{"i":40,"j":44},{"i":33,"j":38},{"i":38,"j":46},{"i":32,"j":43},{"i":41,"j":52},{"i":38,"j":43},{"i":44,"j":51},{"i":52,"j":56},{"i":47,"j":57},{"i":44,"j":47},{"i":43,"j":49},{"i":46,"j":52},{"i":50,"j":55},{"i":48,"j":50},{"i":51,"j":58},{"i":46,"j":56},{"i":50,"j":52},{"i":45,"j":54},{"i":43,"j":45},{"i":45,"j":49},{"i":49,"j":59},{"i":46,"j":53},{"i":57,"j":66},{"i":53,"j":62},{"i":48,"j":66},{"i":47,"j":48},{"i":6,"j":73},{"i":57,"j":58},{"i":61,"j":68},{"i":58,"j":75},{"i":53,"j":54},{"i":62,"j":64},{"i":59,"j":61},{"i":54,"j":59},{"i":61,"j":62},{"i":62,"j":63},{"i":56,"j":62},{"i":55,"j":65},{"i":63,"j":65},{"i":66,"j":72},{"i":55,"j":70},{"i":64,"j":69},{"i":63,"j":64},{"i":59,"j":67},{"i":68,"j":74},{"i":68,"j":69},{"i":70,"j":78},{"i":65,"j":71},{"i":72,"j":76},{"i":71,"j":79},{"i":67,"j":74},{"i":67,"j":73},{"i":73,"j":77},{"i":72,"j":75},{"i":70,"j":71},{"i":74,"j":77},{"i":69,"j":79},{"i":77,"j":79},{"i":0,"j":2},{"i":2,"j":14},{"i":14,"j":29},{"i":29,"j":42},{"i":42,"j":60},{"i":60,"j":75},{"i":75,"j":76},{"i":76,"j":78},{"i":78,"j":79}],"type":"Solution"}