{"instance_name":"uniform-0000800-2","edges":[{"i":1,"j":4},{"i":0,"j":6},{"i":2,"j":5},{"i":1,"j":2},{"i":2,"j":13},{"i":6,"j":11},{"i":3,"j":6},{"i":1,"j":9},{"i":0,"j":1},{"i":2,"j":17},{"i":1,"j":14},{"i":4,"j":7},{"i":2,"j":4},{"i":4,"j":15},{"i":1,"j":5},{"i":7,"j":10},{"i":0,"j":9},{"i":9,"j":25},{"i":3,"j":41},{"i":5,"j":19},{"i":10,"j":42},{"i":12,"j":16},{"i":1,"j":12},{"i":4,"j":18},{"i":16,"j":20},{"i":10,"j":23},{"i":2,"j":10},{"i":13,"j":29},{"i":5,"j":13},{"i":8,"j":24},{"i":4,"j":8},{"i":13,"j":36},{"i":25,"j":93},{"i":21,"j":22},{"i":0,"j":21},{"i":20,"j":26},{"i":1,"j":20},{"i":15,"j":35},{"i":7,"j":15},{"i":18,"j":35},{"i":22,"j":27},{"i":0,"j":22},{"i":19,"j":28},{"i":0,"j":31},{"i":0,"j":27},{"i":13,"j":38},{"i":9,"j":14},{"i":25,"j":44},{"i":21,"j":25},{"i":30,"j":37},{"i":6,"j":30},{"i":34,"j":52},{"i":35,"j":59},{"i":24,"j":32},{"i":18,"j":24},{"i":3,"j":11},{"i":3,"j":33},{"i":32,"j":35},{"i":20,"j":34},{"i":17,"j":47},{"i":31,"j":46},{"i":30,"j":31},{"i":40,"j":52},{"i":33,"j":49},{"i":33,"j":88},{"i":12,"j":28},{"i":37,"j":65},{"i":11,"j":37},{"i":50,"j":56},{"i":19,"j":58},{"i":26,"j":48},{"i":14,"j":26},{"i":40,"j":45},{"i":34,"j":40},{"i":44,"j":51},{"i":29,"j":58},{"i":19,"j":29},{"i":27,"j":51},{"i":50,"j":67},{"i":23,"j":71},{"i":17,"j":23},{"i":45,"j":55},{"i":8,"j":63},{"i":43,"j":65},{"i":37,"j":43},{"i":49,"j":69},{"i":39,"j":49},{"i":36,"j":57},{"i":29,"j":36},{"i":48,"j":93},{"i":46,"j":70},{"i":16,"j":50},{"i":52,"j":74},{"i":38,"j":57},{"i":53,"j":56},{"i":28,"j":53},{"i":23,"j":72},{"i":62,"j":113},{"i":47,"j":60},{"i":38,"j":47},{"i":29,"j":64},{"i":65,"j":92},{"i":57,"j":64},{"i":47,"j":85},{"i":51,"j":62},{"i":46,"j":51},{"i":54,"j":76},{"i":65,"j":86},{"i":50,"j":80},{"i":64,"j":103},{"i":59,"j":75},{"i":42,"j":59},{"i":56,"j":105},{"i":43,"j":61},{"i":62,"j":70},{"i":59,"j":68},{"i":32,"j":54},{"i":67,"j":101},{"i":52,"j":67},{"i":23,"j":77},{"i":33,"j":41},{"i":64,"j":81},{"i":70,"j":90},{"i":76,"j":119},{"i":61,"j":86},{"i":57,"j":60},{"i":72,"j":73},{"i":61,"j":87},{"i":58,"j":81},{"i":83,"j":107},{"i":72,"j":83},{"i":66,"j":68},{"i":63,"j":76},{"i":54,"j":63},{"i":66,"j":79},{"i":42,"j":66},{"i":68,"j":97},{"i":77,"j":78},{"i":79,"j":94},{"i":77,"j":79},{"i":71,"j":73},{"i":79,"j":98},{"i":71,"j":84},{"i":44,"j":113},{"i":78,"j":83},{"i":84,"j":95},{"i":78,"j":94},{"i":80,"j":101},{"i":73,"j":111},{"i":47,"j":96},{"i":76,"j":104},{"i":75,"j":76},{"i":82,"j":142},{"i":55,"j":102},{"i":48,"j":55},{"i":90,"j":99},{"i":87,"j":90},{"i":82,"j":91},{"i":65,"j":82},{"i":88,"j":124},{"i":69,"j":88},{"i":87,"j":142},{"i":85,"j":89},{"i":53,"j":81},{"i":91,"j":130},{"i":91,"j":92},{"i":88,"j":128},{"i":74,"j":110},{"i":80,"j":105},{"i":75,"j":97},{"i":95,"j":96},{"i":84,"j":114},{"i":97,"j":98},{"i":94,"j":107},{"i":98,"j":118},{"i":87,"j":99},{"i":60,"j":89},{"i":100,"j":109},{"i":45,"j":100},{"i":89,"j":108},{"i":93,"j":117},{"i":95,"j":106},{"i":81,"j":137},{"i":100,"j":110},{"i":85,"j":115},{"i":107,"j":151},{"i":96,"j":115},{"i":108,"j":112},{"i":103,"j":108},{"i":74,"j":101},{"i":101,"j":123},{"i":107,"j":111},{"i":112,"j":115},{"i":103,"j":112},{"i":93,"j":102},{"i":105,"j":127},{"i":84,"j":111},{"i":96,"j":106},{"i":121,"j":155},{"i":117,"j":150},{"i":114,"j":126},{"i":106,"j":114},{"i":114,"j":173},{"i":104,"j":122},{"i":97,"j":104},{"i":113,"j":129},{"i":127,"j":133},{"i":123,"j":127},{"i":125,"j":134},{"i":110,"j":116},{"i":122,"j":143},{"i":119,"j":122},{"i":91,"j":159},{"i":105,"j":144},{"i":92,"j":125},{"i":41,"j":92},{"i":113,"j":121},{"i":136,"j":171},{"i":86,"j":142},{"i":55,"j":140},{"i":118,"j":151},{"i":120,"j":149},{"i":124,"j":145},{"i":88,"j":134},{"i":125,"j":130},{"i":117,"j":131},{"i":99,"j":120},{"i":130,"j":152},{"i":116,"j":141},{"i":103,"j":162},{"i":129,"j":149},{"i":120,"j":129},{"i":134,"j":160},{"i":123,"j":141},{"i":116,"j":123},{"i":139,"j":140},{"i":119,"j":156},{"i":126,"j":148},{"i":115,"j":126},{"i":109,"j":135},{"i":81,"j":138},{"i":140,"j":170},{"i":81,"j":136},{"i":55,"j":109},{"i":115,"j":148},{"i":102,"j":139},{"i":133,"j":154},{"i":139,"j":153},{"i":105,"j":137},{"i":129,"j":155},{"i":144,"j":172},{"i":132,"j":146},{"i":118,"j":132},{"i":144,"j":168},{"i":161,"j":187},{"i":124,"j":128},{"i":131,"j":161},{"i":132,"j":143},{"i":146,"j":163},{"i":153,"j":183},{"i":135,"j":170},{"i":141,"j":154},{"i":135,"j":141},{"i":111,"j":151},{"i":152,"j":160},{"i":121,"j":131},{"i":149,"j":157},{"i":142,"j":149},{"i":117,"j":147},{"i":133,"j":168},{"i":142,"j":157},{"i":137,"j":172},{"i":147,"j":165},{"i":115,"j":164},{"i":147,"j":153},{"i":151,"j":163},{"i":143,"j":158},{"i":63,"j":190},{"i":158,"j":175},{"i":152,"j":159},{"i":155,"j":166},{"i":160,"j":178},{"i":128,"j":160},{"i":155,"j":201},{"i":161,"j":166},{"i":114,"j":182},{"i":146,"j":175},{"i":148,"j":167},{"i":156,"j":197},{"i":150,"j":187},{"i":157,"j":204},{"i":162,"j":171},{"i":136,"j":162},{"i":148,"j":173},{"i":164,"j":169},{"i":183,"j":228},{"i":154,"j":211},{"i":171,"j":186},{"i":162,"j":169},{"i":150,"j":165},{"i":138,"j":179},{"i":138,"j":171},{"i":164,"j":167},{"i":167,"j":194},{"i":182,"j":191},{"i":174,"j":194},{"i":158,"j":176},{"i":169,"j":174},{"i":158,"j":177},{"i":175,"j":200},{"i":156,"j":177},{"i":157,"j":180},{"i":178,"j":208},{"i":186,"j":202},{"i":163,"j":217},{"i":181,"j":212},{"i":145,"j":181},{"i":178,"j":181},{"i":178,"j":185},{"i":172,"j":179},{"i":186,"j":207},{"i":183,"j":193},{"i":174,"j":189},{"i":159,"j":180},{"i":181,"j":218},{"i":184,"j":186},{"i":171,"j":184},{"i":190,"j":215},{"i":166,"j":205},{"i":188,"j":192},{"i":179,"j":188},{"i":173,"j":194},{"i":176,"j":195},{"i":183,"j":209},{"i":196,"j":210},{"i":187,"j":196},{"i":191,"j":194},{"i":189,"j":207},{"i":184,"j":189},{"i":177,"j":198},{"i":176,"j":177},{"i":193,"j":196},{"i":165,"j":193},{"i":197,"j":199},{"i":156,"j":190},{"i":195,"j":200},{"i":197,"j":198},{"i":198,"j":199},{"i":195,"j":214},{"i":200,"j":217},{"i":187,"j":205},{"i":207,"j":225},{"i":201,"j":204},{"i":180,"j":206},{"i":63,"j":260},{"i":204,"j":216},{"i":203,"j":221},{"i":193,"j":213},{"i":159,"j":203},{"i":168,"j":192},{"i":193,"j":209},{"i":202,"j":235},{"i":188,"j":202},{"i":185,"j":218},{"i":181,"j":185},{"i":209,"j":230},{"i":219,"j":233},{"i":211,"j":228},{"i":170,"j":211},{"i":195,"j":229},{"i":197,"j":219},{"i":201,"j":205},{"i":233,"j":271},{"i":214,"j":217},{"i":208,"j":222},{"i":218,"j":242},{"i":215,"j":219},{"i":197,"j":215},{"i":206,"j":221},{"i":203,"j":206},{"i":208,"j":226},{"i":221,"j":227},{"i":220,"j":221},{"i":208,"j":224},{"i":216,"j":248},{"i":217,"j":223},{"i":182,"j":217},{"i":222,"j":242},{"i":220,"j":226},{"i":208,"j":220},{"i":189,"j":194},{"i":230,"j":257},{"i":211,"j":236},{"i":191,"j":223},{"i":199,"j":233},{"i":235,"j":247},{"i":210,"j":239},{"i":205,"j":210},{"i":213,"j":240},{"i":210,"j":213},{"i":229,"j":238},{"i":214,"j":229},{"i":225,"j":249},{"i":247,"j":279},{"i":192,"j":247},{"i":240,"j":268},{"i":239,"j":240},{"i":194,"j":232},{"i":234,"j":245},{"i":223,"j":234},{"i":229,"j":243},{"i":230,"j":240},{"i":245,"j":264},{"i":228,"j":257},{"i":239,"j":241},{"i":266,"j":275},{"i":259,"j":277},{"i":233,"j":243},{"i":242,"j":244},{"i":224,"j":267},{"i":222,"j":224},{"i":251,"j":263},{"i":238,"j":254},{"i":245,"j":263},{"i":225,"j":255},{"i":228,"j":250},{"i":212,"j":244},{"i":237,"j":255},{"i":225,"j":237},{"i":226,"j":267},{"i":236,"j":253},{"i":232,"j":245},{"i":251,"j":252},{"i":232,"j":251},{"i":252,"j":293},{"i":237,"j":252},{"i":251,"j":261},{"i":238,"j":281},{"i":253,"j":256},{"i":250,"j":253},{"i":247,"j":259},{"i":240,"j":262},{"i":250,"j":262},{"i":259,"j":269},{"i":236,"j":259},{"i":226,"j":227},{"i":258,"j":344},{"i":244,"j":258},{"i":257,"j":262},{"i":215,"j":260},{"i":246,"j":264},{"i":234,"j":246},{"i":249,"j":279},{"i":235,"j":249},{"i":256,"j":294},{"i":268,"j":305},{"i":279,"j":310},{"i":254,"j":273},{"i":246,"j":254},{"i":264,"j":284},{"i":248,"j":270},{"i":221,"j":248},{"i":265,"j":295},{"i":258,"j":265},{"i":231,"j":275},{"i":216,"j":231},{"i":266,"j":270},{"i":248,"j":266},{"i":227,"j":278},{"i":272,"j":276},{"i":270,"j":272},{"i":241,"j":268},{"i":255,"j":279},{"i":265,"j":267},{"i":260,"j":271},{"i":270,"j":278},{"i":241,"j":275},{"i":231,"j":241},{"i":243,"j":281},{"i":273,"j":285},{"i":273,"j":274},{"i":256,"j":269},{"i":262,"j":297},{"i":272,"j":275},{"i":275,"j":276},{"i":276,"j":291},{"i":267,"j":303},{"i":277,"j":282},{"i":269,"j":277},{"i":261,"j":298},{"i":264,"j":274},{"i":271,"j":280},{"i":280,"j":281},{"i":274,"j":286},{"i":281,"j":302},{"i":260,"j":283},{"i":281,"j":285},{"i":261,"j":293},{"i":284,"j":286},{"i":283,"j":287},{"i":287,"j":302},{"i":280,"j":287},{"i":263,"j":296},{"i":282,"j":294},{"i":288,"j":327},{"i":283,"j":290},{"i":260,"j":306},{"i":275,"j":307},{"i":278,"j":291},{"i":291,"j":311},{"i":288,"j":292},{"i":277,"j":288},{"i":297,"j":309},{"i":284,"j":301},{"i":304,"j":312},{"i":289,"j":304},{"i":297,"j":315},{"i":286,"j":319},{"i":311,"j":324},{"i":294,"j":297},{"i":289,"j":309},{"i":261,"j":300},{"i":258,"j":295},{"i":299,"j":318},{"i":279,"j":293},{"i":300,"j":342},{"i":285,"j":317},{"i":293,"j":333},{"i":299,"j":303},{"i":278,"j":299},{"i":292,"j":308},{"i":282,"j":292},{"i":268,"j":289},{"i":294,"j":308},{"i":302,"j":313},{"i":305,"j":307},{"i":298,"j":333},{"i":293,"j":298},{"i":304,"j":316},{"i":309,"j":316},{"i":304,"j":309},{"i":296,"j":342},{"i":294,"j":331},{"i":307,"j":311},{"i":314,"j":322},{"i":312,"j":314},{"i":299,"j":311},{"i":304,"j":314},{"i":290,"j":340},{"i":313,"j":329},{"i":305,"j":312},{"i":285,"j":313},{"i":288,"j":310},{"i":285,"j":323},{"i":303,"j":330},{"i":317,"j":319},{"i":300,"j":333},{"i":321,"j":343},{"i":316,"j":332},{"i":315,"j":332},{"i":260,"j":354},{"i":310,"j":320},{"i":321,"j":328},{"i":305,"j":321},{"i":320,"j":333},{"i":325,"j":344},{"i":295,"j":325},{"i":318,"j":334},{"i":308,"j":326},{"i":296,"j":301},{"i":321,"j":322},{"i":324,"j":351},{"i":326,"j":336},{"i":323,"j":339},{"i":317,"j":323},{"i":318,"j":324},{"i":332,"j":362},{"i":324,"j":328},{"i":326,"j":335},{"i":334,"j":337},{"i":326,"j":338},{"i":301,"j":319},{"i":315,"j":331},{"i":326,"j":327},{"i":335,"j":361},{"i":331,"j":335},{"i":322,"j":332},{"i":341,"j":362},{"i":338,"j":390},{"i":329,"j":339},{"i":329,"j":365},{"i":290,"j":306},{"i":341,"j":357},{"i":321,"j":341},{"i":351,"j":355},{"i":334,"j":351},{"i":330,"j":349},{"i":325,"j":330},{"i":349,"j":373},{"i":345,"j":365},{"i":329,"j":345},{"i":340,"j":345},{"i":313,"j":340},{"i":339,"j":347},{"i":347,"j":350},{"i":346,"j":347},{"i":339,"j":371},{"i":306,"j":348},{"i":344,"j":443},{"i":212,"j":344},{"i":337,"j":353},{"i":330,"j":337},{"i":333,"j":370},{"i":346,"j":350},{"i":319,"j":346},{"i":328,"j":343},{"i":336,"j":367},{"i":340,"j":356},{"i":358,"j":391},{"i":350,"j":371},{"i":336,"j":361},{"i":348,"j":364},{"i":352,"j":377},{"i":355,"j":412},{"i":350,"j":359},{"i":342,"j":370},{"i":345,"j":352},{"i":342,"j":358},{"i":361,"j":376},{"i":338,"j":367},{"i":357,"j":375},{"i":343,"j":357},{"i":368,"j":388},{"i":359,"j":363},{"i":358,"j":359},{"i":348,"j":354},{"i":354,"j":369},{"i":356,"j":366},{"i":356,"j":364},{"i":365,"j":394},{"i":320,"j":360},{"i":361,"j":386},{"i":370,"j":389},{"i":366,"j":377},{"i":352,"j":366},{"i":360,"j":370},{"i":369,"j":372},{"i":364,"j":369},{"i":353,"j":374},{"i":349,"j":353},{"i":363,"j":391},{"i":358,"j":363},{"i":379,"j":414},{"i":374,"j":412},{"i":368,"j":382},{"i":327,"j":368},{"i":366,"j":372},{"i":377,"j":408},{"i":376,"j":384},{"i":360,"j":381},{"i":373,"j":397},{"i":372,"j":418},{"i":381,"j":389},{"i":380,"j":398},{"i":376,"j":380},{"i":368,"j":378},{"i":375,"j":395},{"i":355,"j":375},{"i":383,"j":413},{"i":390,"j":404},{"i":383,"j":385},{"i":374,"j":383},{"i":369,"j":627},{"i":367,"j":404},{"i":382,"j":399},{"i":378,"j":381},{"i":384,"j":400},{"i":362,"j":384},{"i":378,"j":387},{"i":388,"j":399},{"i":382,"j":393},{"i":357,"j":392},{"i":388,"j":425},{"i":371,"j":401},{"i":362,"j":400},{"i":390,"j":406},{"i":399,"j":405},{"i":377,"j":394},{"i":385,"j":413},{"i":379,"j":385},{"i":375,"j":396},{"i":373,"j":379},{"i":397,"j":428},{"i":344,"j":397},{"i":400,"j":415},{"i":392,"j":400},{"i":380,"j":386},{"i":403,"j":432},{"i":387,"j":425},{"i":405,"j":451},{"i":371,"j":410},{"i":396,"j":452},{"i":402,"j":403},{"i":392,"j":402},{"i":398,"j":419},{"i":390,"j":393},{"i":389,"j":407},{"i":387,"j":389},{"i":403,"j":429},{"i":396,"j":403},{"i":405,"j":406},{"i":393,"j":405},{"i":398,"j":417},{"i":391,"j":409},{"i":370,"j":391},{"i":401,"j":416},{"i":406,"j":450},{"i":394,"j":426},{"i":408,"j":426},{"i":410,"j":422},{"i":369,"j":411},{"i":395,"j":430},{"i":414,"j":421},{"i":431,"j":439},{"i":397,"j":414},{"i":401,"j":422},{"i":413,"j":427},{"i":404,"j":450},{"i":386,"j":404},{"i":407,"j":438},{"i":428,"j":459},{"i":440,"j":482},{"i":416,"j":424},{"i":391,"j":416},{"i":424,"j":447},{"i":408,"j":418},{"i":422,"j":424},{"i":417,"j":431},{"i":415,"j":417},{"i":409,"j":438},{"i":407,"j":409},{"i":418,"j":423},{"i":433,"j":439},{"i":397,"j":420},{"i":420,"j":428},{"i":344,"j":428},{"i":429,"j":432},{"i":417,"j":436},{"i":427,"j":434},{"i":421,"j":427},{"i":395,"j":452},{"i":415,"j":433},{"i":402,"j":415},{"i":434,"j":449},{"i":436,"j":442},{"i":431,"j":436},{"i":412,"j":457},{"i":445,"j":461},{"i":434,"j":457},{"i":433,"j":435},{"i":435,"j":463},{"i":432,"j":435},{"i":419,"j":442},{"i":423,"j":446},{"i":425,"j":438},{"i":437,"j":446},{"i":423,"j":437},{"i":411,"j":440},{"i":440,"j":441},{"i":420,"j":421},{"i":448,"j":483},{"i":426,"j":454},{"i":410,"j":426},{"i":444,"j":445},{"i":438,"j":444},{"i":455,"j":496},{"i":461,"j":467},{"i":441,"j":446},{"i":437,"j":441},{"i":422,"j":455},{"i":430,"j":457},{"i":412,"j":430},{"i":428,"j":448},{"i":429,"j":463},{"i":439,"j":475},{"i":445,"j":456},{"i":425,"j":445},{"i":442,"j":453},{"i":442,"j":464},{"i":444,"j":447},{"i":458,"j":496},{"i":422,"j":458},{"i":451,"j":468},{"i":454,"j":458},{"i":448,"j":449},{"i":459,"j":528},{"i":449,"j":494},{"i":450,"j":462},{"i":464,"j":486},{"i":456,"j":465},{"i":451,"j":456},{"i":439,"j":453},{"i":439,"j":488},{"i":463,"j":477},{"i":452,"j":463},{"i":460,"j":466},{"i":419,"j":460},{"i":460,"j":462},{"i":456,"j":461},{"i":462,"j":469},{"i":424,"j":474},{"i":465,"j":485},{"i":466,"j":469},{"i":470,"j":472},{"i":450,"j":468},{"i":471,"j":472},{"i":450,"j":471},{"i":465,"j":467},{"i":424,"j":455},{"i":473,"j":476},{"i":447,"j":473},{"i":502,"j":627},{"i":470,"j":479},{"i":469,"j":470},{"i":473,"j":474},{"i":475,"j":477},{"i":477,"j":480},{"i":472,"j":512},{"i":453,"j":464},{"i":447,"j":476},{"i":446,"j":481},{"i":454,"j":481},{"i":440,"j":502},{"i":483,"j":528},{"i":459,"j":483},{"i":452,"j":492},{"i":484,"j":494},{"i":457,"j":484},{"i":466,"j":487},{"i":467,"j":491},{"i":479,"j":487},{"i":478,"j":497},{"i":464,"j":478},{"i":478,"j":486},{"i":485,"j":493},{"i":468,"j":485},{"i":481,"j":482},{"i":476,"j":500},{"i":491,"j":503},{"i":493,"j":499},{"i":480,"j":498},{"i":495,"j":501},{"i":471,"j":495},{"i":475,"j":488},{"i":491,"j":493},{"i":497,"j":521},{"i":493,"j":495},{"i":496,"j":511},{"i":496,"j":504},{"i":486,"j":487},{"i":498,"j":505},{"i":474,"j":504},{"i":467,"j":490},{"i":495,"j":517},{"i":500,"j":537},{"i":482,"j":502},{"i":490,"j":533},{"i":499,"j":503},{"i":497,"j":507},{"i":508,"j":523},{"i":490,"j":500},{"i":472,"j":501},{"i":492,"j":514},{"i":484,"j":492},{"i":505,"j":516},{"i":489,"j":511},{"i":481,"j":489},{"i":499,"j":510},{"i":506,"j":510},{"i":503,"j":506},{"i":489,"j":534},{"i":489,"j":502},{"i":508,"j":513},{"i":494,"j":508},{"i":483,"j":513},{"i":488,"j":507},{"i":516,"j":553},{"i":515,"j":548},{"i":514,"j":523},{"i":505,"j":518},{"i":516,"j":518},{"i":499,"j":536},{"i":514,"j":526},{"i":498,"j":529},{"i":501,"j":531},{"i":483,"j":525},{"i":527,"j":535},{"i":521,"j":527},{"i":479,"j":512},{"i":522,"j":532},{"i":521,"j":548},{"i":519,"j":522},{"i":512,"j":519},{"i":514,"j":516},{"i":525,"j":542},{"i":487,"j":522},{"i":520,"j":538},{"i":513,"j":523},{"i":520,"j":525},{"i":480,"j":515},{"i":524,"j":527},{"i":487,"j":524},{"i":483,"j":520},{"i":528,"j":573},{"i":523,"j":542},{"i":515,"j":547},{"i":517,"j":531},{"i":501,"j":517},{"i":504,"j":537},{"i":532,"j":557},{"i":524,"j":532},{"i":519,"j":545},{"i":530,"j":536},{"i":499,"j":530},{"i":504,"j":509},{"i":536,"j":555},{"i":509,"j":511},{"i":524,"j":539},{"i":509,"j":546},{"i":538,"j":573},{"i":507,"j":548},{"i":411,"j":627},{"i":543,"j":554},{"i":531,"j":543},{"i":537,"j":540},{"i":533,"j":537},{"i":541,"j":547},{"i":515,"j":541},{"i":541,"j":567},{"i":536,"j":544},{"i":531,"j":549},{"i":530,"j":584},{"i":548,"j":560},{"i":541,"j":548},{"i":540,"j":556},{"i":535,"j":559},{"i":547,"j":571},{"i":535,"j":539},{"i":546,"j":550},{"i":537,"j":546},{"i":544,"j":561},{"i":543,"j":544},{"i":511,"j":534},{"i":552,"j":577},{"i":546,"j":552},{"i":518,"j":529},{"i":526,"j":553},{"i":533,"j":556},{"i":506,"j":533},{"i":549,"j":563},{"i":540,"j":550},{"i":555,"j":561},{"i":550,"j":588},{"i":510,"j":556},{"i":549,"j":554},{"i":560,"j":565},{"i":526,"j":570},{"i":563,"j":569},{"i":545,"j":563},{"i":542,"j":594},{"i":559,"j":560},{"i":555,"j":562},{"i":563,"j":574},{"i":554,"j":585},{"i":534,"j":551},{"i":539,"j":589},{"i":567,"j":595},{"i":566,"j":589},{"i":566,"j":576},{"i":559,"j":566},{"i":565,"j":567},{"i":557,"j":590},{"i":568,"j":580},{"i":545,"j":568},{"i":563,"j":582},{"i":553,"j":575},{"i":571,"j":572},{"i":529,"j":571},{"i":542,"j":578},{"i":538,"j":542},{"i":443,"j":573},{"i":568,"j":569},{"i":553,"j":572},{"i":585,"j":593},{"i":563,"j":585},{"i":565,"j":576},{"i":574,"j":582},{"i":569,"j":574},{"i":552,"j":564},{"i":570,"j":587},{"i":558,"j":570},{"i":578,"j":594},{"i":573,"j":578},{"i":564,"j":586},{"i":502,"j":579},{"i":571,"j":595},{"i":551,"j":586},{"i":556,"j":592},{"i":557,"j":580},{"i":581,"j":583},{"i":564,"j":581},{"i":586,"j":605},{"i":577,"j":588},{"i":561,"j":598},{"i":585,"j":598},{"i":570,"j":575},{"i":577,"j":617},{"i":587,"j":596},{"i":557,"j":597},{"i":576,"j":589},{"i":580,"j":610},{"i":589,"j":603},{"i":590,"j":603},{"i":561,"j":562},{"i":558,"j":604},{"i":542,"j":558},{"i":575,"j":602},{"i":587,"j":622},{"i":582,"j":610},{"i":603,"j":639},{"i":584,"j":599},{"i":562,"j":584},{"i":593,"j":598},{"i":599,"j":609},{"i":584,"j":592},{"i":600,"j":614},{"i":584,"j":600},{"i":596,"j":604},{"i":595,"j":602},{"i":572,"j":595},{"i":596,"j":643},{"i":604,"j":612},{"i":577,"j":583},{"i":579,"j":605},{"i":551,"j":579},{"i":581,"j":601},{"i":606,"j":607},{"i":588,"j":606},{"i":592,"j":611},{"i":609,"j":616},{"i":598,"j":609},{"i":593,"j":638},{"i":607,"j":611},{"i":612,"j":654},{"i":576,"j":591},{"i":591,"j":603},{"i":600,"j":608},{"i":615,"j":647},{"i":626,"j":637},{"i":619,"j":626},{"i":614,"j":618},{"i":583,"j":615},{"i":611,"j":619},{"i":608,"j":611},{"i":614,"j":637},{"i":608,"j":619},{"i":594,"j":654},{"i":620,"j":654},{"i":620,"j":621},{"i":573,"j":620},{"i":613,"j":622},{"i":602,"j":613},{"i":613,"j":630},{"i":590,"j":657},{"i":618,"j":624},{"i":599,"j":618},{"i":597,"j":610},{"i":625,"j":644},{"i":591,"j":625},{"i":624,"j":635},{"i":611,"j":634},{"i":601,"j":605},{"i":605,"j":629},{"i":629,"j":641},{"i":628,"j":629},{"i":622,"j":643},{"i":623,"j":630},{"i":595,"j":623},{"i":628,"j":631},{"i":601,"j":628},{"i":615,"j":631},{"i":616,"j":638},{"i":607,"j":658},{"i":606,"j":666},{"i":626,"j":633},{"i":626,"j":659},{"i":616,"j":648},{"i":597,"j":649},{"i":636,"j":644},{"i":625,"j":636},{"i":616,"j":635},{"i":632,"j":649},{"i":610,"j":632},{"i":639,"j":653},{"i":636,"j":639},{"i":627,"j":640},{"i":579,"j":627},{"i":641,"j":656},{"i":629,"j":640},{"i":627,"j":672},{"i":643,"j":699},{"i":654,"j":684},{"i":644,"j":645},{"i":623,"j":644},{"i":645,"j":655},{"i":641,"j":646},{"i":651,"j":672},{"i":606,"j":617},{"i":637,"j":652},{"i":650,"j":667},{"i":638,"j":650},{"i":632,"j":638},{"i":649,"j":673},{"i":648,"j":650},{"i":642,"j":651},{"i":640,"j":642},{"i":655,"j":681},{"i":633,"j":693},{"i":655,"j":663},{"i":630,"j":655},{"i":655,"j":685},{"i":650,"j":686},{"i":624,"j":652},{"i":617,"j":647},{"i":669,"j":702},{"i":633,"j":634},{"i":656,"j":662},{"i":641,"j":651},{"i":661,"j":662},{"i":656,"j":661},{"i":679,"j":686},{"i":675,"j":679},{"i":645,"j":653},{"i":646,"j":670},{"i":631,"j":646},{"i":664,"j":700},{"i":664,"j":665},{"i":647,"j":664},{"i":676,"j":698},{"i":665,"j":666},{"i":659,"j":669},{"i":652,"j":659},{"i":661,"j":672},{"i":660,"j":696},{"i":621,"j":660},{"i":643,"j":674},{"i":658,"j":683},{"i":665,"j":676},{"i":662,"j":670},{"i":692,"j":710},{"i":639,"j":657},{"i":661,"j":680},{"i":642,"j":672},{"i":612,"j":687},{"i":663,"j":688},{"i":630,"j":663},{"i":673,"j":678},{"i":669,"j":675},{"i":635,"j":669},{"i":648,"j":675},{"i":668,"j":707},{"i":657,"j":673},{"i":653,"j":694},{"i":667,"j":689},{"i":671,"j":705},{"i":669,"j":706},{"i":666,"j":676},{"i":671,"j":694},{"i":653,"j":671},{"i":682,"j":691},{"i":666,"j":682},{"i":658,"j":691},{"i":683,"j":693},{"i":634,"j":683},{"i":612,"j":668},{"i":668,"j":674},{"i":677,"j":678},{"i":681,"j":697},{"i":686,"j":709},{"i":687,"j":714},{"i":688,"j":697},{"i":685,"j":722},{"i":680,"j":690},{"i":670,"j":680},{"i":700,"j":733},{"i":682,"j":698},{"i":689,"j":692},{"i":678,"j":689},{"i":678,"j":692},{"i":677,"j":701},{"i":671,"j":677},{"i":709,"j":716},{"i":681,"j":685},{"i":695,"j":699},{"i":688,"j":695},{"i":660,"j":684},{"i":684,"j":696},{"i":686,"j":704},{"i":664,"j":670},{"i":699,"j":708},{"i":693,"j":706},{"i":690,"j":700},{"i":659,"j":706},{"i":691,"j":713},{"i":683,"j":691},{"i":702,"j":709},{"i":679,"j":702},{"i":691,"j":717},{"i":704,"j":718},{"i":701,"j":705},{"i":694,"j":722},{"i":667,"j":712},{"i":693,"j":703},{"i":674,"j":708},{"i":687,"j":707},{"i":697,"j":721},{"i":695,"j":697},{"i":702,"j":715},{"i":705,"j":728},{"i":718,"j":756},{"i":700,"j":711},{"i":706,"j":715},{"i":712,"j":724},{"i":710,"j":712},{"i":713,"j":725},{"i":703,"j":713},{"i":707,"j":746},{"i":715,"j":739},{"i":711,"j":717},{"i":698,"j":711},{"i":672,"j":788},{"i":716,"j":718},{"i":704,"j":716},{"i":721,"j":738},{"i":684,"j":714},{"i":707,"j":708},{"i":696,"j":720},{"i":697,"j":719},{"i":722,"j":745},{"i":712,"j":718},{"i":701,"j":710},{"i":723,"j":726},{"i":672,"j":723},{"i":705,"j":731},{"i":735,"j":741},{"i":721,"j":737},{"i":724,"j":729},{"i":736,"j":760},{"i":725,"j":735},{"i":703,"j":725},{"i":729,"j":731},{"i":739,"j":772},{"i":755,"j":779},{"i":726,"j":732},{"i":690,"j":726},{"i":730,"j":763},{"i":690,"j":732},{"i":719,"j":740},{"i":719,"j":745},{"i":725,"j":730},{"i":734,"j":736},{"i":714,"j":734},{"i":736,"j":766},{"i":708,"j":737},{"i":722,"j":727},{"i":738,"j":742},{"i":727,"j":750},{"i":727,"j":728},{"i":750,"j":784},{"i":745,"j":750},{"i":717,"j":762},{"i":732,"j":755},{"i":742,"j":753},{"i":729,"j":747},{"i":744,"j":748},{"i":740,"j":744},{"i":742,"j":746},{"i":737,"j":742},{"i":744,"j":745},{"i":716,"j":739},{"i":748,"j":752},{"i":733,"j":757},{"i":754,"j":774},{"i":720,"j":736},{"i":736,"j":751},{"i":748,"j":784},{"i":738,"j":740},{"i":753,"j":783},{"i":752,"j":754},{"i":732,"j":743},{"i":747,"j":768},{"i":731,"j":747},{"i":739,"j":741},{"i":762,"j":767},{"i":749,"j":762},{"i":754,"j":758},{"i":758,"j":783},{"i":753,"j":758},{"i":751,"j":759},{"i":720,"j":751},{"i":760,"j":798},{"i":759,"j":793},{"i":696,"j":759},{"i":746,"j":766},{"i":734,"j":746},{"i":757,"j":762},{"i":747,"j":782},{"i":749,"j":767},{"i":730,"j":749},{"i":757,"j":775},{"i":755,"j":764},{"i":733,"j":755},{"i":763,"j":765},{"i":735,"j":763},{"i":759,"j":760},{"i":761,"j":769},{"i":741,"j":761},{"i":772,"j":780},{"i":765,"j":770},{"i":761,"j":765},{"i":769,"j":780},{"i":755,"j":771},{"i":769,"j":772},{"i":776,"j":782},{"i":768,"j":773},{"i":728,"j":768},{"i":774,"j":799},{"i":758,"j":774},{"i":777,"j":784},{"i":757,"j":764},{"i":761,"j":770},{"i":773,"j":777},{"i":750,"j":773},{"i":756,"j":782},{"i":724,"j":756},{"i":776,"j":777},{"i":768,"j":776},{"i":782,"j":796},{"i":771,"j":781},{"i":764,"j":771},{"i":723,"j":778},{"i":743,"j":795},{"i":763,"j":797},{"i":756,"j":780},{"i":779,"j":794},{"i":771,"j":779},{"i":791,"j":799},{"i":781,"j":785},{"i":757,"j":781},{"i":785,"j":797},{"i":775,"j":785},{"i":783,"j":786},{"i":787,"j":799},{"i":784,"j":787},{"i":752,"j":784},{"i":743,"j":778},{"i":723,"j":788},{"i":770,"j":792},{"i":790,"j":796},{"i":789,"j":790},{"i":767,"j":797},{"i":786,"j":791},{"i":766,"j":786},{"i":783,"j":799},{"i":775,"j":797},{"i":766,"j":798},{"i":779,"j":795},{"i":795,"j":797},{"i":794,"j":795},{"i":788,"j":795},{"i":778,"j":788},{"i":789,"j":796},{"i":780,"j":789},{"i":792,"j":797},{"i":790,"j":792},{"i":794,"j":797},{"i":785,"j":794},{"i":791,"j":798},{"i":796,"j":799},{"i":787,"j":796},{"i":0,"j":3},{"i":3,"j":39},{"i":39,"j":69},{"i":69,"j":145},{"i":145,"j":212},{"i":212,"j":443},{"i":443,"j":621},{"i":621,"j":696},{"i":696,"j":793},{"i":793,"j":798},{"i":798,"j":799},{"i":796,"j":797}],"type":"Solution"}