{"instance_name":"uniform-0000600-2","edges":[{"i":2,"j":7},{"i":3,"j":6},{"i":2,"j":3},{"i":0,"j":2},{"i":3,"j":4},{"i":1,"j":3},{"i":1,"j":12},{"i":2,"j":9},{"i":7,"j":8},{"i":14,"j":86},{"i":6,"j":17},{"i":7,"j":16},{"i":8,"j":16},{"i":6,"j":8},{"i":0,"j":19},{"i":1,"j":22},{"i":5,"j":11},{"i":11,"j":21},{"i":0,"j":10},{"i":14,"j":18},{"i":13,"j":23},{"i":0,"j":14},{"i":0,"j":13},{"i":27,"j":86},{"i":10,"j":28},{"i":12,"j":21},{"i":5,"j":12},{"i":26,"j":43},{"i":17,"j":26},{"i":20,"j":76},{"i":11,"j":20},{"i":1,"j":4},{"i":20,"j":21},{"i":17,"j":29},{"i":4,"j":17},{"i":12,"j":40},{"i":19,"j":23},{"i":2,"j":19},{"i":24,"j":42},{"i":21,"j":24},{"i":12,"j":22},{"i":9,"j":34},{"i":7,"j":9},{"i":10,"j":15},{"i":22,"j":44},{"i":23,"j":32},{"i":34,"j":45},{"i":27,"j":31},{"i":14,"j":27},{"i":30,"j":33},{"i":16,"j":30},{"i":28,"j":36},{"i":13,"j":28},{"i":15,"j":18},{"i":22,"j":25},{"i":39,"j":72},{"i":30,"j":35},{"i":33,"j":38},{"i":26,"j":33},{"i":58,"j":60},{"i":24,"j":40},{"i":7,"j":34},{"i":26,"j":57},{"i":37,"j":76},{"i":20,"j":37},{"i":40,"j":47},{"i":32,"j":46},{"i":2,"j":32},{"i":37,"j":42},{"i":43,"j":56},{"i":29,"j":49},{"i":25,"j":29},{"i":53,"j":64},{"i":35,"j":53},{"i":23,"j":65},{"i":43,"j":52},{"i":36,"j":58},{"i":23,"j":36},{"i":40,"j":99},{"i":56,"j":57},{"i":46,"j":50},{"i":39,"j":48},{"i":28,"j":39},{"i":36,"j":70},{"i":41,"j":87},{"i":49,"j":54},{"i":42,"j":83},{"i":25,"j":49},{"i":44,"j":81},{"i":41,"j":53},{"i":35,"j":41},{"i":52,"j":55},{"i":53,"j":71},{"i":54,"j":61},{"i":44,"j":51},{"i":52,"j":75},{"i":55,"j":61},{"i":49,"j":55},{"i":26,"j":38},{"i":38,"j":63},{"i":56,"j":75},{"i":58,"j":59},{"i":31,"j":78},{"i":36,"j":48},{"i":59,"j":92},{"i":18,"j":31},{"i":41,"j":45},{"i":23,"j":59},{"i":66,"j":74},{"i":63,"j":73},{"i":57,"j":63},{"i":65,"j":66},{"i":66,"j":67},{"i":46,"j":66},{"i":51,"j":69},{"i":54,"j":69},{"i":51,"j":54},{"i":47,"j":97},{"i":64,"j":82},{"i":66,"j":84},{"i":50,"j":67},{"i":45,"j":50},{"i":66,"j":105},{"i":62,"j":72},{"i":15,"j":62},{"i":63,"j":104},{"i":71,"j":79},{"i":64,"j":71},{"i":73,"j":77},{"i":74,"j":84},{"i":42,"j":47},{"i":76,"j":100},{"i":81,"j":111},{"i":75,"j":94},{"i":61,"j":75},{"i":72,"j":88},{"i":48,"j":72},{"i":79,"j":85},{"i":78,"j":80},{"i":62,"j":78},{"i":72,"j":93},{"i":77,"j":94},{"i":75,"j":77},{"i":76,"j":83},{"i":73,"j":110},{"i":60,"j":98},{"i":79,"j":90},{"i":93,"j":101},{"i":63,"j":82},{"i":67,"j":74},{"i":53,"j":87},{"i":84,"j":117},{"i":90,"j":116},{"i":89,"j":90},{"i":87,"j":89},{"i":72,"j":80},{"i":70,"j":88},{"i":85,"j":116},{"i":60,"j":70},{"i":91,"j":98},{"i":70,"j":91},{"i":88,"j":96},{"i":85,"j":95},{"i":109,"j":126},{"i":65,"j":92},{"i":78,"j":86},{"i":93,"j":96},{"i":68,"j":102},{"i":40,"j":68},{"i":97,"j":112},{"i":68,"j":81},{"i":91,"j":123},{"i":99,"j":108},{"i":83,"j":97},{"i":96,"j":123},{"i":95,"j":104},{"i":82,"j":95},{"i":114,"j":123},{"i":101,"j":114},{"i":92,"j":98},{"i":78,"j":109},{"i":111,"j":128},{"i":107,"j":111},{"i":92,"j":115},{"i":110,"j":146},{"i":101,"j":123},{"i":89,"j":144},{"i":103,"j":106},{"i":80,"j":103},{"i":99,"j":136},{"i":69,"j":120},{"i":108,"j":112},{"i":97,"j":108},{"i":106,"j":114},{"i":93,"j":106},{"i":102,"j":113},{"i":99,"j":102},{"i":99,"j":113},{"i":102,"j":122},{"i":112,"j":157},{"i":100,"j":112},{"i":102,"j":129},{"i":115,"j":118},{"i":105,"j":115},{"i":86,"j":132},{"i":104,"j":146},{"i":94,"j":130},{"i":105,"j":124},{"i":117,"j":144},{"i":94,"j":110},{"i":129,"j":133},{"i":68,"j":107},{"i":105,"j":118},{"i":111,"j":119},{"i":113,"j":122},{"i":114,"j":121},{"i":118,"j":138},{"i":124,"j":135},{"i":103,"j":109},{"i":125,"j":127},{"i":109,"j":125},{"i":127,"j":134},{"i":103,"j":127},{"i":107,"j":128},{"i":129,"j":131},{"i":128,"j":133},{"i":122,"j":131},{"i":126,"j":137},{"i":86,"j":178},{"i":119,"j":120},{"i":123,"j":150},{"i":120,"j":130},{"i":98,"j":143},{"i":131,"j":142},{"i":136,"j":151},{"i":132,"j":137},{"i":126,"j":132},{"i":104,"j":156},{"i":121,"j":134},{"i":135,"j":163},{"i":137,"j":140},{"i":125,"j":137},{"i":117,"j":135},{"i":139,"j":150},{"i":121,"j":139},{"i":133,"j":176},{"i":119,"j":141},{"i":123,"j":149},{"i":138,"j":152},{"i":124,"j":138},{"i":144,"j":155},{"i":116,"j":144},{"i":138,"j":143},{"i":137,"j":166},{"i":130,"j":148},{"i":155,"j":158},{"i":151,"j":172},{"i":145,"j":182},{"i":143,"j":145},{"i":139,"j":154},{"i":151,"j":157},{"i":112,"j":151},{"i":145,"j":149},{"i":158,"j":186},{"i":150,"j":161},{"i":140,"j":153},{"i":134,"j":140},{"i":153,"j":154},{"i":144,"j":163},{"i":116,"j":160},{"i":141,"j":170},{"i":157,"j":218},{"i":141,"j":147},{"i":152,"j":163},{"i":147,"j":202},{"i":159,"j":176},{"i":133,"j":159},{"i":158,"j":160},{"i":165,"j":171},{"i":145,"j":165},{"i":161,"j":165},{"i":149,"j":161},{"i":153,"j":162},{"i":160,"j":164},{"i":163,"j":206},{"i":168,"j":192},{"i":155,"j":179},{"i":154,"j":177},{"i":166,"j":167},{"i":153,"j":166},{"i":167,"j":180},{"i":162,"j":167},{"i":146,"j":195},{"i":168,"j":169},{"i":159,"j":168},{"i":142,"j":191},{"i":156,"j":164},{"i":169,"j":176},{"i":159,"j":169},{"i":142,"j":175},{"i":136,"j":142},{"i":172,"j":218},{"i":162,"j":177},{"i":179,"j":190},{"i":174,"j":184},{"i":164,"j":174},{"i":175,"j":181},{"i":172,"j":175},{"i":176,"j":196},{"i":175,"j":193},{"i":171,"j":187},{"i":166,"j":188},{"i":167,"j":198},{"i":132,"j":178},{"i":145,"j":171},{"i":178,"j":189},{"i":175,"j":185},{"i":173,"j":194},{"i":161,"j":173},{"i":163,"j":190},{"i":156,"j":197},{"i":174,"j":186},{"i":202,"j":254},{"i":142,"j":196},{"i":181,"j":220},{"i":168,"j":170},{"i":183,"j":186},{"i":179,"j":183},{"i":177,"j":194},{"i":173,"j":177},{"i":187,"j":221},{"i":180,"j":194},{"i":178,"j":188},{"i":198,"j":215},{"i":148,"j":202},{"i":147,"j":148},{"i":184,"j":197},{"i":198,"j":208},{"i":191,"j":193},{"i":193,"j":207},{"i":186,"j":200},{"i":184,"j":186},{"i":180,"j":205},{"i":192,"j":196},{"i":196,"j":217},{"i":196,"j":211},{"i":191,"j":196},{"i":195,"j":202},{"i":194,"j":199},{"i":188,"j":189},{"i":194,"j":216},{"i":182,"j":221},{"i":152,"j":182},{"i":213,"j":240},{"i":163,"j":201},{"i":203,"j":204},{"i":152,"j":203},{"i":178,"j":267},{"i":201,"j":213},{"i":190,"j":210},{"i":207,"j":227},{"i":205,"j":229},{"i":201,"j":204},{"i":208,"j":209},{"i":206,"j":210},{"i":202,"j":212},{"i":170,"j":202},{"i":185,"j":207},{"i":197,"j":200},{"i":195,"j":197},{"i":183,"j":223},{"i":199,"j":216},{"i":187,"j":199},{"i":208,"j":226},{"i":189,"j":215},{"i":209,"j":229},{"i":205,"j":209},{"i":192,"j":212},{"i":207,"j":231},{"i":181,"j":185},{"i":212,"j":235},{"i":211,"j":231},{"i":207,"j":211},{"i":218,"j":220},{"i":211,"j":217},{"i":216,"j":221},{"i":178,"j":222},{"i":206,"j":213},{"i":228,"j":252},{"i":223,"j":224},{"i":214,"j":255},{"i":200,"j":214},{"i":225,"j":244},{"i":228,"j":232},{"i":226,"j":228},{"i":235,"j":241},{"i":229,"j":232},{"i":226,"j":229},{"i":204,"j":251},{"i":233,"j":246},{"i":225,"j":230},{"i":210,"j":225},{"i":220,"j":227},{"i":219,"j":233},{"i":192,"j":219},{"i":216,"j":243},{"i":215,"j":252},{"i":237,"j":257},{"i":217,"j":237},{"i":229,"j":239},{"i":203,"j":221},{"i":230,"j":242},{"i":223,"j":230},{"i":241,"j":274},{"i":219,"j":241},{"i":239,"j":248},{"i":260,"j":280},{"i":233,"j":237},{"i":239,"j":256},{"i":238,"j":258},{"i":236,"j":250},{"i":219,"j":236},{"i":225,"j":238},{"i":240,"j":266},{"i":222,"j":267},{"i":239,"j":243},{"i":236,"j":241},{"i":238,"j":240},{"i":231,"j":263},{"i":224,"j":259},{"i":221,"j":234},{"i":249,"j":260},{"i":234,"j":249},{"i":243,"j":249},{"i":234,"j":243},{"i":203,"j":247},{"i":248,"j":249},{"i":246,"j":257},{"i":214,"j":224},{"i":247,"j":279},{"i":248,"j":256},{"i":215,"j":222},{"i":245,"j":253},{"i":227,"j":245},{"i":218,"j":253},{"i":242,"j":259},{"i":224,"j":242},{"i":259,"j":281},{"i":257,"j":287},{"i":244,"j":258},{"i":242,"j":244},{"i":235,"j":254},{"i":263,"j":273},{"i":255,"j":262},{"i":258,"j":261},{"i":263,"j":271},{"i":245,"j":263},{"i":264,"j":279},{"i":247,"j":264},{"i":257,"j":263},{"i":262,"j":288},{"i":254,"j":262},{"i":260,"j":264},{"i":253,"j":272},{"i":266,"j":289},{"i":250,"j":290},{"i":251,"j":289},{"i":252,"j":267},{"i":266,"j":269},{"i":267,"j":426},{"i":263,"j":287},{"i":270,"j":302},{"i":265,"j":270},{"i":246,"j":250},{"i":271,"j":301},{"i":271,"j":272},{"i":272,"j":302},{"i":270,"j":272},{"i":273,"j":301},{"i":255,"j":281},{"i":259,"j":261},{"i":232,"j":268},{"i":282,"j":290},{"i":258,"j":284},{"i":261,"j":277},{"i":267,"j":278},{"i":275,"j":285},{"i":256,"j":275},{"i":277,"j":300},{"i":283,"j":284},{"i":282,"j":286},{"i":257,"j":282},{"i":269,"j":284},{"i":276,"j":313},{"i":251,"j":279},{"i":280,"j":285},{"i":279,"j":280},{"i":276,"j":295},{"i":262,"j":276},{"i":257,"j":286},{"i":286,"j":312},{"i":283,"j":292},{"i":277,"j":283},{"i":287,"j":312},{"i":279,"j":306},{"i":274,"j":293},{"i":286,"j":290},{"i":268,"j":297},{"i":289,"j":298},{"i":269,"j":289},{"i":292,"j":300},{"i":288,"j":318},{"i":274,"j":288},{"i":278,"j":294},{"i":268,"j":278},{"i":281,"j":307},{"i":276,"j":281},{"i":284,"j":299},{"i":291,"j":304},{"i":275,"j":291},{"i":294,"j":297},{"i":294,"j":305},{"i":289,"j":306},{"i":299,"j":309},{"i":298,"j":299},{"i":273,"j":303},{"i":303,"j":321},{"i":301,"j":325},{"i":293,"j":319},{"i":290,"j":293},{"i":291,"j":311},{"i":297,"j":311},{"i":278,"j":320},{"i":285,"j":296},{"i":281,"j":300},{"i":310,"j":317},{"i":300,"j":310},{"i":307,"j":313},{"i":298,"j":309},{"i":308,"j":314},{"i":292,"j":308},{"i":316,"j":329},{"i":308,"j":309},{"i":297,"j":305},{"i":295,"j":315},{"i":288,"j":295},{"i":315,"j":326},{"i":308,"j":316},{"i":313,"j":323},{"i":310,"j":314},{"i":306,"j":328},{"i":314,"j":329},{"i":319,"j":324},{"i":323,"j":332},{"i":315,"j":323},{"i":312,"j":330},{"i":318,"j":319},{"i":296,"j":337},{"i":305,"j":320},{"i":312,"j":321},{"i":303,"j":312},{"i":304,"j":337},{"i":296,"j":304},{"i":307,"j":317},{"i":322,"j":327},{"i":329,"j":353},{"i":321,"j":325},{"i":312,"j":324},{"i":331,"j":363},{"i":319,"j":336},{"i":322,"j":338},{"i":306,"j":322},{"i":316,"j":331},{"i":331,"j":348},{"i":324,"j":335},{"i":325,"j":356},{"i":309,"j":328},{"i":317,"j":334},{"i":335,"j":336},{"i":326,"j":345},{"i":333,"j":339},{"i":307,"j":333},{"i":318,"j":326},{"i":332,"j":341},{"i":326,"j":332},{"i":311,"j":342},{"i":327,"j":340},{"i":323,"j":339},{"i":327,"j":337},{"i":323,"j":347},{"i":311,"j":368},{"i":337,"j":344},{"i":342,"j":357},{"i":333,"j":334},{"i":337,"j":350},{"i":344,"j":351},{"i":340,"j":344},{"i":341,"j":345},{"i":353,"j":359},{"i":334,"j":353},{"i":347,"j":352},{"i":341,"j":347},{"i":343,"j":346},{"i":339,"j":343},{"i":338,"j":349},{"i":329,"j":348},{"i":338,"j":340},{"i":278,"j":426},{"i":337,"j":342},{"i":348,"j":406},{"i":346,"j":355},{"i":339,"j":346},{"i":355,"j":362},{"i":325,"j":374},{"i":353,"j":406},{"i":345,"j":364},{"i":336,"j":345},{"i":356,"j":376},{"i":354,"j":356},{"i":349,"j":361},{"i":344,"j":350},{"i":335,"j":358},{"i":351,"j":360},{"i":349,"j":371},{"i":349,"j":370},{"i":355,"j":369},{"i":362,"j":369},{"i":361,"j":363},{"i":328,"j":361},{"i":352,"j":366},{"i":364,"j":365},{"i":365,"j":373},{"i":358,"j":365},{"i":352,"j":362},{"i":363,"j":406},{"i":354,"j":367},{"i":302,"j":354},{"i":366,"j":372},{"i":359,"j":381},{"i":343,"j":359},{"i":360,"j":371},{"i":349,"j":360},{"i":372,"j":387},{"i":366,"j":387},{"i":364,"j":390},{"i":382,"j":411},{"i":330,"j":389},{"i":372,"j":375},{"i":374,"j":376},{"i":381,"j":392},{"i":357,"j":385},{"i":350,"j":357},{"i":376,"j":394},{"i":367,"j":376},{"i":373,"j":380},{"i":358,"j":373},{"i":357,"j":368},{"i":320,"j":379},{"i":374,"j":378},{"i":378,"j":402},{"i":377,"j":383},{"i":351,"j":377},{"i":379,"j":382},{"i":377,"j":385},{"i":364,"j":375},{"i":384,"j":389},{"i":380,"j":384},{"i":370,"j":395},{"i":361,"j":370},{"i":368,"j":382},{"i":320,"j":386},{"i":330,"j":380},{"i":393,"j":397},{"i":384,"j":393},{"i":391,"j":408},{"i":392,"j":403},{"i":387,"j":390},{"i":375,"j":387},{"i":388,"j":391},{"i":378,"j":388},{"i":389,"j":402},{"i":393,"j":398},{"i":371,"j":396},{"i":373,"j":398},{"i":376,"j":391},{"i":394,"j":433},{"i":390,"j":399},{"i":383,"j":396},{"i":384,"j":430},{"i":387,"j":401},{"i":414,"j":423},{"i":397,"j":404},{"i":398,"j":399},{"i":400,"j":407},{"i":399,"j":400},{"i":392,"j":405},{"i":397,"j":409},{"i":384,"j":404},{"i":400,"j":401},{"i":395,"j":414},{"i":401,"j":416},{"i":407,"j":415},{"i":398,"j":407},{"i":402,"j":408},{"i":388,"j":402},{"i":369,"j":417},{"i":412,"j":465},{"i":397,"j":415},{"i":381,"j":406},{"i":396,"j":410},{"i":383,"j":425},{"i":379,"j":428},{"i":408,"j":412},{"i":394,"j":408},{"i":402,"j":434},{"i":395,"j":410},{"i":410,"j":413},{"i":403,"j":417},{"i":409,"j":431},{"i":404,"j":409},{"i":403,"j":420},{"i":416,"j":417},{"i":414,"j":418},{"i":406,"j":414},{"i":419,"j":429},{"i":405,"j":419},{"i":418,"j":419},{"i":420,"j":424},{"i":405,"j":432},{"i":423,"j":438},{"i":420,"j":436},{"i":423,"j":437},{"i":418,"j":423},{"i":385,"j":440},{"i":386,"j":428},{"i":424,"j":427},{"i":417,"j":424},{"i":386,"j":426},{"i":411,"j":467},{"i":409,"j":445},{"i":409,"j":444},{"i":421,"j":450},{"i":416,"j":421},{"i":431,"j":446},{"i":430,"j":431},{"i":429,"j":432},{"i":412,"j":433},{"i":434,"j":465},{"i":430,"j":446},{"i":432,"j":436},{"i":437,"j":456},{"i":429,"j":435},{"i":413,"j":422},{"i":435,"j":437},{"i":422,"j":448},{"i":441,"j":469},{"i":422,"j":425},{"i":441,"j":453},{"i":428,"j":447},{"i":411,"j":428},{"i":439,"j":441},{"i":413,"j":439},{"i":438,"j":458},{"i":441,"j":442},{"i":410,"j":441},{"i":442,"j":443},{"i":427,"j":450},{"i":421,"j":427},{"i":424,"j":451},{"i":445,"j":455},{"i":444,"j":445},{"i":446,"j":460},{"i":434,"j":446},{"i":425,"j":440},{"i":440,"j":467},{"i":437,"j":458},{"i":426,"j":573},{"i":415,"j":461},{"i":436,"j":478},{"i":453,"j":473},{"i":442,"j":463},{"i":449,"j":459},{"i":435,"j":449},{"i":450,"j":461},{"i":443,"j":458},{"i":438,"j":443},{"i":456,"j":457},{"i":462,"j":468},{"i":459,"j":462},{"i":457,"j":462},{"i":449,"j":457},{"i":453,"j":463},{"i":448,"j":467},{"i":444,"j":466},{"i":461,"j":464},{"i":460,"j":480},{"i":454,"j":459},{"i":456,"j":468},{"i":458,"j":468},{"i":439,"j":481},{"i":450,"j":451},{"i":455,"j":464},{"i":433,"j":465},{"i":455,"j":497},{"i":447,"j":470},{"i":478,"j":483},{"i":477,"j":478},{"i":473,"j":488},{"i":463,"j":473},{"i":439,"j":448},{"i":447,"j":452},{"i":467,"j":495},{"i":452,"j":482},{"i":452,"j":471},{"i":426,"j":472},{"i":469,"j":473},{"i":451,"j":477},{"i":484,"j":487},{"i":436,"j":454},{"i":474,"j":476},{"i":450,"j":474},{"i":476,"j":484},{"i":464,"j":476},{"i":475,"j":507},{"i":474,"j":475},{"i":475,"j":477},{"i":472,"j":479},{"i":471,"j":472},{"i":466,"j":490},{"i":460,"j":466},{"i":465,"j":480},{"i":470,"j":486},{"i":467,"j":470},{"i":469,"j":481},{"i":471,"j":492},{"i":485,"j":521},{"i":468,"j":489},{"i":454,"j":501},{"i":476,"j":507},{"i":484,"j":497},{"i":482,"j":485},{"i":472,"j":534},{"i":470,"j":485},{"i":488,"j":515},{"i":488,"j":496},{"i":458,"j":463},{"i":466,"j":500},{"i":487,"j":502},{"i":465,"j":494},{"i":493,"j":498},{"i":480,"j":493},{"i":486,"j":521},{"i":479,"j":492},{"i":471,"j":479},{"i":494,"j":513},{"i":480,"j":490},{"i":433,"j":491},{"i":486,"j":503},{"i":481,"j":495},{"i":496,"j":508},{"i":489,"j":496},{"i":483,"j":507},{"i":497,"j":500},{"i":498,"j":513},{"i":494,"j":498},{"i":454,"j":523},{"i":495,"j":509},{"i":497,"j":502},{"i":501,"j":523},{"i":502,"j":519},{"i":483,"j":499},{"i":500,"j":502},{"i":503,"j":521},{"i":504,"j":505},{"i":500,"j":504},{"i":504,"j":519},{"i":493,"j":542},{"i":499,"j":501},{"i":499,"j":529},{"i":487,"j":550},{"i":503,"j":509},{"i":489,"j":532},{"i":495,"j":512},{"i":511,"j":515},{"i":481,"j":511},{"i":509,"j":517},{"i":493,"j":536},{"i":525,"j":541},{"i":513,"j":528},{"i":491,"j":513},{"i":496,"j":516},{"i":506,"j":527},{"i":499,"j":506},{"i":510,"j":518},{"i":496,"j":510},{"i":510,"j":524},{"i":511,"j":512},{"i":515,"j":531},{"i":510,"j":515},{"i":513,"j":536},{"i":517,"j":520},{"i":512,"j":517},{"i":472,"j":573},{"i":518,"j":526},{"i":516,"j":518},{"i":482,"j":547},{"i":514,"j":516},{"i":508,"j":532},{"i":522,"j":537},{"i":514,"j":522},{"i":520,"j":525},{"i":508,"j":514},{"i":526,"j":538},{"i":506,"j":523},{"i":544,"j":554},{"i":527,"j":544},{"i":536,"j":543},{"i":527,"j":529},{"i":519,"j":539},{"i":505,"j":519},{"i":525,"j":531},{"i":530,"j":544},{"i":523,"j":530},{"i":522,"j":526},{"i":528,"j":533},{"i":491,"j":528},{"i":490,"j":505},{"i":492,"j":535},{"i":534,"j":535},{"i":529,"j":549},{"i":524,"j":538},{"i":531,"j":553},{"i":524,"j":531},{"i":530,"j":562},{"i":520,"j":546},{"i":493,"j":539},{"i":542,"j":543},{"i":530,"j":532},{"i":549,"j":555},{"i":521,"j":546},{"i":535,"j":547},{"i":540,"j":548},{"i":533,"j":540},{"i":540,"j":543},{"i":555,"j":577},{"i":529,"j":554},{"i":539,"j":560},{"i":507,"j":549},{"i":541,"j":578},{"i":546,"j":551},{"i":545,"j":546},{"i":552,"j":589},{"i":545,"j":556},{"i":541,"j":545},{"i":537,"j":565},{"i":549,"j":577},{"i":566,"j":571},{"i":551,"j":556},{"i":556,"j":578},{"i":547,"j":557},{"i":548,"j":591},{"i":552,"j":558},{"i":543,"j":552},{"i":538,"j":553},{"i":552,"j":563},{"i":550,"j":567},{"i":519,"j":550},{"i":537,"j":559},{"i":553,"j":578},{"i":550,"j":555},{"i":532,"j":565},{"i":558,"j":591},{"i":548,"j":558},{"i":560,"j":563},{"i":542,"j":560},{"i":559,"j":579},{"i":521,"j":557},{"i":561,"j":568},{"i":538,"j":561},{"i":565,"j":579},{"i":562,"j":565},{"i":564,"j":566},{"i":551,"j":564},{"i":556,"j":580},{"i":567,"j":569},{"i":569,"j":582},{"i":560,"j":569},{"i":562,"j":572},{"i":580,"j":586},{"i":564,"j":571},{"i":556,"j":566},{"i":554,"j":570},{"i":534,"j":573},{"i":568,"j":574},{"i":538,"j":568},{"i":576,"j":583},{"i":573,"j":575},{"i":572,"j":585},{"i":570,"j":572},{"i":570,"j":585},{"i":576,"j":578},{"i":556,"j":576},{"i":559,"j":574},{"i":588,"j":596},{"i":578,"j":581},{"i":561,"j":578},{"i":571,"j":590},{"i":578,"j":593},{"i":579,"j":595},{"i":567,"j":588},{"i":580,"j":583},{"i":590,"j":599},{"i":586,"j":590},{"i":575,"j":584},{"i":557,"j":575},{"i":592,"j":596},{"i":579,"j":587},{"i":583,"j":593},{"i":581,"j":595},{"i":574,"j":581},{"i":585,"j":588},{"i":577,"j":585},{"i":582,"j":589},{"i":563,"j":582},{"i":584,"j":590},{"i":564,"j":584},{"i":589,"j":591},{"i":592,"j":594},{"i":582,"j":592},{"i":583,"j":586},{"i":593,"j":599},{"i":585,"j":587},{"i":594,"j":598},{"i":593,"j":595},{"i":595,"j":596},{"i":587,"j":595},{"i":573,"j":597},{"i":596,"j":598},{"i":594,"j":596},{"i":597,"j":599},{"i":584,"j":597},{"i":0,"j":1},{"i":1,"j":5},{"i":5,"j":100},{"i":100,"j":218},{"i":218,"j":265},{"i":265,"j":367},{"i":367,"j":433},{"i":433,"j":533},{"i":533,"j":591},{"i":591,"j":598},{"i":595,"j":599}],"type":"Solution"}