{"instance_name":"uniform-0000090-1","edges":[{"i":1,"j":2},{"i":0,"j":4},{"i":4,"j":7},{"i":5,"j":8},{"i":2,"j":5},{"i":4,"j":6},{"i":2,"j":4},{"i":5,"j":6},{"i":7,"j":13},{"i":8,"j":27},{"i":13,"j":16},{"i":8,"j":12},{"i":7,"j":9},{"i":9,"j":11},{"i":6,"j":9},{"i":3,"j":10},{"i":0,"j":3},{"i":12,"j":17},{"i":1,"j":12},{"i":11,"j":16},{"i":6,"j":11},{"i":10,"j":13},{"i":10,"j":15},{"i":14,"j":15},{"i":3,"j":14},{"i":14,"j":24},{"i":8,"j":20},{"i":14,"j":19},{"i":18,"j":19},{"i":14,"j":18},{"i":18,"j":24},{"i":20,"j":22},{"i":20,"j":21},{"i":16,"j":23},{"i":17,"j":21},{"i":21,"j":22},{"i":8,"j":23},{"i":19,"j":29},{"i":26,"j":33},{"i":25,"j":66},{"i":17,"j":25},{"i":24,"j":26},{"i":23,"j":30},{"i":26,"j":46},{"i":22,"j":34},{"i":15,"j":32},{"i":28,"j":36},{"i":26,"j":29},{"i":23,"j":28},{"i":35,"j":39},{"i":32,"j":35},{"i":22,"j":27},{"i":25,"j":31},{"i":27,"j":30},{"i":29,"j":32},{"i":28,"j":32},{"i":27,"j":40},{"i":31,"j":34},{"i":33,"j":35},{"i":32,"j":37},{"i":40,"j":48},{"i":32,"j":39},{"i":30,"j":36},{"i":24,"j":54},{"i":37,"j":41},{"i":36,"j":37},{"i":39,"j":43},{"i":38,"j":40},{"i":30,"j":38},{"i":44,"j":51},{"i":34,"j":44},{"i":40,"j":44},{"i":37,"j":47},{"i":39,"j":42},{"i":37,"j":42},{"i":38,"j":41},{"i":46,"j":52},{"i":43,"j":50},{"i":45,"j":50},{"i":43,"j":45},{"i":33,"j":49},{"i":47,"j":58},{"i":47,"j":48},{"i":41,"j":47},{"i":31,"j":51},{"i":48,"j":56},{"i":42,"j":58},{"i":44,"j":53},{"i":53,"j":62},{"i":49,"j":52},{"i":45,"j":49},{"i":47,"j":56},{"i":55,"j":57},{"i":42,"j":50},{"i":46,"j":54},{"i":50,"j":60},{"i":55,"j":64},{"i":47,"j":55},{"i":58,"j":64},{"i":53,"j":56},{"i":54,"j":65},{"i":52,"j":60},{"i":54,"j":59},{"i":59,"j":60},{"i":57,"j":63},{"i":56,"j":57},{"i":65,"j":86},{"i":62,"j":68},{"i":64,"j":73},{"i":60,"j":71},{"i":51,"j":68},{"i":63,"j":73},{"i":65,"j":67},{"i":59,"j":65},{"i":61,"j":67},{"i":68,"j":70},{"i":60,"j":61},{"i":63,"j":75},{"i":62,"j":63},{"i":70,"j":74},{"i":69,"j":81},{"i":61,"j":77},{"i":64,"j":69},{"i":70,"j":76},{"i":77,"j":89},{"i":75,"j":76},{"i":76,"j":87},{"i":71,"j":78},{"i":69,"j":71},{"i":67,"j":79},{"i":81,"j":85},{"i":78,"j":83},{"i":80,"j":81},{"i":69,"j":80},{"i":84,"j":85},{"i":80,"j":83},{"i":79,"j":82},{"i":78,"j":89},{"i":83,"j":89},{"i":84,"j":88},{"i":73,"j":84},{"i":81,"j":83},{"i":82,"j":89},{"i":77,"j":82},{"i":79,"j":86},{"i":75,"j":88},{"i":85,"j":89},{"i":86,"j":89},{"i":82,"j":86},{"i":0,"j":1},{"i":1,"j":17},{"i":17,"j":66},{"i":66,"j":72},{"i":72,"j":74},{"i":74,"j":87},{"i":87,"j":88},{"i":88,"j":89}],"type":"Solution"}