{"instance_name":"uniform-0000400-1","edges":[{"i":0,"j":7},{"i":0,"j":6},{"i":3,"j":13},{"i":4,"j":16},{"i":0,"j":4},{"i":6,"j":15},{"i":1,"j":6},{"i":0,"j":9},{"i":7,"j":21},{"i":2,"j":28},{"i":9,"j":27},{"i":8,"j":9},{"i":7,"j":11},{"i":4,"j":7},{"i":1,"j":28},{"i":6,"j":8},{"i":12,"j":22},{"i":3,"j":12},{"i":12,"j":37},{"i":9,"j":10},{"i":15,"j":18},{"i":4,"j":29},{"i":4,"j":11},{"i":17,"j":19},{"i":11,"j":30},{"i":18,"j":24},{"i":1,"j":18},{"i":20,"j":42},{"i":16,"j":25},{"i":10,"j":16},{"i":11,"j":32},{"i":12,"j":46},{"i":4,"j":20},{"i":14,"j":22},{"i":21,"j":23},{"i":19,"j":21},{"i":23,"j":41},{"i":25,"j":26},{"i":10,"j":25},{"i":26,"j":27},{"i":12,"j":13},{"i":24,"j":33},{"i":1,"j":24},{"i":21,"j":41},{"i":15,"j":36},{"i":17,"j":31},{"i":7,"j":17},{"i":27,"j":34},{"i":17,"j":38},{"i":20,"j":30},{"i":19,"j":23},{"i":11,"j":31},{"i":13,"j":28},{"i":16,"j":29},{"i":36,"j":61},{"i":32,"j":35},{"i":30,"j":32},{"i":8,"j":34},{"i":22,"j":37},{"i":28,"j":47},{"i":21,"j":45},{"i":35,"j":39},{"i":35,"j":54},{"i":29,"j":42},{"i":39,"j":48},{"i":26,"j":40},{"i":21,"j":85},{"i":40,"j":55},{"i":47,"j":51},{"i":33,"j":49},{"i":42,"j":48},{"i":41,"j":45},{"i":38,"j":41},{"i":44,"j":46},{"i":13,"j":44},{"i":49,"j":51},{"i":47,"j":49},{"i":33,"j":70},{"i":39,"j":50},{"i":48,"j":55},{"i":40,"j":48},{"i":36,"j":53},{"i":46,"j":66},{"i":38,"j":52},{"i":34,"j":60},{"i":34,"j":56},{"i":43,"j":62},{"i":64,"j":78},{"i":33,"j":53},{"i":31,"j":52},{"i":48,"j":63},{"i":57,"j":68},{"i":34,"j":43},{"i":36,"j":56},{"i":55,"j":62},{"i":43,"j":55},{"i":51,"j":81},{"i":44,"j":51},{"i":59,"j":77},{"i":37,"j":59},{"i":58,"j":61},{"i":56,"j":58},{"i":34,"j":57},{"i":55,"j":95},{"i":62,"j":65},{"i":57,"j":62},{"i":50,"j":67},{"i":65,"j":80},{"i":52,"j":64},{"i":58,"j":60},{"i":53,"j":90},{"i":66,"j":76},{"i":59,"j":66},{"i":57,"j":65},{"i":54,"j":69},{"i":50,"j":54},{"i":57,"j":72},{"i":66,"j":96},{"i":54,"j":71},{"i":73,"j":83},{"i":67,"j":79},{"i":64,"j":71},{"i":54,"j":64},{"i":67,"j":75},{"i":63,"j":67},{"i":72,"j":82},{"i":71,"j":73},{"i":45,"j":85},{"i":68,"j":82},{"i":60,"j":68},{"i":80,"j":95},{"i":69,"j":79},{"i":51,"j":70},{"i":76,"j":84},{"i":76,"j":77},{"i":77,"j":86},{"i":14,"j":77},{"i":63,"j":95},{"i":63,"j":97},{"i":61,"j":92},{"i":84,"j":112},{"i":80,"j":82},{"i":72,"j":80},{"i":74,"j":92},{"i":61,"j":74},{"i":73,"j":78},{"i":81,"j":94},{"i":63,"j":75},{"i":84,"j":86},{"i":87,"j":88},{"i":87,"j":89},{"i":78,"j":87},{"i":85,"j":88},{"i":78,"j":85},{"i":88,"j":105},{"i":87,"j":99},{"i":85,"j":172},{"i":92,"j":115},{"i":90,"j":92},{"i":75,"j":104},{"i":82,"j":98},{"i":74,"j":82},{"i":94,"j":101},{"i":70,"j":100},{"i":91,"j":148},{"i":81,"j":93},{"i":82,"j":91},{"i":79,"j":104},{"i":66,"j":94},{"i":98,"j":110},{"i":102,"j":106},{"i":83,"j":102},{"i":98,"j":103},{"i":89,"j":102},{"i":100,"j":125},{"i":90,"j":125},{"i":101,"j":120},{"i":96,"j":101},{"i":103,"j":115},{"i":92,"j":103},{"i":107,"j":109},{"i":95,"j":122},{"i":100,"j":109},{"i":69,"j":83},{"i":89,"j":121},{"i":85,"j":105},{"i":102,"j":111},{"i":104,"j":106},{"i":93,"j":100},{"i":107,"j":108},{"i":93,"j":107},{"i":108,"j":120},{"i":97,"j":118},{"i":108,"j":151},{"i":97,"j":104},{"i":99,"j":121},{"i":96,"j":128},{"i":112,"j":126},{"i":86,"j":112},{"i":105,"j":114},{"i":99,"j":105},{"i":110,"j":115},{"i":106,"j":111},{"i":109,"j":125},{"i":104,"j":113},{"i":116,"j":119},{"i":114,"j":121},{"i":97,"j":116},{"i":118,"j":122},{"i":117,"j":132},{"i":115,"j":134},{"i":119,"j":122},{"i":118,"j":119},{"i":117,"j":121},{"i":114,"j":117},{"i":113,"j":129},{"i":123,"j":134},{"i":115,"j":123},{"i":120,"j":137},{"i":128,"j":138},{"i":116,"j":129},{"i":113,"j":124},{"i":121,"j":127},{"i":111,"j":121},{"i":141,"j":149},{"i":129,"j":150},{"i":141,"j":155},{"i":91,"j":122},{"i":139,"j":152},{"i":128,"j":131},{"i":124,"j":139},{"i":131,"j":145},{"i":126,"j":131},{"i":138,"j":165},{"i":123,"j":130},{"i":134,"j":142},{"i":124,"j":127},{"i":127,"j":143},{"i":133,"j":138},{"i":128,"j":133},{"i":136,"j":139},{"i":124,"j":136},{"i":132,"j":140},{"i":121,"j":132},{"i":116,"j":135},{"i":143,"j":157},{"i":136,"j":143},{"i":141,"j":142},{"i":134,"j":141},{"i":125,"j":173},{"i":135,"j":153},{"i":127,"j":140},{"i":144,"j":159},{"i":137,"j":154},{"i":133,"j":137},{"i":147,"j":160},{"i":144,"j":146},{"i":122,"j":144},{"i":149,"j":158},{"i":142,"j":149},{"i":146,"j":147},{"i":153,"j":159},{"i":122,"j":147},{"i":134,"j":156},{"i":142,"j":166},{"i":125,"j":142},{"i":150,"j":153},{"i":135,"j":150},{"i":105,"j":172},{"i":158,"j":170},{"i":151,"j":154},{"i":130,"j":168},{"i":155,"j":158},{"i":110,"j":148},{"i":143,"j":167},{"i":155,"j":156},{"i":161,"j":164},{"i":150,"j":152},{"i":154,"j":169},{"i":160,"j":188},{"i":148,"j":174},{"i":130,"j":161},{"i":148,"j":160},{"i":162,"j":168},{"i":130,"j":162},{"i":145,"j":211},{"i":126,"j":145},{"i":207,"j":231},{"i":168,"j":178},{"i":163,"j":167},{"i":140,"j":163},{"i":164,"j":168},{"i":162,"j":164},{"i":165,"j":211},{"i":169,"j":179},{"i":165,"j":169},{"i":156,"j":178},{"i":173,"j":182},{"i":163,"j":176},{"i":166,"j":182},{"i":173,"j":177},{"i":157,"j":195},{"i":171,"j":202},{"i":151,"j":173},{"i":175,"j":189},{"i":169,"j":175},{"i":172,"j":176},{"i":163,"j":172},{"i":172,"j":184},{"i":168,"j":180},{"i":183,"j":193},{"i":152,"j":183},{"i":177,"j":185},{"i":175,"j":177},{"i":168,"j":171},{"i":179,"j":197},{"i":180,"j":206},{"i":178,"j":187},{"i":181,"j":204},{"i":166,"j":170},{"i":180,"j":187},{"i":178,"j":180},{"i":157,"j":167},{"i":176,"j":201},{"i":181,"j":186},{"i":170,"j":181},{"i":171,"j":190},{"i":182,"j":212},{"i":174,"j":190},{"i":161,"j":174},{"i":186,"j":212},{"i":182,"j":186},{"i":146,"j":159},{"i":185,"j":189},{"i":179,"j":189},{"i":188,"j":198},{"i":174,"j":188},{"i":191,"j":192},{"i":159,"j":191},{"i":192,"j":196},{"i":188,"j":192},{"i":183,"j":195},{"i":193,"j":194},{"i":200,"j":203},{"i":199,"j":200},{"i":194,"j":200},{"i":167,"j":201},{"i":191,"j":194},{"i":199,"j":205},{"i":191,"j":199},{"i":197,"j":211},{"i":196,"j":198},{"i":203,"j":213},{"i":193,"j":200},{"i":195,"j":203},{"i":184,"j":201},{"i":190,"j":217},{"i":222,"j":231},{"i":187,"j":208},{"i":189,"j":223},{"i":199,"j":213},{"i":202,"j":209},{"i":180,"j":202},{"i":206,"j":228},{"i":204,"j":208},{"i":202,"j":217},{"i":207,"j":210},{"i":201,"j":207},{"i":204,"j":212},{"i":206,"j":209},{"i":195,"j":216},{"i":198,"j":221},{"i":185,"j":220},{"i":177,"j":212},{"i":195,"j":218},{"i":196,"j":205},{"i":184,"j":239},{"i":221,"j":226},{"i":215,"j":219},{"i":197,"j":215},{"i":225,"j":234},{"i":217,"j":225},{"i":205,"j":235},{"i":217,"j":221},{"i":210,"j":222},{"i":195,"j":210},{"i":219,"j":240},{"i":211,"j":219},{"i":189,"j":220},{"i":215,"j":223},{"i":224,"j":236},{"i":212,"j":224},{"i":213,"j":238},{"i":214,"j":232},{"i":209,"j":214},{"i":216,"j":238},{"i":214,"j":217},{"i":222,"j":227},{"i":230,"j":233},{"i":229,"j":230},{"i":208,"j":230},{"i":172,"j":269},{"i":224,"j":229},{"i":228,"j":230},{"i":234,"j":247},{"i":228,"j":243},{"i":236,"j":246},{"i":212,"j":236},{"i":233,"j":242},{"i":229,"j":233},{"i":216,"j":255},{"i":234,"j":241},{"i":232,"j":234},{"i":218,"j":255},{"i":226,"j":247},{"i":225,"j":226},{"i":227,"j":255},{"i":218,"j":227},{"i":239,"j":269},{"i":237,"j":252},{"i":231,"j":237},{"i":246,"j":253},{"i":252,"j":265},{"i":226,"j":261},{"i":244,"j":251},{"i":242,"j":262},{"i":232,"j":244},{"i":242,"j":243},{"i":241,"j":244},{"i":238,"j":245},{"i":236,"j":264},{"i":226,"j":235},{"i":245,"j":254},{"i":235,"j":245},{"i":240,"j":293},{"i":239,"j":249},{"i":248,"j":257},{"i":240,"j":248},{"i":220,"j":253},{"i":255,"j":263},{"i":238,"j":255},{"i":250,"j":256},{"i":223,"j":250},{"i":253,"j":273},{"i":227,"j":265},{"i":253,"j":260},{"i":250,"j":253},{"i":248,"j":256},{"i":257,"j":275},{"i":258,"j":259},{"i":256,"j":258},{"i":261,"j":268},{"i":259,"j":275},{"i":257,"j":259},{"i":258,"j":289},{"i":262,"j":264},{"i":236,"j":262},{"i":266,"j":270},{"i":243,"j":251},{"i":314,"j":357},{"i":252,"j":277},{"i":246,"j":274},{"i":241,"j":287},{"i":266,"j":267},{"i":251,"j":266},{"i":264,"j":267},{"i":254,"j":272},{"i":249,"j":278},{"i":237,"j":249},{"i":241,"j":279},{"i":282,"j":314},{"i":254,"j":263},{"i":247,"j":268},{"i":264,"j":274},{"i":267,"j":296},{"i":260,"j":280},{"i":258,"j":260},{"i":240,"j":275},{"i":278,"j":282},{"i":271,"j":272},{"i":276,"j":278},{"i":249,"j":276},{"i":261,"j":271},{"i":283,"j":295},{"i":258,"j":280},{"i":265,"j":298},{"i":277,"j":281},{"i":284,"j":292},{"i":273,"j":295},{"i":273,"j":304},{"i":270,"j":300},{"i":265,"j":290},{"i":272,"j":288},{"i":268,"j":297},{"i":287,"j":294},{"i":286,"j":287},{"i":247,"j":286},{"i":286,"j":305},{"i":284,"j":288},{"i":254,"j":284},{"i":283,"j":289},{"i":280,"j":283},{"i":289,"j":299},{"i":285,"j":311},{"i":265,"j":281},{"i":290,"j":301},{"i":282,"j":291},{"i":277,"j":282},{"i":290,"j":292},{"i":263,"j":290},{"i":297,"j":305},{"i":286,"j":297},{"i":275,"j":306},{"i":285,"j":297},{"i":271,"j":285},{"i":298,"j":322},{"i":274,"j":302},{"i":273,"j":274},{"i":295,"j":309},{"i":279,"j":300},{"i":270,"j":279},{"i":274,"j":303},{"i":279,"j":294},{"i":288,"j":311},{"i":281,"j":291},{"i":299,"j":319},{"i":294,"j":315},{"i":303,"j":308},{"i":296,"j":303},{"i":302,"j":310},{"i":302,"j":304},{"i":308,"j":321},{"i":304,"j":309},{"i":275,"j":299},{"i":300,"j":313},{"i":296,"j":300},{"i":315,"j":332},{"i":307,"j":308},{"i":303,"j":307},{"i":306,"j":327},{"i":309,"j":319},{"i":302,"j":312},{"i":300,"j":318},{"i":292,"j":338},{"i":310,"j":335},{"i":309,"j":310},{"i":294,"j":320},{"i":315,"j":317},{"i":291,"j":314},{"i":307,"j":328},{"i":305,"j":320},{"i":312,"j":335},{"i":320,"j":337},{"i":300,"j":316},{"i":309,"j":324},{"i":307,"j":339},{"i":316,"j":343},{"i":311,"j":323},{"i":337,"j":352},{"i":307,"j":326},{"i":320,"j":336},{"i":314,"j":322},{"i":298,"j":314},{"i":312,"j":321},{"i":311,"j":331},{"i":306,"j":319},{"i":324,"j":330},{"i":307,"j":313},{"i":318,"j":329},{"i":313,"j":318},{"i":319,"j":344},{"i":327,"j":355},{"i":316,"j":317},{"i":326,"j":341},{"i":320,"j":332},{"i":325,"j":330},{"i":324,"j":325},{"i":330,"j":340},{"i":326,"j":328},{"i":301,"j":338},{"i":334,"j":350},{"i":329,"j":334},{"i":329,"j":343},{"i":333,"j":335},{"i":321,"j":333},{"i":339,"j":354},{"i":317,"j":332},{"i":323,"j":337},{"i":305,"j":323},{"i":336,"j":342},{"i":322,"j":338},{"i":301,"j":322},{"i":325,"j":335},{"i":344,"j":384},{"i":339,"j":341},{"i":328,"j":339},{"i":341,"j":348},{"i":333,"j":341},{"i":342,"j":343},{"i":332,"j":342},{"i":344,"j":360},{"i":327,"j":344},{"i":319,"j":340},{"i":345,"j":348},{"i":340,"j":384},{"i":345,"j":346},{"i":335,"j":345},{"i":331,"j":338},{"i":334,"j":353},{"i":343,"j":361},{"i":314,"j":349},{"i":347,"j":351},{"i":338,"j":347},{"i":342,"j":356},{"i":352,"j":359},{"i":347,"j":358},{"i":331,"j":359},{"i":354,"j":364},{"i":348,"j":354},{"i":339,"j":350},{"i":353,"j":365},{"i":336,"j":352},{"i":347,"j":349},{"i":276,"j":363},{"i":349,"j":362},{"i":351,"j":367},{"i":361,"j":369},{"i":353,"j":361},{"i":340,"j":346},{"i":361,"j":370},{"i":357,"j":368},{"i":269,"j":363},{"i":355,"j":360},{"i":350,"j":365},{"i":360,"j":384},{"i":363,"j":366},{"i":351,"j":358},{"i":357,"j":378},{"i":359,"j":367},{"i":356,"j":372},{"i":371,"j":375},{"i":365,"j":377},{"i":359,"j":375},{"i":370,"j":394},{"i":371,"j":372},{"i":356,"j":371},{"i":369,"j":394},{"i":372,"j":373},{"i":346,"j":348},{"i":370,"j":373},{"i":372,"j":383},{"i":382,"j":392},{"i":369,"j":381},{"i":374,"j":377},{"i":366,"j":378},{"i":357,"j":366},{"i":363,"j":391},{"i":381,"j":385},{"i":377,"j":381},{"i":362,"j":389},{"i":358,"j":362},{"i":382,"j":383},{"i":375,"j":382},{"i":385,"j":397},{"i":374,"j":386},{"i":364,"j":374},{"i":389,"j":393},{"i":376,"j":394},{"i":373,"j":376},{"i":386,"j":397},{"i":383,"j":394},{"i":376,"j":383},{"i":362,"j":390},{"i":386,"j":388},{"i":364,"j":386},{"i":387,"j":392},{"i":367,"j":387},{"i":362,"j":368},{"i":389,"j":395},{"i":368,"j":399},{"i":390,"j":393},{"i":394,"j":397},{"i":385,"j":394},{"i":393,"j":399},{"i":390,"j":399},{"i":392,"j":394},{"i":392,"j":398},{"i":384,"j":396},{"i":380,"j":384},{"i":388,"j":396},{"i":384,"j":388},{"i":395,"j":398},{"i":387,"j":395},{"i":391,"j":399},{"i":378,"j":391},{"i":0,"j":1},{"i":1,"j":2},{"i":2,"j":3},{"i":3,"j":5},{"i":5,"j":14},{"i":14,"j":86},{"i":86,"j":126},{"i":126,"j":211},{"i":211,"j":293},{"i":293,"j":355},{"i":355,"j":379},{"i":379,"j":380},{"i":380,"j":396},{"i":396,"j":397},{"i":397,"j":398},{"i":398,"j":399}],"type":"Solution"}