{"instance_name":"uniform-0000090-2","edges":[{"i":0,"j":1},{"i":0,"j":12},{"i":1,"j":3},{"i":3,"j":5},{"i":2,"j":3},{"i":3,"j":10},{"i":9,"j":20},{"i":2,"j":14},{"i":4,"j":6},{"i":1,"j":4},{"i":0,"j":2},{"i":6,"j":9},{"i":1,"j":6},{"i":9,"j":10},{"i":13,"j":18},{"i":8,"j":11},{"i":4,"j":8},{"i":5,"j":13},{"i":2,"j":5},{"i":8,"j":21},{"i":12,"j":24},{"i":16,"j":19},{"i":12,"j":14},{"i":4,"j":11},{"i":15,"j":16},{"i":11,"j":15},{"i":16,"j":17},{"i":11,"j":16},{"i":10,"j":25},{"i":20,"j":25},{"i":9,"j":22},{"i":17,"j":22},{"i":9,"j":17},{"i":20,"j":23},{"i":15,"j":21},{"i":19,"j":23},{"i":22,"j":23},{"i":18,"j":27},{"i":14,"j":18},{"i":24,"j":31},{"i":7,"j":24},{"i":25,"j":29},{"i":21,"j":26},{"i":19,"j":21},{"i":13,"j":25},{"i":29,"j":35},{"i":26,"j":28},{"i":31,"j":55},{"i":7,"j":31},{"i":29,"j":30},{"i":21,"j":39},{"i":27,"j":41},{"i":28,"j":32},{"i":23,"j":28},{"i":26,"j":33},{"i":32,"j":33},{"i":26,"j":34},{"i":38,"j":42},{"i":32,"j":38},{"i":27,"j":30},{"i":34,"j":36},{"i":27,"j":45},{"i":37,"j":41},{"i":36,"j":38},{"i":33,"j":36},{"i":34,"j":39},{"i":44,"j":59},{"i":32,"j":42},{"i":37,"j":55},{"i":31,"j":37},{"i":30,"j":47},{"i":35,"j":47},{"i":36,"j":44},{"i":39,"j":43},{"i":36,"j":50},{"i":39,"j":53},{"i":45,"j":47},{"i":45,"j":51},{"i":44,"j":46},{"i":40,"j":49},{"i":35,"j":40},{"i":45,"j":52},{"i":36,"j":43},{"i":40,"j":42},{"i":47,"j":61},{"i":48,"j":50},{"i":43,"j":48},{"i":46,"j":56},{"i":42,"j":46},{"i":45,"j":58},{"i":51,"j":60},{"i":49,"j":61},{"i":39,"j":63},{"i":52,"j":70},{"i":41,"j":60},{"i":50,"j":59},{"i":54,"j":62},{"i":49,"j":54},{"i":53,"j":57},{"i":48,"j":53},{"i":53,"j":63},{"i":59,"j":67},{"i":51,"j":58},{"i":60,"j":64},{"i":61,"j":62},{"i":52,"j":61},{"i":54,"j":56},{"i":67,"j":79},{"i":64,"j":68},{"i":64,"j":72},{"i":59,"j":66},{"i":56,"j":59},{"i":61,"j":73},{"i":57,"j":67},{"i":66,"j":71},{"i":65,"j":66},{"i":57,"j":63},{"i":74,"j":77},{"i":55,"j":68},{"i":69,"j":78},{"i":68,"j":69},{"i":62,"j":81},{"i":58,"j":70},{"i":67,"j":71},{"i":58,"j":74},{"i":69,"j":72},{"i":73,"j":74},{"i":70,"j":73},{"i":73,"j":82},{"i":63,"j":75},{"i":72,"j":77},{"i":81,"j":86},{"i":65,"j":86},{"i":62,"j":65},{"i":69,"j":76},{"i":77,"j":89},{"i":77,"j":80},{"i":76,"j":77},{"i":80,"j":83},{"i":76,"j":80},{"i":71,"j":85},{"i":81,"j":82},{"i":78,"j":83},{"i":77,"j":87},{"i":79,"j":85},{"i":75,"j":84},{"i":84,"j":85},{"i":79,"j":84},{"i":85,"j":89},{"i":85,"j":86},{"i":82,"j":89},{"i":87,"j":89},{"i":83,"j":87},{"i":86,"j":89},{"i":0,"j":7},{"i":7,"j":55},{"i":55,"j":78},{"i":78,"j":88},{"i":88,"j":89}],"type":"Solution"}