{"instance_name":"uniform-0000045-1","edges":[{"i":0,"j":3},{"i":0,"j":5},{"i":3,"j":4},{"i":1,"j":3},{"i":0,"j":1},{"i":9,"j":21},{"i":2,"j":5},{"i":12,"j":19},{"i":4,"j":9},{"i":1,"j":4},{"i":8,"j":12},{"i":5,"j":8},{"i":3,"j":6},{"i":9,"j":10},{"i":7,"j":13},{"i":13,"j":15},{"i":20,"j":28},{"i":13,"j":14},{"i":14,"j":17},{"i":12,"j":15},{"i":10,"j":16},{"i":8,"j":10},{"i":17,"j":20},{"i":11,"j":17},{"i":16,"j":19},{"i":15,"j":19},{"i":15,"j":24},{"i":14,"j":15},{"i":22,"j":27},{"i":21,"j":22},{"i":22,"j":23},{"i":25,"j":31},{"i":19,"j":25},{"i":23,"j":25},{"i":16,"j":23},{"i":6,"j":26},{"i":21,"j":29},{"i":26,"j":29},{"i":20,"j":24},{"i":28,"j":35},{"i":18,"j":28},{"i":25,"j":27},{"i":26,"j":37},{"i":30,"j":32},{"i":29,"j":30},{"i":31,"j":33},{"i":19,"j":31},{"i":36,"j":39},{"i":33,"j":36},{"i":32,"j":34},{"i":27,"j":32},{"i":24,"j":33},{"i":39,"j":41},{"i":31,"j":38},{"i":34,"j":38},{"i":30,"j":37},{"i":34,"j":37},{"i":39,"j":40},{"i":40,"j":44},{"i":35,"j":40},{"i":38,"j":42},{"i":36,"j":38},{"i":41,"j":44},{"i":37,"j":42},{"i":42,"j":43},{"i":42,"j":44},{"i":41,"j":43},{"i":43,"j":44},{"i":0,"j":2},{"i":2,"j":7},{"i":7,"j":11},{"i":11,"j":18},{"i":18,"j":35},{"i":35,"j":44}],"type":"Solution"}