{"instance_name":"uniform-0000100-2","edges":[{"i":2,"j":4},{"i":0,"j":2},{"i":4,"j":6},{"i":0,"j":4},{"i":3,"j":5},{"i":2,"j":3},{"i":4,"j":7},{"i":3,"j":16},{"i":6,"j":8},{"i":0,"j":6},{"i":5,"j":11},{"i":2,"j":5},{"i":1,"j":10},{"i":6,"j":7},{"i":10,"j":22},{"i":17,"j":25},{"i":14,"j":17},{"i":7,"j":9},{"i":3,"j":11},{"i":9,"j":13},{"i":12,"j":14},{"i":7,"j":12},{"i":11,"j":13},{"i":9,"j":11},{"i":13,"j":17},{"i":12,"j":13},{"i":13,"j":32},{"i":14,"j":15},{"i":19,"j":30},{"i":11,"j":26},{"i":3,"j":23},{"i":15,"j":19},{"i":6,"j":15},{"i":14,"j":25},{"i":10,"j":24},{"i":23,"j":31},{"i":18,"j":20},{"i":10,"j":18},{"i":18,"j":22},{"i":19,"j":21},{"i":8,"j":19},{"i":0,"j":8},{"i":16,"j":26},{"i":21,"j":24},{"i":24,"j":29},{"i":25,"j":27},{"i":16,"j":23},{"i":3,"j":39},{"i":27,"j":28},{"i":28,"j":37},{"i":21,"j":30},{"i":22,"j":35},{"i":15,"j":28},{"i":26,"j":31},{"i":26,"j":36},{"i":20,"j":33},{"i":35,"j":40},{"i":34,"j":35},{"i":29,"j":34},{"i":33,"j":35},{"i":32,"j":36},{"i":27,"j":32},{"i":3,"j":42},{"i":38,"j":41},{"i":33,"j":38},{"i":34,"j":40},{"i":37,"j":43},{"i":30,"j":37},{"i":3,"j":75},{"i":38,"j":40},{"i":40,"j":41},{"i":36,"j":45},{"i":51,"j":75},{"i":43,"j":44},{"i":29,"j":43},{"i":45,"j":50},{"i":44,"j":52},{"i":40,"j":46},{"i":45,"j":47},{"i":37,"j":45},{"i":47,"j":49},{"i":31,"j":39},{"i":47,"j":57},{"i":52,"j":60},{"i":48,"j":50},{"i":45,"j":48},{"i":42,"j":51},{"i":39,"j":42},{"i":57,"j":62},{"i":52,"j":55},{"i":46,"j":52},{"i":50,"j":53},{"i":47,"j":53},{"i":51,"j":54},{"i":48,"j":51},{"i":44,"j":49},{"i":57,"j":61},{"i":49,"j":57},{"i":55,"j":63},{"i":54,"j":56},{"i":53,"j":62},{"i":56,"j":68},{"i":55,"j":58},{"i":46,"j":55},{"i":58,"j":67},{"i":41,"j":58},{"i":59,"j":60},{"i":44,"j":59},{"i":54,"j":72},{"i":60,"j":69},{"i":53,"j":56},{"i":61,"j":65},{"i":59,"j":61},{"i":68,"j":73},{"i":67,"j":74},{"i":62,"j":64},{"i":64,"j":65},{"i":66,"j":69},{"i":59,"j":66},{"i":65,"j":66},{"i":67,"j":71},{"i":65,"j":69},{"i":64,"j":70},{"i":70,"j":73},{"i":63,"j":74},{"i":64,"j":68},{"i":63,"j":69},{"i":71,"j":76},{"i":69,"j":82},{"i":68,"j":72},{"i":79,"j":85},{"i":42,"j":75},{"i":71,"j":80},{"i":83,"j":91},{"i":74,"j":82},{"i":75,"j":79},{"i":72,"j":75},{"i":73,"j":77},{"i":80,"j":88},{"i":78,"j":80},{"i":77,"j":87},{"i":70,"j":83},{"i":69,"j":70},{"i":87,"j":90},{"i":81,"j":87},{"i":82,"j":88},{"i":81,"j":83},{"i":73,"j":81},{"i":83,"j":86},{"i":77,"j":79},{"i":75,"j":85},{"i":77,"j":84},{"i":82,"j":86},{"i":84,"j":94},{"i":82,"j":93},{"i":89,"j":92},{"i":83,"j":89},{"i":87,"j":94},{"i":92,"j":96},{"i":91,"j":92},{"i":86,"j":96},{"i":91,"j":96},{"i":93,"j":99},{"i":85,"j":94},{"i":84,"j":85},{"i":93,"j":95},{"i":95,"j":99},{"i":90,"j":97},{"i":89,"j":90},{"i":96,"j":99},{"i":94,"j":97},{"i":95,"j":98},{"i":88,"j":95},{"i":97,"j":99},{"i":0,"j":1},{"i":1,"j":20},{"i":20,"j":41},{"i":41,"j":76},{"i":76,"j":78},{"i":78,"j":98},{"i":98,"j":99}],"type":"Solution"}