{"instance_name":"uniform-0000400-2","edges":[{"i":1,"j":4},{"i":0,"j":1},{"i":1,"j":2},{"i":2,"j":5},{"i":3,"j":5},{"i":3,"j":11},{"i":3,"j":10},{"i":2,"j":3},{"i":11,"j":16},{"i":8,"j":11},{"i":1,"j":18},{"i":9,"j":19},{"i":2,"j":6},{"i":3,"j":8},{"i":4,"j":12},{"i":7,"j":39},{"i":5,"j":16},{"i":7,"j":17},{"i":1,"j":7},{"i":9,"j":33},{"i":8,"j":20},{"i":20,"j":48},{"i":2,"j":9},{"i":7,"j":10},{"i":15,"j":16},{"i":2,"j":15},{"i":18,"j":23},{"i":12,"j":18},{"i":6,"j":30},{"i":16,"j":64},{"i":20,"j":46},{"i":24,"j":58},{"i":1,"j":38},{"i":1,"j":17},{"i":29,"j":42},{"i":23,"j":26},{"i":12,"j":23},{"i":22,"j":24},{"i":1,"j":22},{"i":0,"j":4},{"i":6,"j":35},{"i":13,"j":25},{"i":21,"j":27},{"i":18,"j":21},{"i":26,"j":29},{"i":4,"j":26},{"i":21,"j":24},{"i":10,"j":14},{"i":48,"j":67},{"i":34,"j":42},{"i":25,"j":34},{"i":28,"j":32},{"i":9,"j":28},{"i":31,"j":54},{"i":31,"j":45},{"i":13,"j":31},{"i":29,"j":34},{"i":32,"j":33},{"i":9,"j":32},{"i":33,"j":40},{"i":14,"j":43},{"i":30,"j":41},{"i":28,"j":30},{"i":35,"j":36},{"i":35,"j":41},{"i":20,"j":43},{"i":14,"j":20},{"i":36,"j":41},{"i":30,"j":36},{"i":27,"j":44},{"i":18,"j":27},{"i":37,"j":51},{"i":17,"j":37},{"i":32,"j":63},{"i":6,"j":72},{"i":44,"j":47},{"i":25,"j":42},{"i":22,"j":56},{"i":46,"j":48},{"i":47,"j":71},{"i":39,"j":52},{"i":37,"j":39},{"i":15,"j":19},{"i":41,"j":72},{"i":42,"j":66},{"i":50,"j":54},{"i":25,"j":50},{"i":47,"j":66},{"i":42,"j":47},{"i":43,"j":53},{"i":39,"j":43},{"i":38,"j":56},{"i":43,"j":57},{"i":62,"j":94},{"i":38,"j":49},{"i":54,"j":89},{"i":44,"j":68},{"i":49,"j":69},{"i":56,"j":59},{"i":53,"j":60},{"i":58,"j":76},{"i":55,"j":58},{"i":55,"j":68},{"i":44,"j":55},{"i":51,"j":62},{"i":49,"j":51},{"i":53,"j":65},{"i":57,"j":65},{"i":53,"j":57},{"i":19,"j":40},{"i":51,"j":52},{"i":65,"j":70},{"i":64,"j":67},{"i":46,"j":70},{"i":40,"j":79},{"i":46,"j":61},{"i":58,"j":59},{"i":62,"j":69},{"i":67,"j":74},{"i":61,"j":67},{"i":59,"j":69},{"i":71,"j":78},{"i":68,"j":71},{"i":61,"j":84},{"i":64,"j":79},{"i":58,"j":90},{"i":80,"j":98},{"i":75,"j":80},{"i":75,"j":83},{"i":68,"j":76},{"i":74,"j":84},{"i":71,"j":75},{"i":60,"j":88},{"i":52,"j":60},{"i":63,"j":99},{"i":93,"j":103},{"i":74,"j":93},{"i":72,"j":81},{"i":74,"j":77},{"i":82,"j":85},{"i":76,"j":82},{"i":66,"j":78},{"i":77,"j":79},{"i":87,"j":100},{"i":83,"j":86},{"i":78,"j":83},{"i":86,"j":96},{"i":65,"j":97},{"i":50,"j":86},{"i":45,"j":89},{"i":87,"j":90},{"i":69,"j":87},{"i":91,"j":100},{"i":91,"j":92},{"i":90,"j":91},{"i":99,"j":119},{"i":73,"j":103},{"i":70,"j":73},{"i":85,"j":106},{"i":80,"j":85},{"i":89,"j":96},{"i":84,"j":103},{"i":73,"j":84},{"i":94,"j":113},{"i":87,"j":94},{"i":95,"j":101},{"i":88,"j":95},{"i":81,"j":99},{"i":63,"j":81},{"i":95,"j":114},{"i":100,"j":118},{"i":92,"j":110},{"i":82,"j":92},{"i":95,"j":97},{"i":104,"j":122},{"i":94,"j":104},{"i":101,"j":104},{"i":88,"j":101},{"i":106,"j":112},{"i":98,"j":109},{"i":83,"j":98},{"i":105,"j":109},{"i":77,"j":102},{"i":99,"j":107},{"i":79,"j":99},{"i":102,"j":111},{"i":96,"j":105},{"i":98,"j":106},{"i":85,"j":116},{"i":72,"j":134},{"i":107,"j":111},{"i":102,"j":107},{"i":106,"j":115},{"i":112,"j":115},{"i":112,"j":127},{"i":109,"j":112},{"i":97,"j":147},{"i":110,"j":116},{"i":93,"j":108},{"i":110,"j":120},{"i":113,"j":118},{"i":108,"j":131},{"i":120,"j":153},{"i":101,"j":125},{"i":119,"j":130},{"i":107,"j":119},{"i":118,"j":120},{"i":114,"j":129},{"i":117,"j":128},{"i":103,"j":117},{"i":121,"j":136},{"i":72,"j":123},{"i":121,"j":124},{"i":111,"j":121},{"i":123,"j":134},{"i":122,"j":150},{"i":113,"j":122},{"i":125,"j":132},{"i":122,"j":125},{"i":117,"j":144},{"i":123,"j":126},{"i":116,"j":139},{"i":105,"j":127},{"i":108,"j":124},{"i":97,"j":103},{"i":114,"j":137},{"i":136,"j":158},{"i":130,"j":136},{"i":126,"j":130},{"i":119,"j":126},{"i":129,"j":132},{"i":131,"j":135},{"i":105,"j":142},{"i":133,"j":141},{"i":96,"j":133},{"i":124,"j":146},{"i":117,"j":131},{"i":128,"j":145},{"i":103,"j":128},{"i":136,"j":149},{"i":137,"j":147},{"i":142,"j":154},{"i":133,"j":142},{"i":142,"j":164},{"i":122,"j":151},{"i":139,"j":153},{"i":115,"j":139},{"i":141,"j":148},{"i":127,"j":140},{"i":137,"j":143},{"i":129,"j":137},{"i":130,"j":155},{"i":145,"j":152},{"i":135,"j":157},{"i":122,"j":132},{"i":141,"j":154},{"i":140,"j":165},{"i":143,"j":160},{"i":132,"j":143},{"i":146,"j":157},{"i":135,"j":146},{"i":138,"j":148},{"i":132,"j":169},{"i":147,"j":176},{"i":159,"j":183},{"i":144,"j":163},{"i":150,"j":180},{"i":118,"j":150},{"i":155,"j":166},{"i":154,"j":172},{"i":126,"j":156},{"i":134,"j":156},{"i":149,"j":158},{"i":146,"j":149},{"i":155,"j":181},{"i":157,"j":163},{"i":144,"j":157},{"i":158,"j":166},{"i":159,"j":162},{"i":140,"j":159},{"i":152,"j":168},{"i":147,"j":152},{"i":148,"j":172},{"i":171,"j":196},{"i":153,"j":170},{"i":157,"j":182},{"i":175,"j":193},{"i":162,"j":164},{"i":142,"j":162},{"i":164,"j":173},{"i":160,"j":169},{"i":145,"j":163},{"i":166,"j":167},{"i":160,"j":177},{"i":151,"j":174},{"i":150,"j":151},{"i":165,"j":170},{"i":169,"j":171},{"i":164,"j":172},{"i":162,"j":183},{"i":179,"j":186},{"i":171,"j":174},{"i":168,"j":185},{"i":156,"j":175},{"i":167,"j":182},{"i":176,"j":185},{"i":176,"j":177},{"i":178,"j":200},{"i":175,"j":208},{"i":178,"j":179},{"i":170,"j":178},{"i":178,"j":187},{"i":180,"j":189},{"i":177,"j":191},{"i":163,"j":190},{"i":165,"j":179},{"i":184,"j":212},{"i":184,"j":199},{"i":172,"j":184},{"i":168,"j":188},{"i":173,"j":212},{"i":180,"j":192},{"i":174,"j":192},{"i":187,"j":219},{"i":185,"j":216},{"i":182,"j":203},{"i":188,"j":207},{"i":183,"j":186},{"i":195,"j":218},{"i":191,"j":218},{"i":181,"j":194},{"i":181,"j":197},{"i":167,"j":206},{"i":188,"j":209},{"i":195,"j":196},{"i":171,"j":195},{"i":192,"j":219},{"i":181,"j":193},{"i":197,"j":205},{"i":173,"j":214},{"i":156,"j":213},{"i":189,"j":219},{"i":187,"j":189},{"i":200,"j":235},{"i":226,"j":241},{"i":200,"j":201},{"i":186,"j":200},{"i":192,"j":202},{"i":196,"j":202},{"i":201,"j":214},{"i":183,"j":201},{"i":167,"j":194},{"i":190,"j":209},{"i":206,"j":211},{"i":197,"j":208},{"i":204,"j":206},{"i":194,"j":204},{"i":190,"j":203},{"i":209,"j":210},{"i":193,"j":208},{"i":203,"j":211},{"i":209,"j":221},{"i":204,"j":247},{"i":215,"j":220},{"i":198,"j":199},{"i":173,"j":183},{"i":205,"j":208},{"i":134,"j":256},{"i":212,"j":237},{"i":207,"j":216},{"i":214,"j":223},{"i":215,"j":216},{"i":207,"j":215},{"i":216,"j":225},{"i":191,"j":216},{"i":212,"j":217},{"i":199,"j":212},{"i":218,"j":240},{"i":198,"j":217},{"i":202,"j":222},{"i":210,"j":226},{"i":211,"j":226},{"i":210,"j":211},{"i":196,"j":228},{"i":212,"j":223},{"i":224,"j":252},{"i":198,"j":224},{"i":219,"j":238},{"i":220,"j":227},{"i":220,"j":232},{"i":204,"j":205},{"i":227,"j":232},{"i":218,"j":225},{"i":216,"j":227},{"i":229,"j":236},{"i":227,"j":229},{"i":230,"j":232},{"i":221,"j":230},{"i":226,"j":231},{"i":230,"j":243},{"i":232,"j":250},{"i":231,"j":244},{"i":221,"j":231},{"i":213,"j":233},{"i":208,"j":213},{"i":241,"j":261},{"i":245,"j":252},{"i":238,"j":264},{"i":237,"j":252},{"i":229,"j":250},{"i":235,"j":253},{"i":234,"j":235},{"i":236,"j":239},{"i":225,"j":236},{"i":239,"j":240},{"i":249,"j":257},{"i":239,"j":265},{"i":241,"j":242},{"i":230,"j":249},{"i":243,"j":250},{"i":231,"j":242},{"i":217,"j":252},{"i":245,"j":246},{"i":224,"j":245},{"i":234,"j":260},{"i":223,"j":234},{"i":204,"j":233},{"i":244,"j":249},{"i":248,"j":257},{"i":248,"j":254},{"i":244,"j":258},{"i":243,"j":248},{"i":222,"j":228},{"i":253,"j":273},{"i":251,"j":259},{"i":237,"j":251},{"i":269,"j":295},{"i":238,"j":263},{"i":235,"j":238},{"i":234,"j":253},{"i":250,"j":254},{"i":242,"j":258},{"i":233,"j":255},{"i":213,"j":256},{"i":254,"j":280},{"i":247,"j":261},{"i":257,"j":281},{"i":252,"j":259},{"i":251,"j":274},{"i":259,"j":267},{"i":222,"j":266},{"i":247,"j":255},{"i":256,"j":279},{"i":228,"j":240},{"i":263,"j":272},{"i":238,"j":262},{"i":266,"j":269},{"i":264,"j":266},{"i":262,"j":264},{"i":269,"j":277},{"i":260,"j":271},{"i":237,"j":260},{"i":279,"j":294},{"i":246,"j":267},{"i":262,"j":277},{"i":260,"j":275},{"i":266,"j":289},{"i":261,"j":283},{"i":268,"j":272},{"i":263,"j":268},{"i":271,"j":285},{"i":268,"j":277},{"i":275,"j":285},{"i":272,"j":273},{"i":273,"j":275},{"i":271,"j":274},{"i":270,"j":276},{"i":255,"j":270},{"i":256,"j":301},{"i":276,"j":278},{"i":276,"j":288},{"i":272,"j":290},{"i":258,"j":281},{"i":280,"j":284},{"i":261,"j":278},{"i":274,"j":285},{"i":278,"j":296},{"i":280,"j":291},{"i":282,"j":293},{"i":272,"j":306},{"i":267,"j":282},{"i":282,"j":286},{"i":286,"j":299},{"i":267,"j":286},{"i":240,"j":265},{"i":281,"j":283},{"i":280,"j":292},{"i":270,"j":279},{"i":284,"j":297},{"i":265,"j":284},{"i":292,"j":314},{"i":293,"j":303},{"i":287,"j":292},{"i":281,"j":287},{"i":284,"j":300},{"i":287,"j":298},{"i":282,"j":285},{"i":290,"j":302},{"i":285,"j":290},{"i":288,"j":296},{"i":289,"j":295},{"i":311,"j":329},{"i":298,"j":314},{"i":272,"j":277},{"i":291,"j":310},{"i":284,"j":291},{"i":283,"j":313},{"i":286,"j":293},{"i":299,"j":336},{"i":246,"j":299},{"i":297,"j":315},{"i":289,"j":297},{"i":134,"j":327},{"i":288,"j":294},{"i":295,"j":304},{"i":282,"j":305},{"i":303,"j":336},{"i":304,"j":320},{"i":285,"j":307},{"i":306,"j":309},{"i":302,"j":306},{"i":277,"j":304},{"i":305,"j":321},{"i":303,"j":305},{"i":302,"j":308},{"i":305,"j":307},{"i":308,"j":309},{"i":300,"j":315},{"i":308,"j":311},{"i":307,"j":308},{"i":305,"j":311},{"i":313,"j":337},{"i":301,"j":312},{"i":294,"j":301},{"i":300,"j":318},{"i":296,"j":316},{"i":298,"j":313},{"i":315,"j":326},{"i":310,"j":333},{"i":296,"j":347},{"i":315,"j":317},{"i":313,"j":316},{"i":317,"j":323},{"i":304,"j":317},{"i":314,"j":324},{"i":310,"j":314},{"i":318,"j":326},{"i":296,"j":312},{"i":326,"j":334},{"i":309,"j":322},{"i":321,"j":328},{"i":321,"j":329},{"i":306,"j":320},{"i":314,"j":337},{"i":320,"j":331},{"i":327,"j":355},{"i":301,"j":327},{"i":322,"j":329},{"i":325,"j":341},{"i":322,"j":325},{"i":329,"j":352},{"i":325,"j":330},{"i":323,"j":332},{"i":330,"j":353},{"i":323,"j":334},{"i":332,"j":335},{"i":324,"j":333},{"i":342,"j":348},{"i":328,"j":336},{"i":319,"j":342},{"i":312,"j":319},{"i":333,"j":346},{"i":327,"j":338},{"i":318,"j":333},{"i":332,"j":334},{"i":337,"j":346},{"i":324,"j":337},{"i":341,"j":352},{"i":343,"j":354},{"i":319,"j":338},{"i":342,"j":358},{"i":340,"j":350},{"i":339,"j":340},{"i":343,"j":344},{"i":316,"j":343},{"i":339,"j":360},{"i":318,"j":339},{"i":337,"j":344},{"i":340,"j":346},{"i":327,"j":386},{"i":345,"j":349},{"i":334,"j":345},{"i":331,"j":335},{"i":330,"j":331},{"i":357,"j":363},{"i":354,"j":357},{"i":328,"j":374},{"i":351,"j":359},{"i":341,"j":351},{"i":349,"j":356},{"i":335,"j":349},{"i":347,"j":357},{"i":338,"j":358},{"i":344,"j":354},{"i":355,"j":358},{"i":363,"j":375},{"i":353,"j":356},{"i":350,"j":362},{"i":345,"j":360},{"i":352,"j":383},{"i":360,"j":362},{"i":348,"j":373},{"i":347,"j":348},{"i":366,"j":382},{"i":352,"j":359},{"i":366,"j":377},{"i":351,"j":353},{"i":359,"j":365},{"i":366,"j":369},{"i":356,"j":366},{"i":361,"j":379},{"i":349,"j":361},{"i":368,"j":385},{"i":346,"j":367},{"i":370,"j":371},{"i":350,"j":370},{"i":379,"j":384},{"i":367,"j":376},{"i":358,"j":372},{"i":372,"j":373},{"i":373,"j":380},{"i":365,"j":368},{"i":374,"j":399},{"i":363,"j":395},{"i":376,"j":391},{"i":367,"j":375},{"i":362,"j":371},{"i":362,"j":389},{"i":361,"j":362},{"i":384,"j":392},{"i":382,"j":384},{"i":374,"j":378},{"i":378,"j":399},{"i":364,"j":378},{"i":369,"j":385},{"i":368,"j":369},{"i":379,"j":394},{"i":370,"j":376},{"i":381,"j":383},{"i":365,"j":381},{"i":383,"j":399},{"i":377,"j":388},{"i":382,"j":388},{"i":377,"j":382},{"i":392,"j":396},{"i":372,"j":387},{"i":355,"j":386},{"i":386,"j":387},{"i":381,"j":385},{"i":385,"j":388},{"i":375,"j":393},{"i":389,"j":397},{"i":389,"j":394},{"i":390,"j":391},{"i":380,"j":395},{"i":390,"j":397},{"i":371,"j":390},{"i":394,"j":398},{"i":392,"j":394},{"i":393,"j":397},{"i":391,"j":393},{"i":387,"j":395},{"i":380,"j":387},{"i":388,"j":396},{"i":395,"j":397},{"i":393,"j":395},{"i":397,"j":398},{"i":398,"j":399},{"i":396,"j":398},{"i":0,"j":13},{"i":13,"j":45},{"i":45,"j":138},{"i":138,"j":161},{"i":161,"j":198},{"i":198,"j":246},{"i":246,"j":336},{"i":336,"j":364},{"i":364,"j":399}],"type":"Solution"}