{"instance_name":"us-night-0000800","edges":[{"i":0,"j":1},{"i":1,"j":3},{"i":1,"j":2},{"i":3,"j":65},{"i":3,"j":4},{"i":2,"j":8},{"i":9,"j":11},{"i":5,"j":6},{"i":0,"j":5},{"i":6,"j":30},{"i":6,"j":7},{"i":0,"j":6},{"i":12,"j":26},{"i":9,"j":14},{"i":8,"j":10},{"i":8,"j":9},{"i":2,"j":20},{"i":10,"j":15},{"i":5,"j":10},{"i":2,"j":14},{"i":7,"j":12},{"i":2,"j":4},{"i":11,"j":16},{"i":11,"j":13},{"i":21,"j":29},{"i":12,"j":23},{"i":13,"j":17},{"i":16,"j":30},{"i":15,"j":16},{"i":14,"j":17},{"i":13,"j":14},{"i":12,"j":18},{"i":18,"j":21},{"i":18,"j":19},{"i":0,"j":18},{"i":20,"j":36},{"i":7,"j":31},{"i":15,"j":30},{"i":23,"j":27},{"i":23,"j":24},{"i":24,"j":29},{"i":21,"j":24},{"i":27,"j":29},{"i":26,"j":28},{"i":25,"j":29},{"i":27,"j":28},{"i":28,"j":35},{"i":26,"j":35},{"i":17,"j":20},{"i":7,"j":37},{"i":38,"j":40},{"i":29,"j":35},{"i":32,"j":33},{"i":25,"j":32},{"i":32,"j":34},{"i":33,"j":44},{"i":25,"j":33},{"i":26,"j":31},{"i":31,"j":42},{"i":4,"j":36},{"i":30,"j":41},{"i":34,"j":40},{"i":38,"j":39},{"i":33,"j":38},{"i":35,"j":45},{"i":34,"j":35},{"i":33,"j":43},{"i":40,"j":45},{"i":48,"j":50},{"i":39,"j":43},{"i":33,"j":39},{"i":33,"j":46},{"i":44,"j":98},{"i":35,"j":42},{"i":43,"j":48},{"i":44,"j":46},{"i":45,"j":52},{"i":56,"j":64},{"i":45,"j":48},{"i":44,"j":47},{"i":46,"j":50},{"i":51,"j":54},{"i":45,"j":61},{"i":49,"j":51},{"i":47,"j":49},{"i":50,"j":51},{"i":49,"j":50},{"i":36,"j":65},{"i":52,"j":55},{"i":50,"j":52},{"i":37,"j":41},{"i":54,"j":59},{"i":47,"j":54},{"i":42,"j":61},{"i":55,"j":63},{"i":53,"j":56},{"i":41,"j":53},{"i":55,"j":58},{"i":58,"j":63},{"i":57,"j":58},{"i":57,"j":59},{"i":54,"j":57},{"i":65,"j":75},{"i":59,"j":98},{"i":60,"j":63},{"i":42,"j":62},{"i":61,"j":66},{"i":56,"j":62},{"i":37,"j":56},{"i":59,"j":60},{"i":65,"j":78},{"i":64,"j":74},{"i":62,"j":64},{"i":53,"j":69},{"i":53,"j":65},{"i":67,"j":68},{"i":65,"j":67},{"i":53,"j":68},{"i":71,"j":89},{"i":68,"j":70},{"i":63,"j":66},{"i":70,"j":80},{"i":69,"j":70},{"i":69,"j":93},{"i":72,"j":80},{"i":68,"j":72},{"i":61,"j":84},{"i":67,"j":75},{"i":60,"j":71},{"i":79,"j":97},{"i":86,"j":88},{"i":73,"j":80},{"i":72,"j":73},{"i":73,"j":75},{"i":78,"j":79},{"i":75,"j":79},{"i":79,"j":82},{"i":77,"j":81},{"i":66,"j":77},{"i":74,"j":93},{"i":81,"j":86},{"i":61,"j":74},{"i":59,"j":76},{"i":81,"j":85},{"i":85,"j":87},{"i":71,"j":85},{"i":88,"j":101},{"i":86,"j":87},{"i":78,"j":99},{"i":87,"j":89},{"i":90,"j":92},{"i":89,"j":91},{"i":76,"j":89},{"i":88,"j":90},{"i":90,"j":101},{"i":91,"j":100},{"i":101,"j":105},{"i":92,"j":94},{"i":91,"j":92},{"i":77,"j":83},{"i":95,"j":100},{"i":95,"j":96},{"i":76,"j":95},{"i":96,"j":104},{"i":91,"j":94},{"i":82,"j":97},{"i":80,"j":82},{"i":76,"j":96},{"i":93,"j":102},{"i":97,"j":102},{"i":83,"j":105},{"i":83,"j":84},{"i":97,"j":99},{"i":84,"j":93},{"i":111,"j":117},{"i":100,"j":114},{"i":98,"j":104},{"i":101,"j":103},{"i":103,"j":108},{"i":103,"j":105},{"i":107,"j":108},{"i":105,"j":115},{"i":107,"j":123},{"i":106,"j":109},{"i":102,"j":106},{"i":107,"j":110},{"i":94,"j":107},{"i":100,"j":110},{"i":109,"j":111},{"i":109,"j":118},{"i":99,"j":120},{"i":120,"j":124},{"i":113,"j":121},{"i":110,"j":129},{"i":114,"j":129},{"i":105,"j":111},{"i":118,"j":132},{"i":99,"j":112},{"i":115,"j":119},{"i":108,"j":115},{"i":117,"j":119},{"i":117,"j":118},{"i":126,"j":142},{"i":120,"j":126},{"i":112,"j":116},{"i":104,"j":114},{"i":120,"j":122},{"i":106,"j":120},{"i":119,"j":139},{"i":128,"j":133},{"i":125,"j":127},{"i":122,"j":125},{"i":106,"j":122},{"i":123,"j":148},{"i":124,"j":125},{"i":124,"j":128},{"i":121,"j":147},{"i":133,"j":140},{"i":124,"j":126},{"i":123,"j":129},{"i":133,"j":138},{"i":109,"j":162},{"i":128,"j":130},{"i":122,"j":127},{"i":126,"j":131},{"i":130,"j":134},{"i":127,"j":130},{"i":131,"j":144},{"i":134,"j":136},{"i":134,"j":138},{"i":140,"j":144},{"i":135,"j":137},{"i":127,"j":135},{"i":139,"j":154},{"i":136,"j":137},{"i":135,"j":136},{"i":133,"j":144},{"i":116,"j":151},{"i":138,"j":141},{"i":140,"j":141},{"i":116,"j":156},{"i":116,"j":142},{"i":145,"j":159},{"i":139,"j":152},{"i":131,"j":142},{"i":150,"j":153},{"i":148,"j":150},{"i":121,"j":157},{"i":143,"j":146},{"i":113,"j":143},{"i":143,"j":145},{"i":121,"j":129},{"i":145,"j":147},{"i":149,"j":150},{"i":123,"j":149},{"i":112,"j":224},{"i":154,"j":180},{"i":141,"j":160},{"i":152,"j":153},{"i":149,"j":152},{"i":142,"j":169},{"i":148,"j":158},{"i":148,"j":164},{"i":153,"j":164},{"i":151,"j":156},{"i":142,"j":151},{"i":129,"j":155},{"i":158,"j":183},{"i":147,"j":165},{"i":163,"j":174},{"i":155,"j":163},{"i":156,"j":172},{"i":144,"j":161},{"i":141,"j":144},{"i":160,"j":181},{"i":137,"j":160},{"i":165,"j":191},{"i":158,"j":163},{"i":155,"j":158},{"i":155,"j":175},{"i":152,"j":176},{"i":159,"j":201},{"i":157,"j":167},{"i":165,"j":185},{"i":166,"j":167},{"i":157,"j":166},{"i":154,"j":176},{"i":161,"j":171},{"i":132,"j":180},{"i":180,"j":186},{"i":174,"j":179},{"i":161,"j":168},{"i":173,"j":222},{"i":169,"j":172},{"i":168,"j":169},{"i":168,"j":172},{"i":174,"j":177},{"i":167,"j":191},{"i":164,"j":183},{"i":177,"j":179},{"i":175,"j":177},{"i":173,"j":178},{"i":172,"j":173},{"i":170,"j":182},{"i":164,"j":170},{"i":175,"j":179},{"i":162,"j":186},{"i":132,"j":162},{"i":176,"j":199},{"i":160,"j":171},{"i":186,"j":231},{"i":176,"j":184},{"i":183,"j":188},{"i":166,"j":175},{"i":188,"j":190},{"i":162,"j":220},{"i":159,"j":185},{"i":179,"j":187},{"i":188,"j":192},{"i":187,"j":190},{"i":206,"j":215},{"i":184,"j":206},{"i":189,"j":193},{"i":187,"j":189},{"i":183,"j":197},{"i":175,"j":194},{"i":190,"j":196},{"i":189,"j":190},{"i":193,"j":194},{"i":198,"j":202},{"i":192,"j":204},{"i":192,"j":195},{"i":194,"j":198},{"i":191,"j":194},{"i":193,"j":196},{"i":180,"j":211},{"i":178,"j":200},{"i":171,"j":178},{"i":185,"j":198},{"i":194,"j":218},{"i":195,"j":197},{"i":204,"j":208},{"i":196,"j":204},{"i":182,"j":205},{"i":201,"j":202},{"i":203,"j":207},{"i":197,"j":203},{"i":205,"j":209},{"i":203,"j":205},{"i":219,"j":227},{"i":208,"j":218},{"i":207,"j":214},{"i":195,"j":207},{"i":182,"j":210},{"i":209,"j":213},{"i":207,"j":209},{"i":170,"j":184},{"i":209,"j":210},{"i":199,"j":221},{"i":212,"j":230},{"i":213,"j":241},{"i":214,"j":242},{"i":206,"j":212},{"i":215,"j":216},{"i":221,"j":239},{"i":199,"j":211},{"i":200,"j":217},{"i":208,"j":214},{"i":212,"j":221},{"i":216,"j":219},{"i":210,"j":216},{"i":219,"j":223},{"i":210,"j":219},{"i":181,"j":229},{"i":162,"j":181},{"i":223,"j":227},{"i":223,"j":232},{"i":222,"j":224},{"i":156,"j":224},{"i":222,"j":225},{"i":200,"j":222},{"i":225,"j":265},{"i":181,"j":217},{"i":225,"j":228},{"i":238,"j":273},{"i":229,"j":251},{"i":220,"j":231},{"i":229,"j":236},{"i":230,"j":233},{"i":215,"j":230},{"i":220,"j":236},{"i":227,"j":233},{"i":238,"j":256},{"i":241,"j":250},{"i":234,"j":235},{"i":221,"j":234},{"i":240,"j":247},{"i":235,"j":240},{"i":226,"j":238},{"i":217,"j":226},{"i":235,"j":237},{"i":226,"j":228},{"i":241,"j":244},{"i":231,"j":248},{"i":239,"j":240},{"i":234,"j":239},{"i":245,"j":255},{"i":237,"j":243},{"i":230,"j":237},{"i":214,"j":241},{"i":245,"j":259},{"i":265,"j":407},{"i":218,"j":242},{"i":233,"j":243},{"i":232,"j":245},{"i":213,"j":232},{"i":236,"j":248},{"i":244,"j":263},{"i":242,"j":244},{"i":255,"j":260},{"i":246,"j":255},{"i":232,"j":246},{"i":229,"j":258},{"i":253,"j":262},{"i":238,"j":252},{"i":211,"j":248},{"i":248,"j":253},{"i":249,"j":254},{"i":244,"j":249},{"i":249,"j":250},{"i":243,"j":247},{"i":252,"j":258},{"i":228,"j":265},{"i":254,"j":268},{"i":262,"j":285},{"i":261,"j":262},{"i":239,"j":261},{"i":259,"j":284},{"i":246,"j":260},{"i":253,"j":285},{"i":264,"j":269},{"i":251,"j":279},{"i":244,"j":254},{"i":202,"j":263},{"i":259,"j":267},{"i":255,"j":259},{"i":264,"j":267},{"i":256,"j":272},{"i":252,"j":256},{"i":224,"j":265},{"i":264,"j":266},{"i":260,"j":264},{"i":266,"j":274},{"i":257,"j":266},{"i":257,"j":275},{"i":250,"j":257},{"i":267,"j":281},{"i":275,"j":277},{"i":251,"j":298},{"i":247,"j":280},{"i":269,"j":278},{"i":266,"j":269},{"i":258,"j":298},{"i":274,"j":283},{"i":299,"j":353},{"i":274,"j":275},{"i":263,"j":268},{"i":276,"j":283},{"i":268,"j":276},{"i":272,"j":288},{"i":258,"j":272},{"i":277,"j":283},{"i":276,"j":277},{"i":239,"j":270},{"i":274,"j":286},{"i":270,"j":300},{"i":285,"j":289},{"i":261,"j":285},{"i":259,"j":292},{"i":271,"j":292},{"i":259,"j":271},{"i":281,"j":286},{"i":278,"j":281},{"i":279,"j":285},{"i":278,"j":286},{"i":286,"j":304},{"i":271,"j":301},{"i":284,"j":295},{"i":281,"j":284},{"i":279,"j":282},{"i":283,"j":304},{"i":285,"j":296},{"i":265,"j":287},{"i":273,"j":290},{"i":288,"j":298},{"i":282,"j":296},{"i":294,"j":299},{"i":273,"j":287},{"i":290,"j":294},{"i":290,"j":291},{"i":290,"j":293},{"i":271,"j":280},{"i":305,"j":349},{"i":270,"j":289},{"i":288,"j":291},{"i":282,"j":310},{"i":284,"j":306},{"i":298,"j":305},{"i":295,"j":309},{"i":293,"j":297},{"i":291,"j":293},{"i":300,"j":308},{"i":294,"j":297},{"i":289,"j":308},{"i":297,"j":298},{"i":297,"j":299},{"i":287,"j":299},{"i":302,"j":307},{"i":280,"j":300},{"i":310,"j":329},{"i":301,"j":335},{"i":300,"j":303},{"i":767,"j":778},{"i":301,"j":307},{"i":309,"j":314},{"i":304,"j":309},{"i":302,"j":306},{"i":292,"j":302},{"i":303,"j":315},{"i":301,"j":303},{"i":309,"j":316},{"i":304,"j":319},{"i":310,"j":312},{"i":305,"j":310},{"i":316,"j":327},{"i":310,"j":311},{"i":311,"j":321},{"i":296,"j":311},{"i":310,"j":313},{"i":312,"j":313},{"i":311,"j":312},{"i":313,"j":323},{"i":314,"j":325},{"i":308,"j":318},{"i":317,"j":320},{"i":317,"j":319},{"i":314,"j":317},{"i":319,"j":320},{"i":202,"j":319},{"i":316,"j":325},{"i":315,"j":326},{"i":318,"j":326},{"i":322,"j":323},{"i":313,"j":322},{"i":324,"j":334},{"i":315,"j":324},{"i":318,"j":332},{"i":342,"j":359},{"i":295,"j":328},{"i":328,"j":331},{"i":321,"j":332},{"i":325,"j":327},{"i":306,"j":337},{"i":327,"j":328},{"i":307,"j":338},{"i":335,"j":347},{"i":327,"j":374},{"i":330,"j":331},{"i":323,"j":333},{"i":324,"j":326},{"i":334,"j":335},{"i":339,"j":369},{"i":332,"j":339},{"i":306,"j":345},{"i":338,"j":345},{"i":330,"j":367},{"i":327,"j":330},{"i":336,"j":342},{"i":326,"j":336},{"i":325,"j":340},{"i":340,"j":341},{"i":320,"j":340},{"i":331,"j":337},{"i":347,"j":352},{"i":338,"j":347},{"i":336,"j":339},{"i":354,"j":364},{"i":343,"j":346},{"i":334,"j":343},{"i":342,"j":344},{"i":319,"j":341},{"i":348,"j":360},{"i":345,"j":348},{"i":346,"j":347},{"i":329,"j":355},{"i":322,"j":329},{"i":287,"j":351},{"i":349,"j":350},{"i":343,"j":361},{"i":350,"j":363},{"i":346,"j":361},{"i":351,"j":353},{"i":348,"j":352},{"i":321,"j":333},{"i":343,"j":344},{"i":350,"j":358},{"i":329,"j":350},{"i":354,"j":356},{"i":348,"j":354},{"i":363,"j":375},{"i":362,"j":363},{"i":333,"j":378},{"i":361,"j":364},{"i":352,"j":361},{"i":356,"j":360},{"i":355,"j":378},{"i":360,"j":368},{"i":358,"j":362},{"i":355,"j":358},{"i":359,"j":366},{"i":353,"j":372},{"i":359,"j":365},{"i":344,"j":359},{"i":359,"j":376},{"i":365,"j":370},{"i":337,"j":360},{"i":377,"j":400},{"i":364,"j":371},{"i":356,"j":364},{"i":365,"j":366},{"i":366,"j":376},{"i":367,"j":368},{"i":359,"j":369},{"i":357,"j":372},{"i":351,"j":357},{"i":372,"j":373},{"i":349,"j":372},{"i":367,"j":374},{"i":375,"j":383},{"i":371,"j":388},{"i":368,"j":371},{"i":369,"j":378},{"i":374,"j":377},{"i":341,"j":377},{"i":355,"j":379},{"i":396,"j":409},{"i":362,"j":380},{"i":378,"j":379},{"i":380,"j":382},{"i":380,"j":381},{"i":364,"j":370},{"i":382,"j":384},{"i":379,"j":382},{"i":381,"j":391},{"i":386,"j":391},{"i":383,"j":386},{"i":381,"j":383},{"i":375,"j":385},{"i":384,"j":391},{"i":378,"j":384},{"i":385,"j":392},{"i":373,"j":387},{"i":378,"j":391},{"i":388,"j":389},{"i":389,"j":398},{"i":387,"j":390},{"i":385,"j":387},{"i":397,"j":409},{"i":390,"j":392},{"i":392,"j":393},{"i":394,"j":423},{"i":393,"j":401},{"i":386,"j":393},{"i":390,"j":394},{"i":364,"j":399},{"i":341,"j":395},{"i":376,"j":409},{"i":370,"j":396},{"i":397,"j":399},{"i":396,"j":397},{"i":402,"j":406},{"i":398,"j":405},{"i":367,"j":398},{"i":393,"j":394},{"i":405,"j":440},{"i":399,"j":402},{"i":405,"j":410},{"i":395,"j":400},{"i":404,"j":455},{"i":395,"j":404},{"i":389,"j":411},{"i":388,"j":403},{"i":408,"j":412},{"i":402,"j":408},{"i":418,"j":421},{"i":408,"j":415},{"i":414,"j":435},{"i":403,"j":406},{"i":411,"j":414},{"i":423,"j":430},{"i":412,"j":413},{"i":406,"j":412},{"i":403,"j":420},{"i":411,"j":417},{"i":415,"j":422},{"i":401,"j":416},{"i":391,"j":401},{"i":413,"j":415},{"i":413,"j":418},{"i":424,"j":437},{"i":414,"j":417},{"i":400,"j":410},{"i":430,"j":443},{"i":403,"j":418},{"i":420,"j":426},{"i":420,"j":421},{"i":409,"j":434},{"i":408,"j":409},{"i":422,"j":424},{"i":421,"j":422},{"i":424,"j":431},{"i":423,"j":425},{"i":424,"j":426},{"i":416,"j":425},{"i":426,"j":431},{"i":417,"j":426},{"i":416,"j":429},{"i":427,"j":428},{"i":378,"j":427},{"i":422,"j":449},{"i":432,"j":447},{"i":373,"j":445},{"i":409,"j":428},{"i":436,"j":459},{"i":431,"j":441},{"i":427,"j":429},{"i":436,"j":442},{"i":433,"j":436},{"i":409,"j":433},{"i":422,"j":451},{"i":437,"j":441},{"i":442,"j":446},{"i":425,"j":443},{"i":435,"j":440},{"i":435,"j":473},{"i":438,"j":448},{"i":409,"j":438},{"i":432,"j":444},{"i":428,"j":432},{"i":429,"j":447},{"i":439,"j":447},{"i":416,"j":439},{"i":446,"j":454},{"i":357,"j":407},{"i":448,"j":461},{"i":433,"j":459},{"i":443,"j":457},{"i":439,"j":443},{"i":446,"j":448},{"i":438,"j":446},{"i":419,"j":450},{"i":434,"j":451},{"i":457,"j":464},{"i":440,"j":450},{"i":410,"j":440},{"i":449,"j":462},{"i":437,"j":449},{"i":437,"j":462},{"i":434,"j":461},{"i":433,"j":444},{"i":445,"j":452},{"i":390,"j":445},{"i":444,"j":460},{"i":453,"j":454},{"i":442,"j":453},{"i":404,"j":419},{"i":419,"j":455},{"i":455,"j":498},{"i":451,"j":462},{"i":447,"j":457},{"i":465,"j":485},{"i":459,"j":465},{"i":453,"j":459},{"i":458,"j":460},{"i":447,"j":458},{"i":454,"j":470},{"i":456,"j":474},{"i":441,"j":456},{"i":451,"j":461},{"i":464,"j":466},{"i":463,"j":480},{"i":435,"j":441},{"i":459,"j":486},{"i":464,"j":472},{"i":458,"j":464},{"i":452,"j":467},{"i":430,"j":452},{"i":463,"j":468},{"i":450,"j":463},{"i":465,"j":469},{"i":469,"j":470},{"i":470,"j":481},{"i":475,"j":483},{"i":471,"j":481},{"i":466,"j":510},{"i":462,"j":483},{"i":476,"j":488},{"i":473,"j":476},{"i":471,"j":475},{"i":461,"j":471},{"i":474,"j":476},{"i":470,"j":482},{"i":469,"j":479},{"i":467,"j":493},{"i":466,"j":467},{"i":407,"j":478},{"i":477,"j":484},{"i":470,"j":477},{"i":477,"j":479},{"i":473,"j":494},{"i":474,"j":487},{"i":460,"j":486},{"i":485,"j":527},{"i":479,"j":485},{"i":472,"j":490},{"i":483,"j":487},{"i":456,"j":483},{"i":474,"j":491},{"i":481,"j":502},{"i":475,"j":481},{"i":468,"j":497},{"i":489,"j":533},{"i":455,"j":489},{"i":488,"j":494},{"i":486,"j":490},{"i":485,"j":486},{"i":492,"j":501},{"i":491,"j":506},{"i":492,"j":502},{"i":481,"j":482},{"i":483,"j":492},{"i":445,"j":495},{"i":488,"j":491},{"i":496,"j":504},{"i":472,"j":512},{"i":445,"j":518},{"i":468,"j":480},{"i":494,"j":505},{"i":480,"j":494},{"i":497,"j":523},{"i":489,"j":497},{"i":498,"j":690},{"i":201,"j":498},{"i":496,"j":503},{"i":487,"j":496},{"i":499,"j":504},{"i":483,"j":499},{"i":500,"j":504},{"i":499,"j":500},{"i":484,"j":528},{"i":482,"j":484},{"i":490,"j":507},{"i":505,"j":519},{"i":503,"j":506},{"i":491,"j":503},{"i":505,"j":514},{"i":497,"j":505},{"i":503,"j":509},{"i":513,"j":520},{"i":504,"j":511},{"i":493,"j":508},{"i":508,"j":525},{"i":506,"j":519},{"i":508,"j":510},{"i":509,"j":515},{"i":511,"j":515},{"i":509,"j":511},{"i":472,"j":517},{"i":569,"j":606},{"i":512,"j":521},{"i":513,"j":516},{"i":510,"j":513},{"i":516,"j":517},{"i":512,"j":535},{"i":516,"j":531},{"i":445,"j":478},{"i":506,"j":509},{"i":493,"j":495},{"i":520,"j":531},{"i":521,"j":526},{"i":522,"j":526},{"i":507,"j":521},{"i":524,"j":527},{"i":523,"j":548},{"i":533,"j":546},{"i":522,"j":524},{"i":507,"j":522},{"i":495,"j":529},{"i":520,"j":525},{"i":517,"j":535},{"i":527,"j":537},{"i":531,"j":568},{"i":525,"j":529},{"i":535,"j":573},{"i":530,"j":532},{"i":515,"j":530},{"i":537,"j":543},{"i":536,"j":537},{"i":534,"j":545},{"i":533,"j":534},{"i":498,"j":579},{"i":523,"j":539},{"i":514,"j":553},{"i":538,"j":542},{"i":528,"j":538},{"i":536,"j":538},{"i":528,"j":536},{"i":543,"j":587},{"i":540,"j":556},{"i":519,"j":562},{"i":489,"j":539},{"i":500,"j":501},{"i":540,"j":541},{"i":532,"j":540},{"i":543,"j":554},{"i":514,"j":555},{"i":547,"j":654},{"i":542,"j":547},{"i":502,"j":542},{"i":524,"j":587},{"i":544,"j":558},{"i":544,"j":545},{"i":534,"j":544},{"i":545,"j":576},{"i":539,"j":552},{"i":548,"j":552},{"i":546,"j":550},{"i":544,"j":546},{"i":548,"j":567},{"i":498,"j":533},{"i":498,"j":549},{"i":546,"j":557},{"i":547,"j":551},{"i":501,"j":547},{"i":550,"j":558},{"i":544,"j":550},{"i":514,"j":561},{"i":519,"j":560},{"i":519,"j":532},{"i":526,"j":587},{"i":551,"j":556},{"i":530,"j":551},{"i":553,"j":555},{"i":556,"j":570},{"i":559,"j":571},{"i":541,"j":559},{"i":558,"j":584},{"i":557,"j":558},{"i":566,"j":571},{"i":562,"j":566},{"i":560,"j":575},{"i":556,"j":559},{"i":552,"j":565},{"i":546,"j":552},{"i":541,"j":566},{"i":558,"j":574},{"i":563,"j":565},{"i":563,"j":564},{"i":557,"j":563},{"i":553,"j":578},{"i":560,"j":562},{"i":561,"j":575},{"i":555,"j":561},{"i":556,"j":586},{"i":531,"j":569},{"i":571,"j":596},{"i":529,"j":602},{"i":551,"j":594},{"i":588,"j":597},{"i":567,"j":577},{"i":552,"j":567},{"i":570,"j":604},{"i":568,"j":580},{"i":572,"j":574},{"i":558,"j":572},{"i":560,"j":596},{"i":574,"j":576},{"i":581,"j":599},{"i":574,"j":581},{"i":557,"j":564},{"i":567,"j":578},{"i":576,"j":583},{"i":576,"j":579},{"i":573,"j":587},{"i":568,"j":582},{"i":595,"j":618},{"i":564,"j":597},{"i":579,"j":598},{"i":577,"j":601},{"i":565,"j":601},{"i":547,"j":611},{"i":573,"j":592},{"i":585,"j":586},{"i":573,"j":580},{"i":588,"j":593},{"i":584,"j":588},{"i":547,"j":643},{"i":580,"j":595},{"i":584,"j":593},{"i":590,"j":593},{"i":590,"j":591},{"i":572,"j":590},{"i":591,"j":599},{"i":581,"j":591},{"i":580,"j":582},{"i":596,"j":621},{"i":575,"j":603},{"i":594,"j":611},{"i":600,"j":606},{"i":589,"j":595},{"i":582,"j":589},{"i":597,"j":609},{"i":599,"j":617},{"i":583,"j":599},{"i":549,"j":598},{"i":589,"j":600},{"i":577,"j":578},{"i":601,"j":609},{"i":586,"j":594},{"i":518,"j":624},{"i":631,"j":663},{"i":578,"j":603},{"i":596,"j":604},{"i":600,"j":618},{"i":604,"j":610},{"i":569,"j":602},{"i":616,"j":623},{"i":605,"j":616},{"i":478,"j":608},{"i":609,"j":632},{"i":593,"j":609},{"i":607,"j":612},{"i":604,"j":607},{"i":610,"j":615},{"i":610,"j":614},{"i":607,"j":620},{"i":619,"j":636},{"i":605,"j":619},{"i":585,"j":605},{"i":592,"j":626},{"i":596,"j":612},{"i":570,"j":585},{"i":614,"j":620},{"i":605,"j":611},{"i":614,"j":615},{"i":616,"j":628},{"i":616,"j":634},{"i":606,"j":631},{"i":620,"j":636},{"i":615,"j":619},{"i":612,"j":646},{"i":613,"j":630},{"i":554,"j":613},{"i":602,"j":624},{"i":592,"j":618},{"i":518,"j":608},{"i":606,"j":622},{"i":625,"j":626},{"i":618,"j":625},{"i":627,"j":633},{"i":613,"j":627},{"i":626,"j":627},{"i":587,"j":626},{"i":611,"j":634},{"i":583,"j":635},{"i":632,"j":637},{"i":617,"j":632},{"i":619,"j":623},{"i":639,"j":649},{"i":622,"j":664},{"i":603,"j":621},{"i":626,"j":639},{"i":542,"j":554},{"i":625,"j":663},{"i":629,"j":648},{"i":598,"j":629},{"i":637,"j":641},{"i":628,"j":657},{"i":623,"j":628},{"i":641,"j":645},{"i":638,"j":641},{"i":629,"j":635},{"i":639,"j":640},{"i":637,"j":645},{"i":638,"j":645},{"i":617,"j":638},{"i":645,"j":647},{"i":642,"j":645},{"i":646,"j":652},{"i":621,"j":646},{"i":643,"j":644},{"i":636,"j":646},{"i":647,"j":696},{"i":636,"j":662},{"i":630,"j":666},{"i":642,"j":647},{"i":635,"j":642},{"i":648,"j":690},{"i":549,"j":648},{"i":644,"j":651},{"i":634,"j":644},{"i":633,"j":655},{"i":659,"j":670},{"i":657,"j":659},{"i":646,"j":695},{"i":652,"j":699},{"i":609,"j":652},{"i":633,"j":640},{"i":624,"j":661},{"i":654,"j":658},{"i":643,"j":654},{"i":649,"j":656},{"i":640,"j":649},{"i":655,"j":680},{"i":650,"j":655},{"i":651,"j":659},{"i":634,"j":651},{"i":657,"j":669},{"i":630,"j":650},{"i":663,"j":678},{"i":631,"j":664},{"i":677,"j":734},{"i":624,"j":653},{"i":657,"j":662},{"i":668,"j":675},{"i":653,"j":668},{"i":622,"j":624},{"i":663,"j":667},{"i":649,"j":663},{"i":660,"j":668},{"i":653,"j":660},{"i":661,"j":665},{"i":661,"j":672},{"i":655,"j":656},{"i":669,"j":682},{"i":658,"j":674},{"i":651,"j":658},{"i":663,"j":685},{"i":659,"j":674},{"i":703,"j":734},{"i":669,"j":671},{"i":660,"j":665},{"i":608,"j":672},{"i":671,"j":673},{"i":662,"j":671},{"i":676,"j":682},{"i":662,"j":676},{"i":673,"j":676},{"i":662,"j":673},{"i":667,"j":680},{"i":656,"j":667},{"i":674,"j":679},{"i":668,"j":686},{"i":669,"j":670},{"i":664,"j":675},{"i":664,"j":685},{"i":672,"j":677},{"i":665,"j":672},{"i":678,"j":692},{"i":679,"j":681},{"i":670,"j":679},{"i":678,"j":680},{"i":681,"j":691},{"i":680,"j":692},{"i":666,"j":684},{"i":654,"j":666},{"i":680,"j":687},{"i":650,"j":680},{"i":675,"j":686},{"i":693,"j":698},{"i":677,"j":686},{"i":682,"j":688},{"i":693,"j":708},{"i":646,"j":688},{"i":683,"j":693},{"i":681,"j":683},{"i":689,"j":695},{"i":688,"j":689},{"i":683,"j":684},{"i":691,"j":694},{"i":692,"j":717},{"i":689,"j":694},{"i":695,"j":699},{"i":691,"j":693},{"i":687,"j":700},{"i":684,"j":687},{"i":694,"j":697},{"i":645,"j":699},{"i":698,"j":701},{"i":697,"j":698},{"i":701,"j":702},{"i":697,"j":701},{"i":686,"j":703},{"i":702,"j":704},{"i":694,"j":702},{"i":709,"j":714},{"i":704,"j":713},{"i":699,"j":704},{"i":685,"j":717},{"i":706,"j":710},{"i":700,"j":706},{"i":705,"j":707},{"i":680,"j":705},{"i":684,"j":718},{"i":707,"j":709},{"i":700,"j":707},{"i":706,"j":711},{"i":715,"j":725},{"i":713,"j":715},{"i":708,"j":725},{"i":709,"j":711},{"i":711,"j":712},{"i":705,"j":714},{"i":708,"j":715},{"i":701,"j":708},{"i":696,"j":713},{"i":710,"j":718},{"i":710,"j":721},{"i":724,"j":728},{"i":710,"j":722},{"i":703,"j":716},{"i":714,"j":719},{"i":719,"j":724},{"i":718,"j":725},{"i":717,"j":720},{"i":705,"j":717},{"i":712,"j":719},{"i":710,"j":712},{"i":720,"j":727},{"i":719,"j":720},{"i":721,"j":723},{"i":721,"j":722},{"i":608,"j":780},{"i":723,"j":738},{"i":723,"j":725},{"i":713,"j":725},{"i":724,"j":726},{"i":722,"j":726},{"i":717,"j":731},{"i":727,"j":728},{"i":730,"j":738},{"i":721,"j":730},{"i":728,"j":729},{"i":729,"j":730},{"i":726,"j":729},{"i":731,"j":737},{"i":727,"j":736},{"i":716,"j":732},{"i":731,"j":739},{"i":716,"j":733},{"i":732,"j":737},{"i":731,"j":732},{"i":733,"j":734},{"i":608,"j":735},{"i":733,"j":737},{"i":740,"j":749},{"i":729,"j":736},{"i":740,"j":748},{"i":731,"j":740},{"i":738,"j":741},{"i":725,"j":738},{"i":736,"j":743},{"i":743,"j":746},{"i":741,"j":743},{"i":741,"j":797},{"i":739,"j":744},{"i":736,"j":742},{"i":746,"j":757},{"i":742,"j":746},{"i":739,"j":740},{"i":742,"j":744},{"i":744,"j":745},{"i":745,"j":754},{"i":745,"j":747},{"i":747,"j":748},{"i":756,"j":761},{"i":750,"j":754},{"i":747,"j":750},{"i":749,"j":751},{"i":748,"j":749},{"i":749,"j":756},{"i":752,"j":756},{"i":749,"j":752},{"i":734,"j":735},{"i":751,"j":754},{"i":750,"j":751},{"i":756,"j":758},{"i":754,"j":757},{"i":737,"j":759},{"i":752,"j":755},{"i":761,"j":763},{"i":757,"j":774},{"i":741,"j":757},{"i":755,"j":761},{"i":758,"j":760},{"i":753,"j":759},{"i":737,"j":753},{"i":760,"j":764},{"i":760,"j":762},{"i":757,"j":762},{"i":758,"j":765},{"i":770,"j":775},{"i":753,"j":770},{"i":765,"j":766},{"i":764,"j":765},{"i":763,"j":766},{"i":764,"j":766},{"i":763,"j":773},{"i":735,"j":770},{"i":608,"j":767},{"i":766,"j":768},{"i":762,"j":766},{"i":407,"j":798},{"i":759,"j":776},{"i":757,"j":768},{"i":769,"j":770},{"i":767,"j":769},{"i":769,"j":775},{"i":767,"j":771},{"i":755,"j":759},{"i":775,"j":781},{"i":772,"j":774},{"i":768,"j":772},{"i":772,"j":773},{"i":777,"j":783},{"i":773,"j":777},{"i":776,"j":782},{"i":774,"j":797},{"i":753,"j":785},{"i":776,"j":777},{"i":771,"j":779},{"i":771,"j":778},{"i":779,"j":787},{"i":778,"j":787},{"i":779,"j":781},{"i":782,"j":785},{"i":224,"j":798},{"i":786,"j":797},{"i":783,"j":786},{"i":774,"j":783},{"i":782,"j":784},{"i":784,"j":792},{"i":781,"j":789},{"i":784,"j":786},{"i":789,"j":791},{"i":778,"j":780},{"i":780,"j":788},{"i":789,"j":794},{"i":791,"j":793},{"i":790,"j":791},{"i":790,"j":792},{"i":785,"j":790},{"i":797,"j":799},{"i":696,"j":797},{"i":792,"j":797},{"i":789,"j":795},{"i":793,"j":797},{"i":781,"j":796},{"i":794,"j":795},{"i":793,"j":794},{"i":787,"j":796},{"i":796,"j":797},{"i":795,"j":796},{"i":796,"j":799},{"i":787,"j":788},{"i":798,"j":799},{"i":788,"j":798},{"i":0,"j":19},{"i":19,"j":22},{"i":22,"j":25},{"i":25,"j":98},{"i":98,"j":113},{"i":113,"j":146},{"i":146,"j":690},{"i":690,"j":696},{"i":696,"j":799}],"type":"Solution"}