{"instance_name":"us-night-0000500","edges":[{"i":0,"j":9},{"i":1,"j":5},{"i":0,"j":1},{"i":3,"j":13},{"i":1,"j":3},{"i":0,"j":2},{"i":4,"j":6},{"i":2,"j":4},{"i":6,"j":11},{"i":3,"j":6},{"i":7,"j":8},{"i":2,"j":7},{"i":10,"j":12},{"i":9,"j":40},{"i":9,"j":10},{"i":7,"j":9},{"i":8,"j":12},{"i":4,"j":8},{"i":13,"j":15},{"i":10,"j":21},{"i":13,"j":16},{"i":18,"j":22},{"i":5,"j":13},{"i":14,"j":19},{"i":5,"j":14},{"i":15,"j":17},{"i":14,"j":15},{"i":11,"j":24},{"i":16,"j":17},{"i":17,"j":18},{"i":14,"j":18},{"i":19,"j":22},{"i":5,"j":19},{"i":23,"j":28},{"i":12,"j":21},{"i":11,"j":12},{"i":29,"j":35},{"i":20,"j":22},{"i":9,"j":33},{"i":23,"j":26},{"i":20,"j":23},{"i":21,"j":24},{"i":21,"j":25},{"i":22,"j":28},{"i":27,"j":37},{"i":26,"j":27},{"i":28,"j":29},{"i":30,"j":32},{"i":29,"j":30},{"i":27,"j":30},{"i":31,"j":36},{"i":27,"j":31},{"i":28,"j":41},{"i":24,"j":25},{"i":32,"j":34},{"i":31,"j":32},{"i":35,"j":45},{"i":34,"j":35},{"i":34,"j":45},{"i":24,"j":39},{"i":36,"j":45},{"i":36,"j":37},{"i":42,"j":50},{"i":37,"j":38},{"i":25,"j":33},{"i":39,"j":42},{"i":16,"j":39},{"i":39,"j":51},{"i":41,"j":45},{"i":40,"j":49},{"i":41,"j":42},{"i":33,"j":44},{"i":43,"j":46},{"i":39,"j":43},{"i":45,"j":52},{"i":43,"j":44},{"i":44,"j":47},{"i":40,"j":48},{"i":48,"j":49},{"i":47,"j":48},{"i":46,"j":62},{"i":51,"j":62},{"i":52,"j":59},{"i":51,"j":53},{"i":50,"j":51},{"i":52,"j":54},{"i":53,"j":55},{"i":50,"j":53},{"i":55,"j":58},{"i":50,"j":55},{"i":49,"j":63},{"i":56,"j":62},{"i":47,"j":49},{"i":56,"j":58},{"i":55,"j":56},{"i":38,"j":61},{"i":54,"j":60},{"i":38,"j":59},{"i":54,"j":70},{"i":60,"j":66},{"i":60,"j":61},{"i":59,"j":60},{"i":49,"j":78},{"i":46,"j":57},{"i":63,"j":64},{"i":57,"j":79},{"i":49,"j":64},{"i":62,"j":69},{"i":58,"j":62},{"i":63,"j":65},{"i":52,"j":58},{"i":68,"j":78},{"i":66,"j":72},{"i":65,"j":67},{"i":57,"j":65},{"i":62,"j":71},{"i":64,"j":68},{"i":69,"j":70},{"i":75,"j":93},{"i":69,"j":73},{"i":66,"j":76},{"i":72,"j":85},{"i":68,"j":74},{"i":70,"j":77},{"i":73,"j":75},{"i":73,"j":77},{"i":80,"j":84},{"i":69,"j":71},{"i":80,"j":83},{"i":67,"j":89},{"i":72,"j":92},{"i":67,"j":74},{"i":71,"j":86},{"i":61,"j":85},{"i":69,"j":80},{"i":79,"j":86},{"i":80,"j":87},{"i":83,"j":84},{"i":82,"j":83},{"i":75,"j":82},{"i":81,"j":85},{"i":84,"j":87},{"i":79,"j":91},{"i":80,"j":86},{"i":90,"j":94},{"i":89,"j":90},{"i":76,"j":101},{"i":88,"j":98},{"i":85,"j":88},{"i":77,"j":93},{"i":76,"j":77},{"i":74,"j":90},{"i":89,"j":91},{"i":78,"j":102},{"i":82,"j":106},{"i":91,"j":100},{"i":94,"j":95},{"i":95,"j":96},{"i":91,"j":95},{"i":94,"j":97},{"i":78,"j":97},{"i":74,"j":78},{"i":88,"j":92},{"i":98,"j":117},{"i":81,"j":98},{"i":91,"j":96},{"i":99,"j":100},{"i":96,"j":99},{"i":101,"j":108},{"i":102,"j":110},{"i":101,"j":111},{"i":97,"j":102},{"i":102,"j":136},{"i":102,"j":104},{"i":99,"j":102},{"i":103,"j":105},{"i":101,"j":103},{"i":105,"j":107},{"i":92,"j":105},{"i":100,"j":119},{"i":103,"j":108},{"i":107,"j":117},{"i":93,"j":112},{"i":100,"j":104},{"i":104,"j":110},{"i":116,"j":118},{"i":111,"j":116},{"i":113,"j":144},{"i":111,"j":112},{"i":153,"j":387},{"i":114,"j":118},{"i":109,"j":119},{"i":100,"j":109},{"i":114,"j":116},{"i":112,"j":114},{"i":120,"j":126},{"i":113,"j":117},{"i":107,"j":113},{"i":117,"j":381},{"i":81,"j":117},{"i":116,"j":143},{"i":108,"j":116},{"i":93,"j":124},{"i":115,"j":120},{"i":106,"j":115},{"i":121,"j":125},{"i":123,"j":150},{"i":122,"j":123},{"i":118,"j":122},{"i":116,"j":123},{"i":106,"j":129},{"i":115,"j":133},{"i":119,"j":127},{"i":86,"j":119},{"i":120,"j":131},{"i":133,"j":139},{"i":126,"j":133},{"i":128,"j":145},{"i":124,"j":128},{"i":121,"j":141},{"i":120,"j":121},{"i":129,"j":130},{"i":128,"j":129},{"i":130,"j":146},{"i":126,"j":139},{"i":125,"j":126},{"i":131,"j":132},{"i":140,"j":158},{"i":130,"j":132},{"i":115,"j":137},{"i":134,"j":140},{"i":134,"j":135},{"i":132,"j":134},{"i":119,"j":156},{"i":127,"j":138},{"i":87,"j":127},{"i":127,"j":148},{"i":139,"j":160},{"i":147,"j":160},{"i":122,"j":124},{"i":125,"j":147},{"i":110,"j":136},{"i":143,"j":157},{"i":147,"j":155},{"i":143,"j":144},{"i":130,"j":135},{"i":144,"j":170},{"i":135,"j":140},{"i":145,"j":150},{"i":146,"j":154},{"i":137,"j":138},{"i":141,"j":158},{"i":131,"j":141},{"i":142,"j":149},{"i":109,"j":142},{"i":145,"j":164},{"i":151,"j":158},{"i":149,"j":152},{"i":119,"j":149},{"i":136,"j":153},{"i":151,"j":154},{"i":146,"j":151},{"i":163,"j":178},{"i":150,"j":162},{"i":137,"j":166},{"i":155,"j":159},{"i":152,"j":161},{"i":157,"j":170},{"i":158,"j":159},{"i":164,"j":188},{"i":138,"j":148},{"i":166,"j":173},{"i":152,"j":163},{"i":156,"j":176},{"i":142,"j":153},{"i":157,"j":162},{"i":165,"j":169},{"i":164,"j":165},{"i":162,"j":164},{"i":169,"j":171},{"i":161,"j":168},{"i":156,"j":161},{"i":165,"j":167},{"i":157,"j":165},{"i":163,"j":168},{"i":157,"j":167},{"i":159,"j":182},{"i":154,"j":159},{"i":167,"j":169},{"i":170,"j":207},{"i":133,"j":166},{"i":171,"j":186},{"i":170,"j":171},{"i":148,"j":173},{"i":172,"j":174},{"i":166,"j":172},{"i":173,"j":181},{"i":172,"j":173},{"i":172,"j":175},{"i":160,"j":183},{"i":155,"j":160},{"i":174,"j":177},{"i":160,"j":174},{"i":175,"j":184},{"i":168,"j":176},{"i":174,"j":175},{"i":178,"j":204},{"i":179,"j":191},{"i":179,"j":180},{"i":178,"j":179},{"i":176,"j":187},{"i":154,"j":188},{"i":177,"j":192},{"i":160,"j":177},{"i":182,"j":188},{"i":185,"j":186},{"i":171,"j":185},{"i":186,"j":193},{"i":183,"j":195},{"i":182,"j":183},{"i":176,"j":189},{"i":184,"j":192},{"i":192,"j":205},{"i":190,"j":196},{"i":180,"j":189},{"i":168,"j":180},{"i":190,"j":194},{"i":181,"j":196},{"i":204,"j":387},{"i":184,"j":190},{"i":188,"j":199},{"i":185,"j":199},{"i":170,"j":193},{"i":198,"j":203},{"i":200,"j":205},{"i":195,"j":198},{"i":194,"j":215},{"i":193,"j":197},{"i":198,"j":199},{"i":202,"j":214},{"i":200,"j":201},{"i":195,"j":200},{"i":252,"j":386},{"i":197,"j":199},{"i":197,"j":202},{"i":201,"j":208},{"i":191,"j":204},{"i":189,"j":191},{"i":196,"j":211},{"i":194,"j":196},{"i":206,"j":214},{"i":209,"j":225},{"i":206,"j":207},{"i":202,"j":206},{"i":211,"j":224},{"i":117,"j":207},{"i":205,"j":210},{"i":201,"j":205},{"i":205,"j":226},{"i":203,"j":219},{"i":181,"j":187},{"i":199,"j":218},{"i":212,"j":214},{"i":207,"j":212},{"i":212,"j":213},{"i":225,"j":255},{"i":213,"j":221},{"i":207,"j":213},{"i":203,"j":208},{"i":215,"j":226},{"i":214,"j":218},{"i":187,"j":209},{"i":209,"j":217},{"i":208,"j":210},{"i":214,"j":222},{"i":211,"j":216},{"i":219,"j":227},{"i":218,"j":219},{"i":217,"j":220},{"i":228,"j":234},{"i":207,"j":221},{"i":222,"j":229},{"i":221,"j":222},{"i":223,"j":243},{"i":223,"j":224},{"i":211,"j":223},{"i":227,"j":231},{"i":204,"j":225},{"i":215,"j":236},{"i":210,"j":228},{"i":227,"j":230},{"i":226,"j":228},{"i":229,"j":381},{"i":230,"j":233},{"i":224,"j":236},{"i":231,"j":258},{"i":216,"j":243},{"i":230,"j":258},{"i":291,"j":319},{"i":233,"j":258},{"i":229,"j":233},{"i":228,"j":239},{"i":234,"j":235},{"i":231,"j":234},{"i":228,"j":244},{"i":235,"j":239},{"i":231,"j":235},{"i":224,"j":232},{"i":225,"j":237},{"i":217,"j":225},{"i":236,"j":238},{"i":242,"j":247},{"i":240,"j":242},{"i":238,"j":244},{"i":226,"j":238},{"i":232,"j":242},{"i":242,"j":250},{"i":249,"j":253},{"i":245,"j":249},{"i":216,"j":220},{"i":239,"j":266},{"i":241,"j":250},{"i":232,"j":241},{"i":237,"j":245},{"i":237,"j":246},{"i":241,"j":261},{"i":248,"j":285},{"i":244,"j":248},{"i":240,"j":254},{"i":236,"j":240},{"i":244,"j":264},{"i":246,"j":249},{"i":247,"j":254},{"i":245,"j":256},{"i":220,"j":245},{"i":204,"j":252},{"i":243,"j":267},{"i":241,"j":243},{"i":255,"j":262},{"i":253,"j":257},{"i":256,"j":257},{"i":257,"j":265},{"i":256,"j":259},{"i":250,"j":261},{"i":243,"j":251},{"i":246,"j":255},{"i":259,"j":263},{"i":251,"j":259},{"i":252,"j":262},{"i":248,"j":254},{"i":253,"j":260},{"i":264,"j":266},{"i":268,"j":274},{"i":266,"j":278},{"i":263,"j":276},{"i":261,"j":267},{"i":268,"j":270},{"i":247,"j":268},{"i":273,"j":277},{"i":254,"j":269},{"i":270,"j":272},{"i":269,"j":270},{"i":265,"j":271},{"i":263,"j":265},{"i":267,"j":274},{"i":272,"j":273},{"i":269,"j":272},{"i":276,"j":286},{"i":248,"j":273},{"i":251,"j":276},{"i":264,"j":285},{"i":271,"j":276},{"i":274,"j":279},{"i":264,"j":282},{"i":278,"j":292},{"i":277,"j":281},{"i":275,"j":277},{"i":275,"j":294},{"i":280,"j":281},{"i":277,"j":280},{"i":248,"j":275},{"i":287,"j":298},{"i":272,"j":279},{"i":280,"j":296},{"i":260,"j":288},{"i":281,"j":294},{"i":283,"j":286},{"i":282,"j":287},{"i":287,"j":292},{"i":262,"j":288},{"i":260,"j":262},{"i":278,"j":289},{"i":258,"j":278},{"i":292,"j":305},{"i":289,"j":305},{"i":229,"j":289},{"i":284,"j":293},{"i":271,"j":284},{"i":291,"j":314},{"i":288,"j":291},{"i":284,"j":288},{"i":282,"j":302},{"i":279,"j":283},{"i":284,"j":295},{"i":283,"j":303},{"i":290,"j":303},{"i":286,"j":290},{"i":290,"j":293},{"i":291,"j":297},{"i":294,"j":301},{"i":295,"j":300},{"i":293,"j":295},{"i":294,"j":317},{"i":295,"j":297},{"i":299,"j":300},{"i":290,"j":299},{"i":301,"j":304},{"i":285,"j":301},{"i":303,"j":310},{"i":307,"j":311},{"i":292,"j":298},{"i":302,"j":308},{"i":306,"j":316},{"i":298,"j":306},{"i":304,"j":307},{"i":307,"j":308},{"i":302,"j":307},{"i":312,"j":321},{"i":308,"j":313},{"i":296,"j":303},{"i":296,"j":312},{"i":299,"j":318},{"i":304,"j":320},{"i":313,"j":323},{"i":306,"j":313},{"i":311,"j":323},{"i":297,"j":325},{"i":312,"j":322},{"i":319,"j":360},{"i":316,"j":324},{"i":305,"j":316},{"i":301,"j":315},{"i":310,"j":318},{"i":309,"j":310},{"i":315,"j":317},{"i":300,"j":325},{"i":297,"j":328},{"i":319,"j":377},{"i":315,"j":329},{"i":325,"j":335},{"i":311,"j":330},{"i":309,"j":322},{"i":303,"j":309},{"i":320,"j":330},{"i":322,"j":336},{"i":323,"j":324},{"i":321,"j":331},{"i":317,"j":321},{"i":314,"j":326},{"i":322,"j":331},{"i":319,"j":327},{"i":314,"j":319},{"i":326,"j":328},{"i":318,"j":334},{"i":335,"j":355},{"i":320,"j":329},{"i":334,"j":342},{"i":331,"j":341},{"i":328,"j":335},{"i":324,"j":333},{"i":332,"j":338},{"i":318,"j":332},{"i":332,"j":350},{"i":333,"j":340},{"i":305,"j":340},{"i":78,"j":454},{"i":341,"j":356},{"i":339,"j":340},{"i":333,"j":339},{"i":330,"j":345},{"i":336,"j":341},{"i":340,"j":348},{"i":337,"j":340},{"i":337,"j":343},{"i":229,"j":337},{"i":229,"j":343},{"i":329,"j":349},{"i":329,"j":341},{"i":348,"j":373},{"i":346,"j":379},{"i":346,"j":348},{"i":344,"j":358},{"i":323,"j":344},{"i":349,"j":366},{"i":336,"j":342},{"i":352,"j":357},{"i":347,"j":356},{"i":342,"j":347},{"i":338,"j":364},{"i":350,"j":351},{"i":334,"j":350},{"i":347,"j":352},{"i":351,"j":352},{"i":347,"j":351},{"i":357,"j":403},{"i":343,"j":346},{"i":353,"j":381},{"i":343,"j":353},{"i":351,"j":361},{"i":367,"j":375},{"i":350,"j":364},{"i":344,"j":345},{"i":358,"j":363},{"i":354,"j":355},{"i":338,"j":368},{"i":327,"j":370},{"i":326,"j":327},{"i":354,"j":365},{"i":338,"j":354},{"i":363,"j":372},{"i":362,"j":363},{"i":339,"j":373},{"i":359,"j":365},{"i":355,"j":359},{"i":361,"j":380},{"i":357,"j":361},{"i":365,"j":367},{"i":368,"j":383},{"i":367,"j":383},{"i":360,"j":370},{"i":374,"j":445},{"i":366,"j":376},{"i":345,"j":366},{"i":373,"j":374},{"i":369,"j":394},{"i":339,"j":362},{"i":373,"j":382},{"i":369,"j":373},{"i":362,"j":372},{"i":358,"j":371},{"i":370,"j":375},{"i":359,"j":370},{"i":364,"j":368},{"i":385,"j":390},{"i":371,"j":376},{"i":384,"j":391},{"i":376,"j":384},{"i":348,"j":369},{"i":369,"j":382},{"i":378,"j":393},{"i":371,"j":378},{"i":367,"j":385},{"i":379,"j":381},{"i":353,"j":379},{"i":372,"j":419},{"i":356,"j":392},{"i":349,"j":356},{"i":375,"j":389},{"i":384,"j":392},{"i":389,"j":396},{"i":385,"j":389},{"i":383,"j":390},{"i":380,"j":383},{"i":388,"j":398},{"i":136,"j":387},{"i":360,"j":404},{"i":388,"j":399},{"i":375,"j":388},{"i":372,"j":393},{"i":391,"j":402},{"i":378,"j":391},{"i":404,"j":408},{"i":399,"j":404},{"i":382,"j":445},{"i":394,"j":395},{"i":394,"j":445},{"i":391,"j":410},{"i":370,"j":399},{"i":395,"j":397},{"i":379,"j":395},{"i":397,"j":445},{"i":381,"j":397},{"i":385,"j":396},{"i":360,"j":377},{"i":377,"j":401},{"i":399,"j":405},{"i":386,"j":401},{"i":386,"j":387},{"i":380,"j":411},{"i":400,"j":401},{"i":402,"j":409},{"i":398,"j":407},{"i":396,"j":398},{"i":360,"j":400},{"i":393,"j":402},{"i":412,"j":416},{"i":406,"j":419},{"i":393,"j":406},{"i":398,"j":405},{"i":400,"j":413},{"i":403,"j":410},{"i":392,"j":403},{"i":403,"j":411},{"i":406,"j":420},{"i":407,"j":415},{"i":390,"j":407},{"i":416,"j":417},{"i":408,"j":425},{"i":412,"j":414},{"i":410,"j":412},{"i":421,"j":423},{"i":405,"j":418},{"i":409,"j":422},{"i":411,"j":417},{"i":414,"j":421},{"i":409,"j":414},{"i":446,"j":455},{"i":419,"j":424},{"i":416,"j":426},{"i":419,"j":420},{"i":421,"j":429},{"i":374,"j":424},{"i":420,"j":430},{"i":422,"j":423},{"i":413,"j":425},{"i":408,"j":413},{"i":427,"j":438},{"i":428,"j":429},{"i":415,"j":436},{"i":423,"j":429},{"i":428,"j":430},{"i":422,"j":428},{"i":432,"j":434},{"i":426,"j":432},{"i":430,"j":439},{"i":424,"j":430},{"i":427,"j":431},{"i":417,"j":427},{"i":426,"j":431},{"i":436,"j":444},{"i":429,"j":434},{"i":442,"j":448},{"i":433,"j":439},{"i":428,"j":433},{"i":432,"j":440},{"i":433,"j":434},{"i":431,"j":440},{"i":437,"j":461},{"i":418,"j":441},{"i":415,"j":418},{"i":431,"j":435},{"i":440,"j":449},{"i":431,"j":437},{"i":436,"j":438},{"i":434,"j":449},{"i":439,"j":452},{"i":437,"j":449},{"i":438,"j":443},{"i":441,"j":444},{"i":447,"j":451},{"i":435,"j":461},{"i":441,"j":442},{"i":424,"j":452},{"i":443,"j":444},{"i":425,"j":446},{"i":446,"j":447},{"i":442,"j":447},{"i":435,"j":443},{"i":445,"j":452},{"i":450,"j":461},{"i":448,"j":459},{"i":444,"j":448},{"i":450,"j":452},{"i":449,"j":450},{"i":457,"j":464},{"i":448,"j":451},{"i":387,"j":454},{"i":446,"j":457},{"i":453,"j":457},{"i":425,"j":453},{"i":451,"j":455},{"i":456,"j":462},{"i":456,"j":458},{"i":451,"j":456},{"i":453,"j":468},{"i":458,"j":459},{"i":448,"j":458},{"i":462,"j":466},{"i":466,"j":473},{"i":461,"j":467},{"i":452,"j":461},{"i":455,"j":460},{"i":460,"j":469},{"i":463,"j":468},{"i":464,"j":469},{"i":460,"j":464},{"i":463,"j":465},{"i":457,"j":463},{"i":467,"j":495},{"i":466,"j":467},{"i":459,"j":466},{"i":465,"j":470},{"i":462,"j":469},{"i":468,"j":470},{"i":465,"j":468},{"i":468,"j":472},{"i":470,"j":471},{"i":475,"j":483},{"i":471,"j":474},{"i":469,"j":471},{"i":474,"j":476},{"i":473,"j":474},{"i":472,"j":475},{"i":471,"j":472},{"i":475,"j":476},{"i":480,"j":485},{"i":477,"j":480},{"i":454,"j":478},{"i":401,"j":454},{"i":475,"j":477},{"i":478,"j":479},{"i":453,"j":478},{"i":479,"j":480},{"i":477,"j":479},{"i":478,"j":481},{"i":481,"j":482},{"i":480,"j":481},{"i":482,"j":488},{"i":483,"j":487},{"i":487,"j":493},{"i":483,"j":484},{"i":454,"j":494},{"i":484,"j":486},{"i":476,"j":484},{"i":480,"j":482},{"i":493,"j":496},{"i":473,"j":486},{"i":485,"j":492},{"i":488,"j":491},{"i":489,"j":491},{"i":488,"j":489},{"i":454,"j":490},{"i":491,"j":498},{"i":491,"j":492},{"i":485,"j":491},{"i":492,"j":496},{"i":487,"j":492},{"i":496,"j":498},{"i":490,"j":494},{"i":489,"j":490},{"i":454,"j":499},{"i":486,"j":493},{"i":495,"j":497},{"i":495,"j":496},{"i":497,"j":498},{"i":445,"j":497},{"i":494,"j":499},{"i":0,"j":5},{"i":5,"j":20},{"i":20,"j":26},{"i":26,"j":38},{"i":38,"j":81},{"i":81,"j":381},{"i":381,"j":445},{"i":445,"j":498},{"i":498,"j":499}],"type":"Solution"}