{"instance_name":"us-night-0000900","edges":[{"i":0,"j":8},{"i":2,"j":5},{"i":0,"j":2},{"i":3,"j":4},{"i":2,"j":3},{"i":4,"j":69},{"i":5,"j":11},{"i":0,"j":5},{"i":6,"j":10},{"i":11,"j":14},{"i":6,"j":7},{"i":1,"j":6},{"i":9,"j":69},{"i":7,"j":13},{"i":1,"j":7},{"i":8,"j":10},{"i":6,"j":8},{"i":4,"j":9},{"i":9,"j":18},{"i":10,"j":13},{"i":9,"j":11},{"i":1,"j":15},{"i":15,"j":27},{"i":12,"j":15},{"i":41,"j":54},{"i":19,"j":25},{"i":12,"j":17},{"i":12,"j":19},{"i":14,"j":18},{"i":8,"j":14},{"i":19,"j":21},{"i":22,"j":24},{"i":20,"j":22},{"i":17,"j":22},{"i":16,"j":17},{"i":21,"j":24},{"i":20,"j":23},{"i":16,"j":20},{"i":21,"j":26},{"i":28,"j":31},{"i":24,"j":34},{"i":27,"j":31},{"i":21,"j":25},{"i":9,"j":48},{"i":24,"j":26},{"i":27,"j":28},{"i":25,"j":27},{"i":28,"j":29},{"i":26,"j":29},{"i":30,"j":32},{"i":29,"j":30},{"i":30,"j":31},{"i":32,"j":36},{"i":32,"j":33},{"i":33,"j":34},{"i":24,"j":33},{"i":13,"j":37},{"i":36,"j":40},{"i":34,"j":38},{"i":34,"j":39},{"i":18,"j":37},{"i":47,"j":60},{"i":35,"j":38},{"i":36,"j":44},{"i":39,"j":40},{"i":38,"j":39},{"i":40,"j":43},{"i":31,"j":41},{"i":43,"j":45},{"i":35,"j":43},{"i":42,"j":44},{"i":41,"j":42},{"i":50,"j":53},{"i":44,"j":45},{"i":40,"j":44},{"i":53,"j":60},{"i":35,"j":47},{"i":46,"j":62},{"i":35,"j":46},{"i":45,"j":47},{"i":49,"j":50},{"i":46,"j":49},{"i":49,"j":60},{"i":50,"j":51},{"i":60,"j":74},{"i":51,"j":56},{"i":46,"j":51},{"i":42,"j":54},{"i":53,"j":57},{"i":52,"j":53},{"i":37,"j":64},{"i":55,"j":57},{"i":37,"j":59},{"i":52,"j":55},{"i":51,"j":52},{"i":55,"j":56},{"i":56,"j":62},{"i":57,"j":58},{"i":58,"j":61},{"i":61,"j":63},{"i":58,"j":60},{"i":60,"j":61},{"i":63,"j":65},{"i":65,"j":70},{"i":62,"j":65},{"i":59,"j":68},{"i":54,"j":59},{"i":48,"j":66},{"i":64,"j":68},{"i":67,"j":70},{"i":63,"j":67},{"i":48,"j":82},{"i":69,"j":84},{"i":70,"j":71},{"i":54,"j":74},{"i":71,"j":72},{"i":62,"j":71},{"i":62,"j":72},{"i":68,"j":74},{"i":72,"j":77},{"i":74,"j":99},{"i":75,"j":117},{"i":62,"j":75},{"i":69,"j":82},{"i":73,"j":79},{"i":67,"j":73},{"i":75,"j":77},{"i":73,"j":74},{"i":78,"j":97},{"i":77,"j":78},{"i":78,"j":79},{"i":69,"j":76},{"i":80,"j":81},{"i":76,"j":80},{"i":81,"j":83},{"i":69,"j":81},{"i":83,"j":85},{"i":82,"j":83},{"i":87,"j":91},{"i":86,"j":91},{"i":84,"j":86},{"i":76,"j":84},{"i":82,"j":85},{"i":80,"j":86},{"i":87,"j":88},{"i":80,"j":87},{"i":84,"j":115},{"i":88,"j":89},{"i":66,"j":95},{"i":64,"j":66},{"i":89,"j":90},{"i":91,"j":115},{"i":89,"j":111},{"i":84,"j":92},{"i":108,"j":113},{"i":93,"j":98},{"i":73,"j":93},{"i":90,"j":95},{"i":85,"j":90},{"i":88,"j":115},{"i":96,"j":101},{"i":79,"j":96},{"i":93,"j":99},{"i":100,"j":103},{"i":68,"j":94},{"i":98,"j":100},{"i":96,"j":98},{"i":96,"j":100},{"i":97,"j":101},{"i":98,"j":107},{"i":94,"j":105},{"i":103,"j":107},{"i":101,"j":103},{"i":68,"j":102},{"i":110,"j":113},{"i":102,"j":106},{"i":102,"j":105},{"i":106,"j":113},{"i":104,"j":108},{"i":99,"j":104},{"i":107,"j":109},{"i":104,"j":106},{"i":98,"j":99},{"i":109,"j":119},{"i":99,"j":108},{"i":105,"j":113},{"i":94,"j":95},{"i":99,"j":110},{"i":113,"j":120},{"i":94,"j":124},{"i":113,"j":114},{"i":116,"j":131},{"i":92,"j":115},{"i":91,"j":92},{"i":115,"j":116},{"i":97,"j":118},{"i":120,"j":122},{"i":112,"j":121},{"i":110,"j":112},{"i":117,"j":118},{"i":114,"j":120},{"i":112,"j":114},{"i":119,"j":123},{"i":118,"j":119},{"i":111,"j":124},{"i":95,"j":111},{"i":123,"j":132},{"i":122,"j":127},{"i":121,"j":122},{"i":109,"j":121},{"i":111,"j":116},{"i":120,"j":133},{"i":109,"j":127},{"i":128,"j":129},{"i":127,"j":128},{"i":135,"j":183},{"i":126,"j":134},{"i":111,"j":126},{"i":130,"j":135},{"i":126,"j":130},{"i":115,"j":131},{"i":123,"j":136},{"i":137,"j":141},{"i":132,"j":163},{"i":124,"j":137},{"i":133,"j":148},{"i":126,"j":135},{"i":130,"j":131},{"i":129,"j":151},{"i":123,"j":129},{"i":136,"j":163},{"i":139,"j":141},{"i":133,"j":139},{"i":141,"j":143},{"i":140,"j":141},{"i":133,"j":138},{"i":140,"j":142},{"i":139,"j":140},{"i":145,"j":149},{"i":138,"j":142},{"i":134,"j":156},{"i":124,"j":134},{"i":144,"j":146},{"i":138,"j":144},{"i":143,"j":145},{"i":142,"j":143},{"i":144,"j":147},{"i":146,"j":148},{"i":145,"j":147},{"i":146,"j":149},{"i":128,"j":164},{"i":147,"j":149},{"i":125,"j":132},{"i":154,"j":165},{"i":148,"j":152},{"i":125,"j":150},{"i":151,"j":153},{"i":128,"j":152},{"i":153,"j":155},{"i":136,"j":153},{"i":151,"j":164},{"i":155,"j":171},{"i":136,"j":155},{"i":134,"j":154},{"i":154,"j":157},{"i":157,"j":159},{"i":154,"j":158},{"i":158,"j":160},{"i":157,"j":158},{"i":154,"j":183},{"i":159,"j":161},{"i":156,"j":159},{"i":165,"j":170},{"i":161,"j":162},{"i":156,"j":161},{"i":136,"j":181},{"i":131,"j":200},{"i":199,"j":206},{"i":162,"j":167},{"i":137,"j":162},{"i":160,"j":165},{"i":157,"j":160},{"i":165,"j":166},{"i":161,"j":166},{"i":167,"j":173},{"i":137,"j":167},{"i":166,"j":168},{"i":168,"j":170},{"i":167,"j":168},{"i":164,"j":172},{"i":169,"j":173},{"i":167,"j":169},{"i":169,"j":170},{"i":150,"j":163},{"i":174,"j":185},{"i":172,"j":177},{"i":176,"j":180},{"i":152,"j":180},{"i":172,"j":175},{"i":174,"j":178},{"i":150,"j":174},{"i":176,"j":179},{"i":175,"j":176},{"i":173,"j":186},{"i":179,"j":184},{"i":149,"j":192},{"i":177,"j":187},{"i":171,"j":177},{"i":181,"j":182},{"i":163,"j":182},{"i":180,"j":192},{"i":170,"j":183},{"i":179,"j":180},{"i":188,"j":194},{"i":181,"j":188},{"i":175,"j":184},{"i":177,"j":210},{"i":178,"j":185},{"i":171,"j":189},{"i":182,"j":191},{"i":187,"j":189},{"i":182,"j":193},{"i":163,"j":190},{"i":182,"j":194},{"i":191,"j":196},{"i":190,"j":191},{"i":189,"j":197},{"i":188,"j":189},{"i":193,"j":196},{"i":184,"j":216},{"i":190,"j":196},{"i":196,"j":202},{"i":195,"j":196},{"i":195,"j":204},{"i":185,"j":195},{"i":193,"j":202},{"i":194,"j":198},{"i":197,"j":206},{"i":194,"j":199},{"i":194,"j":197},{"i":186,"j":215},{"i":183,"j":200},{"i":198,"j":199},{"i":206,"j":209},{"i":193,"j":211},{"i":202,"j":211},{"i":201,"j":207},{"i":198,"j":201},{"i":177,"j":203},{"i":204,"j":227},{"i":205,"j":207},{"i":201,"j":205},{"i":209,"j":214},{"i":206,"j":208},{"i":205,"j":206},{"i":208,"j":209},{"i":207,"j":208},{"i":209,"j":213},{"i":211,"j":220},{"i":203,"j":216},{"i":217,"j":247},{"i":200,"j":212},{"i":187,"j":214},{"i":207,"j":223},{"i":219,"j":225},{"i":186,"j":234},{"i":192,"j":217},{"i":212,"j":327},{"i":211,"j":218},{"i":218,"j":239},{"i":204,"j":239},{"i":214,"j":219},{"i":221,"j":222},{"i":219,"j":221},{"i":210,"j":226},{"i":213,"j":224},{"i":207,"j":213},{"i":220,"j":239},{"i":218,"j":220},{"i":222,"j":224},{"i":229,"j":231},{"i":225,"j":229},{"i":224,"j":228},{"i":223,"j":224},{"i":225,"j":230},{"i":221,"j":225},{"i":210,"j":240},{"i":231,"j":237},{"i":227,"j":235},{"i":185,"j":227},{"i":238,"j":252},{"i":217,"j":238},{"i":226,"j":229},{"i":223,"j":239},{"i":220,"j":223},{"i":225,"j":231},{"i":222,"j":230},{"i":229,"j":245},{"i":216,"j":242},{"i":212,"j":234},{"i":235,"j":761},{"i":178,"j":235},{"i":233,"j":236},{"i":216,"j":233},{"i":249,"j":261},{"i":232,"j":243},{"i":226,"j":232},{"i":236,"j":240},{"i":203,"j":236},{"i":228,"j":241},{"i":246,"j":251},{"i":241,"j":359},{"i":235,"j":241},{"i":239,"j":241},{"i":237,"j":244},{"i":230,"j":237},{"i":246,"j":254},{"i":243,"j":246},{"i":237,"j":269},{"i":240,"j":250},{"i":232,"j":240},{"i":233,"j":262},{"i":215,"j":249},{"i":244,"j":248},{"i":228,"j":244},{"i":241,"j":248},{"i":215,"j":294},{"i":233,"j":265},{"i":254,"j":256},{"i":233,"j":242},{"i":243,"j":256},{"i":245,"j":275},{"i":251,"j":253},{"i":254,"j":255},{"i":253,"j":254},{"i":253,"j":255},{"i":250,"j":258},{"i":256,"j":257},{"i":260,"j":261},{"i":247,"j":267},{"i":238,"j":247},{"i":255,"j":257},{"i":258,"j":264},{"i":256,"j":258},{"i":247,"j":249},{"i":262,"j":266},{"i":242,"j":252},{"i":259,"j":277},{"i":259,"j":270},{"i":251,"j":259},{"i":263,"j":274},{"i":250,"j":263},{"i":247,"j":260},{"i":262,"j":271},{"i":271,"j":286},{"i":245,"j":251},{"i":274,"j":287},{"i":248,"j":268},{"i":264,"j":272},{"i":257,"j":264},{"i":268,"j":269},{"i":265,"j":271},{"i":269,"j":276},{"i":263,"j":266},{"i":270,"j":275},{"i":273,"j":278},{"i":268,"j":273},{"i":270,"j":291},{"i":266,"j":286},{"i":272,"j":277},{"i":259,"j":272},{"i":276,"j":281},{"i":273,"j":276},{"i":275,"j":276},{"i":272,"j":282},{"i":284,"j":285},{"i":278,"j":279},{"i":279,"j":280},{"i":268,"j":279},{"i":281,"j":283},{"i":278,"j":281},{"i":241,"j":280},{"i":277,"j":288},{"i":267,"j":303},{"i":283,"j":285},{"i":288,"j":291},{"i":284,"j":289},{"i":279,"j":284},{"i":285,"j":301},{"i":282,"j":288},{"i":265,"j":292},{"i":274,"j":297},{"i":287,"j":288},{"i":282,"j":287},{"i":327,"j":842},{"i":283,"j":302},{"i":280,"j":289},{"i":287,"j":295},{"i":252,"j":267},{"i":275,"j":302},{"i":290,"j":292},{"i":252,"j":290},{"i":290,"j":293},{"i":296,"j":308},{"i":292,"j":299},{"i":296,"j":297},{"i":286,"j":296},{"i":293,"j":317},{"i":297,"j":329},{"i":261,"j":300},{"i":295,"j":305},{"i":291,"j":295},{"i":299,"j":314},{"i":260,"j":298},{"i":291,"j":302},{"i":302,"j":310},{"i":301,"j":302},{"i":289,"j":301},{"i":303,"j":331},{"i":298,"j":300},{"i":299,"j":308},{"i":296,"j":299},{"i":305,"j":313},{"i":293,"j":303},{"i":300,"j":304},{"i":294,"j":307},{"i":301,"j":310},{"i":307,"j":309},{"i":304,"j":307},{"i":294,"j":312},{"i":304,"j":309},{"i":309,"j":312},{"i":321,"j":335},{"i":306,"j":317},{"i":303,"j":306},{"i":310,"j":313},{"i":313,"j":315},{"i":325,"j":344},{"i":315,"j":321},{"i":310,"j":315},{"i":314,"j":316},{"i":314,"j":320},{"i":311,"j":318},{"i":300,"j":311},{"i":317,"j":326},{"i":318,"j":323},{"i":316,"j":319},{"i":308,"j":316},{"i":321,"j":330},{"i":301,"j":321},{"i":319,"j":332},{"i":318,"j":322},{"i":298,"j":318},{"i":306,"j":331},{"i":323,"j":325},{"i":312,"j":324},{"i":311,"j":312},{"i":324,"j":325},{"i":323,"j":324},{"i":322,"j":325},{"i":306,"j":328},{"i":305,"j":336},{"i":294,"j":327},{"i":234,"j":327},{"i":322,"j":331},{"i":319,"j":337},{"i":330,"j":359},{"i":326,"j":333},{"i":320,"j":326},{"i":328,"j":333},{"i":332,"j":334},{"i":334,"j":340},{"i":329,"j":334},{"i":329,"j":336},{"i":330,"j":335},{"i":339,"j":341},{"i":337,"j":339},{"i":342,"j":345},{"i":331,"j":338},{"i":333,"j":353},{"i":337,"j":341},{"i":332,"j":337},{"i":343,"j":346},{"i":342,"j":343},{"i":339,"j":363},{"i":335,"j":345},{"i":347,"j":351},{"i":346,"j":347},{"i":330,"j":342},{"i":336,"j":358},{"i":328,"j":338},{"i":345,"j":354},{"i":343,"j":347},{"i":346,"j":348},{"i":345,"j":347},{"i":352,"j":390},{"i":353,"j":367},{"i":348,"j":355},{"i":338,"j":375},{"i":349,"j":350},{"i":338,"j":349},{"i":350,"j":365},{"i":328,"j":350},{"i":344,"j":375},{"i":336,"j":340},{"i":354,"j":356},{"i":351,"j":354},{"i":348,"j":351},{"i":360,"j":362},{"i":355,"j":357},{"i":355,"j":364},{"i":356,"j":357},{"i":357,"j":383},{"i":340,"j":362},{"i":330,"j":364},{"i":374,"j":381},{"i":345,"j":358},{"i":320,"j":353},{"i":341,"j":373},{"i":358,"j":360},{"i":361,"j":363},{"i":353,"j":361},{"i":367,"j":369},{"i":356,"j":366},{"i":366,"j":383},{"i":364,"j":391},{"i":360,"j":372},{"i":367,"j":370},{"i":365,"j":370},{"i":371,"j":401},{"i":368,"j":376},{"i":361,"j":368},{"i":389,"j":435},{"i":371,"j":395},{"i":373,"j":377},{"i":362,"j":373},{"i":370,"j":374},{"i":369,"j":370},{"i":374,"j":378},{"i":352,"j":375},{"i":344,"j":352},{"i":368,"j":369},{"i":362,"j":377},{"i":379,"j":387},{"i":377,"j":379},{"i":376,"j":409},{"i":365,"j":385},{"i":376,"j":388},{"i":384,"j":400},{"i":366,"j":371},{"i":382,"j":388},{"i":394,"j":399},{"i":375,"j":394},{"i":382,"j":384},{"i":363,"j":382},{"i":376,"j":410},{"i":365,"j":389},{"i":383,"j":405},{"i":380,"j":387},{"i":379,"j":380},{"i":386,"j":397},{"i":372,"j":386},{"i":380,"j":384},{"i":372,"j":401},{"i":371,"j":372},{"i":376,"j":378},{"i":385,"j":392},{"i":381,"j":385},{"i":349,"j":396},{"i":327,"j":390},{"i":324,"j":327},{"i":391,"j":417},{"i":359,"j":391},{"i":389,"j":392},{"i":382,"j":393},{"i":393,"j":427},{"i":386,"j":387},{"i":388,"j":409},{"i":386,"j":407},{"i":395,"j":405},{"i":375,"j":398},{"i":396,"j":404},{"i":394,"j":425},{"i":398,"j":406},{"i":382,"j":408},{"i":403,"j":428},{"i":372,"j":397},{"i":401,"j":402},{"i":397,"j":412},{"i":399,"j":403},{"i":398,"j":399},{"i":402,"j":424},{"i":403,"j":406},{"i":412,"j":434},{"i":381,"j":410},{"i":378,"j":381},{"i":407,"j":412},{"i":392,"j":418},{"i":400,"j":408},{"i":402,"j":421},{"i":395,"j":402},{"i":400,"j":423},{"i":387,"j":400},{"i":408,"j":445},{"i":406,"j":413},{"i":396,"j":406},{"i":409,"j":437},{"i":389,"j":404},{"i":415,"j":416},{"i":390,"j":415},{"i":411,"j":417},{"i":405,"j":411},{"i":459,"j":490},{"i":404,"j":413},{"i":409,"j":452},{"i":416,"j":419},{"i":394,"j":416},{"i":415,"j":420},{"i":419,"j":420},{"i":394,"j":419},{"i":359,"j":417},{"i":412,"j":424},{"i":413,"j":429},{"i":410,"j":452},{"i":393,"j":409},{"i":421,"j":426},{"i":411,"j":421},{"i":424,"j":438},{"i":420,"j":425},{"i":422,"j":447},{"i":425,"j":428},{"i":423,"j":449},{"i":426,"j":431},{"i":430,"j":431},{"i":426,"j":430},{"i":431,"j":432},{"i":417,"j":432},{"i":407,"j":414},{"i":436,"j":442},{"i":414,"j":436},{"i":414,"j":423},{"i":434,"j":439},{"i":422,"j":444},{"i":404,"j":422},{"i":427,"j":445},{"i":433,"j":440},{"i":430,"j":433},{"i":438,"j":439},{"i":433,"j":438},{"i":444,"j":451},{"i":435,"j":444},{"i":440,"j":464},{"i":432,"j":440},{"i":442,"j":462},{"i":437,"j":441},{"i":439,"j":456},{"i":433,"j":439},{"i":436,"j":449},{"i":442,"j":443},{"i":418,"j":455},{"i":422,"j":429},{"i":452,"j":455},{"i":437,"j":452},{"i":441,"j":445},{"i":427,"j":441},{"i":428,"j":450},{"i":415,"j":446},{"i":327,"j":448},{"i":443,"j":453},{"i":412,"j":443},{"i":445,"j":449},{"i":428,"j":446},{"i":447,"j":457},{"i":450,"j":488},{"i":456,"j":480},{"i":450,"j":454},{"i":429,"j":450},{"i":450,"j":459},{"i":435,"j":463},{"i":434,"j":453},{"i":455,"j":458},{"i":454,"j":457},{"i":447,"j":454},{"i":451,"j":463},{"i":466,"j":473},{"i":465,"j":466},{"i":472,"j":490},{"i":457,"j":460},{"i":441,"j":466},{"i":459,"j":461},{"i":449,"j":469},{"i":456,"j":468},{"i":460,"j":472},{"i":451,"j":460},{"i":418,"j":463},{"i":456,"j":464},{"i":463,"j":472},{"i":453,"j":492},{"i":456,"j":500},{"i":464,"j":467},{"i":417,"j":467},{"i":449,"j":475},{"i":468,"j":480},{"i":467,"j":468},{"i":449,"j":465},{"i":462,"j":469},{"i":458,"j":474},{"i":473,"j":483},{"i":471,"j":477},{"i":458,"j":471},{"i":461,"j":472},{"i":460,"j":461},{"i":466,"j":470},{"i":479,"j":483},{"i":470,"j":479},{"i":475,"j":478},{"i":465,"j":478},{"i":479,"j":484},{"i":469,"j":475},{"i":453,"j":462},{"i":473,"j":482},{"i":465,"j":473},{"i":476,"j":478},{"i":474,"j":484},{"i":476,"j":481},{"i":469,"j":476},{"i":489,"j":495},{"i":480,"j":519},{"i":478,"j":511},{"i":470,"j":483},{"i":489,"j":499},{"i":481,"j":499},{"i":474,"j":477},{"i":477,"j":497},{"i":463,"j":486},{"i":484,"j":503},{"i":463,"j":487},{"i":486,"j":498},{"i":485,"j":486},{"i":487,"j":490},{"i":446,"j":494},{"i":487,"j":491},{"i":462,"j":489},{"i":492,"j":495},{"i":485,"j":497},{"i":471,"j":485},{"i":488,"j":496},{"i":415,"j":448},{"i":492,"j":505},{"i":481,"j":511},{"i":488,"j":509},{"i":504,"j":508},{"i":491,"j":498},{"i":486,"j":491},{"i":482,"j":522},{"i":487,"j":516},{"i":484,"j":493},{"i":492,"j":500},{"i":499,"j":501},{"i":506,"j":552},{"i":501,"j":502},{"i":495,"j":501},{"i":482,"j":513},{"i":502,"j":525},{"i":497,"j":504},{"i":493,"j":497},{"i":501,"j":518},{"i":496,"j":510},{"i":490,"j":496},{"i":502,"j":505},{"i":492,"j":502},{"i":524,"j":535},{"i":494,"j":512},{"i":520,"j":530},{"i":517,"j":520},{"i":493,"j":504},{"i":507,"j":515},{"i":503,"j":507},{"i":504,"j":526},{"i":488,"j":512},{"i":509,"j":510},{"i":511,"j":518},{"i":483,"j":522},{"i":506,"j":512},{"i":494,"j":506},{"i":505,"j":551},{"i":508,"j":515},{"i":507,"j":508},{"i":500,"j":514},{"i":519,"j":563},{"i":513,"j":517},{"i":513,"j":521},{"i":510,"j":524},{"i":511,"j":517},{"i":521,"j":557},{"i":514,"j":519},{"i":519,"j":545},{"i":467,"j":519},{"i":518,"j":525},{"i":503,"j":522},{"i":521,"j":523},{"i":498,"j":533},{"i":509,"j":538},{"i":515,"j":539},{"i":525,"j":527},{"i":498,"j":516},{"i":523,"j":528},{"i":520,"j":523},{"i":527,"j":551},{"i":522,"j":557},{"i":531,"j":547},{"i":524,"j":529},{"i":516,"j":524},{"i":528,"j":530},{"i":530,"j":547},{"i":530,"j":531},{"i":512,"j":538},{"i":498,"j":537},{"i":526,"j":533},{"i":526,"j":539},{"i":536,"j":541},{"i":533,"j":536},{"i":510,"j":542},{"i":529,"j":537},{"i":529,"j":535},{"i":537,"j":543},{"i":512,"j":532},{"i":527,"j":531},{"i":514,"j":551},{"i":536,"j":543},{"i":541,"j":548},{"i":533,"j":541},{"i":543,"j":560},{"i":534,"j":539},{"i":545,"j":604},{"i":544,"j":546},{"i":540,"j":544},{"i":546,"j":550},{"i":527,"j":540},{"i":522,"j":534},{"i":541,"j":553},{"i":542,"j":572},{"i":532,"j":549},{"i":547,"j":550},{"i":544,"j":547},{"i":559,"j":572},{"i":546,"j":556},{"i":540,"j":546},{"i":553,"j":594},{"i":448,"j":552},{"i":542,"j":559},{"i":548,"j":555},{"i":539,"j":548},{"i":557,"j":561},{"i":548,"j":594},{"i":554,"j":556},{"i":550,"j":554},{"i":535,"j":568},{"i":554,"j":569},{"i":534,"j":578},{"i":561,"j":579},{"i":562,"j":565},{"i":551,"j":571},{"i":563,"j":599},{"i":562,"j":564},{"i":556,"j":562},{"i":570,"j":580},{"i":564,"j":570},{"i":564,"j":565},{"i":528,"j":579},{"i":565,"j":566},{"i":567,"j":582},{"i":553,"j":558},{"i":559,"j":568},{"i":547,"j":573},{"i":566,"j":569},{"i":566,"j":575},{"i":561,"j":567},{"i":551,"j":564},{"i":571,"j":583},{"i":534,"j":555},{"i":538,"j":586},{"i":574,"j":587},{"i":573,"j":574},{"i":569,"j":573},{"i":578,"j":582},{"i":574,"j":575},{"i":571,"j":576},{"i":563,"j":576},{"i":578,"j":598},{"i":577,"j":581},{"i":567,"j":577},{"i":558,"j":601},{"i":567,"j":581},{"i":575,"j":587},{"i":570,"j":575},{"i":588,"j":592},{"i":577,"j":582},{"i":573,"j":579},{"i":568,"j":595},{"i":560,"j":568},{"i":580,"j":583},{"i":597,"j":627},{"i":568,"j":572},{"i":538,"j":549},{"i":581,"j":609},{"i":584,"j":586},{"i":549,"j":584},{"i":579,"j":607},{"i":585,"j":590},{"i":572,"j":585},{"i":580,"j":587},{"i":637,"j":644},{"i":583,"j":608},{"i":585,"j":586},{"i":558,"j":560},{"i":584,"j":588},{"i":595,"j":597},{"i":588,"j":593},{"i":590,"j":616},{"i":532,"j":552},{"i":591,"j":644},{"i":568,"j":590},{"i":596,"j":601},{"i":595,"j":596},{"i":591,"j":616},{"i":586,"j":591},{"i":555,"j":602},{"i":576,"j":608},{"i":596,"j":597},{"i":582,"j":609},{"i":600,"j":601},{"i":596,"j":600},{"i":594,"j":610},{"i":599,"j":614},{"i":545,"j":599},{"i":601,"j":603},{"i":611,"j":613},{"i":603,"j":605},{"i":594,"j":603},{"i":610,"j":615},{"i":582,"j":625},{"i":583,"j":617},{"i":602,"j":612},{"i":615,"j":636},{"i":602,"j":615},{"i":607,"j":638},{"i":589,"j":607},{"i":604,"j":606},{"i":606,"j":611},{"i":611,"j":619},{"i":602,"j":636},{"i":591,"j":592},{"i":620,"j":632},{"i":618,"j":620},{"i":613,"j":622},{"i":589,"j":640},{"i":587,"j":589},{"i":609,"j":620},{"i":610,"j":624},{"i":605,"j":624},{"i":606,"j":623},{"i":613,"j":619},{"i":582,"j":598},{"i":619,"j":630},{"i":614,"j":623},{"i":606,"j":614},{"i":608,"j":647},{"i":613,"j":621},{"i":604,"j":613},{"i":622,"j":630},{"i":621,"j":622},{"i":608,"j":629},{"i":599,"j":608},{"i":612,"j":626},{"i":598,"j":612},{"i":592,"j":593},{"i":620,"j":635},{"i":616,"j":627},{"i":607,"j":618},{"i":630,"j":646},{"i":620,"j":633},{"i":623,"j":628},{"i":630,"j":645},{"i":628,"j":646},{"i":631,"j":638},{"i":618,"j":631},{"i":625,"j":641},{"i":631,"j":632},{"i":625,"j":626},{"i":621,"j":634},{"i":359,"j":621},{"i":359,"j":634},{"i":633,"j":665},{"i":632,"j":633},{"i":624,"j":648},{"i":635,"j":665},{"i":600,"j":627},{"i":639,"j":678},{"i":593,"j":706},{"i":639,"j":640},{"i":638,"j":639},{"i":629,"j":657},{"i":628,"j":629},{"i":626,"j":668},{"i":643,"j":656},{"i":637,"j":643},{"i":627,"j":637},{"i":637,"j":642},{"i":642,"j":652},{"i":629,"j":679},{"i":617,"j":651},{"i":649,"j":662},{"i":646,"j":649},{"i":617,"j":654},{"i":605,"j":656},{"i":676,"j":696},{"i":645,"j":646},{"i":645,"j":690},{"i":634,"j":650},{"i":617,"j":667},{"i":636,"j":668},{"i":642,"j":658},{"i":644,"j":653},{"i":642,"j":644},{"i":635,"j":641},{"i":648,"j":671},{"i":647,"j":704},{"i":660,"j":692},{"i":665,"j":688},{"i":652,"j":676},{"i":643,"j":652},{"i":657,"j":670},{"i":649,"j":657},{"i":676,"j":683},{"i":653,"j":659},{"i":655,"j":660},{"i":641,"j":655},{"i":654,"j":669},{"i":651,"j":654},{"i":631,"j":674},{"i":663,"j":664},{"i":654,"j":663},{"i":640,"j":661},{"i":635,"j":660},{"i":669,"j":672},{"i":664,"j":666},{"i":654,"j":664},{"i":663,"j":672},{"i":661,"j":673},{"i":663,"j":667},{"i":656,"j":689},{"i":648,"j":656},{"i":670,"j":679},{"i":666,"j":669},{"i":654,"j":666},{"i":662,"j":690},{"i":647,"j":679},{"i":675,"j":688},{"i":658,"j":676},{"i":651,"j":704},{"i":665,"j":675},{"i":667,"j":673},{"i":670,"j":677},{"i":662,"j":670},{"i":684,"j":703},{"i":681,"j":684},{"i":674,"j":681},{"i":672,"j":682},{"i":653,"j":686},{"i":661,"j":678},{"i":674,"j":675},{"i":690,"j":698},{"i":678,"j":681},{"i":659,"j":686},{"i":658,"j":659},{"i":655,"j":668},{"i":671,"j":691},{"i":668,"j":671},{"i":653,"j":700},{"i":683,"j":689},{"i":685,"j":703},{"i":684,"j":685},{"i":683,"j":699},{"i":677,"j":690},{"i":679,"j":704},{"i":677,"j":679},{"i":689,"j":691},{"i":682,"j":704},{"i":694,"j":695},{"i":691,"j":694},{"i":695,"j":705},{"i":693,"j":695},{"i":695,"j":711},{"i":687,"j":696},{"i":686,"j":687},{"i":650,"j":698},{"i":698,"j":709},{"i":697,"j":698},{"i":683,"j":715},{"i":131,"j":899},{"i":701,"j":707},{"i":693,"j":705},{"i":692,"j":693},{"i":688,"j":692},{"i":701,"j":702},{"i":681,"j":701},{"i":702,"j":714},{"i":673,"j":702},{"i":703,"j":707},{"i":701,"j":703},{"i":699,"j":708},{"i":689,"j":699},{"i":593,"j":680},{"i":685,"j":688},{"i":700,"j":710},{"i":687,"j":700},{"i":694,"j":720},{"i":704,"j":709},{"i":709,"j":772},{"i":705,"j":722},{"i":692,"j":705},{"i":710,"j":712},{"i":680,"j":716},{"i":702,"j":749},{"i":707,"j":730},{"i":714,"j":725},{"i":682,"j":714},{"i":712,"j":715},{"i":696,"j":712},{"i":723,"j":732},{"i":680,"j":713},{"i":711,"j":722},{"i":710,"j":721},{"i":708,"j":751},{"i":730,"j":743},{"i":715,"j":757},{"i":718,"j":726},{"i":715,"j":718},{"i":700,"j":735},{"i":711,"j":719},{"i":726,"j":733},{"i":715,"j":726},{"i":719,"j":737},{"i":706,"j":716},{"i":722,"j":724},{"i":732,"j":740},{"i":717,"j":730},{"i":707,"j":717},{"i":725,"j":754},{"i":704,"j":725},{"i":717,"j":724},{"i":721,"j":729},{"i":718,"j":721},{"i":700,"j":706},{"i":713,"j":727},{"i":727,"j":738},{"i":552,"j":728},{"i":723,"j":731},{"i":706,"j":723},{"i":734,"j":752},{"i":719,"j":720},{"i":737,"j":748},{"i":731,"j":736},{"i":727,"j":732},{"i":716,"j":727},{"i":729,"j":746},{"i":706,"j":736},{"i":735,"j":744},{"i":731,"j":734},{"i":739,"j":749},{"i":730,"j":739},{"i":713,"j":742},{"i":724,"j":743},{"i":733,"j":746},{"i":738,"j":740},{"i":708,"j":757},{"i":736,"j":752},{"i":713,"j":745},{"i":743,"j":747},{"i":734,"j":740},{"i":740,"j":760},{"i":746,"j":771},{"i":728,"j":745},{"i":680,"j":728},{"i":729,"j":744},{"i":741,"j":753},{"i":741,"j":748},{"i":737,"j":741},{"i":758,"j":774},{"i":739,"j":747},{"i":749,"j":754},{"i":748,"j":750},{"i":722,"j":748},{"i":733,"j":757},{"i":753,"j":768},{"i":742,"j":758},{"i":738,"j":742},{"i":720,"j":751},{"i":753,"j":762},{"i":750,"j":755},{"i":764,"j":767},{"i":754,"j":772},{"i":755,"j":756},{"i":747,"j":755},{"i":747,"j":756},{"i":744,"j":771},{"i":735,"j":752},{"i":745,"j":758},{"i":752,"j":760},{"i":759,"j":769},{"i":735,"j":759},{"i":760,"j":774},{"i":697,"j":761},{"i":650,"j":697},{"i":753,"j":770},{"i":762,"j":768},{"i":750,"j":764},{"i":756,"j":763},{"i":762,"j":766},{"i":764,"j":765},{"i":763,"j":780},{"i":765,"j":767},{"i":763,"j":765},{"i":751,"j":770},{"i":766,"j":767},{"i":745,"j":792},{"i":759,"j":760},{"i":767,"j":782},{"i":769,"j":771},{"i":777,"j":781},{"i":776,"j":777},{"i":770,"j":779},{"i":771,"j":775},{"i":775,"j":791},{"i":757,"j":777},{"i":779,"j":784},{"i":776,"j":778},{"i":770,"j":776},{"i":775,"j":777},{"i":776,"j":794},{"i":792,"j":816},{"i":766,"j":768},{"i":780,"j":793},{"i":772,"j":780},{"i":773,"j":779},{"i":783,"j":784},{"i":780,"j":782},{"i":778,"j":784},{"i":778,"j":797},{"i":776,"j":781},{"i":769,"j":774},{"i":771,"j":791},{"i":783,"j":787},{"i":773,"j":783},{"i":786,"j":801},{"i":768,"j":773},{"i":773,"j":789},{"i":787,"j":789},{"i":773,"j":787},{"i":797,"j":803},{"i":791,"j":801},{"i":786,"j":791},{"i":785,"j":790},{"i":774,"j":785},{"i":788,"j":798},{"i":771,"j":802},{"i":788,"j":793},{"i":782,"j":788},{"i":806,"j":810},{"i":804,"j":806},{"i":793,"j":817},{"i":772,"j":793},{"i":786,"j":795},{"i":781,"j":786},{"i":784,"j":800},{"i":794,"j":803},{"i":796,"j":798},{"i":789,"j":796},{"i":804,"j":808},{"i":784,"j":797},{"i":794,"j":795},{"i":771,"j":790},{"i":802,"j":806},{"i":795,"j":805},{"i":796,"j":800},{"i":801,"j":804},{"i":805,"j":808},{"i":803,"j":805},{"i":807,"j":812},{"i":803,"j":812},{"i":800,"j":803},{"i":798,"j":807},{"i":809,"j":812},{"i":799,"j":813},{"i":790,"j":799},{"i":809,"j":811},{"i":807,"j":809},{"i":815,"j":819},{"i":806,"j":815},{"i":812,"j":826},{"i":808,"j":821},{"i":808,"j":810},{"i":799,"j":814},{"i":815,"j":823},{"i":792,"j":814},{"i":785,"j":792},{"i":761,"j":817},{"i":792,"j":828},{"i":811,"j":817},{"i":798,"j":811},{"i":816,"j":818},{"i":818,"j":829},{"i":814,"j":818},{"i":813,"j":822},{"i":802,"j":813},{"i":819,"j":820},{"i":815,"j":822},{"i":820,"j":821},{"i":810,"j":820},{"i":824,"j":827},{"i":821,"j":826},{"i":815,"j":824},{"i":823,"j":825},{"i":819,"j":823},{"i":824,"j":833},{"i":823,"j":831},{"i":817,"j":826},{"i":831,"j":835},{"i":825,"j":838},{"i":821,"j":825},{"i":827,"j":836},{"i":816,"j":830},{"i":728,"j":828},{"i":822,"j":833},{"i":829,"j":837},{"i":813,"j":829},{"i":823,"j":827},{"i":841,"j":845},{"i":828,"j":832},{"i":829,"j":830},{"i":832,"j":834},{"i":830,"j":832},{"i":834,"j":847},{"i":831,"j":836},{"i":835,"j":839},{"i":836,"j":839},{"i":834,"j":837},{"i":835,"j":838},{"i":838,"j":848},{"i":826,"j":838},{"i":833,"j":840},{"i":839,"j":848},{"i":836,"j":840},{"i":728,"j":842},{"i":841,"j":843},{"i":840,"j":841},{"i":833,"j":853},{"i":839,"j":843},{"i":847,"j":858},{"i":837,"j":847},{"i":845,"j":857},{"i":845,"j":846},{"i":843,"j":845},{"i":850,"j":859},{"i":846,"j":849},{"i":844,"j":846},{"i":828,"j":854},{"i":839,"j":844},{"i":854,"j":861},{"i":817,"j":848},{"i":837,"j":850},{"i":849,"j":851},{"i":844,"j":849},{"i":837,"j":859},{"i":853,"j":857},{"i":833,"j":850},{"i":849,"j":856},{"i":852,"j":853},{"i":833,"j":852},{"i":851,"j":855},{"i":848,"j":851},{"i":854,"j":877},{"i":855,"j":868},{"i":848,"j":855},{"i":856,"j":866},{"i":859,"j":863},{"i":852,"j":859},{"i":847,"j":860},{"i":857,"j":866},{"i":856,"j":857},{"i":858,"j":860},{"i":860,"j":861},{"i":858,"j":865},{"i":865,"j":870},{"i":862,"j":865},{"i":858,"j":862},{"i":861,"j":864},{"i":862,"j":867},{"i":863,"j":871},{"i":868,"j":872},{"i":864,"j":867},{"i":864,"j":877},{"i":866,"j":868},{"i":873,"j":878},{"i":871,"j":876},{"i":868,"j":880},{"i":848,"j":868},{"i":871,"j":872},{"i":866,"j":871},{"i":863,"j":870},{"i":869,"j":873},{"i":867,"j":869},{"i":873,"j":874},{"i":874,"j":875},{"i":870,"j":874},{"i":863,"j":875},{"i":872,"j":876},{"i":842,"j":877},{"i":886,"j":898},{"i":879,"j":880},{"i":876,"j":879},{"i":880,"j":883},{"i":878,"j":889},{"i":875,"j":878},{"i":881,"j":885},{"i":879,"j":881},{"i":877,"j":882},{"i":869,"j":877},{"i":884,"j":893},{"i":883,"j":887},{"i":817,"j":883},{"i":881,"j":884},{"i":884,"j":888},{"i":877,"j":886},{"i":883,"j":885},{"i":885,"j":887},{"i":887,"j":893},{"i":761,"j":887},{"i":888,"j":893},{"i":887,"j":888},{"i":882,"j":890},{"i":878,"j":882},{"i":889,"j":894},{"i":886,"j":891},{"i":891,"j":892},{"i":890,"j":891},{"i":886,"j":892},{"i":889,"j":890},{"i":893,"j":894},{"i":761,"j":893},{"i":895,"j":896},{"i":892,"j":895},{"i":896,"j":897},{"i":894,"j":896},{"i":895,"j":898},{"i":842,"j":899},{"i":0,"j":1},{"i":1,"j":12},{"i":12,"j":16},{"i":16,"j":23},{"i":23,"j":35},{"i":35,"j":62},{"i":62,"j":117},{"i":117,"j":125},{"i":125,"j":178},{"i":178,"j":761},{"i":761,"j":894},{"i":894,"j":897},{"i":897,"j":898},{"i":898,"j":899}],"type":"Solution"}