{"instance_name":"us-night-0000200","edges":[{"i":6,"j":9},{"i":1,"j":2},{"i":0,"j":1},{"i":0,"j":18},{"i":1,"j":6},{"i":4,"j":5},{"i":0,"j":4},{"i":5,"j":21},{"i":1,"j":5},{"i":9,"j":16},{"i":2,"j":6},{"i":3,"j":10},{"i":6,"j":16},{"i":7,"j":11},{"i":3,"j":7},{"i":10,"j":12},{"i":7,"j":9},{"i":10,"j":11},{"i":12,"j":13},{"i":12,"j":17},{"i":13,"j":15},{"i":8,"j":13},{"i":14,"j":17},{"i":14,"j":15},{"i":13,"j":14},{"i":11,"j":19},{"i":16,"j":27},{"i":19,"j":27},{"i":19,"j":20},{"i":18,"j":24},{"i":17,"j":20},{"i":4,"j":18},{"i":21,"j":25},{"i":18,"j":22},{"i":20,"j":28},{"i":23,"j":30},{"i":15,"j":23},{"i":22,"j":24},{"i":21,"j":22},{"i":25,"j":29},{"i":25,"j":26},{"i":31,"j":33},{"i":26,"j":27},{"i":20,"j":27},{"i":23,"j":28},{"i":26,"j":29},{"i":29,"j":45},{"i":28,"j":31},{"i":30,"j":37},{"i":27,"j":34},{"i":38,"j":43},{"i":32,"j":48},{"i":31,"j":34},{"i":32,"j":33},{"i":27,"j":29},{"i":34,"j":40},{"i":24,"j":35},{"i":33,"j":34},{"i":30,"j":32},{"i":35,"j":39},{"i":18,"j":38},{"i":36,"j":40},{"i":46,"j":47},{"i":39,"j":45},{"i":38,"j":42},{"i":35,"j":38},{"i":42,"j":43},{"i":41,"j":42},{"i":45,"j":71},{"i":36,"j":48},{"i":32,"j":36},{"i":53,"j":59},{"i":39,"j":41},{"i":34,"j":47},{"i":46,"j":49},{"i":40,"j":46},{"i":53,"j":57},{"i":44,"j":48},{"i":46,"j":54},{"i":48,"j":49},{"i":49,"j":50},{"i":52,"j":54},{"i":46,"j":52},{"i":48,"j":50},{"i":46,"j":53},{"i":51,"j":52},{"i":46,"j":51},{"i":54,"j":56},{"i":51,"j":57},{"i":54,"j":55},{"i":43,"j":69},{"i":41,"j":43},{"i":55,"j":58},{"i":49,"j":55},{"i":56,"j":58},{"i":47,"j":60},{"i":56,"j":65},{"i":57,"j":70},{"i":62,"j":65},{"i":45,"j":67},{"i":58,"j":61},{"i":64,"j":85},{"i":44,"j":64},{"i":61,"j":64},{"i":50,"j":61},{"i":58,"j":65},{"i":62,"j":63},{"i":61,"j":62},{"i":61,"j":63},{"i":68,"j":72},{"i":63,"j":73},{"i":59,"j":66},{"i":59,"j":60},{"i":66,"j":70},{"i":67,"j":68},{"i":60,"j":67},{"i":66,"j":72},{"i":74,"j":80},{"i":73,"j":87},{"i":69,"j":71},{"i":68,"j":78},{"i":73,"j":85},{"i":65,"j":87},{"i":75,"j":82},{"i":70,"j":72},{"i":71,"j":76},{"i":69,"j":79},{"i":38,"j":75},{"i":74,"j":76},{"i":71,"j":74},{"i":77,"j":84},{"i":67,"j":83},{"i":72,"j":78},{"i":68,"j":77},{"i":75,"j":91},{"i":76,"j":83},{"i":75,"j":79},{"i":83,"j":88},{"i":80,"j":94},{"i":79,"j":81},{"i":83,"j":93},{"i":79,"j":82},{"i":77,"j":88},{"i":65,"j":89},{"i":85,"j":150},{"i":78,"j":84},{"i":65,"j":70},{"i":92,"j":110},{"i":70,"j":86},{"i":81,"j":91},{"i":80,"j":81},{"i":86,"j":92},{"i":89,"j":95},{"i":84,"j":96},{"i":88,"j":96},{"i":82,"j":91},{"i":86,"j":90},{"i":99,"j":124},{"i":93,"j":96},{"i":95,"j":105},{"i":97,"j":113},{"i":95,"j":97},{"i":87,"j":95},{"i":89,"j":92},{"i":96,"j":102},{"i":90,"j":96},{"i":94,"j":100},{"i":98,"j":103},{"i":91,"j":99},{"i":94,"j":98},{"i":93,"j":100},{"i":99,"j":101},{"i":93,"j":108},{"i":90,"j":110},{"i":98,"j":101},{"i":87,"j":97},{"i":108,"j":114},{"i":85,"j":104},{"i":102,"j":110},{"i":105,"j":111},{"i":103,"j":106},{"i":100,"j":103},{"i":100,"j":106},{"i":107,"j":108},{"i":106,"j":107},{"i":174,"j":182},{"i":102,"j":112},{"i":110,"j":122},{"i":102,"j":115},{"i":111,"j":116},{"i":110,"j":111},{"i":105,"j":110},{"i":115,"j":122},{"i":109,"j":115},{"i":102,"j":109},{"i":113,"j":133},{"i":104,"j":113},{"i":109,"j":120},{"i":107,"j":117},{"i":112,"j":118},{"i":113,"j":116},{"i":119,"j":123},{"i":118,"j":119},{"i":114,"j":118},{"i":112,"j":114},{"i":101,"j":121},{"i":120,"j":126},{"i":117,"j":119},{"i":109,"j":118},{"i":125,"j":138},{"i":122,"j":127},{"i":116,"j":122},{"i":121,"j":134},{"i":117,"j":121},{"i":75,"j":124},{"i":123,"j":125},{"i":118,"j":123},{"i":120,"j":131},{"i":126,"j":131},{"i":126,"j":127},{"i":125,"j":129},{"i":120,"j":125},{"i":124,"j":128},{"i":128,"j":130},{"i":121,"j":128},{"i":130,"j":141},{"i":120,"j":129},{"i":132,"j":139},{"i":127,"j":142},{"i":121,"j":130},{"i":132,"j":134},{"i":121,"j":132},{"i":134,"j":149},{"i":136,"j":152},{"i":133,"j":136},{"i":136,"j":137},{"i":137,"j":153},{"i":133,"j":137},{"i":123,"j":146},{"i":135,"j":145},{"i":134,"j":135},{"i":129,"j":147},{"i":144,"j":168},{"i":135,"j":139},{"i":124,"j":141},{"i":140,"j":142},{"i":131,"j":140},{"i":145,"j":157},{"i":136,"j":142},{"i":143,"j":145},{"i":139,"j":143},{"i":141,"j":144},{"i":143,"j":144},{"i":146,"j":156},{"i":123,"j":149},{"i":138,"j":148},{"i":129,"j":138},{"i":164,"j":175},{"i":140,"j":147},{"i":145,"j":149},{"i":104,"j":133},{"i":149,"j":151},{"i":124,"j":171},{"i":155,"j":167},{"i":152,"j":153},{"i":153,"j":158},{"i":133,"j":153},{"i":147,"j":161},{"i":144,"j":154},{"i":146,"j":151},{"i":155,"j":159},{"i":153,"j":155},{"i":151,"j":157},{"i":152,"j":167},{"i":154,"j":157},{"i":163,"j":173},{"i":159,"j":166},{"i":148,"j":161},{"i":159,"j":167},{"i":161,"j":163},{"i":161,"j":162},{"i":142,"j":160},{"i":156,"j":164},{"i":148,"j":156},{"i":162,"j":172},{"i":160,"j":162},{"i":150,"j":158},{"i":158,"j":165},{"i":169,"j":180},{"i":160,"j":172},{"i":166,"j":180},{"i":154,"j":168},{"i":165,"j":170},{"i":166,"j":169},{"i":169,"j":170},{"i":157,"j":168},{"i":163,"j":164},{"i":167,"j":172},{"i":173,"j":180},{"i":172,"j":173},{"i":171,"j":174},{"i":168,"j":171},{"i":156,"j":157},{"i":175,"j":178},{"i":175,"j":180},{"i":174,"j":176},{"i":176,"j":178},{"i":174,"j":177},{"i":176,"j":181},{"i":170,"j":180},{"i":176,"j":177},{"i":174,"j":179},{"i":183,"j":186},{"i":177,"j":183},{"i":178,"j":181},{"i":183,"j":189},{"i":183,"j":184},{"i":181,"j":183},{"i":184,"j":185},{"i":180,"j":184},{"i":180,"j":185},{"i":179,"j":187},{"i":186,"j":190},{"i":185,"j":186},{"i":179,"j":182},{"i":182,"j":188},{"i":75,"j":188},{"i":187,"j":189},{"i":189,"j":190},{"i":187,"j":192},{"i":190,"j":191},{"i":192,"j":194},{"i":185,"j":191},{"i":187,"j":194},{"i":192,"j":193},{"i":188,"j":197},{"i":191,"j":193},{"i":194,"j":195},{"i":195,"j":196},{"i":193,"j":195},{"i":196,"j":199},{"i":194,"j":197},{"i":191,"j":196},{"i":197,"j":199},{"i":2,"j":3},{"i":3,"j":8},{"i":8,"j":15},{"i":15,"j":37},{"i":37,"j":44},{"i":44,"j":150},{"i":150,"j":165},{"i":165,"j":198},{"i":198,"j":199},{"i":0,"j":2}],"type":"Solution"}