{"instance_name":"us-night-0000060","edges":[{"i":1,"j":7},{"i":3,"j":6},{"i":2,"j":3},{"i":0,"j":1},{"i":1,"j":5},{"i":6,"j":16},{"i":2,"j":6},{"i":5,"j":8},{"i":4,"j":5},{"i":7,"j":8},{"i":7,"j":11},{"i":4,"j":10},{"i":3,"j":4},{"i":11,"j":19},{"i":9,"j":15},{"i":6,"j":9},{"i":10,"j":12},{"i":9,"j":10},{"i":8,"j":11},{"i":15,"j":18},{"i":12,"j":14},{"i":11,"j":13},{"i":13,"j":14},{"i":12,"j":15},{"i":14,"j":21},{"i":15,"j":16},{"i":21,"j":25},{"i":15,"j":17},{"i":16,"j":17},{"i":19,"j":57},{"i":18,"j":22},{"i":13,"j":21},{"i":18,"j":20},{"i":17,"j":18},{"i":16,"j":20},{"i":26,"j":29},{"i":20,"j":22},{"i":21,"j":26},{"i":19,"j":24},{"i":21,"j":23},{"i":22,"j":28},{"i":22,"j":25},{"i":16,"j":27},{"i":25,"j":26},{"i":29,"j":31},{"i":27,"j":28},{"i":28,"j":29},{"i":29,"j":30},{"i":30,"j":35},{"i":23,"j":33},{"i":30,"j":32},{"i":31,"j":34},{"i":31,"j":35},{"i":33,"j":34},{"i":35,"j":40},{"i":31,"j":37},{"i":24,"j":43},{"i":33,"j":36},{"i":24,"j":36},{"i":23,"j":24},{"i":34,"j":36},{"i":24,"j":55},{"i":36,"j":38},{"i":37,"j":41},{"i":27,"j":32},{"i":32,"j":40},{"i":39,"j":45},{"i":35,"j":39},{"i":37,"j":38},{"i":39,"j":41},{"i":38,"j":42},{"i":41,"j":42},{"i":43,"j":44},{"i":42,"j":43},{"i":45,"j":47},{"i":41,"j":44},{"i":50,"j":52},{"i":40,"j":49},{"i":46,"j":49},{"i":40,"j":46},{"i":47,"j":49},{"i":46,"j":47},{"i":44,"j":50},{"i":48,"j":49},{"i":45,"j":48},{"i":50,"j":51},{"i":48,"j":50},{"i":49,"j":51},{"i":52,"j":53},{"i":51,"j":52},{"i":11,"j":57},{"i":40,"j":53},{"i":43,"j":54},{"i":54,"j":55},{"i":56,"j":59},{"i":55,"j":57},{"i":56,"j":58},{"i":54,"j":56},{"i":58,"j":59},{"i":53,"j":58},{"i":57,"j":59},{"i":0,"j":2},{"i":2,"j":16},{"i":16,"j":40},{"i":40,"j":59}],"type":"Solution"}