{"instance_name":"us-night-0000300","edges":[{"i":0,"j":10},{"i":1,"j":2},{"i":0,"j":1},{"i":2,"j":6},{"i":1,"j":5},{"i":4,"j":5},{"i":0,"j":4},{"i":4,"j":8},{"i":10,"j":15},{"i":3,"j":6},{"i":7,"j":12},{"i":6,"j":7},{"i":5,"j":8},{"i":2,"j":5},{"i":10,"j":36},{"i":9,"j":11},{"i":8,"j":9},{"i":4,"j":10},{"i":9,"j":15},{"i":11,"j":20},{"i":7,"j":11},{"i":12,"j":13},{"i":10,"j":26},{"i":14,"j":17},{"i":13,"j":14},{"i":17,"j":21},{"i":16,"j":18},{"i":13,"j":16},{"i":16,"j":17},{"i":18,"j":19},{"i":12,"j":18},{"i":14,"j":22},{"i":21,"j":23},{"i":21,"j":22},{"i":23,"j":24},{"i":19,"j":23},{"i":19,"j":24},{"i":20,"j":25},{"i":7,"j":20},{"i":25,"j":27},{"i":14,"j":25},{"i":15,"j":26},{"i":25,"j":28},{"i":26,"j":34},{"i":25,"j":26},{"i":22,"j":27},{"i":28,"j":34},{"i":28,"j":29},{"i":30,"j":37},{"i":24,"j":30},{"i":30,"j":33},{"i":31,"j":32},{"i":24,"j":31},{"i":31,"j":33},{"i":32,"j":33},{"i":29,"j":37},{"i":27,"j":29},{"i":32,"j":35},{"i":19,"j":32},{"i":37,"j":40},{"i":37,"j":45},{"i":26,"j":36},{"i":43,"j":47},{"i":33,"j":37},{"i":38,"j":39},{"i":32,"j":38},{"i":35,"j":39},{"i":36,"j":44},{"i":42,"j":43},{"i":34,"j":42},{"i":41,"j":50},{"i":36,"j":41},{"i":37,"j":43},{"i":40,"j":52},{"i":38,"j":40},{"i":40,"j":56},{"i":42,"j":44},{"i":52,"j":55},{"i":51,"j":52},{"i":53,"j":60},{"i":44,"j":48},{"i":51,"j":55},{"i":39,"j":51},{"i":40,"j":68},{"i":40,"j":45},{"i":48,"j":50},{"i":53,"j":54},{"i":48,"j":53},{"i":46,"j":47},{"i":46,"j":68},{"i":45,"j":46},{"i":49,"j":54},{"i":56,"j":59},{"i":50,"j":60},{"i":41,"j":57},{"i":55,"j":70},{"i":59,"j":62},{"i":58,"j":59},{"i":57,"j":60},{"i":47,"j":49},{"i":61,"j":62},{"i":56,"j":61},{"i":57,"j":76},{"i":62,"j":69},{"i":60,"j":63},{"i":63,"j":64},{"i":54,"j":63},{"i":57,"j":66},{"i":64,"j":65},{"i":68,"j":72},{"i":64,"j":66},{"i":58,"j":70},{"i":55,"j":58},{"i":68,"j":73},{"i":70,"j":78},{"i":49,"j":65},{"i":41,"j":90},{"i":69,"j":75},{"i":69,"j":70},{"i":70,"j":71},{"i":67,"j":71},{"i":65,"j":87},{"i":61,"j":72},{"i":71,"j":74},{"i":72,"j":77},{"i":78,"j":95},{"i":72,"j":84},{"i":66,"j":80},{"i":77,"j":86},{"i":77,"j":81},{"i":75,"j":77},{"i":69,"j":79},{"i":75,"j":82},{"i":73,"j":84},{"i":81,"j":85},{"i":82,"j":83},{"i":82,"j":85},{"i":89,"j":99},{"i":79,"j":97},{"i":78,"j":79},{"i":84,"j":91},{"i":97,"j":101},{"i":86,"j":105},{"i":77,"j":84},{"i":80,"j":88},{"i":87,"j":92},{"i":73,"j":87},{"i":88,"j":89},{"i":87,"j":88},{"i":76,"j":99},{"i":89,"j":98},{"i":79,"j":83},{"i":74,"j":78},{"i":93,"j":131},{"i":74,"j":93},{"i":92,"j":94},{"i":91,"j":92},{"i":83,"j":85},{"i":93,"j":95},{"i":85,"j":104},{"i":112,"j":115},{"i":96,"j":103},{"i":95,"j":96},{"i":81,"j":105},{"i":80,"j":99},{"i":94,"j":108},{"i":76,"j":90},{"i":97,"j":102},{"i":101,"j":104},{"i":100,"j":118},{"i":91,"j":105},{"i":86,"j":91},{"i":97,"j":100},{"i":103,"j":107},{"i":93,"j":103},{"i":101,"j":118},{"i":100,"j":101},{"i":102,"j":118},{"i":104,"j":105},{"i":96,"j":102},{"i":109,"j":115},{"i":93,"j":106},{"i":106,"j":107},{"i":98,"j":110},{"i":109,"j":112},{"i":99,"j":109},{"i":98,"j":99},{"i":105,"j":108},{"i":109,"j":110},{"i":94,"j":119},{"i":124,"j":138},{"i":94,"j":110},{"i":111,"j":113},{"i":108,"j":111},{"i":116,"j":126},{"i":111,"j":119},{"i":112,"j":114},{"i":110,"j":112},{"i":114,"j":116},{"i":114,"j":124},{"i":117,"j":134},{"i":113,"j":117},{"i":104,"j":113},{"i":99,"j":138},{"i":101,"j":117},{"i":127,"j":140},{"i":118,"j":122},{"i":94,"j":123},{"i":119,"j":120},{"i":121,"j":122},{"i":107,"j":118},{"i":138,"j":196},{"i":106,"j":121},{"i":94,"j":116},{"i":126,"j":132},{"i":123,"j":126},{"i":115,"j":124},{"i":118,"j":134},{"i":125,"j":127},{"i":122,"j":125},{"i":119,"j":129},{"i":116,"j":130},{"i":120,"j":128},{"i":117,"j":120},{"i":127,"j":133},{"i":125,"j":134},{"i":123,"j":139},{"i":128,"j":134},{"i":121,"j":127},{"i":132,"j":143},{"i":131,"j":133},{"i":128,"j":129},{"i":130,"j":137},{"i":124,"j":135},{"i":130,"j":135},{"i":137,"j":148},{"i":132,"j":141},{"i":133,"j":140},{"i":136,"j":145},{"i":128,"j":136},{"i":132,"j":151},{"i":139,"j":144},{"i":129,"j":139},{"i":142,"j":149},{"i":140,"j":142},{"i":139,"j":141},{"i":137,"j":147},{"i":149,"j":163},{"i":136,"j":144},{"i":134,"j":153},{"i":147,"j":151},{"i":141,"j":143},{"i":145,"j":153},{"i":135,"j":150},{"i":142,"j":146},{"i":138,"j":150},{"i":148,"j":152},{"i":147,"j":148},{"i":144,"j":157},{"i":148,"j":150},{"i":155,"j":160},{"i":146,"j":163},{"i":152,"j":154},{"i":154,"j":155},{"i":151,"j":154},{"i":156,"j":159},{"i":143,"j":158},{"i":145,"j":168},{"i":144,"j":156},{"i":153,"j":165},{"i":143,"j":155},{"i":156,"j":158},{"i":159,"j":170},{"i":152,"j":164},{"i":146,"j":153},{"i":167,"j":171},{"i":149,"j":161},{"i":160,"j":162},{"i":145,"j":157},{"i":163,"j":182},{"i":161,"j":163},{"i":150,"j":196},{"i":157,"j":159},{"i":164,"j":177},{"i":165,"j":182},{"i":162,"j":167},{"i":166,"j":173},{"i":145,"j":166},{"i":145,"j":173},{"i":168,"j":181},{"i":165,"j":168},{"i":158,"j":167},{"i":159,"j":169},{"i":162,"j":174},{"i":169,"j":176},{"i":164,"j":172},{"i":160,"j":164},{"i":166,"j":170},{"i":164,"j":194},{"i":168,"j":186},{"i":172,"j":174},{"i":169,"j":171},{"i":183,"j":200},{"i":171,"j":184},{"i":176,"j":178},{"i":175,"j":176},{"i":172,"j":177},{"i":174,"j":184},{"i":175,"j":180},{"i":170,"j":175},{"i":41,"j":259},{"i":179,"j":185},{"i":173,"j":179},{"i":175,"j":178},{"i":173,"j":186},{"i":188,"j":205},{"i":187,"j":188},{"i":182,"j":206},{"i":181,"j":189},{"i":180,"j":183},{"i":179,"j":180},{"i":183,"j":197},{"i":183,"j":185},{"i":185,"j":204},{"i":185,"j":186},{"i":186,"j":187},{"i":189,"j":190},{"i":185,"j":188},{"i":187,"j":190},{"i":181,"j":187},{"i":189,"j":206},{"i":182,"j":189},{"i":184,"j":192},{"i":178,"j":184},{"i":193,"j":195},{"i":191,"j":193},{"i":177,"j":191},{"i":194,"j":195},{"i":191,"j":194},{"i":195,"j":210},{"i":198,"j":209},{"i":90,"j":196},{"i":192,"j":198},{"i":178,"j":192},{"i":207,"j":210},{"i":197,"j":204},{"i":193,"j":208},{"i":192,"j":193},{"i":200,"j":216},{"i":199,"j":227},{"i":180,"j":203},{"i":161,"j":199},{"i":202,"j":212},{"i":201,"j":202},{"i":161,"j":201},{"i":197,"j":200},{"i":198,"j":203},{"i":205,"j":221},{"i":204,"j":205},{"i":208,"j":214},{"i":190,"j":221},{"i":201,"j":227},{"i":203,"j":213},{"i":207,"j":208},{"i":193,"j":207},{"i":210,"j":225},{"i":208,"j":209},{"i":206,"j":222},{"i":194,"j":215},{"i":161,"j":202},{"i":213,"j":220},{"i":200,"j":213},{"i":239,"j":250},{"i":203,"j":233},{"i":212,"j":234},{"i":211,"j":212},{"i":209,"j":214},{"i":205,"j":216},{"i":217,"j":218},{"i":216,"j":217},{"i":221,"j":228},{"i":214,"j":233},{"i":196,"j":219},{"i":218,"j":232},{"i":218,"j":221},{"i":215,"j":224},{"i":219,"j":224},{"i":231,"j":240},{"i":223,"j":226},{"i":215,"j":223},{"i":226,"j":247},{"i":223,"j":244},{"i":222,"j":227},{"i":199,"j":222},{"i":220,"j":230},{"i":227,"j":229},{"i":229,"j":236},{"i":225,"j":233},{"i":230,"j":235},{"i":217,"j":230},{"i":226,"j":231},{"i":232,"j":248},{"i":221,"j":232},{"i":229,"j":234},{"i":230,"j":242},{"i":222,"j":228},{"i":233,"j":238},{"i":231,"j":237},{"i":225,"j":231},{"i":237,"j":238},{"i":236,"j":239},{"i":234,"j":236},{"i":229,"j":243},{"i":235,"j":248},{"i":232,"j":235},{"i":238,"j":245},{"i":239,"j":266},{"i":241,"j":243},{"i":228,"j":241},{"i":224,"j":251},{"i":242,"j":257},{"i":240,"j":249},{"i":237,"j":240},{"i":242,"j":253},{"i":244,"j":247},{"i":248,"j":252},{"i":241,"j":248},{"i":211,"j":250},{"i":131,"j":211},{"i":240,"j":261},{"i":244,"j":251},{"i":245,"j":246},{"i":254,"j":256},{"i":243,"j":254},{"i":249,"j":255},{"i":246,"j":249},{"i":252,"j":254},{"i":246,"j":255},{"i":247,"j":261},{"i":252,"j":253},{"i":229,"j":256},{"i":242,"j":262},{"i":257,"j":258},{"i":253,"j":257},{"i":220,"j":245},{"i":251,"j":283},{"i":196,"j":259},{"i":258,"j":260},{"i":260,"j":266},{"i":256,"j":260},{"i":255,"j":264},{"i":262,"j":264},{"i":262,"j":265},{"i":263,"j":264},{"i":261,"j":263},{"i":271,"j":278},{"i":263,"j":271},{"i":262,"j":269},{"i":258,"j":270},{"i":258,"j":265},{"i":264,"j":272},{"i":262,"j":267},{"i":269,"j":273},{"i":268,"j":269},{"i":262,"j":268},{"i":270,"j":274},{"i":266,"j":270},{"i":265,"j":274},{"i":267,"j":272},{"i":267,"j":275},{"i":268,"j":275},{"i":273,"j":274},{"i":280,"j":282},{"i":275,"j":280},{"i":266,"j":274},{"i":277,"j":280},{"i":275,"j":277},{"i":276,"j":277},{"i":272,"j":276},{"i":271,"j":279},{"i":280,"j":286},{"i":219,"j":283},{"i":282,"j":287},{"i":281,"j":282},{"i":278,"j":286},{"i":276,"j":278},{"i":281,"j":284},{"i":273,"j":281},{"i":284,"j":285},{"i":274,"j":284},{"i":290,"j":291},{"i":266,"j":285},{"i":286,"j":288},{"i":259,"j":299},{"i":287,"j":297},{"i":285,"j":287},{"i":278,"j":291},{"i":287,"j":288},{"i":279,"j":283},{"i":290,"j":297},{"i":288,"j":290},{"i":291,"j":295},{"i":259,"j":292},{"i":292,"j":293},{"i":289,"j":292},{"i":293,"j":299},{"i":279,"j":296},{"i":298,"j":299},{"i":297,"j":298},{"i":294,"j":295},{"i":283,"j":289},{"i":289,"j":293},{"i":294,"j":297},{"i":291,"j":294},{"i":297,"j":299},{"i":250,"j":297},{"i":296,"j":298},{"i":295,"j":296},{"i":296,"j":299},{"i":292,"j":299},{"i":0,"j":3},{"i":3,"j":12},{"i":12,"j":19},{"i":19,"j":35},{"i":35,"j":67},{"i":67,"j":250},{"i":250,"j":299}],"type":"Solution"}