{"instance_name":"us-night-0000700","edges":[{"i":0,"j":4},{"i":0,"j":3},{"i":1,"j":11},{"i":0,"j":1},{"i":0,"j":2},{"i":0,"j":9},{"i":17,"j":21},{"i":2,"j":5},{"i":18,"j":27},{"i":6,"j":7},{"i":2,"j":6},{"i":5,"j":44},{"i":4,"j":14},{"i":3,"j":4},{"i":9,"j":10},{"i":8,"j":9},{"i":5,"j":8},{"i":10,"j":16},{"i":8,"j":10},{"i":9,"j":16},{"i":1,"j":3},{"i":11,"j":12},{"i":11,"j":13},{"i":9,"j":12},{"i":11,"j":17},{"i":14,"j":15},{"i":11,"j":14},{"i":4,"j":39},{"i":13,"j":20},{"i":12,"j":13},{"i":7,"j":26},{"i":6,"j":31},{"i":18,"j":19},{"i":7,"j":18},{"i":21,"j":34},{"i":20,"j":21},{"i":23,"j":30},{"i":13,"j":17},{"i":19,"j":23},{"i":15,"j":21},{"i":19,"j":22},{"i":28,"j":31},{"i":27,"j":28},{"i":22,"j":23},{"i":24,"j":33},{"i":22,"j":24},{"i":26,"j":31},{"i":25,"j":30},{"i":23,"j":25},{"i":26,"j":28},{"i":27,"j":29},{"i":29,"j":30},{"i":25,"j":29},{"i":24,"j":38},{"i":31,"j":35},{"i":20,"j":34},{"i":6,"j":36},{"i":4,"j":78},{"i":37,"j":38},{"i":30,"j":38},{"i":36,"j":41},{"i":35,"j":36},{"i":30,"j":35},{"i":37,"j":43},{"i":33,"j":37},{"i":32,"j":44},{"i":16,"j":32},{"i":15,"j":40},{"i":39,"j":40},{"i":40,"j":45},{"i":34,"j":40},{"i":34,"j":44},{"i":32,"j":34},{"i":42,"j":47},{"i":42,"j":43},{"i":37,"j":42},{"i":38,"j":48},{"i":43,"j":46},{"i":49,"j":51},{"i":33,"j":46},{"i":41,"j":48},{"i":35,"j":41},{"i":41,"j":44},{"i":51,"j":53},{"i":50,"j":51},{"i":46,"j":49},{"i":49,"j":57},{"i":50,"j":52},{"i":46,"j":50},{"i":51,"j":54},{"i":52,"j":105},{"i":46,"j":52},{"i":47,"j":57},{"i":53,"j":61},{"i":57,"j":64},{"i":54,"j":59},{"i":56,"j":58},{"i":53,"j":56},{"i":56,"j":59},{"i":55,"j":59},{"i":54,"j":55},{"i":58,"j":61},{"i":55,"j":57},{"i":58,"j":59},{"i":59,"j":60},{"i":66,"j":73},{"i":60,"j":61},{"i":61,"j":105},{"i":52,"j":61},{"i":59,"j":64},{"i":45,"j":62},{"i":44,"j":45},{"i":63,"j":65},{"i":60,"j":63},{"i":48,"j":67},{"i":47,"j":48},{"i":65,"j":73},{"i":64,"j":65},{"i":63,"j":64},{"i":73,"j":82},{"i":61,"j":65},{"i":68,"j":72},{"i":61,"j":66},{"i":48,"j":69},{"i":67,"j":68},{"i":64,"j":67},{"i":64,"j":68},{"i":62,"j":69},{"i":70,"j":75},{"i":66,"j":70},{"i":64,"j":71},{"i":69,"j":72},{"i":71,"j":82},{"i":75,"j":105},{"i":62,"j":84},{"i":70,"j":73},{"i":69,"j":84},{"i":76,"j":77},{"i":39,"j":76},{"i":79,"j":83},{"i":76,"j":81},{"i":78,"j":79},{"i":79,"j":80},{"i":76,"j":79},{"i":62,"j":74},{"i":80,"j":81},{"i":76,"j":80},{"i":74,"j":89},{"i":78,"j":96},{"i":82,"j":88},{"i":81,"j":90},{"i":77,"j":87},{"i":74,"j":77},{"i":72,"j":86},{"i":71,"j":72},{"i":85,"j":94},{"i":85,"j":86},{"i":74,"j":99},{"i":82,"j":85},{"i":75,"j":88},{"i":83,"j":90},{"i":89,"j":91},{"i":84,"j":89},{"i":94,"j":113},{"i":90,"j":106},{"i":87,"j":90},{"i":83,"j":92},{"i":92,"j":100},{"i":78,"j":93},{"i":86,"j":97},{"i":78,"j":102},{"i":88,"j":94},{"i":96,"j":102},{"i":92,"j":93},{"i":91,"j":101},{"i":98,"j":102},{"i":96,"j":98},{"i":87,"j":104},{"i":93,"j":98},{"i":102,"j":111},{"i":99,"j":107},{"i":91,"j":99},{"i":100,"j":106},{"i":102,"j":103},{"i":87,"j":119},{"i":105,"j":108},{"i":75,"j":95},{"i":99,"j":104},{"i":100,"j":103},{"i":104,"j":118},{"i":109,"j":120},{"i":105,"j":109},{"i":95,"j":109},{"i":97,"j":101},{"i":94,"j":97},{"i":104,"j":125},{"i":103,"j":110},{"i":110,"j":112},{"i":106,"j":110},{"i":102,"j":148},{"i":110,"j":111},{"i":112,"j":148},{"i":95,"j":113},{"i":115,"j":121},{"i":114,"j":116},{"i":113,"j":114},{"i":107,"j":117},{"i":101,"j":107},{"i":115,"j":116},{"i":114,"j":115},{"i":121,"j":136},{"i":116,"j":121},{"i":107,"j":130},{"i":117,"j":121},{"i":118,"j":123},{"i":107,"j":118},{"i":106,"j":122},{"i":116,"j":120},{"i":124,"j":125},{"i":117,"j":136},{"i":118,"j":124},{"i":106,"j":127},{"i":124,"j":126},{"i":125,"j":133},{"i":126,"j":132},{"i":126,"j":129},{"i":122,"j":127},{"i":119,"j":122},{"i":111,"j":148},{"i":126,"j":128},{"i":123,"j":126},{"i":132,"j":134},{"i":130,"j":132},{"i":128,"j":130},{"i":123,"j":128},{"i":117,"j":146},{"i":119,"j":133},{"i":129,"j":134},{"i":133,"j":140},{"i":131,"j":135},{"i":129,"j":131},{"i":141,"j":147},{"i":134,"j":138},{"i":131,"j":140},{"i":130,"j":143},{"i":143,"j":180},{"i":112,"j":137},{"i":130,"j":138},{"i":134,"j":135},{"i":127,"j":139},{"i":148,"j":677},{"i":139,"j":145},{"i":137,"j":141},{"i":120,"j":144},{"i":146,"j":151},{"i":142,"j":161},{"i":108,"j":142},{"i":138,"j":171},{"i":136,"j":150},{"i":142,"j":144},{"i":151,"j":155},{"i":139,"j":141},{"i":143,"j":146},{"i":150,"j":151},{"i":145,"j":149},{"i":140,"j":145},{"i":137,"j":147},{"i":147,"j":152},{"i":137,"j":152},{"i":154,"j":195},{"i":150,"j":157},{"i":146,"j":155},{"i":135,"j":140},{"i":149,"j":152},{"i":148,"j":154},{"i":159,"j":168},{"i":158,"j":159},{"i":153,"j":156},{"i":151,"j":153},{"i":156,"j":159},{"i":144,"j":157},{"i":156,"j":168},{"i":158,"j":168},{"i":150,"j":158},{"i":162,"j":167},{"i":157,"j":162},{"i":195,"j":577},{"i":160,"j":162},{"i":150,"j":160},{"i":157,"j":163},{"i":172,"j":182},{"i":169,"j":172},{"i":163,"j":166},{"i":161,"j":165},{"i":164,"j":166},{"i":163,"j":164},{"i":166,"j":170},{"i":165,"j":166},{"i":167,"j":172},{"i":153,"j":179},{"i":167,"j":169},{"i":169,"j":170},{"i":164,"j":169},{"i":165,"j":170},{"i":162,"j":178},{"i":149,"j":175},{"i":168,"j":174},{"i":174,"j":178},{"i":160,"j":174},{"i":168,"j":176},{"i":178,"j":187},{"i":152,"j":154},{"i":155,"j":180},{"i":180,"j":186},{"i":179,"j":180},{"i":185,"j":194},{"i":193,"j":200},{"i":178,"j":197},{"i":173,"j":190},{"i":171,"j":196},{"i":177,"j":183},{"i":170,"j":177},{"i":172,"j":173},{"i":181,"j":189},{"i":181,"j":183},{"i":177,"j":181},{"i":183,"j":235},{"i":161,"j":183},{"i":182,"j":189},{"i":179,"j":185},{"i":176,"j":179},{"i":187,"j":211},{"i":179,"j":186},{"i":182,"j":201},{"i":187,"j":188},{"i":176,"j":192},{"i":184,"j":190},{"i":173,"j":184},{"i":188,"j":190},{"i":184,"j":188},{"i":180,"j":196},{"i":190,"j":213},{"i":191,"j":197},{"i":174,"j":191},{"i":191,"j":192},{"i":185,"j":205},{"i":180,"j":212},{"i":171,"j":204},{"i":175,"j":199},{"i":192,"j":193},{"i":194,"j":200},{"i":193,"j":194},{"i":175,"j":223},{"i":212,"j":231},{"i":190,"j":201},{"i":207,"j":209},{"i":206,"j":207},{"i":201,"j":235},{"i":189,"j":201},{"i":198,"j":203},{"i":191,"j":198},{"i":197,"j":202},{"i":198,"j":200},{"i":202,"j":203},{"i":171,"j":218},{"i":186,"j":210},{"i":203,"j":207},{"i":205,"j":207},{"i":200,"j":205},{"i":223,"j":262},{"i":206,"j":209},{"i":202,"j":206},{"i":216,"j":232},{"i":205,"j":210},{"i":211,"j":221},{"i":196,"j":204},{"i":208,"j":211},{"i":197,"j":208},{"i":208,"j":209},{"i":190,"j":219},{"i":213,"j":235},{"i":171,"j":199},{"i":195,"j":214},{"i":212,"j":215},{"i":215,"j":217},{"i":210,"j":215},{"i":199,"j":225},{"i":236,"j":248},{"i":219,"j":224},{"i":171,"j":216},{"i":210,"j":240},{"i":224,"j":230},{"i":220,"j":224},{"i":221,"j":227},{"i":204,"j":239},{"i":175,"j":214},{"i":220,"j":235},{"i":213,"j":220},{"i":219,"j":227},{"i":217,"j":231},{"i":210,"j":217},{"i":218,"j":239},{"i":226,"j":240},{"i":221,"j":229},{"i":226,"j":228},{"i":209,"j":226},{"i":228,"j":229},{"i":229,"j":234},{"i":227,"j":230},{"i":218,"j":222},{"i":210,"j":243},{"i":216,"j":233},{"i":232,"j":236},{"i":225,"j":244},{"i":234,"j":252},{"i":230,"j":234},{"i":230,"j":235},{"i":161,"j":235},{"i":232,"j":233},{"i":238,"j":242},{"i":222,"j":238},{"i":223,"j":237},{"i":236,"j":238},{"i":222,"j":236},{"i":234,"j":241},{"i":228,"j":245},{"i":243,"j":246},{"i":231,"j":254},{"i":233,"j":244},{"i":242,"j":253},{"i":225,"j":237},{"i":240,"j":246},{"i":245,"j":251},{"i":246,"j":258},{"i":245,"j":246},{"i":244,"j":248},{"i":237,"j":247},{"i":244,"j":247},{"i":253,"j":285},{"i":241,"j":251},{"i":249,"j":251},{"i":214,"j":262},{"i":249,"j":252},{"i":241,"j":249},{"i":195,"j":266},{"i":231,"j":239},{"i":243,"j":261},{"i":254,"j":257},{"i":247,"j":250},{"i":255,"j":280},{"i":248,"j":255},{"i":250,"j":256},{"i":253,"j":257},{"i":239,"j":253},{"i":260,"j":263},{"i":254,"j":260},{"i":251,"j":258},{"i":256,"j":259},{"i":255,"j":256},{"i":254,"j":263},{"i":264,"j":270},{"i":260,"j":261},{"i":257,"j":279},{"i":255,"j":259},{"i":267,"j":270},{"i":264,"j":267},{"i":252,"j":264},{"i":250,"j":262},{"i":259,"j":265},{"i":258,"j":283},{"i":267,"j":269},{"i":266,"j":268},{"i":262,"j":266},{"i":270,"j":272},{"i":235,"j":269},{"i":258,"j":273},{"i":270,"j":271},{"i":269,"j":271},{"i":274,"j":318},{"i":263,"j":282},{"i":268,"j":274},{"i":265,"j":268},{"i":272,"j":275},{"i":271,"j":272},{"i":275,"j":281},{"i":269,"j":275},{"i":248,"j":277},{"i":242,"j":248},{"i":272,"j":273},{"i":289,"j":291},{"i":286,"j":289},{"i":253,"j":278},{"i":279,"j":287},{"i":279,"j":301},{"i":265,"j":274},{"i":263,"j":276},{"i":269,"j":281},{"i":276,"j":295},{"i":282,"j":283},{"i":261,"j":282},{"i":288,"j":298},{"i":277,"j":286},{"i":285,"j":290},{"i":284,"j":285},{"i":277,"j":289},{"i":278,"j":297},{"i":282,"j":296},{"i":288,"j":292},{"i":281,"j":288},{"i":285,"j":286},{"i":289,"j":294},{"i":277,"j":294},{"i":283,"j":293},{"i":273,"j":302},{"i":292,"j":330},{"i":287,"j":295},{"i":276,"j":287},{"i":290,"j":291},{"i":284,"j":316},{"i":278,"j":284},{"i":301,"j":320},{"i":282,"j":314},{"i":273,"j":293},{"i":290,"j":306},{"i":297,"j":299},{"i":304,"j":318},{"i":298,"j":300},{"i":305,"j":316},{"i":298,"j":302},{"i":299,"j":301},{"i":279,"j":299},{"i":300,"j":315},{"i":292,"j":300},{"i":301,"j":307},{"i":277,"j":313},{"i":303,"j":305},{"i":294,"j":303},{"i":305,"j":306},{"i":291,"j":305},{"i":308,"j":317},{"i":296,"j":310},{"i":293,"j":296},{"i":318,"j":324},{"i":277,"j":280},{"i":307,"j":314},{"i":295,"j":307},{"i":309,"j":311},{"i":277,"j":309},{"i":310,"j":312},{"i":293,"j":310},{"i":316,"j":347},{"i":304,"j":313},{"i":280,"j":304},{"i":306,"j":316},{"i":308,"j":315},{"i":302,"j":308},{"i":314,"j":320},{"i":317,"j":321},{"i":315,"j":317},{"i":313,"j":319},{"i":320,"j":326},{"i":297,"j":337},{"i":322,"j":343},{"i":321,"j":336},{"i":319,"j":327},{"i":316,"j":332},{"i":318,"j":323},{"i":322,"j":323},{"i":266,"j":325},{"i":319,"j":329},{"i":332,"j":364},{"i":312,"j":340},{"i":308,"j":312},{"i":324,"j":328},{"i":323,"j":324},{"i":333,"j":343},{"i":328,"j":333},{"i":311,"j":342},{"i":303,"j":311},{"i":319,"j":322},{"i":321,"j":330},{"i":235,"j":330},{"i":328,"j":343},{"i":329,"j":338},{"i":331,"j":334},{"i":319,"j":331},{"i":318,"j":348},{"i":331,"j":344},{"i":329,"j":334},{"i":335,"j":339},{"i":334,"j":335},{"i":310,"j":359},{"i":336,"j":371},{"i":332,"j":337},{"i":341,"j":349},{"i":326,"j":356},{"i":335,"j":344},{"i":340,"j":358},{"i":327,"j":345},{"i":309,"j":327},{"i":311,"j":341},{"i":347,"j":351},{"i":332,"j":347},{"i":333,"j":348},{"i":343,"j":344},{"i":338,"j":339},{"i":338,"j":346},{"i":341,"j":345},{"i":316,"j":342},{"i":337,"j":356},{"i":339,"j":389},{"i":349,"j":361},{"i":349,"j":353},{"i":342,"j":349},{"i":363,"j":382},{"i":325,"j":352},{"i":346,"j":355},{"i":345,"j":346},{"i":354,"j":362},{"i":340,"j":367},{"i":357,"j":389},{"i":344,"j":389},{"i":354,"j":368},{"i":326,"j":354},{"i":341,"j":363},{"i":326,"j":360},{"i":365,"j":375},{"i":336,"j":358},{"i":340,"j":359},{"i":360,"j":362},{"i":359,"j":360},{"i":355,"j":363},{"i":356,"j":365},{"i":369,"j":393},{"i":357,"j":366},{"i":355,"j":357},{"i":373,"j":393},{"i":351,"j":395},{"i":356,"j":364},{"i":369,"j":372},{"i":343,"j":389},{"i":359,"j":387},{"i":365,"j":368},{"i":361,"j":381},{"i":353,"j":361},{"i":369,"j":373},{"i":369,"j":370},{"i":364,"j":369},{"i":389,"j":407},{"i":358,"j":384},{"i":330,"j":371},{"i":356,"j":370},{"i":370,"j":377},{"i":374,"j":382},{"i":372,"j":377},{"i":362,"j":387},{"i":380,"j":386},{"i":377,"j":380},{"i":376,"j":388},{"i":367,"j":376},{"i":373,"j":378},{"i":368,"j":392},{"i":361,"j":374},{"i":378,"j":380},{"i":372,"j":378},{"i":351,"j":353},{"i":378,"j":398},{"i":379,"j":381},{"i":374,"j":379},{"i":379,"j":396},{"i":366,"j":383},{"i":363,"j":366},{"i":350,"j":389},{"i":348,"j":350},{"i":367,"j":388},{"i":375,"j":377},{"i":387,"j":394},{"i":385,"j":387},{"i":375,"j":391},{"i":384,"j":403},{"i":371,"j":384},{"i":385,"j":388},{"i":376,"j":385},{"i":382,"j":401},{"i":389,"j":390},{"i":397,"j":405},{"i":392,"j":394},{"i":386,"j":391},{"i":392,"j":400},{"i":381,"j":412},{"i":388,"j":406},{"i":383,"j":397},{"i":393,"j":415},{"i":390,"j":397},{"i":383,"j":390},{"i":396,"j":412},{"i":398,"j":399},{"i":386,"j":398},{"i":407,"j":454},{"i":391,"j":402},{"i":394,"j":406},{"i":391,"j":399},{"i":397,"j":401},{"i":399,"j":409},{"i":404,"j":433},{"i":403,"j":404},{"i":384,"j":388},{"i":411,"j":420},{"i":394,"j":400},{"i":406,"j":414},{"i":401,"j":411},{"i":396,"j":401},{"i":400,"j":421},{"i":406,"j":410},{"i":401,"j":405},{"i":352,"j":407},{"i":350,"j":352},{"i":423,"j":437},{"i":393,"j":395},{"i":402,"j":419},{"i":404,"j":410},{"i":401,"j":423},{"i":396,"j":411},{"i":423,"j":434},{"i":395,"j":417},{"i":407,"j":413},{"i":408,"j":409},{"i":416,"j":426},{"i":409,"j":416},{"i":408,"j":426},{"i":402,"j":408},{"i":414,"j":429},{"i":410,"j":414},{"i":398,"j":418},{"i":415,"j":418},{"i":412,"j":422},{"i":422,"j":449},{"i":418,"j":427},{"i":419,"j":421},{"i":432,"j":458},{"i":421,"j":425},{"i":420,"j":422},{"i":420,"j":424},{"i":405,"j":413},{"i":422,"j":424},{"i":416,"j":427},{"i":415,"j":428},{"i":434,"j":441},{"i":425,"j":429},{"i":414,"j":425},{"i":426,"j":435},{"i":419,"j":426},{"i":411,"j":431},{"i":424,"j":430},{"i":429,"j":432},{"i":427,"j":438},{"i":432,"j":433},{"i":430,"j":431},{"i":413,"j":437},{"i":428,"j":438},{"i":427,"j":428},{"i":435,"j":439},{"i":425,"j":435},{"i":431,"j":434},{"i":436,"j":441},{"i":417,"j":449},{"i":415,"j":417},{"i":426,"j":438},{"i":439,"j":446},{"i":425,"j":439},{"i":436,"j":440},{"i":430,"j":436},{"i":426,"j":452},{"i":434,"j":460},{"i":437,"j":460},{"i":407,"j":442},{"i":443,"j":447},{"i":437,"j":443},{"i":442,"j":444},{"i":444,"j":457},{"i":446,"j":459},{"i":454,"j":519},{"i":445,"j":446},{"i":440,"j":472},{"i":424,"j":440},{"i":445,"j":448},{"i":439,"j":445},{"i":452,"j":459},{"i":447,"j":450},{"i":437,"j":447},{"i":450,"j":460},{"i":444,"j":451},{"i":443,"j":444},{"i":448,"j":456},{"i":452,"j":468},{"i":460,"j":466},{"i":454,"j":455},{"i":442,"j":454},{"i":452,"j":465},{"i":455,"j":457},{"i":444,"j":455},{"i":454,"j":462},{"i":456,"j":458},{"i":438,"j":453},{"i":459,"j":476},{"i":451,"j":466},{"i":450,"j":451},{"i":462,"j":501},{"i":457,"j":461},{"i":460,"j":463},{"i":461,"j":462},{"i":451,"j":461},{"i":403,"j":467},{"i":469,"j":479},{"i":465,"j":476},{"i":453,"j":474},{"i":453,"j":471},{"i":471,"j":512},{"i":330,"j":464},{"i":467,"j":479},{"i":464,"j":467},{"i":465,"j":484},{"i":449,"j":473},{"i":453,"j":470},{"i":441,"j":463},{"i":470,"j":475},{"i":463,"j":485},{"i":472,"j":473},{"i":471,"j":482},{"i":470,"j":471},{"i":470,"j":478},{"i":473,"j":486},{"i":471,"j":473},{"i":468,"j":474},{"i":484,"j":507},{"i":469,"j":477},{"i":464,"j":469},{"i":330,"j":477},{"i":458,"j":481},{"i":475,"j":478},{"i":474,"j":475},{"i":480,"j":548},{"i":161,"j":480},{"i":448,"j":476},{"i":483,"j":492},{"i":479,"j":483},{"i":491,"j":500},{"i":433,"j":489},{"i":479,"j":492},{"i":481,"j":489},{"i":476,"j":496},{"i":466,"j":491},{"i":490,"j":497},{"i":456,"j":490},{"i":477,"j":488},{"i":487,"j":548},{"i":480,"j":487},{"i":481,"j":506},{"i":492,"j":517},{"i":476,"j":493},{"i":489,"j":498},{"i":483,"j":489},{"i":476,"j":484},{"i":485,"j":495},{"i":488,"j":530},{"i":487,"j":488},{"i":482,"j":504},{"i":478,"j":482},{"i":102,"j":677},{"i":485,"j":491},{"i":485,"j":494},{"i":502,"j":509},{"i":503,"j":521},{"i":495,"j":503},{"i":497,"j":502},{"i":481,"j":497},{"i":498,"j":505},{"i":492,"j":499},{"i":472,"j":495},{"i":494,"j":503},{"i":481,"j":502},{"i":494,"j":500},{"i":504,"j":508},{"i":507,"j":516},{"i":496,"j":507},{"i":498,"j":506},{"i":499,"j":505},{"i":505,"j":579},{"i":468,"j":504},{"i":493,"j":510},{"i":490,"j":493},{"i":504,"j":515},{"i":496,"j":511},{"i":506,"j":509},{"i":510,"j":522},{"i":509,"j":510},{"i":520,"j":524},{"i":508,"j":516},{"i":507,"j":508},{"i":486,"j":526},{"i":511,"j":513},{"i":493,"j":511},{"i":536,"j":550},{"i":500,"j":525},{"i":325,"j":514},{"i":525,"j":536},{"i":499,"j":518},{"i":517,"j":531},{"i":517,"j":518},{"i":513,"j":522},{"i":516,"j":523},{"i":511,"j":516},{"i":454,"j":539},{"i":515,"j":524},{"i":526,"j":534},{"i":512,"j":526},{"i":520,"j":523},{"i":516,"j":520},{"i":500,"j":501},{"i":542,"j":564},{"i":515,"j":537},{"i":523,"j":529},{"i":486,"j":528},{"i":519,"j":525},{"i":501,"j":519},{"i":534,"j":562},{"i":524,"j":546},{"i":521,"j":536},{"i":527,"j":528},{"i":521,"j":527},{"i":529,"j":535},{"i":534,"j":538},{"i":536,"j":547},{"i":540,"j":548},{"i":509,"j":522},{"i":531,"j":540},{"i":530,"j":531},{"i":518,"j":579},{"i":513,"j":535},{"i":532,"j":551},{"i":522,"j":532},{"i":528,"j":534},{"i":504,"j":512},{"i":550,"j":558},{"i":547,"j":550},{"i":529,"j":546},{"i":541,"j":559},{"i":532,"j":533},{"i":538,"j":545},{"i":537,"j":538},{"i":514,"j":542},{"i":535,"j":543},{"i":533,"j":535},{"i":533,"j":543},{"i":541,"j":544},{"i":527,"j":541},{"i":534,"j":549},{"i":546,"j":557},{"i":537,"j":554},{"i":545,"j":555},{"i":534,"j":556},{"i":519,"j":560},{"i":530,"j":548},{"i":550,"j":560},{"i":549,"j":561},{"i":553,"j":564},{"i":547,"j":552},{"i":551,"j":576},{"i":522,"j":551},{"i":541,"j":552},{"i":539,"j":542},{"i":545,"j":549},{"i":544,"j":568},{"i":528,"j":544},{"i":554,"j":555},{"i":554,"j":557},{"i":557,"j":567},{"i":543,"j":557},{"i":581,"j":587},{"i":556,"j":561},{"i":558,"j":559},{"i":552,"j":558},{"i":553,"j":560},{"i":539,"j":553},{"i":563,"j":569},{"i":561,"j":563},{"i":561,"j":569},{"i":562,"j":566},{"i":562,"j":563},{"i":556,"j":562},{"i":566,"j":568},{"i":561,"j":565},{"i":555,"j":561},{"i":567,"j":576},{"i":565,"j":574},{"i":565,"j":567},{"i":559,"j":573},{"i":569,"j":575},{"i":567,"j":574},{"i":564,"j":586},{"i":560,"j":564},{"i":572,"j":575},{"i":569,"j":572},{"i":569,"j":588},{"i":559,"j":560},{"i":572,"j":574},{"i":574,"j":583},{"i":576,"j":580},{"i":571,"j":581},{"i":568,"j":571},{"i":597,"j":604},{"i":514,"j":578},{"i":577,"j":578},{"i":564,"j":570},{"i":579,"j":584},{"i":580,"j":584},{"i":579,"j":580},{"i":575,"j":583},{"i":584,"j":612},{"i":540,"j":584},{"i":582,"j":596},{"i":567,"j":582},{"i":585,"j":592},{"i":581,"j":585},{"i":581,"j":589},{"i":573,"j":589},{"i":571,"j":573},{"i":585,"j":591},{"i":566,"j":585},{"i":573,"j":593},{"i":588,"j":590},{"i":595,"j":601},{"i":587,"j":592},{"i":594,"j":612},{"i":587,"j":599},{"i":588,"j":591},{"i":590,"j":594},{"i":583,"j":590},{"i":573,"j":602},{"i":589,"j":593},{"i":582,"j":594},{"i":586,"j":609},{"i":596,"j":612},{"i":584,"j":596},{"i":595,"j":597},{"i":593,"j":595},{"i":597,"j":598},{"i":592,"j":618},{"i":591,"j":592},{"i":598,"j":599},{"i":598,"j":617},{"i":600,"j":601},{"i":595,"j":600},{"i":601,"j":608},{"i":606,"j":616},{"i":600,"j":602},{"i":598,"j":604},{"i":603,"j":605},{"i":602,"j":603},{"i":605,"j":607},{"i":602,"j":605},{"i":603,"j":606},{"i":606,"j":607},{"i":615,"j":623},{"i":607,"j":611},{"i":586,"j":615},{"i":613,"j":629},{"i":570,"j":627},{"i":607,"j":614},{"i":604,"j":608},{"i":617,"j":635},{"i":612,"j":690},{"i":611,"j":613},{"i":608,"j":613},{"i":630,"j":658},{"i":614,"j":621},{"i":603,"j":609},{"i":612,"j":618},{"i":599,"j":635},{"i":611,"j":621},{"i":614,"j":616},{"i":609,"j":623},{"i":616,"j":626},{"i":586,"j":610},{"i":626,"j":633},{"i":624,"j":626},{"i":620,"j":623},{"i":615,"j":620},{"i":610,"j":622},{"i":619,"j":623},{"i":616,"j":619},{"i":628,"j":632},{"i":625,"j":631},{"i":623,"j":631},{"i":624,"j":628},{"i":621,"j":624},{"i":625,"j":626},{"i":619,"j":625},{"i":578,"j":627},{"i":570,"j":578},{"i":632,"j":637},{"i":629,"j":632},{"i":627,"j":630},{"i":610,"j":627},{"i":629,"j":634},{"i":617,"j":629},{"i":628,"j":633},{"i":634,"j":644},{"i":626,"j":636},{"i":636,"j":639},{"i":634,"j":635},{"i":618,"j":635},{"i":636,"j":640},{"i":631,"j":647},{"i":633,"j":639},{"i":638,"j":639},{"i":638,"j":645},{"i":640,"j":643},{"i":637,"j":638},{"i":639,"j":640},{"i":642,"j":645},{"i":639,"j":642},{"i":641,"j":644},{"i":637,"j":641},{"i":635,"j":646},{"i":644,"j":646},{"i":642,"j":643},{"i":641,"j":645},{"i":649,"j":653},{"i":645,"j":648},{"i":651,"j":654},{"i":648,"j":652},{"i":647,"j":649},{"i":643,"j":647},{"i":620,"j":622},{"i":650,"j":652},{"i":648,"j":650},{"i":649,"j":651},{"i":650,"j":651},{"i":652,"j":664},{"i":653,"j":654},{"i":654,"j":664},{"i":653,"j":655},{"i":655,"j":664},{"i":656,"j":660},{"i":647,"j":656},{"i":630,"j":657},{"i":622,"j":630},{"i":627,"j":659},{"i":657,"j":658},{"i":656,"j":657},{"i":664,"j":667},{"i":659,"j":662},{"i":658,"j":659},{"i":659,"j":661},{"i":660,"j":668},{"i":655,"j":660},{"i":662,"j":663},{"i":655,"j":668},{"i":674,"j":681},{"i":672,"j":674},{"i":664,"j":665},{"i":646,"j":664},{"i":618,"j":665},{"i":661,"j":671},{"i":578,"j":677},{"i":668,"j":673},{"i":663,"j":672},{"i":657,"j":663},{"i":666,"j":669},{"i":661,"j":666},{"i":668,"j":670},{"i":669,"j":671},{"i":673,"j":682},{"i":671,"j":672},{"i":662,"j":671},{"i":667,"j":676},{"i":670,"j":673},{"i":669,"j":674},{"i":667,"j":670},{"i":679,"j":688},{"i":665,"j":675},{"i":577,"j":677},{"i":675,"j":676},{"i":676,"j":678},{"i":678,"j":680},{"i":675,"j":678},{"i":672,"j":687},{"i":679,"j":681},{"i":674,"j":679},{"i":665,"j":680},{"i":682,"j":683},{"i":676,"j":682},{"i":685,"j":686},{"i":683,"j":686},{"i":680,"j":683},{"i":686,"j":689},{"i":685,"j":690},{"i":680,"j":685},{"i":682,"j":689},{"i":682,"j":684},{"i":681,"j":696},{"i":684,"j":687},{"i":677,"j":688},{"i":666,"j":677},{"i":684,"j":691},{"i":691,"j":693},{"i":689,"j":691},{"i":694,"j":699},{"i":548,"j":690},{"i":692,"j":698},{"i":690,"j":692},{"i":687,"j":696},{"i":688,"j":694},{"i":693,"j":695},{"i":692,"j":693},{"i":692,"j":695},{"i":681,"j":694},{"i":696,"j":697},{"i":697,"j":698},{"i":695,"j":697},{"i":677,"j":699},{"i":0,"j":7},{"i":7,"j":22},{"i":22,"j":33},{"i":33,"j":108},{"i":108,"j":161},{"i":161,"j":548},{"i":548,"j":698},{"i":698,"j":699}],"type":"Solution"}