{"instance_name":"us-night-0000600","edges":[{"i":1,"j":9},{"i":9,"j":58},{"i":0,"j":1},{"i":6,"j":13},{"i":4,"j":5},{"i":1,"j":4},{"i":6,"j":16},{"i":5,"j":7},{"i":1,"j":5},{"i":16,"j":18},{"i":9,"j":10},{"i":8,"j":9},{"i":8,"j":12},{"i":4,"j":8},{"i":8,"j":10},{"i":7,"j":12},{"i":1,"j":7},{"i":11,"j":14},{"i":6,"j":11},{"i":8,"j":22},{"i":11,"j":13},{"i":0,"j":3},{"i":13,"j":16},{"i":17,"j":18},{"i":19,"j":31},{"i":17,"j":20},{"i":14,"j":17},{"i":21,"j":26},{"i":12,"j":22},{"i":3,"j":12},{"i":15,"j":19},{"i":22,"j":28},{"i":10,"j":23},{"i":3,"j":22},{"i":9,"j":41},{"i":20,"j":31},{"i":19,"j":20},{"i":33,"j":35},{"i":25,"j":26},{"i":18,"j":46},{"i":9,"j":45},{"i":2,"j":24},{"i":29,"j":30},{"i":26,"j":29},{"i":30,"j":36},{"i":30,"j":32},{"i":25,"j":30},{"i":27,"j":44},{"i":24,"j":27},{"i":32,"j":33},{"i":25,"j":32},{"i":25,"j":33},{"i":34,"j":38},{"i":33,"j":34},{"i":37,"j":39},{"i":34,"j":35},{"i":36,"j":37},{"i":35,"j":37},{"i":36,"j":42},{"i":38,"j":43},{"i":33,"j":38},{"i":29,"j":53},{"i":39,"j":40},{"i":38,"j":39},{"i":40,"j":43},{"i":42,"j":53},{"i":28,"j":44},{"i":27,"j":28},{"i":43,"j":47},{"i":23,"j":48},{"i":23,"j":57},{"i":44,"j":46},{"i":24,"j":44},{"i":49,"j":51},{"i":40,"j":42},{"i":31,"j":53},{"i":41,"j":57},{"i":49,"j":50},{"i":43,"j":49},{"i":50,"j":51},{"i":43,"j":50},{"i":51,"j":52},{"i":47,"j":52},{"i":53,"j":54},{"i":46,"j":56},{"i":54,"j":55},{"i":49,"j":54},{"i":55,"j":72},{"i":48,"j":56},{"i":44,"j":48},{"i":31,"j":56},{"i":41,"j":45},{"i":57,"j":61},{"i":45,"j":62},{"i":55,"j":65},{"i":63,"j":67},{"i":60,"j":63},{"i":57,"j":60},{"i":48,"j":60},{"i":61,"j":62},{"i":61,"j":63},{"i":59,"j":70},{"i":62,"j":64},{"i":56,"j":59},{"i":63,"j":75},{"i":58,"j":66},{"i":64,"j":75},{"i":67,"j":78},{"i":67,"j":68},{"i":59,"j":68},{"i":69,"j":74},{"i":69,"j":70},{"i":59,"j":69},{"i":71,"j":83},{"i":65,"j":71},{"i":72,"j":76},{"i":70,"j":73},{"i":77,"j":80},{"i":76,"j":77},{"i":77,"j":81},{"i":74,"j":85},{"i":73,"j":74},{"i":64,"j":66},{"i":72,"j":81},{"i":83,"j":86},{"i":76,"j":80},{"i":65,"j":83},{"i":75,"j":78},{"i":52,"j":76},{"i":68,"j":95},{"i":79,"j":82},{"i":47,"j":79},{"i":79,"j":89},{"i":73,"j":85},{"i":71,"j":73},{"i":80,"j":89},{"i":79,"j":80},{"i":82,"j":93},{"i":47,"j":82},{"i":80,"j":92},{"i":83,"j":85},{"i":81,"j":91},{"i":86,"j":87},{"i":84,"j":86},{"i":78,"j":103},{"i":84,"j":87},{"i":85,"j":88},{"i":84,"j":90},{"i":81,"j":84},{"i":97,"j":109},{"i":89,"j":97},{"i":87,"j":96},{"i":91,"j":94},{"i":91,"j":92},{"i":90,"j":94},{"i":87,"j":88},{"i":114,"j":132},{"i":92,"j":116},{"i":94,"j":106},{"i":90,"j":96},{"i":69,"j":95},{"i":108,"j":115},{"i":99,"j":114},{"i":96,"j":99},{"i":98,"j":100},{"i":88,"j":98},{"i":100,"j":101},{"i":96,"j":100},{"i":95,"j":102},{"i":102,"j":124},{"i":98,"j":102},{"i":97,"j":104},{"i":104,"j":110},{"i":93,"j":104},{"i":103,"j":107},{"i":75,"j":105},{"i":106,"j":128},{"i":103,"j":113},{"i":102,"j":107},{"i":97,"j":116},{"i":104,"j":109},{"i":110,"j":131},{"i":93,"j":110},{"i":114,"j":133},{"i":108,"j":112},{"i":107,"j":108},{"i":115,"j":120},{"i":105,"j":113},{"i":111,"j":116},{"i":92,"j":111},{"i":99,"j":101},{"i":107,"j":112},{"i":113,"j":115},{"i":111,"j":128},{"i":109,"j":139},{"i":115,"j":117},{"i":66,"j":118},{"i":118,"j":119},{"i":123,"j":129},{"i":112,"j":117},{"i":120,"j":122},{"i":120,"j":121},{"i":117,"j":120},{"i":113,"j":123},{"i":121,"j":125},{"i":119,"j":123},{"i":105,"j":119},{"i":121,"j":124},{"i":99,"j":133},{"i":124,"j":127},{"i":122,"j":126},{"i":125,"j":127},{"i":124,"j":125},{"i":122,"j":129},{"i":126,"j":127},{"i":106,"j":114},{"i":130,"j":143},{"i":128,"j":130},{"i":126,"j":137},{"i":129,"j":141},{"i":101,"j":146},{"i":134,"j":140},{"i":109,"j":134},{"i":131,"j":135},{"i":93,"j":131},{"i":100,"j":146},{"i":132,"j":149},{"i":130,"j":132},{"i":116,"j":144},{"i":131,"j":134},{"i":133,"j":136},{"i":118,"j":141},{"i":118,"j":145},{"i":135,"j":138},{"i":116,"j":128},{"i":141,"j":145},{"i":139,"j":140},{"i":138,"j":140},{"i":137,"j":142},{"i":141,"j":142},{"i":137,"j":141},{"i":118,"j":174},{"i":132,"j":150},{"i":128,"j":143},{"i":136,"j":155},{"i":147,"j":153},{"i":127,"j":148},{"i":142,"j":148},{"i":139,"j":144},{"i":118,"j":219},{"i":146,"j":184},{"i":147,"j":152},{"i":140,"j":147},{"i":132,"j":136},{"i":150,"j":154},{"i":150,"j":151},{"i":149,"j":150},{"i":144,"j":165},{"i":138,"j":152},{"i":153,"j":161},{"i":151,"j":158},{"i":146,"j":155},{"i":143,"j":162},{"i":149,"j":158},{"i":156,"j":160},{"i":144,"j":156},{"i":154,"j":159},{"i":167,"j":172},{"i":157,"j":172},{"i":156,"j":157},{"i":154,"j":197},{"i":171,"j":177},{"i":170,"j":171},{"i":153,"j":165},{"i":161,"j":166},{"i":152,"j":161},{"i":160,"j":163},{"i":144,"j":160},{"i":144,"j":163},{"i":157,"j":162},{"i":163,"j":195},{"i":166,"j":201},{"i":161,"j":165},{"i":164,"j":167},{"i":162,"j":164},{"i":143,"j":171},{"i":155,"j":168},{"i":166,"j":169},{"i":135,"j":169},{"i":158,"j":180},{"i":170,"j":173},{"i":164,"j":170},{"i":171,"j":180},{"i":148,"j":187},{"i":172,"j":182},{"i":145,"j":176},{"i":175,"j":179},{"i":145,"j":175},{"i":167,"j":183},{"i":159,"j":178},{"i":151,"j":159},{"i":167,"j":173},{"i":154,"j":168},{"i":175,"j":190},{"i":178,"j":180},{"i":189,"j":194},{"i":177,"j":186},{"i":173,"j":177},{"i":182,"j":195},{"i":180,"j":186},{"i":181,"j":184},{"i":176,"j":211},{"i":175,"j":176},{"i":178,"j":216},{"i":185,"j":188},{"i":184,"j":185},{"i":185,"j":189},{"i":168,"j":181},{"i":187,"j":191},{"i":179,"j":198},{"i":148,"j":179},{"i":188,"j":217},{"i":190,"j":198},{"i":192,"j":211},{"i":189,"j":191},{"i":182,"j":183},{"i":195,"j":201},{"i":165,"j":195},{"i":193,"j":196},{"i":180,"j":193},{"i":197,"j":204},{"i":196,"j":202},{"i":197,"j":208},{"i":192,"j":198},{"i":190,"j":192},{"i":198,"j":199},{"i":192,"j":205},{"i":186,"j":202},{"i":183,"j":186},{"i":195,"j":200},{"i":202,"j":203},{"i":200,"j":202},{"i":191,"j":225},{"i":203,"j":206},{"i":200,"j":203},{"i":181,"j":210},{"i":204,"j":216},{"i":187,"j":199},{"i":196,"j":207},{"i":201,"j":206},{"i":193,"j":216},{"i":212,"j":217},{"i":207,"j":221},{"i":208,"j":215},{"i":209,"j":214},{"i":197,"j":209},{"i":188,"j":194},{"i":194,"j":220},{"i":174,"j":211},{"i":209,"j":210},{"i":212,"j":213},{"i":210,"j":212},{"i":218,"j":230},{"i":213,"j":214},{"i":209,"j":213},{"i":216,"j":226},{"i":207,"j":216},{"i":208,"j":224},{"i":222,"j":230},{"i":221,"j":237},{"i":214,"j":224},{"i":205,"j":218},{"i":199,"j":205},{"i":211,"j":241},{"i":174,"j":219},{"i":216,"j":233},{"i":218,"j":222},{"i":221,"j":223},{"i":202,"j":221},{"i":231,"j":235},{"i":223,"j":250},{"i":206,"j":223},{"i":224,"j":229},{"i":215,"j":231},{"i":204,"j":215},{"i":221,"j":226},{"i":225,"j":228},{"i":220,"j":225},{"i":222,"j":227},{"i":228,"j":232},{"i":220,"j":228},{"i":217,"j":234},{"i":232,"j":242},{"i":225,"j":227},{"i":229,"j":231},{"i":251,"j":286},{"i":227,"j":249},{"i":231,"j":239},{"i":217,"j":242},{"i":231,"j":247},{"i":233,"j":235},{"i":229,"j":234},{"i":230,"j":236},{"i":226,"j":245},{"i":233,"j":262},{"i":238,"j":247},{"i":234,"j":243},{"i":238,"j":240},{"i":235,"j":238},{"i":232,"j":249},{"i":219,"j":241},{"i":211,"j":219},{"i":236,"j":249},{"i":242,"j":243},{"i":248,"j":255},{"i":237,"j":244},{"i":245,"j":248},{"i":237,"j":245},{"i":244,"j":250},{"i":223,"j":244},{"i":240,"j":262},{"i":233,"j":240},{"i":239,"j":277},{"i":218,"j":251},{"i":243,"j":269},{"i":239,"j":243},{"i":245,"j":262},{"i":256,"j":261},{"i":236,"j":275},{"i":244,"j":254},{"i":250,"j":258},{"i":246,"j":252},{"i":236,"j":246},{"i":241,"j":251},{"i":246,"j":253},{"i":251,"j":253},{"i":246,"j":251},{"i":265,"j":274},{"i":255,"j":256},{"i":254,"j":255},{"i":256,"j":259},{"i":254,"j":259},{"i":258,"j":263},{"i":169,"j":258},{"i":261,"j":268},{"i":257,"j":269},{"i":243,"j":257},{"i":253,"j":260},{"i":258,"j":266},{"i":247,"j":279},{"i":259,"j":266},{"i":269,"j":289},{"i":248,"j":270},{"i":249,"j":265},{"i":261,"j":267},{"i":262,"j":270},{"i":267,"j":272},{"i":257,"j":264},{"i":267,"j":268},{"i":268,"j":270},{"i":265,"j":271},{"i":264,"j":265},{"i":272,"j":276},{"i":272,"j":273},{"i":266,"j":272},{"i":273,"j":276},{"i":263,"j":273},{"i":271,"j":281},{"i":264,"j":271},{"i":236,"j":252},{"i":274,"j":281},{"i":281,"j":290},{"i":276,"j":353},{"i":263,"j":276},{"i":277,"j":291},{"i":279,"j":328},{"i":277,"j":278},{"i":278,"j":279},{"i":247,"j":278},{"i":279,"j":292},{"i":262,"j":292},{"i":282,"j":316},{"i":274,"j":275},{"i":280,"j":282},{"i":270,"j":280},{"i":282,"j":283},{"i":268,"j":282},{"i":283,"j":304},{"i":276,"j":283},{"i":281,"j":285},{"i":260,"j":284},{"i":252,"j":260},{"i":281,"j":288},{"i":285,"j":297},{"i":285,"j":287},{"i":289,"j":291},{"i":275,"j":294},{"i":287,"j":289},{"i":292,"j":326},{"i":291,"j":336},{"i":284,"j":294},{"i":288,"j":297},{"i":296,"j":298},{"i":294,"j":296},{"i":288,"j":301},{"i":286,"j":293},{"i":260,"j":286},{"i":294,"j":300},{"i":294,"j":295},{"i":299,"j":349},{"i":295,"j":301},{"i":290,"j":295},{"i":296,"j":305},{"i":290,"j":301},{"i":298,"j":308},{"i":300,"j":307},{"i":298,"j":302},{"i":293,"j":299},{"i":284,"j":293},{"i":305,"j":311},{"i":306,"j":319},{"i":298,"j":303},{"i":302,"j":303},{"i":300,"j":302},{"i":280,"j":316},{"i":304,"j":320},{"i":284,"j":306},{"i":303,"j":314},{"i":308,"j":311},{"i":307,"j":318},{"i":301,"j":307},{"i":308,"j":310},{"i":309,"j":310},{"i":308,"j":309},{"i":313,"j":317},{"i":310,"j":313},{"i":311,"j":312},{"i":327,"j":349},{"i":307,"j":323},{"i":313,"j":314},{"i":306,"j":315},{"i":305,"j":306},{"i":301,"j":331},{"i":278,"j":291},{"i":312,"j":321},{"i":309,"j":312},{"i":317,"j":323},{"i":314,"j":317},{"i":307,"j":314},{"i":299,"j":319},{"i":304,"j":316},{"i":315,"j":322},{"i":312,"j":315},{"i":317,"j":324},{"i":317,"j":321},{"i":322,"j":327},{"i":321,"j":322},{"i":324,"j":325},{"i":323,"j":324},{"i":297,"j":331},{"i":319,"j":349},{"i":318,"j":331},{"i":315,"j":319},{"i":325,"j":329},{"i":340,"j":346},{"i":325,"j":327},{"i":326,"j":330},{"i":316,"j":326},{"i":330,"j":333},{"i":316,"j":330},{"i":333,"j":352},{"i":326,"j":335},{"i":328,"j":335},{"i":333,"j":347},{"i":332,"j":333},{"i":328,"j":337},{"i":335,"j":345},{"i":334,"j":335},{"i":287,"j":331},{"i":336,"j":337},{"i":328,"j":336},{"i":362,"j":388},{"i":336,"j":344},{"i":329,"j":338},{"i":318,"j":329},{"i":348,"j":369},{"i":337,"j":348},{"i":338,"j":340},{"i":331,"j":338},{"i":329,"j":341},{"i":320,"j":332},{"i":332,"j":342},{"i":342,"j":353},{"i":320,"j":342},{"i":331,"j":340},{"i":344,"j":354},{"i":334,"j":345},{"i":337,"j":339},{"i":333,"j":334},{"i":341,"j":346},{"i":333,"j":356},{"i":357,"j":372},{"i":339,"j":344},{"i":343,"j":354},{"i":331,"j":343},{"i":343,"j":360},{"i":350,"j":369},{"i":339,"j":350},{"i":345,"j":357},{"i":347,"j":352},{"i":353,"j":412},{"i":351,"j":354},{"i":347,"j":358},{"i":355,"j":358},{"i":348,"j":357},{"i":358,"j":395},{"i":351,"j":363},{"i":350,"j":351},{"i":355,"j":367},{"i":353,"j":355},{"i":352,"j":378},{"i":343,"j":346},{"i":360,"j":361},{"i":354,"j":360},{"i":349,"j":362},{"i":359,"j":362},{"i":361,"j":363},{"i":366,"j":376},{"i":359,"j":382},{"i":365,"j":372},{"i":357,"j":365},{"i":364,"j":366},{"i":346,"j":364},{"i":356,"j":373},{"i":353,"j":367},{"i":366,"j":368},{"i":369,"j":372},{"i":365,"j":369},{"i":373,"j":385},{"i":363,"j":381},{"i":359,"j":371},{"i":341,"j":359},{"i":364,"j":370},{"i":371,"j":382},{"i":361,"j":368},{"i":356,"j":372},{"i":376,"j":379},{"i":352,"j":373},{"i":393,"j":481},{"i":374,"j":378},{"i":373,"j":374},{"i":370,"j":371},{"i":375,"j":376},{"i":370,"j":375},{"i":368,"j":376},{"i":379,"j":380},{"i":377,"j":379},{"i":377,"j":383},{"i":363,"j":377},{"i":374,"j":397},{"i":359,"j":384},{"i":380,"j":398},{"i":381,"j":383},{"i":375,"j":382},{"i":381,"j":385},{"i":372,"j":381},{"i":384,"j":386},{"i":380,"j":389},{"i":367,"j":395},{"i":392,"j":396},{"i":378,"j":392},{"i":384,"j":390},{"i":286,"j":496},{"i":383,"j":398},{"i":388,"j":390},{"i":403,"j":424},{"i":391,"j":392},{"i":378,"j":391},{"i":386,"j":401},{"i":388,"j":393},{"i":389,"j":408},{"i":387,"j":411},{"i":353,"j":387},{"i":395,"j":409},{"i":387,"j":395},{"i":391,"j":399},{"i":397,"j":404},{"i":385,"j":407},{"i":386,"j":400},{"i":382,"j":386},{"i":396,"j":402},{"i":395,"j":396},{"i":397,"j":399},{"i":389,"j":410},{"i":390,"j":403},{"i":404,"j":406},{"i":399,"j":404},{"i":381,"j":394},{"i":393,"j":403},{"i":398,"j":413},{"i":394,"j":398},{"i":401,"j":423},{"i":392,"j":399},{"i":402,"j":405},{"i":406,"j":435},{"i":405,"j":406},{"i":389,"j":400},{"i":419,"j":429},{"i":400,"j":416},{"i":402,"j":420},{"i":408,"j":413},{"i":400,"j":401},{"i":409,"j":415},{"i":411,"j":412},{"i":417,"j":433},{"i":407,"j":421},{"i":408,"j":445},{"i":405,"j":435},{"i":394,"j":418},{"i":409,"j":419},{"i":410,"j":445},{"i":415,"j":417},{"i":413,"j":443},{"i":404,"j":430},{"i":419,"j":428},{"i":415,"j":419},{"i":407,"j":414},{"i":409,"j":429},{"i":414,"j":443},{"i":410,"j":416},{"i":422,"j":434},{"i":416,"j":422},{"i":423,"j":427},{"i":425,"j":426},{"i":412,"j":425},{"i":411,"j":417},{"i":442,"j":453},{"i":420,"j":438},{"i":404,"j":431},{"i":430,"j":435},{"i":407,"j":432},{"i":404,"j":407},{"i":435,"j":455},{"i":418,"j":443},{"i":414,"j":418},{"i":415,"j":428},{"i":446,"j":451},{"i":440,"j":448},{"i":427,"j":434},{"i":422,"j":427},{"i":412,"j":426},{"i":424,"j":437},{"i":423,"j":424},{"i":433,"j":447},{"i":425,"j":433},{"i":420,"j":435},{"i":436,"j":439},{"i":426,"j":436},{"i":451,"j":461},{"i":444,"j":448},{"i":441,"j":444},{"i":438,"j":440},{"i":429,"j":438},{"i":263,"j":439},{"i":428,"j":444},{"i":437,"j":442},{"i":441,"j":447},{"i":433,"j":441},{"i":428,"j":440},{"i":431,"j":451},{"i":442,"j":445},{"i":434,"j":442},{"i":432,"j":451},{"i":431,"j":432},{"i":446,"j":450},{"i":430,"j":446},{"i":441,"j":448},{"i":447,"j":457},{"i":435,"j":454},{"i":393,"j":449},{"i":421,"j":460},{"i":455,"j":482},{"i":454,"j":455},{"i":445,"j":459},{"i":453,"j":463},{"i":449,"j":452},{"i":437,"j":449},{"i":450,"j":464},{"i":430,"j":464},{"i":463,"j":477},{"i":448,"j":482},{"i":445,"j":462},{"i":452,"j":456},{"i":448,"j":454},{"i":436,"j":467},{"i":421,"j":443},{"i":460,"j":468},{"i":450,"j":458},{"i":458,"j":461},{"i":453,"j":456},{"i":459,"j":472},{"i":463,"j":495},{"i":472,"j":479},{"i":469,"j":472},{"i":466,"j":474},{"i":474,"j":518},{"i":457,"j":467},{"i":466,"j":473},{"i":457,"j":482},{"i":466,"j":467},{"i":443,"j":459},{"i":468,"j":475},{"i":461,"j":468},{"i":462,"j":471},{"i":470,"j":486},{"i":465,"j":470},{"i":465,"j":466},{"i":460,"j":485},{"i":462,"j":463},{"i":476,"j":488},{"i":467,"j":511},{"i":473,"j":474},{"i":470,"j":473},{"i":464,"j":482},{"i":469,"j":480},{"i":443,"j":469},{"i":479,"j":488},{"i":458,"j":502},{"i":471,"j":476},{"i":471,"j":483},{"i":456,"j":495},{"i":477,"j":483},{"i":471,"j":477},{"i":452,"j":495},{"i":472,"j":476},{"i":480,"j":484},{"i":479,"j":480},{"i":388,"j":496},{"i":475,"j":490},{"i":482,"j":503},{"i":452,"j":478},{"i":483,"j":488},{"i":484,"j":485},{"i":465,"j":486},{"i":439,"j":465},{"i":478,"j":481},{"i":478,"j":487},{"i":477,"j":508},{"i":481,"j":489},{"i":489,"j":497},{"i":484,"j":491},{"i":490,"j":499},{"i":491,"j":501},{"i":485,"j":491},{"i":485,"j":498},{"i":475,"j":498},{"i":498,"j":506},{"i":494,"j":498},{"i":493,"j":499},{"i":490,"j":493},{"i":493,"j":494},{"i":487,"j":504},{"i":219,"j":496},{"i":489,"j":496},{"i":492,"j":497},{"i":492,"j":504},{"i":487,"j":492},{"i":504,"j":517},{"i":488,"j":512},{"i":502,"j":507},{"i":499,"j":502},{"i":467,"j":503},{"i":464,"j":502},{"i":500,"j":508},{"i":495,"j":500},{"i":505,"j":511},{"i":503,"j":505},{"i":501,"j":509},{"i":506,"j":510},{"i":494,"j":506},{"i":509,"j":514},{"i":505,"j":507},{"i":500,"j":504},{"i":510,"j":514},{"i":506,"j":509},{"i":511,"j":518},{"i":516,"j":549},{"i":510,"j":513},{"i":507,"j":510},{"i":508,"j":534},{"i":513,"j":518},{"i":512,"j":515},{"i":516,"j":520},{"i":497,"j":516},{"i":513,"j":521},{"i":518,"j":589},{"i":515,"j":519},{"i":501,"j":515},{"i":501,"j":519},{"i":508,"j":526},{"i":514,"j":523},{"i":517,"j":520},{"i":521,"j":523},{"i":518,"j":521},{"i":523,"j":533},{"i":522,"j":527},{"i":519,"j":522},{"i":527,"j":542},{"i":517,"j":529},{"i":525,"j":530},{"i":512,"j":525},{"i":522,"j":524},{"i":528,"j":531},{"i":526,"j":528},{"i":525,"j":526},{"i":528,"j":539},{"i":520,"j":549},{"i":528,"j":530},{"i":524,"j":543},{"i":526,"j":534},{"i":496,"j":532},{"i":523,"j":527},{"i":536,"j":538},{"i":533,"j":589},{"i":529,"j":535},{"i":529,"j":549},{"i":541,"j":566},{"i":536,"j":537},{"i":534,"j":536},{"i":539,"j":552},{"i":535,"j":538},{"i":531,"j":547},{"i":530,"j":550},{"i":539,"j":540},{"i":544,"j":566},{"i":530,"j":540},{"i":532,"j":541},{"i":516,"j":532},{"i":530,"j":543},{"i":524,"j":530},{"i":545,"j":550},{"i":540,"j":545},{"i":533,"j":542},{"i":531,"j":537},{"i":537,"j":561},{"i":547,"j":561},{"i":543,"j":546},{"i":548,"j":563},{"i":533,"j":548},{"i":546,"j":551},{"i":547,"j":553},{"i":546,"j":548},{"i":542,"j":546},{"i":549,"j":556},{"i":535,"j":549},{"i":541,"j":544},{"i":545,"j":555},{"i":550,"j":551},{"i":554,"j":559},{"i":551,"j":563},{"i":545,"j":552},{"i":554,"j":561},{"i":552,"j":553},{"i":566,"j":580},{"i":553,"j":554},{"i":561,"j":565},{"i":555,"j":559},{"i":554,"j":560},{"i":544,"j":557},{"i":561,"j":564},{"i":538,"j":565},{"i":560,"j":564},{"i":559,"j":560},{"i":533,"j":563},{"i":558,"j":563},{"i":555,"j":558},{"i":558,"j":562},{"i":556,"j":565},{"i":564,"j":567},{"i":562,"j":564},{"i":565,"j":573},{"i":556,"j":557},{"i":561,"j":568},{"i":571,"j":576},{"i":567,"j":568},{"i":566,"j":569},{"i":567,"j":570},{"i":562,"j":567},{"i":570,"j":577},{"i":563,"j":570},{"i":572,"j":575},{"i":568,"j":572},{"i":557,"j":569},{"i":573,"j":575},{"i":572,"j":573},{"i":571,"j":574},{"i":569,"j":571},{"i":574,"j":578},{"i":574,"j":585},{"i":573,"j":574},{"i":575,"j":577},{"i":583,"j":594},{"i":579,"j":589},{"i":577,"j":579},{"i":574,"j":576},{"i":563,"j":577},{"i":576,"j":580},{"i":580,"j":583},{"i":578,"j":580},{"i":566,"j":582},{"i":580,"j":581},{"i":496,"j":582},{"i":581,"j":587},{"i":584,"j":585},{"i":588,"j":591},{"i":584,"j":588},{"i":579,"j":584},{"i":578,"j":583},{"i":581,"j":582},{"i":219,"j":586},{"i":582,"j":586},{"i":591,"j":597},{"i":585,"j":594},{"i":587,"j":594},{"i":219,"j":599},{"i":589,"j":592},{"i":590,"j":596},{"i":589,"j":590},{"i":486,"j":592},{"i":591,"j":593},{"i":594,"j":597},{"i":588,"j":594},{"i":586,"j":595},{"i":593,"j":596},{"i":590,"j":593},{"i":596,"j":597},{"i":592,"j":596},{"i":597,"j":598},{"i":587,"j":595},{"i":595,"j":599},{"i":0,"j":2},{"i":2,"j":6},{"i":6,"j":14},{"i":14,"j":15},{"i":15,"j":21},{"i":21,"j":25},{"i":25,"j":47},{"i":47,"j":93},{"i":93,"j":135},{"i":135,"j":486},{"i":486,"j":598},{"i":598,"j":599}],"type":"Solution"}