{"instance_name":"us-night-0000100","edges":[{"i":3,"j":9},{"i":1,"j":11},{"i":3,"j":4},{"i":2,"j":3},{"i":0,"j":8},{"i":4,"j":6},{"i":2,"j":4},{"i":5,"j":9},{"i":5,"j":6},{"i":4,"j":5},{"i":6,"j":13},{"i":0,"j":1},{"i":0,"j":7},{"i":10,"j":14},{"i":9,"j":10},{"i":14,"j":22},{"i":8,"j":10},{"i":7,"j":18},{"i":9,"j":12},{"i":6,"j":12},{"i":12,"j":16},{"i":8,"j":18},{"i":14,"j":15},{"i":15,"j":16},{"i":16,"j":17},{"i":19,"j":31},{"i":15,"j":27},{"i":7,"j":11},{"i":17,"j":19},{"i":22,"j":25},{"i":13,"j":19},{"i":20,"j":22},{"i":14,"j":20},{"i":18,"j":21},{"i":21,"j":22},{"i":20,"j":21},{"i":23,"j":26},{"i":13,"j":23},{"i":17,"j":27},{"i":25,"j":29},{"i":11,"j":24},{"i":23,"j":31},{"i":24,"j":28},{"i":18,"j":24},{"i":25,"j":28},{"i":30,"j":36},{"i":29,"j":30},{"i":27,"j":29},{"i":27,"j":32},{"i":26,"j":31},{"i":32,"j":33},{"i":31,"j":32},{"i":37,"j":53},{"i":33,"j":42},{"i":31,"j":33},{"i":28,"j":34},{"i":34,"j":35},{"i":36,"j":38},{"i":33,"j":36},{"i":30,"j":39},{"i":40,"j":44},{"i":34,"j":43},{"i":24,"j":37},{"i":30,"j":35},{"i":41,"j":45},{"i":35,"j":47},{"i":38,"j":46},{"i":37,"j":40},{"i":38,"j":41},{"i":37,"j":48},{"i":41,"j":42},{"i":42,"j":63},{"i":34,"j":40},{"i":39,"j":47},{"i":37,"j":44},{"i":38,"j":39},{"i":24,"j":81},{"i":45,"j":51},{"i":45,"j":46},{"i":43,"j":49},{"i":46,"j":47},{"i":44,"j":52},{"i":43,"j":52},{"i":50,"j":54},{"i":45,"j":50},{"i":45,"j":54},{"i":51,"j":63},{"i":48,"j":52},{"i":47,"j":49},{"i":48,"j":53},{"i":49,"j":64},{"i":55,"j":64},{"i":56,"j":61},{"i":55,"j":56},{"i":47,"j":55},{"i":58,"j":61},{"i":54,"j":57},{"i":53,"j":81},{"i":50,"j":56},{"i":57,"j":59},{"i":58,"j":60},{"i":50,"j":58},{"i":60,"j":73},{"i":59,"j":60},{"i":52,"j":62},{"i":53,"j":62},{"i":51,"j":57},{"i":69,"j":80},{"i":65,"j":69},{"i":64,"j":65},{"i":64,"j":66},{"i":62,"j":66},{"i":61,"j":64},{"i":70,"j":72},{"i":59,"j":73},{"i":60,"j":67},{"i":68,"j":76},{"i":57,"j":68},{"i":70,"j":71},{"i":57,"j":70},{"i":74,"j":79},{"i":63,"j":71},{"i":70,"j":75},{"i":72,"j":75},{"i":71,"j":72},{"i":70,"j":76},{"i":67,"j":69},{"i":68,"j":82},{"i":76,"j":82},{"i":74,"j":77},{"i":67,"j":74},{"i":76,"j":78},{"i":87,"j":92},{"i":77,"j":82},{"i":73,"j":77},{"i":74,"j":80},{"i":66,"j":81},{"i":65,"j":66},{"i":79,"j":82},{"i":85,"j":98},{"i":78,"j":83},{"i":75,"j":78},{"i":82,"j":85},{"i":78,"j":82},{"i":84,"j":85},{"i":79,"j":84},{"i":89,"j":91},{"i":84,"j":86},{"i":80,"j":88},{"i":85,"j":86},{"i":81,"j":87},{"i":88,"j":98},{"i":86,"j":88},{"i":87,"j":89},{"i":88,"j":89},{"i":88,"j":90},{"i":87,"j":91},{"i":91,"j":92},{"i":90,"j":91},{"i":81,"j":95},{"i":92,"j":94},{"i":90,"j":92},{"i":81,"j":93},{"i":94,"j":98},{"i":93,"j":96},{"i":95,"j":96},{"i":93,"j":95},{"i":95,"j":99},{"i":96,"j":97},{"i":94,"j":97},{"i":98,"j":99},{"i":83,"j":98},{"i":97,"j":99},{"i":0,"j":2},{"i":2,"j":13},{"i":13,"j":26},{"i":26,"j":63},{"i":63,"j":83},{"i":83,"j":99}],"type":"Solution"}