{"instance_name":"us-night-0000045","edges":[{"i":0,"j":7},{"i":0,"j":1},{"i":1,"j":4},{"i":0,"j":3},{"i":1,"j":5},{"i":1,"j":3},{"i":5,"j":6},{"i":12,"j":17},{"i":5,"j":9},{"i":3,"j":8},{"i":7,"j":8},{"i":13,"j":17},{"i":10,"j":13},{"i":9,"j":10},{"i":10,"j":11},{"i":11,"j":12},{"i":12,"j":13},{"i":15,"j":34},{"i":9,"j":14},{"i":6,"j":14},{"i":8,"j":15},{"i":16,"j":19},{"i":17,"j":22},{"i":16,"j":18},{"i":14,"j":16},{"i":6,"j":18},{"i":16,"j":17},{"i":19,"j":21},{"i":15,"j":20},{"i":11,"j":15},{"i":19,"j":25},{"i":21,"j":32},{"i":18,"j":21},{"i":20,"j":22},{"i":20,"j":23},{"i":23,"j":26},{"i":15,"j":24},{"i":22,"j":27},{"i":24,"j":30},{"i":25,"j":29},{"i":24,"j":26},{"i":23,"j":24},{"i":26,"j":27},{"i":25,"j":27},{"i":27,"j":28},{"i":28,"j":29},{"i":30,"j":33},{"i":28,"j":36},{"i":27,"j":30},{"i":29,"j":32},{"i":31,"j":33},{"i":30,"j":31},{"i":31,"j":34},{"i":34,"j":35},{"i":34,"j":38},{"i":33,"j":37},{"i":32,"j":36},{"i":35,"j":37},{"i":37,"j":39},{"i":35,"j":38},{"i":39,"j":40},{"i":36,"j":39},{"i":40,"j":41},{"i":36,"j":40},{"i":41,"j":42},{"i":32,"j":41},{"i":38,"j":42},{"i":42,"j":43},{"i":38,"j":43},{"i":7,"j":44},{"i":0,"j":2},{"i":2,"j":4},{"i":4,"j":6},{"i":6,"j":32},{"i":32,"j":43},{"i":43,"j":44}],"type":"Solution"}