{"instance_name":"us-night-0001000","edges":[{"i":0,"j":2},{"i":1,"j":4},{"i":0,"j":1},{"i":5,"j":8},{"i":4,"j":5},{"i":0,"j":4},{"i":3,"j":6},{"i":0,"j":3},{"i":15,"j":18},{"i":6,"j":12},{"i":0,"j":6},{"i":5,"j":7},{"i":0,"j":5},{"i":7,"j":36},{"i":3,"j":7},{"i":8,"j":10},{"i":10,"j":36},{"i":9,"j":16},{"i":8,"j":9},{"i":2,"j":20},{"i":1,"j":2},{"i":12,"j":13},{"i":14,"j":18},{"i":19,"j":31},{"i":14,"j":15},{"i":12,"j":14},{"i":15,"j":17},{"i":9,"j":26},{"i":6,"j":18},{"i":21,"j":22},{"i":17,"j":19},{"i":12,"j":17},{"i":6,"j":36},{"i":31,"j":42},{"i":11,"j":20},{"i":2,"j":11},{"i":12,"j":22},{"i":13,"j":27},{"i":13,"j":21},{"i":22,"j":32},{"i":23,"j":26},{"i":1,"j":23},{"i":2,"j":35},{"i":24,"j":25},{"i":20,"j":25},{"i":24,"j":26},{"i":23,"j":24},{"i":19,"j":44},{"i":11,"j":28},{"i":21,"j":29},{"i":27,"j":37},{"i":35,"j":92},{"i":16,"j":36},{"i":10,"j":16},{"i":31,"j":32},{"i":32,"j":34},{"i":29,"j":32},{"i":29,"j":34},{"i":32,"j":42},{"i":27,"j":33},{"i":33,"j":39},{"i":25,"j":28},{"i":26,"j":43},{"i":39,"j":41},{"i":37,"j":39},{"i":34,"j":38},{"i":33,"j":34},{"i":38,"j":41},{"i":37,"j":46},{"i":33,"j":38},{"i":35,"j":52},{"i":42,"j":48},{"i":41,"j":42},{"i":40,"j":45},{"i":30,"j":40},{"i":18,"j":44},{"i":41,"j":46},{"i":28,"j":35},{"i":40,"j":47},{"i":53,"j":55},{"i":46,"j":47},{"i":48,"j":49},{"i":46,"j":48},{"i":53,"j":83},{"i":49,"j":50},{"i":51,"j":79},{"i":45,"j":51},{"i":45,"j":47},{"i":47,"j":50},{"i":36,"j":43},{"i":50,"j":83},{"i":54,"j":61},{"i":51,"j":54},{"i":47,"j":53},{"i":43,"j":72},{"i":61,"j":74},{"i":57,"j":60},{"i":64,"j":66},{"i":57,"j":58},{"i":51,"j":57},{"i":58,"j":73},{"i":51,"j":58},{"i":55,"j":61},{"i":54,"j":55},{"i":59,"j":60},{"i":57,"j":59},{"i":61,"j":63},{"i":59,"j":61},{"i":60,"j":63},{"i":72,"j":78},{"i":62,"j":71},{"i":58,"j":62},{"i":63,"j":64},{"i":64,"j":65},{"i":61,"j":69},{"i":62,"j":65},{"i":67,"j":72},{"i":66,"j":70},{"i":65,"j":66},{"i":56,"j":67},{"i":49,"j":83},{"i":71,"j":75},{"i":69,"j":70},{"i":70,"j":77},{"i":42,"j":44},{"i":69,"j":74},{"i":43,"j":52},{"i":73,"j":79},{"i":68,"j":76},{"i":67,"j":68},{"i":75,"j":79},{"i":73,"j":75},{"i":74,"j":80},{"i":68,"j":72},{"i":77,"j":81},{"i":71,"j":77},{"i":76,"j":78},{"i":56,"j":76},{"i":75,"j":84},{"i":79,"j":125},{"i":56,"j":82},{"i":36,"j":56},{"i":80,"j":81},{"i":83,"j":85},{"i":81,"j":84},{"i":44,"j":82},{"i":85,"j":99},{"i":84,"j":122},{"i":85,"j":86},{"i":80,"j":85},{"i":86,"j":107},{"i":78,"j":90},{"i":52,"j":87},{"i":88,"j":89},{"i":87,"j":88},{"i":93,"j":96},{"i":72,"j":89},{"i":91,"j":95},{"i":89,"j":94},{"i":87,"j":92},{"i":91,"j":93},{"i":89,"j":91},{"i":89,"j":93},{"i":90,"j":94},{"i":95,"j":105},{"i":93,"j":95},{"i":100,"j":104},{"i":96,"j":105},{"i":94,"j":96},{"i":92,"j":97},{"i":88,"j":92},{"i":97,"j":98},{"i":82,"j":112},{"i":104,"j":116},{"i":97,"j":100},{"i":100,"j":101},{"i":101,"j":102},{"i":98,"j":101},{"i":102,"j":103},{"i":98,"j":102},{"i":92,"j":127},{"i":98,"j":103},{"i":97,"j":104},{"i":98,"j":106},{"i":91,"j":98},{"i":103,"j":108},{"i":114,"j":120},{"i":107,"j":111},{"i":84,"j":107},{"i":106,"j":108},{"i":105,"j":106},{"i":99,"j":110},{"i":86,"j":99},{"i":108,"j":116},{"i":109,"j":111},{"i":107,"j":109},{"i":109,"j":110},{"i":113,"j":121},{"i":113,"j":118},{"i":110,"j":113},{"i":104,"j":127},{"i":105,"j":120},{"i":112,"j":117},{"i":99,"j":112},{"i":114,"j":115},{"i":90,"j":114},{"i":115,"j":137},{"i":112,"j":115},{"i":113,"j":126},{"i":118,"j":121},{"i":118,"j":119},{"i":117,"j":126},{"i":108,"j":123},{"i":119,"j":121},{"i":111,"j":119},{"i":111,"j":122},{"i":108,"j":124},{"i":120,"j":123},{"i":122,"j":125},{"i":134,"j":139},{"i":125,"j":134},{"i":123,"j":124},{"i":137,"j":148},{"i":121,"j":130},{"i":129,"j":135},{"i":124,"j":129},{"i":126,"j":136},{"i":128,"j":131},{"i":122,"j":128},{"i":116,"j":133},{"i":127,"j":133},{"i":133,"j":143},{"i":131,"j":134},{"i":125,"j":131},{"i":132,"j":135},{"i":129,"j":132},{"i":133,"j":141},{"i":132,"j":133},{"i":136,"j":147},{"i":120,"j":135},{"i":139,"j":146},{"i":138,"j":140},{"i":130,"j":144},{"i":117,"j":148},{"i":138,"j":147},{"i":136,"j":138},{"i":135,"j":141},{"i":130,"j":152},{"i":145,"j":152},{"i":128,"j":144},{"i":139,"j":153},{"i":146,"j":155},{"i":125,"j":146},{"i":144,"j":145},{"i":140,"j":164},{"i":149,"j":151},{"i":145,"j":151},{"i":149,"j":150},{"i":144,"j":149},{"i":140,"j":159},{"i":153,"j":181},{"i":151,"j":173},{"i":147,"j":154},{"i":139,"j":142},{"i":142,"j":179},{"i":127,"j":158},{"i":153,"j":155},{"i":152,"j":154},{"i":140,"j":148},{"i":141,"j":143},{"i":157,"j":168},{"i":143,"j":157},{"i":156,"j":159},{"i":148,"j":156},{"i":160,"j":162},{"i":140,"j":163},{"i":159,"j":165},{"i":140,"j":160},{"i":166,"j":190},{"i":161,"j":164},{"i":140,"j":161},{"i":162,"j":167},{"i":161,"j":162},{"i":168,"j":193},{"i":160,"j":163},{"i":156,"j":172},{"i":171,"j":174},{"i":166,"j":169},{"i":154,"j":166},{"i":167,"j":170},{"i":157,"j":158},{"i":164,"j":170},{"i":175,"j":180},{"i":165,"j":172},{"i":163,"j":165},{"i":135,"j":174},{"i":156,"j":189},{"i":169,"j":173},{"i":151,"j":169},{"i":137,"j":171},{"i":135,"j":168},{"i":173,"j":175},{"i":150,"j":177},{"i":142,"j":150},{"i":176,"j":204},{"i":173,"j":178},{"i":187,"j":192},{"i":175,"j":196},{"i":176,"j":179},{"i":177,"j":178},{"i":170,"j":190},{"i":147,"j":170},{"i":153,"j":176},{"i":183,"j":184},{"i":171,"j":191},{"i":181,"j":210},{"i":177,"j":184},{"i":183,"j":185},{"i":179,"j":183},{"i":184,"j":223},{"i":176,"j":209},{"i":182,"j":189},{"i":137,"j":182},{"i":174,"j":187},{"i":171,"j":186},{"i":186,"j":197},{"i":168,"j":188},{"i":170,"j":222},{"i":186,"j":187},{"i":191,"j":199},{"i":182,"j":191},{"i":188,"j":192},{"i":192,"j":198},{"i":168,"j":195},{"i":180,"j":196},{"i":178,"j":180},{"i":185,"j":194},{"i":188,"j":198},{"i":158,"j":195},{"i":169,"j":190},{"i":189,"j":245},{"i":193,"j":198},{"i":197,"j":200},{"i":196,"j":206},{"i":199,"j":230},{"i":197,"j":203},{"i":191,"j":200},{"i":201,"j":205},{"i":199,"j":201},{"i":200,"j":202},{"i":158,"j":226},{"i":202,"j":205},{"i":201,"j":202},{"i":198,"j":212},{"i":176,"j":185},{"i":204,"j":210},{"i":181,"j":204},{"i":203,"j":205},{"i":200,"j":203},{"i":213,"j":217},{"i":172,"j":222},{"i":167,"j":172},{"i":194,"j":219},{"i":207,"j":208},{"i":190,"j":207},{"i":206,"j":214},{"i":209,"j":216},{"i":210,"j":232},{"i":155,"j":210},{"i":203,"j":212},{"i":195,"j":211},{"i":211,"j":212},{"i":193,"j":211},{"i":211,"j":215},{"i":208,"j":213},{"i":196,"j":208},{"i":206,"j":213},{"i":218,"j":243},{"i":194,"j":225},{"i":212,"j":215},{"i":209,"j":220},{"i":221,"j":247},{"i":220,"j":221},{"i":216,"j":232},{"i":214,"j":217},{"i":219,"j":221},{"i":219,"j":220},{"i":222,"j":233},{"i":214,"j":223},{"i":223,"j":227},{"i":228,"j":242},{"i":215,"j":224},{"i":194,"j":223},{"i":205,"j":248},{"i":211,"j":226},{"i":227,"j":228},{"i":225,"j":227},{"i":226,"j":231},{"i":226,"j":229},{"i":225,"j":228},{"i":230,"j":241},{"i":216,"j":265},{"i":222,"j":245},{"i":243,"j":289},{"i":218,"j":235},{"i":217,"j":218},{"i":234,"j":237},{"i":218,"j":246},{"i":234,"j":236},{"i":228,"j":234},{"i":225,"j":253},{"i":234,"j":242},{"i":237,"j":238},{"i":218,"j":239},{"i":225,"j":269},{"i":207,"j":250},{"i":224,"j":248},{"i":240,"j":241},{"i":230,"j":240},{"i":235,"j":249},{"i":242,"j":254},{"i":237,"j":242},{"i":207,"j":233},{"i":229,"j":248},{"i":224,"j":229},{"i":189,"j":241},{"i":250,"j":267},{"i":243,"j":250},{"i":239,"j":252},{"i":254,"j":260},{"i":236,"j":258},{"i":225,"j":236},{"i":245,"j":284},{"i":250,"j":275},{"i":231,"j":248},{"i":252,"j":262},{"i":235,"j":263},{"i":233,"j":273},{"i":241,"j":317},{"i":242,"j":249},{"i":252,"j":270},{"i":236,"j":238},{"i":253,"j":272},{"i":242,"j":251},{"i":253,"j":255},{"i":247,"j":255},{"i":220,"j":247},{"i":232,"j":256},{"i":238,"j":259},{"i":246,"j":278},{"i":238,"j":254},{"i":255,"j":272},{"i":251,"j":260},{"i":251,"j":279},{"i":260,"j":261},{"i":259,"j":260},{"i":249,"j":279},{"i":258,"j":269},{"i":235,"j":257},{"i":243,"j":266},{"i":239,"j":243},{"i":257,"j":264},{"i":263,"j":279},{"i":257,"j":278},{"i":259,"j":277},{"i":258,"j":277},{"i":265,"j":465},{"i":256,"j":265},{"i":262,"j":268},{"i":246,"j":262},{"i":268,"j":278},{"i":261,"j":277},{"i":269,"j":274},{"i":266,"j":270},{"i":266,"j":282},{"i":282,"j":285},{"i":270,"j":276},{"i":245,"j":307},{"i":265,"j":272},{"i":261,"j":279},{"i":268,"j":276},{"i":274,"j":277},{"i":272,"j":274},{"i":268,"j":286},{"i":263,"j":264},{"i":250,"j":273},{"i":277,"j":279},{"i":278,"j":281},{"i":264,"j":278},{"i":281,"j":332},{"i":279,"j":281},{"i":243,"j":267},{"i":127,"j":382},{"i":248,"j":302},{"i":244,"j":248},{"i":271,"j":303},{"i":267,"j":271},{"i":241,"j":290},{"i":275,"j":300},{"i":271,"j":275},{"i":293,"j":298},{"i":285,"j":286},{"i":276,"j":285},{"i":248,"j":283},{"i":291,"j":299},{"i":283,"j":291},{"i":231,"j":292},{"i":280,"j":294},{"i":273,"j":280},{"i":280,"j":295},{"i":244,"j":306},{"i":240,"j":244},{"i":287,"j":299},{"i":288,"j":291},{"i":231,"j":288},{"i":226,"j":292},{"i":289,"j":293},{"i":293,"j":296},{"i":282,"j":293},{"i":284,"j":295},{"i":284,"j":316},{"i":303,"j":331},{"i":285,"j":305},{"i":290,"j":307},{"i":287,"j":297},{"i":283,"j":287},{"i":296,"j":308},{"i":288,"j":329},{"i":294,"j":314},{"i":296,"j":298},{"i":297,"j":302},{"i":302,"j":311},{"i":292,"j":382},{"i":285,"j":296},{"i":278,"j":324},{"i":301,"j":308},{"i":298,"j":301},{"i":304,"j":305},{"i":290,"j":315},{"i":308,"j":310},{"i":305,"j":308},{"i":303,"j":312},{"i":289,"j":303},{"i":317,"j":330},{"i":315,"j":317},{"i":304,"j":309},{"i":303,"j":319},{"i":297,"j":338},{"i":310,"j":313},{"i":309,"j":310},{"i":308,"j":318},{"i":309,"j":313},{"i":307,"j":316},{"i":314,"j":325},{"i":315,"j":323},{"i":306,"j":330},{"i":312,"j":320},{"i":301,"j":312},{"i":316,"j":350},{"i":318,"j":324},{"i":313,"j":318},{"i":300,"j":314},{"i":312,"j":319},{"i":304,"j":324},{"i":286,"j":304},{"i":321,"j":333},{"i":320,"j":327},{"i":318,"j":320},{"i":294,"j":337},{"i":321,"j":335},{"i":322,"j":331},{"i":300,"j":322},{"i":328,"j":337},{"i":325,"j":328},{"i":322,"j":325},{"i":323,"j":326},{"i":307,"j":323},{"i":327,"j":360},{"i":295,"j":367},{"i":299,"j":338},{"i":311,"j":341},{"i":306,"j":311},{"i":328,"j":331},{"i":321,"j":332},{"i":281,"j":321},{"i":332,"j":334},{"i":324,"j":336},{"i":333,"j":334},{"i":340,"j":347},{"i":334,"j":345},{"i":277,"j":334},{"i":327,"j":336},{"i":335,"j":340},{"i":333,"j":335},{"i":327,"j":348},{"i":321,"j":336},{"i":350,"j":352},{"i":299,"j":329},{"i":321,"j":342},{"i":339,"j":342},{"i":339,"j":340},{"i":335,"j":339},{"i":344,"j":370},{"i":340,"j":343},{"i":326,"j":353},{"i":316,"j":326},{"i":342,"j":354},{"i":341,"j":344},{"i":330,"j":341},{"i":343,"j":345},{"i":345,"j":431},{"i":272,"j":345},{"i":336,"j":348},{"i":343,"j":346},{"i":347,"j":357},{"i":346,"j":347},{"i":346,"j":357},{"i":349,"j":401},{"i":345,"j":349},{"i":350,"j":367},{"i":358,"j":366},{"i":353,"j":376},{"i":351,"j":359},{"i":350,"j":351},{"i":353,"j":355},{"i":354,"j":356},{"i":347,"j":356},{"i":357,"j":401},{"i":349,"j":357},{"i":355,"j":358},{"i":352,"j":355},{"i":359,"j":363},{"i":351,"j":352},{"i":360,"j":362},{"i":348,"j":360},{"i":359,"j":361},{"i":358,"j":373},{"i":337,"j":379},{"i":331,"j":337},{"i":348,"j":362},{"i":361,"j":367},{"i":330,"j":344},{"i":363,"j":365},{"i":361,"j":363},{"i":366,"j":369},{"i":366,"j":372},{"i":365,"j":375},{"i":361,"j":365},{"i":367,"j":377},{"i":368,"j":375},{"i":365,"j":368},{"i":369,"j":375},{"i":368,"j":369},{"i":338,"j":374},{"i":362,"j":371},{"i":372,"j":375},{"i":364,"j":376},{"i":330,"j":364},{"i":372,"j":373},{"i":378,"j":393},{"i":370,"j":380},{"i":377,"j":379},{"i":379,"j":399},{"i":378,"j":379},{"i":377,"j":378},{"i":387,"j":397},{"i":385,"j":387},{"i":374,"j":380},{"i":370,"j":374},{"i":371,"j":383},{"i":371,"j":381},{"i":380,"j":387},{"i":319,"j":399},{"i":386,"j":409},{"i":381,"j":386},{"i":384,"j":395},{"i":371,"j":384},{"i":383,"j":413},{"i":381,"j":383},{"i":375,"j":408},{"i":388,"j":389},{"i":383,"j":388},{"i":395,"j":421},{"i":364,"j":385},{"i":392,"j":402},{"i":397,"j":405},{"i":391,"j":392},{"i":385,"j":391},{"i":390,"j":394},{"i":379,"j":390},{"i":375,"j":417},{"i":384,"j":409},{"i":393,"j":403},{"i":390,"j":393},{"i":392,"j":396},{"i":374,"j":407},{"i":395,"j":398},{"i":354,"j":395},{"i":406,"j":424},{"i":401,"j":406},{"i":398,"j":406},{"i":394,"j":399},{"i":389,"j":409},{"i":386,"j":389},{"i":396,"j":400},{"i":356,"j":398},{"i":373,"j":376},{"i":391,"j":397},{"i":400,"j":404},{"i":376,"j":400},{"i":394,"j":403},{"i":400,"j":425},{"i":402,"j":405},{"i":396,"j":402},{"i":486,"j":525},{"i":388,"j":415},{"i":382,"j":407},{"i":329,"j":382},{"i":408,"j":426},{"i":404,"j":427},{"i":373,"j":404},{"i":409,"j":421},{"i":408,"j":410},{"i":393,"j":408},{"i":410,"j":411},{"i":414,"j":419},{"i":413,"j":414},{"i":412,"j":414},{"i":399,"j":412},{"i":430,"j":491},{"i":412,"j":416},{"i":413,"j":415},{"i":410,"j":426},{"i":414,"j":416},{"i":418,"j":420},{"i":422,"j":429},{"i":418,"j":419},{"i":416,"j":418},{"i":409,"j":457},{"i":411,"j":422},{"i":403,"j":411},{"i":409,"j":432},{"i":419,"j":420},{"i":411,"j":428},{"i":422,"j":423},{"i":420,"j":422},{"i":421,"j":424},{"i":424,"j":431},{"i":417,"j":426},{"i":405,"j":430},{"i":425,"j":427},{"i":417,"j":450},{"i":426,"j":428},{"i":428,"j":429},{"i":430,"j":434},{"i":415,"j":435},{"i":426,"j":437},{"i":419,"j":445},{"i":432,"j":436},{"i":430,"j":433},{"i":425,"j":430},{"i":427,"j":461},{"i":429,"j":439},{"i":439,"j":445},{"i":423,"j":439},{"i":432,"j":438},{"i":436,"j":440},{"i":431,"j":436},{"i":438,"j":443},{"i":437,"j":450},{"i":442,"j":452},{"i":438,"j":453},{"i":443,"j":454},{"i":419,"j":423},{"i":444,"j":465},{"i":431,"j":444},{"i":440,"j":444},{"i":431,"j":440},{"i":440,"j":443},{"i":439,"j":446},{"i":451,"j":460},{"i":435,"j":462},{"i":435,"j":441},{"i":447,"j":466},{"i":428,"j":447},{"i":437,"j":442},{"i":448,"j":449},{"i":437,"j":448},{"i":452,"j":463},{"i":449,"j":455},{"i":447,"j":449},{"i":452,"j":458},{"i":442,"j":450},{"i":441,"j":471},{"i":453,"j":454},{"i":448,"j":452},{"i":458,"j":469},{"i":455,"j":458},{"i":451,"j":456},{"i":427,"j":451},{"i":454,"j":464},{"i":445,"j":471},{"i":441,"j":445},{"i":455,"j":469},{"i":450,"j":493},{"i":463,"j":478},{"i":427,"j":433},{"i":460,"j":477},{"i":459,"j":460},{"i":434,"j":475},{"i":433,"j":434},{"i":446,"j":473},{"i":463,"j":469},{"i":457,"j":470},{"i":464,"j":468},{"i":464,"j":465},{"i":444,"j":464},{"i":466,"j":495},{"i":473,"j":483},{"i":468,"j":520},{"i":466,"j":467},{"i":457,"j":484},{"i":459,"j":479},{"i":456,"j":459},{"i":470,"j":480},{"i":467,"j":473},{"i":446,"j":467},{"i":475,"j":481},{"i":470,"j":472},{"i":453,"j":470},{"i":472,"j":480},{"i":468,"j":472},{"i":457,"j":462},{"i":466,"j":476},{"i":460,"j":461},{"i":407,"j":474},{"i":397,"j":407},{"i":434,"j":482},{"i":469,"j":496},{"i":461,"j":481},{"i":450,"j":456},{"i":477,"j":494},{"i":477,"j":479},{"i":462,"j":503},{"i":407,"j":525},{"i":478,"j":509},{"i":478,"j":488},{"i":491,"j":507},{"i":480,"j":520},{"i":480,"j":484},{"i":482,"j":485},{"i":475,"j":482},{"i":430,"j":474},{"i":486,"j":487},{"i":474,"j":486},{"i":479,"j":493},{"i":487,"j":516},{"i":483,"j":490},{"i":471,"j":483},{"i":489,"j":500},{"i":471,"j":489},{"i":492,"j":501},{"i":481,"j":518},{"i":479,"j":492},{"i":495,"j":508},{"i":485,"j":498},{"i":503,"j":513},{"i":495,"j":502},{"i":476,"j":495},{"i":488,"j":499},{"i":473,"j":476},{"i":497,"j":502},{"i":491,"j":498},{"i":485,"j":491},{"i":493,"j":501},{"i":496,"j":504},{"i":490,"j":521},{"i":489,"j":490},{"i":490,"j":497},{"i":488,"j":509},{"i":496,"j":512},{"i":504,"j":522},{"i":500,"j":503},{"i":499,"j":505},{"i":496,"j":499},{"i":504,"j":508},{"i":501,"j":509},{"i":487,"j":506},{"i":506,"j":507},{"i":508,"j":511},{"i":502,"j":508},{"i":503,"j":510},{"i":517,"j":531},{"i":497,"j":548},{"i":505,"j":537},{"i":510,"j":524},{"i":484,"j":510},{"i":500,"j":521},{"i":543,"j":757},{"i":507,"j":514},{"i":518,"j":529},{"i":498,"j":514},{"i":515,"j":518},{"i":514,"j":515},{"i":506,"j":516},{"i":511,"j":522},{"i":497,"j":511},{"i":494,"j":519},{"i":492,"j":494},{"i":515,"j":526},{"i":504,"j":512},{"i":494,"j":518},{"i":524,"j":564},{"i":520,"j":524},{"i":505,"j":509},{"i":501,"j":517},{"i":522,"j":528},{"i":519,"j":523},{"i":520,"j":584},{"i":510,"j":513},{"i":487,"j":525},{"i":516,"j":530},{"i":526,"j":534},{"i":517,"j":523},{"i":497,"j":528},{"i":532,"j":535},{"i":509,"j":527},{"i":523,"j":532},{"i":531,"j":540},{"i":527,"j":531},{"i":529,"j":534},{"i":519,"j":529},{"i":531,"j":538},{"i":530,"j":533},{"i":526,"j":530},{"i":534,"j":535},{"i":532,"j":538},{"i":531,"j":536},{"i":536,"j":547},{"i":537,"j":544},{"i":537,"j":539},{"i":542,"j":547},{"i":537,"j":542},{"i":539,"j":545},{"i":539,"j":541},{"i":512,"j":539},{"i":558,"j":577},{"i":540,"j":542},{"i":527,"j":540},{"i":538,"j":558},{"i":525,"j":543},{"i":528,"j":553},{"i":544,"j":545},{"i":536,"j":550},{"i":545,"j":553},{"i":541,"j":553},{"i":528,"j":541},{"i":549,"j":555},{"i":513,"j":549},{"i":521,"j":552},{"i":548,"j":553},{"i":535,"j":558},{"i":550,"j":561},{"i":548,"j":556},{"i":554,"j":560},{"i":544,"j":568},{"i":549,"j":552},{"i":552,"j":554},{"i":556,"j":562},{"i":554,"j":555},{"i":563,"j":567},{"i":559,"j":563},{"i":555,"j":571},{"i":556,"j":557},{"i":557,"j":565},{"i":552,"j":557},{"i":546,"j":578},{"i":558,"j":582},{"i":550,"j":551},{"i":559,"j":566},{"i":553,"j":559},{"i":574,"j":583},{"i":551,"j":569},{"i":546,"j":547},{"i":562,"j":565},{"i":560,"j":592},{"i":563,"j":568},{"i":555,"j":564},{"i":573,"j":576},{"i":562,"j":591},{"i":555,"j":594},{"i":566,"j":587},{"i":556,"j":566},{"i":544,"j":546},{"i":560,"j":565},{"i":547,"j":561},{"i":566,"j":567},{"i":551,"j":558},{"i":573,"j":579},{"i":568,"j":580},{"i":571,"j":607},{"i":564,"j":571},{"i":570,"j":573},{"i":547,"j":570},{"i":569,"j":572},{"i":561,"j":569},{"i":570,"j":572},{"i":572,"j":608},{"i":533,"j":582},{"i":573,"j":575},{"i":579,"j":585},{"i":546,"j":575},{"i":574,"j":577},{"i":558,"j":574},{"i":578,"j":581},{"i":578,"j":586},{"i":569,"j":590},{"i":581,"j":585},{"i":567,"j":580},{"i":576,"j":585},{"i":575,"j":576},{"i":533,"j":543},{"i":582,"j":583},{"i":564,"j":584},{"i":584,"j":672},{"i":577,"j":590},{"i":589,"j":595},{"i":581,"j":600},{"i":587,"j":589},{"i":591,"j":593},{"i":587,"j":591},{"i":588,"j":591},{"i":587,"j":588},{"i":596,"j":609},{"i":580,"j":611},{"i":588,"j":589},{"i":600,"j":609},{"i":565,"j":593},{"i":600,"j":606},{"i":591,"j":598},{"i":592,"j":599},{"i":591,"j":601},{"i":593,"j":602},{"i":612,"j":643},{"i":599,"j":610},{"i":597,"j":599},{"i":591,"j":595},{"i":592,"j":602},{"i":598,"j":602},{"i":585,"j":596},{"i":595,"j":611},{"i":602,"j":626},{"i":602,"j":610},{"i":583,"j":604},{"i":543,"j":603},{"i":583,"j":603},{"i":604,"j":612},{"i":594,"j":597},{"i":607,"j":624},{"i":590,"j":608},{"i":605,"j":607},{"i":594,"j":605},{"i":614,"j":624},{"i":586,"j":617},{"i":580,"j":586},{"i":596,"j":619},{"i":598,"j":632},{"i":610,"j":616},{"i":596,"j":615},{"i":608,"j":613},{"i":579,"j":608},{"i":604,"j":645},{"i":615,"j":631},{"i":584,"j":607},{"i":606,"j":633},{"i":623,"j":730},{"i":613,"j":615},{"i":601,"j":611},{"i":608,"j":622},{"i":605,"j":634},{"i":617,"j":618},{"i":596,"j":620},{"i":611,"j":618},{"i":613,"j":629},{"i":614,"j":621},{"i":584,"j":614},{"i":627,"j":644},{"i":625,"j":627},{"i":609,"j":640},{"i":612,"j":622},{"i":590,"j":612},{"i":608,"j":635},{"i":603,"j":623},{"i":621,"j":664},{"i":618,"j":627},{"i":626,"j":630},{"i":606,"j":609},{"i":624,"j":636},{"i":621,"j":624},{"i":601,"j":628},{"i":625,"j":628},{"i":611,"j":625},{"i":619,"j":620},{"i":628,"j":638},{"i":628,"j":632},{"i":629,"j":646},{"i":597,"j":616},{"i":629,"j":631},{"i":632,"j":637},{"i":626,"j":632},{"i":630,"j":642},{"i":616,"j":630},{"i":619,"j":640},{"i":635,"j":655},{"i":634,"j":636},{"i":624,"j":634},{"i":625,"j":647},{"i":637,"j":669},{"i":633,"j":639},{"i":617,"j":633},{"i":638,"j":669},{"i":637,"j":638},{"i":620,"j":631},{"i":627,"j":639},{"i":631,"j":658},{"i":635,"j":646},{"i":623,"j":641},{"i":638,"j":670},{"i":630,"j":637},{"i":622,"j":655},{"i":639,"j":660},{"i":644,"j":652},{"i":604,"j":641},{"i":622,"j":643},{"i":633,"j":640},{"i":642,"j":706},{"i":634,"j":642},{"i":647,"j":648},{"i":651,"j":663},{"i":636,"j":649},{"i":649,"j":706},{"i":641,"j":650},{"i":654,"j":657},{"i":644,"j":651},{"i":660,"j":682},{"i":649,"j":653},{"i":650,"j":665},{"i":652,"j":661},{"i":647,"j":652},{"i":654,"j":656},{"i":643,"j":654},{"i":656,"j":662},{"i":645,"j":659},{"i":646,"j":674},{"i":651,"j":666},{"i":656,"j":657},{"i":645,"j":650},{"i":652,"j":677},{"i":661,"j":670},{"i":664,"j":673},{"i":660,"j":666},{"i":662,"j":701},{"i":648,"j":670},{"i":638,"j":648},{"i":659,"j":668},{"i":657,"j":659},{"i":655,"j":662},{"i":664,"j":672},{"i":640,"j":691},{"i":665,"j":668},{"i":673,"j":685},{"i":671,"j":673},{"i":661,"j":679},{"i":663,"j":680},{"i":667,"j":672},{"i":664,"j":667},{"i":671,"j":683},{"i":667,"j":671},{"i":653,"j":678},{"i":662,"j":681},{"i":658,"j":674},{"i":679,"j":707},{"i":663,"j":708},{"i":668,"j":710},{"i":676,"j":692},{"i":673,"j":676},{"i":677,"j":679},{"i":670,"j":707},{"i":666,"j":708},{"i":674,"j":713},{"i":675,"j":691},{"i":658,"j":675},{"i":677,"j":698},{"i":680,"j":696},{"i":665,"j":684},{"i":382,"j":820},{"i":672,"j":683},{"i":681,"j":686},{"i":674,"j":681},{"i":688,"j":695},{"i":672,"j":688},{"i":685,"j":688},{"i":683,"j":685},{"i":676,"j":678},{"i":687,"j":690},{"i":653,"j":687},{"i":689,"j":706},{"i":669,"j":689},{"i":675,"j":717},{"i":690,"j":692},{"i":678,"j":690},{"i":696,"j":714},{"i":694,"j":731},{"i":693,"j":731},{"i":692,"j":699},{"i":693,"j":694},{"i":689,"j":693},{"i":703,"j":758},{"i":697,"j":702},{"i":687,"j":697},{"i":699,"j":732},{"i":695,"j":699},{"i":696,"j":698},{"i":695,"j":711},{"i":682,"j":691},{"i":690,"j":700},{"i":694,"j":706},{"i":691,"j":749},{"i":672,"j":704},{"i":465,"j":672},{"i":256,"j":704},{"i":703,"j":705},{"i":682,"j":703},{"i":710,"j":723},{"i":709,"j":710},{"i":706,"j":736},{"i":697,"j":706},{"i":705,"j":708},{"i":696,"j":715},{"i":686,"j":719},{"i":701,"j":716},{"i":686,"j":701},{"i":668,"j":684},{"i":702,"j":712},{"i":700,"j":702},{"i":704,"j":711},{"i":697,"j":718},{"i":700,"j":712},{"i":701,"j":709},{"i":713,"j":717},{"i":708,"j":715},{"i":680,"j":708},{"i":721,"j":724},{"i":715,"j":721},{"i":707,"j":731},{"i":716,"j":723},{"i":709,"j":723},{"i":713,"j":733},{"i":714,"j":722},{"i":698,"j":714},{"i":698,"j":729},{"i":716,"j":719},{"i":719,"j":733},{"i":716,"j":720},{"i":721,"j":728},{"i":718,"j":745},{"i":726,"j":731},{"i":707,"j":726},{"i":720,"j":733},{"i":718,"j":725},{"i":738,"j":750},{"i":698,"j":741},{"i":723,"j":727},{"i":720,"j":727},{"i":698,"j":722},{"i":729,"j":759},{"i":726,"j":729},{"i":727,"j":752},{"i":699,"j":734},{"i":725,"j":737},{"i":712,"j":725},{"i":741,"j":746},{"i":734,"j":740},{"i":734,"j":735},{"i":737,"j":743},{"i":706,"j":738},{"i":732,"j":775},{"i":724,"j":748},{"i":722,"j":724},{"i":736,"j":745},{"i":741,"j":751},{"i":735,"j":775},{"i":732,"j":735},{"i":739,"j":741},{"i":722,"j":739},{"i":705,"j":758},{"i":684,"j":752},{"i":736,"j":738},{"i":743,"j":801},{"i":742,"j":744},{"i":727,"j":742},{"i":748,"j":751},{"i":739,"j":748},{"i":737,"j":745},{"i":728,"j":748},{"i":717,"j":754},{"i":728,"j":747},{"i":748,"j":753},{"i":733,"j":754},{"i":746,"j":759},{"i":729,"j":746},{"i":740,"j":775},{"i":747,"j":753},{"i":751,"j":767},{"i":744,"j":760},{"i":733,"j":744},{"i":749,"j":794},{"i":752,"j":755},{"i":742,"j":752},{"i":744,"j":755},{"i":755,"j":763},{"i":730,"j":756},{"i":684,"j":730},{"i":382,"j":757},{"i":754,"j":780},{"i":749,"j":754},{"i":766,"j":773},{"i":754,"j":766},{"i":753,"j":764},{"i":740,"j":743},{"i":760,"j":766},{"i":730,"j":762},{"i":752,"j":772},{"i":752,"j":756},{"i":764,"j":771},{"i":762,"j":765},{"i":761,"j":762},{"i":765,"j":774},{"i":747,"j":777},{"i":764,"j":767},{"i":776,"j":782},{"i":711,"j":775},{"i":768,"j":770},{"i":768,"j":769},{"i":704,"j":768},{"i":770,"j":781},{"i":785,"j":836},{"i":750,"j":793},{"i":745,"j":750},{"i":731,"j":779},{"i":773,"j":780},{"i":761,"j":774},{"i":756,"j":761},{"i":771,"j":799},{"i":763,"j":784},{"i":760,"j":763},{"i":780,"j":795},{"i":775,"j":785},{"i":776,"j":791},{"i":747,"j":776},{"i":789,"j":802},{"i":759,"j":797},{"i":797,"j":818},{"i":773,"j":795},{"i":770,"j":775},{"i":775,"j":781},{"i":781,"j":785},{"i":758,"j":791},{"i":779,"j":797},{"i":778,"j":779},{"i":758,"j":794},{"i":772,"j":792},{"i":778,"j":793},{"i":750,"j":778},{"i":775,"j":871},{"i":756,"j":774},{"i":786,"j":787},{"i":774,"j":786},{"i":783,"j":794},{"i":780,"j":783},{"i":788,"j":789},{"i":765,"j":788},{"i":789,"j":790},{"i":788,"j":800},{"i":787,"j":792},{"i":772,"j":787},{"i":382,"j":965},{"i":792,"j":808},{"i":784,"j":792},{"i":771,"j":777},{"i":793,"j":801},{"i":782,"j":798},{"i":783,"j":803},{"i":798,"j":813},{"i":790,"j":796},{"i":786,"j":790},{"i":782,"j":791},{"i":797,"j":817},{"i":791,"j":813},{"i":777,"j":798},{"i":806,"j":814},{"i":795,"j":806},{"i":796,"j":809},{"i":788,"j":807},{"i":804,"j":810},{"i":784,"j":808},{"i":791,"j":831},{"i":800,"j":811},{"i":795,"j":804},{"i":794,"j":803},{"i":796,"j":802},{"i":802,"j":811},{"i":808,"j":812},{"i":804,"j":808},{"i":805,"j":816},{"i":800,"j":805},{"i":811,"j":830},{"i":809,"j":811},{"i":809,"j":823},{"i":812,"j":832},{"i":810,"j":812},{"i":810,"j":814},{"i":806,"j":810},{"i":799,"j":822},{"i":807,"j":816},{"i":805,"j":807},{"i":757,"j":815},{"i":730,"j":757},{"i":816,"j":862},{"i":821,"j":825},{"i":767,"j":822},{"i":817,"j":833},{"i":813,"j":819},{"i":818,"j":826},{"i":811,"j":816},{"i":757,"j":820},{"i":819,"j":821},{"i":799,"j":819},{"i":821,"j":822},{"i":822,"j":825},{"i":821,"j":835},{"i":822,"j":824},{"i":818,"j":822},{"i":824,"j":827},{"i":824,"j":826},{"i":829,"j":841},{"i":827,"j":829},{"i":826,"j":833},{"i":817,"j":826},{"i":794,"j":842},{"i":828,"j":829},{"i":825,"j":828},{"i":832,"j":855},{"i":792,"j":823},{"i":830,"j":849},{"i":814,"j":834},{"i":803,"j":814},{"i":823,"j":838},{"i":834,"j":845},{"i":827,"j":833},{"i":837,"j":840},{"i":835,"j":837},{"i":833,"j":844},{"i":801,"j":833},{"i":840,"j":847},{"i":769,"j":836},{"i":704,"j":769},{"i":828,"j":835},{"i":831,"j":839},{"i":819,"j":831},{"i":830,"j":838},{"i":837,"j":839},{"i":840,"j":841},{"i":844,"j":871},{"i":775,"j":844},{"i":841,"j":844},{"i":834,"j":843},{"i":842,"j":846},{"i":831,"j":842},{"i":845,"j":864},{"i":842,"j":843},{"i":848,"j":853},{"i":843,"j":848},{"i":839,"j":850},{"i":862,"j":891},{"i":844,"j":847},{"i":845,"j":851},{"i":807,"j":815},{"i":846,"j":858},{"i":851,"j":861},{"i":850,"j":858},{"i":847,"j":850},{"i":832,"j":860},{"i":849,"j":852},{"i":848,"j":854},{"i":851,"j":856},{"i":853,"j":870},{"i":846,"j":853},{"i":856,"j":861},{"i":847,"j":858},{"i":856,"j":857},{"i":855,"j":868},{"i":853,"j":854},{"i":854,"j":857},{"i":859,"j":861},{"i":860,"j":867},{"i":859,"j":866},{"i":857,"j":859},{"i":852,"j":863},{"i":838,"j":852},{"i":862,"j":863},{"i":849,"j":862},{"i":865,"j":867},{"i":855,"j":860},{"i":832,"j":838},{"i":861,"j":864},{"i":867,"j":886},{"i":863,"j":867},{"i":873,"j":885},{"i":864,"j":868},{"i":864,"j":876},{"i":854,"j":866},{"i":858,"j":869},{"i":866,"j":872},{"i":894,"j":928},{"i":869,"j":875},{"i":865,"j":873},{"i":855,"j":865},{"i":875,"j":879},{"i":869,"j":879},{"i":877,"j":882},{"i":874,"j":877},{"i":858,"j":874},{"i":869,"j":870},{"i":874,"j":875},{"i":868,"j":878},{"i":873,"j":878},{"i":872,"j":876},{"i":886,"j":893},{"i":879,"j":887},{"i":880,"j":884},{"i":876,"j":884},{"i":862,"j":881},{"i":877,"j":879},{"i":882,"j":887},{"i":871,"j":882},{"i":880,"j":883},{"i":872,"j":880},{"i":870,"j":895},{"i":883,"j":895},{"i":885,"j":888},{"i":878,"j":885},{"i":883,"j":884},{"i":871,"j":887},{"i":885,"j":889},{"i":888,"j":890},{"i":884,"j":888},{"i":885,"j":893},{"i":889,"j":890},{"i":881,"j":900},{"i":815,"j":894},{"i":890,"j":898},{"i":891,"j":899},{"i":896,"j":898},{"i":887,"j":895},{"i":889,"j":905},{"i":896,"j":915},{"i":895,"j":896},{"i":889,"j":893},{"i":902,"j":908},{"i":897,"j":901},{"i":886,"j":897},{"i":892,"j":919},{"i":891,"j":892},{"i":900,"j":904},{"i":897,"j":900},{"i":901,"j":902},{"i":893,"j":901},{"i":911,"j":913},{"i":899,"j":903},{"i":881,"j":899},{"i":904,"j":923},{"i":901,"j":904},{"i":902,"j":905},{"i":889,"j":902},{"i":909,"j":912},{"i":904,"j":907},{"i":906,"j":908},{"i":901,"j":906},{"i":907,"j":916},{"i":908,"j":911},{"i":909,"j":910},{"i":905,"j":909},{"i":907,"j":914},{"i":906,"j":907},{"i":910,"j":915},{"i":898,"j":910},{"i":911,"j":912},{"i":915,"j":918},{"i":912,"j":913},{"i":928,"j":939},{"i":910,"j":913},{"i":917,"j":920},{"i":913,"j":917},{"i":914,"j":917},{"i":914,"j":916},{"i":918,"j":926},{"i":887,"j":918},{"i":925,"j":932},{"i":892,"j":894},{"i":916,"j":921},{"i":913,"j":927},{"i":921,"j":922},{"i":920,"j":921},{"i":924,"j":933},{"i":920,"j":927},{"i":916,"j":925},{"i":923,"j":930},{"i":922,"j":927},{"i":932,"j":934},{"i":887,"j":926},{"i":922,"j":924},{"i":900,"j":903},{"i":927,"j":929},{"i":926,"j":927},{"i":926,"j":929},{"i":930,"j":941},{"i":930,"j":931},{"i":925,"j":930},{"i":931,"j":934},{"i":925,"j":931},{"i":934,"j":938},{"i":924,"j":932},{"i":948,"j":965},{"i":933,"j":935},{"i":929,"j":933},{"i":934,"j":935},{"i":949,"j":956},{"i":919,"j":946},{"i":903,"j":919},{"i":928,"j":937},{"i":928,"j":936},{"i":926,"j":935},{"i":919,"j":937},{"i":940,"j":945},{"i":923,"j":940},{"i":923,"j":945},{"i":939,"j":942},{"i":936,"j":939},{"i":936,"j":944},{"i":942,"j":944},{"i":944,"j":947},{"i":943,"j":944},{"i":938,"j":941},{"i":937,"j":943},{"i":943,"j":947},{"i":941,"j":954},{"i":939,"j":965},{"i":947,"j":956},{"i":382,"j":999},{"i":938,"j":951},{"i":950,"j":953},{"i":935,"j":950},{"i":945,"j":961},{"i":949,"j":952},{"i":947,"j":949},{"i":951,"j":953},{"i":950,"j":951},{"i":940,"j":946},{"i":951,"j":954},{"i":941,"j":957},{"i":953,"j":958},{"i":926,"j":953},{"i":942,"j":948},{"i":957,"j":960},{"i":955,"j":959},{"i":954,"j":955},{"i":966,"j":969},{"i":962,"j":966},{"i":926,"j":958},{"i":955,"j":960},{"i":959,"j":972},{"i":958,"j":959},{"i":960,"j":972},{"i":952,"j":962},{"i":946,"j":952},{"i":940,"j":975},{"i":956,"j":962},{"i":948,"j":963},{"i":961,"j":964},{"i":957,"j":961},{"i":963,"j":966},{"i":956,"j":963},{"i":820,"j":965},{"i":966,"j":971},{"i":967,"j":970},{"i":946,"j":962},{"i":964,"j":967},{"i":972,"j":980},{"i":967,"j":975},{"i":968,"j":972},{"i":964,"j":968},{"i":967,"j":974},{"i":970,"j":974},{"i":968,"j":970},{"i":978,"j":982},{"i":965,"j":973},{"i":963,"j":965},{"i":978,"j":985},{"i":971,"j":996},{"i":969,"j":971},{"i":973,"j":976},{"i":971,"j":973},{"i":965,"j":999},{"i":975,"j":982},{"i":974,"j":978},{"i":972,"j":978},{"i":965,"j":979},{"i":972,"j":983},{"i":979,"j":999},{"i":980,"j":988},{"i":958,"j":980},{"i":982,"j":990},{"i":975,"j":993},{"i":981,"j":983},{"i":972,"j":981},{"i":977,"j":989},{"i":976,"j":977},{"i":979,"j":984},{"i":981,"j":991},{"i":976,"j":989},{"i":984,"j":986},{"i":977,"j":984},{"i":979,"j":986},{"i":981,"j":985},{"i":983,"j":988},{"i":993,"j":997},{"i":990,"j":993},{"i":988,"j":998},{"i":836,"j":988},{"i":975,"j":997},{"i":987,"j":994},{"i":985,"j":987},{"i":992,"j":995},{"i":988,"j":992},{"i":991,"j":992},{"i":969,"j":997},{"i":987,"j":990},{"i":990,"j":997},{"i":994,"j":995},{"i":991,"j":994},{"i":988,"j":995},{"i":989,"j":996},{"i":997,"j":998},{"i":995,"j":997},{"i":996,"j":998},{"i":986,"j":999},{"i":0,"j":13},{"i":13,"j":30},{"i":30,"j":45},{"i":45,"j":125},{"i":125,"j":155},{"i":155,"j":232},{"i":232,"j":836},{"i":836,"j":998},{"i":998,"j":999}],"type":"Solution"}