{"instance_name":"us-night-0000070","edges":[{"i":2,"j":4},{"i":1,"j":2},{"i":0,"j":1},{"i":5,"j":8},{"i":4,"j":8},{"i":3,"j":4},{"i":5,"j":6},{"i":3,"j":5},{"i":7,"j":10},{"i":6,"j":7},{"i":8,"j":9},{"i":7,"j":9},{"i":9,"j":12},{"i":2,"j":11},{"i":9,"j":13},{"i":15,"j":20},{"i":12,"j":24},{"i":13,"j":15},{"i":11,"j":25},{"i":13,"j":14},{"i":11,"j":16},{"i":9,"j":11},{"i":16,"j":19},{"i":14,"j":16},{"i":11,"j":17},{"i":12,"j":15},{"i":19,"j":23},{"i":14,"j":19},{"i":19,"j":26},{"i":20,"j":21},{"i":18,"j":20},{"i":18,"j":22},{"i":12,"j":18},{"i":22,"j":31},{"i":22,"j":24},{"i":24,"j":51},{"i":10,"j":24},{"i":23,"j":29},{"i":21,"j":23},{"i":17,"j":28},{"i":29,"j":32},{"i":28,"j":34},{"i":25,"j":27},{"i":27,"j":28},{"i":17,"j":27},{"i":26,"j":32},{"i":29,"j":30},{"i":21,"j":29},{"i":24,"j":31},{"i":30,"j":31},{"i":30,"j":38},{"i":26,"j":28},{"i":25,"j":35},{"i":25,"j":34},{"i":32,"j":33},{"i":35,"j":36},{"i":34,"j":35},{"i":36,"j":47},{"i":33,"j":41},{"i":37,"j":38},{"i":33,"j":37},{"i":38,"j":39},{"i":31,"j":38},{"i":48,"j":51},{"i":39,"j":40},{"i":36,"j":41},{"i":41,"j":42},{"i":37,"j":41},{"i":11,"j":63},{"i":42,"j":49},{"i":36,"j":43},{"i":42,"j":44},{"i":44,"j":45},{"i":44,"j":50},{"i":45,"j":46},{"i":39,"j":45},{"i":49,"j":52},{"i":43,"j":47},{"i":42,"j":43},{"i":40,"j":46},{"i":46,"j":48},{"i":52,"j":59},{"i":48,"j":53},{"i":49,"j":50},{"i":53,"j":59},{"i":24,"j":40},{"i":40,"j":51},{"i":50,"j":53},{"i":25,"j":54},{"i":54,"j":55},{"i":47,"j":54},{"i":57,"j":60},{"i":52,"j":57},{"i":52,"j":55},{"i":56,"j":57},{"i":55,"j":56},{"i":56,"j":58},{"i":54,"j":58},{"i":51,"j":59},{"i":62,"j":69},{"i":58,"j":61},{"i":60,"j":62},{"i":59,"j":60},{"i":61,"j":64},{"i":54,"j":63},{"i":65,"j":68},{"i":63,"j":65},{"i":64,"j":69},{"i":62,"j":64},{"i":61,"j":67},{"i":67,"j":68},{"i":66,"j":67},{"i":65,"j":67},{"i":64,"j":66},{"i":63,"j":69},{"i":68,"j":69},{"i":66,"j":68},{"i":0,"j":3},{"i":3,"j":6},{"i":6,"j":10},{"i":10,"j":51},{"i":51,"j":69}],"type":"Solution"}