{"instance_name":"us-night-0000090","edges":[{"i":0,"j":3},{"i":6,"j":10},{"i":0,"j":5},{"i":3,"j":4},{"i":2,"j":3},{"i":1,"j":8},{"i":4,"j":7},{"i":2,"j":4},{"i":0,"j":1},{"i":6,"j":8},{"i":1,"j":6},{"i":5,"j":11},{"i":3,"j":5},{"i":10,"j":15},{"i":7,"j":9},{"i":8,"j":11},{"i":10,"j":12},{"i":9,"j":14},{"i":15,"j":30},{"i":13,"j":17},{"i":9,"j":13},{"i":11,"j":16},{"i":11,"j":19},{"i":11,"j":12},{"i":13,"j":14},{"i":14,"j":16},{"i":9,"j":17},{"i":15,"j":18},{"i":12,"j":15},{"i":18,"j":19},{"i":18,"j":30},{"i":16,"j":22},{"i":20,"j":28},{"i":19,"j":21},{"i":22,"j":27},{"i":20,"j":22},{"i":21,"j":23},{"i":17,"j":20},{"i":24,"j":25},{"i":17,"j":24},{"i":28,"j":32},{"i":23,"j":26},{"i":22,"j":23},{"i":27,"j":28},{"i":29,"j":37},{"i":24,"j":29},{"i":26,"j":31},{"i":26,"j":34},{"i":34,"j":36},{"i":35,"j":38},{"i":31,"j":35},{"i":27,"j":31},{"i":30,"j":33},{"i":21,"j":30},{"i":33,"j":34},{"i":39,"j":50},{"i":32,"j":38},{"i":29,"j":32},{"i":37,"j":40},{"i":25,"j":37},{"i":38,"j":39},{"i":35,"j":36},{"i":37,"j":39},{"i":41,"j":43},{"i":40,"j":76},{"i":33,"j":41},{"i":41,"j":42},{"i":45,"j":53},{"i":42,"j":43},{"i":36,"j":42},{"i":44,"j":46},{"i":44,"j":45},{"i":41,"j":44},{"i":43,"j":51},{"i":46,"j":47},{"i":30,"j":48},{"i":49,"j":50},{"i":39,"j":49},{"i":40,"j":52},{"i":50,"j":52},{"i":47,"j":53},{"i":45,"j":47},{"i":54,"j":56},{"i":51,"j":57},{"i":49,"j":51},{"i":53,"j":56},{"i":51,"j":53},{"i":58,"j":86},{"i":51,"j":54},{"i":54,"j":66},{"i":58,"j":65},{"i":47,"j":55},{"i":48,"j":58},{"i":46,"j":48},{"i":59,"j":60},{"i":55,"j":59},{"i":62,"j":66},{"i":56,"j":62},{"i":52,"j":57},{"i":63,"j":68},{"i":57,"j":69},{"i":60,"j":62},{"i":56,"j":60},{"i":61,"j":67},{"i":52,"j":61},{"i":63,"j":69},{"i":58,"j":64},{"i":55,"j":58},{"i":59,"j":64},{"i":83,"j":86},{"i":65,"j":66},{"i":64,"j":65},{"i":77,"j":86},{"i":61,"j":63},{"i":74,"j":79},{"i":68,"j":80},{"i":67,"j":68},{"i":70,"j":74},{"i":66,"j":70},{"i":69,"j":75},{"i":65,"j":71},{"i":65,"j":72},{"i":40,"j":67},{"i":72,"j":86},{"i":70,"j":71},{"i":73,"j":80},{"i":69,"j":74},{"i":73,"j":76},{"i":67,"j":73},{"i":75,"j":80},{"i":71,"j":72},{"i":77,"j":78},{"i":70,"j":77},{"i":78,"j":79},{"i":74,"j":78},{"i":81,"j":83},{"i":75,"j":79},{"i":80,"j":82},{"i":81,"j":82},{"i":79,"j":81},{"i":65,"j":86},{"i":76,"j":82},{"i":77,"j":83},{"i":83,"j":84},{"i":82,"j":84},{"i":30,"j":89},{"i":85,"j":88},{"i":84,"j":85},{"i":85,"j":86},{"i":30,"j":87},{"i":87,"j":89},{"i":86,"j":87},{"i":0,"j":2},{"i":2,"j":7},{"i":7,"j":25},{"i":25,"j":76},{"i":76,"j":88},{"i":88,"j":89}],"type":"Solution"}