{"instance_name":"us-night-0000040","edges":[{"i":4,"j":10},{"i":0,"j":1},{"i":3,"j":4},{"i":1,"j":3},{"i":0,"j":4},{"i":8,"j":18},{"i":2,"j":8},{"i":4,"j":6},{"i":2,"j":5},{"i":5,"j":7},{"i":2,"j":7},{"i":7,"j":8},{"i":11,"j":15},{"i":5,"j":6},{"i":4,"j":9},{"i":10,"j":11},{"i":6,"j":10},{"i":9,"j":17},{"i":3,"j":12},{"i":5,"j":11},{"i":12,"j":14},{"i":9,"j":12},{"i":10,"j":17},{"i":12,"j":21},{"i":8,"j":13},{"i":13,"j":16},{"i":18,"j":28},{"i":18,"j":24},{"i":14,"j":17},{"i":16,"j":18},{"i":8,"j":16},{"i":21,"j":27},{"i":15,"j":24},{"i":13,"j":15},{"i":14,"j":19},{"i":19,"j":20},{"i":17,"j":19},{"i":20,"j":22},{"i":17,"j":20},{"i":21,"j":22},{"i":3,"j":29},{"i":23,"j":28},{"i":18,"j":23},{"i":17,"j":25},{"i":25,"j":26},{"i":24,"j":25},{"i":22,"j":30},{"i":23,"j":26},{"i":26,"j":28},{"i":27,"j":30},{"i":27,"j":29},{"i":30,"j":31},{"i":3,"j":36},{"i":25,"j":33},{"i":32,"j":39},{"i":28,"j":32},{"i":31,"j":33},{"i":31,"j":34},{"i":29,"j":34},{"i":33,"j":35},{"i":35,"j":38},{"i":32,"j":35},{"i":36,"j":38},{"i":34,"j":36},{"i":36,"j":37},{"i":38,"j":39},{"i":37,"j":39},{"i":0,"j":2},{"i":2,"j":28},{"i":28,"j":39}],"type":"Solution"}