{"instance_name":"us-night-0000400","edges":[{"i":4,"j":6},{"i":1,"j":4},{"i":0,"j":2},{"i":4,"j":10},{"i":2,"j":5},{"i":2,"j":8},{"i":0,"j":3},{"i":10,"j":12},{"i":3,"j":9},{"i":5,"j":9},{"i":8,"j":9},{"i":3,"j":8},{"i":12,"j":15},{"i":11,"j":12},{"i":4,"j":25},{"i":11,"j":14},{"i":10,"j":18},{"i":6,"j":11},{"i":13,"j":23},{"i":6,"j":13},{"i":7,"j":17},{"i":0,"j":7},{"i":13,"j":14},{"i":9,"j":24},{"i":14,"j":15},{"i":7,"j":9},{"i":16,"j":17},{"i":7,"j":16},{"i":16,"j":24},{"i":4,"j":19},{"i":15,"j":18},{"i":19,"j":26},{"i":19,"j":20},{"i":18,"j":19},{"i":20,"j":21},{"i":15,"j":20},{"i":20,"j":26},{"i":21,"j":22},{"i":5,"j":31},{"i":21,"j":23},{"i":17,"j":25},{"i":25,"j":26},{"i":23,"j":32},{"i":27,"j":35},{"i":23,"j":27},{"i":28,"j":29},{"i":27,"j":28},{"i":22,"j":40},{"i":27,"j":29},{"i":30,"j":35},{"i":29,"j":30},{"i":24,"j":38},{"i":22,"j":26},{"i":32,"j":33},{"i":28,"j":32},{"i":34,"j":36},{"i":30,"j":34},{"i":33,"j":34},{"i":29,"j":33},{"i":30,"j":36},{"i":32,"j":40},{"i":36,"j":50},{"i":31,"j":38},{"i":37,"j":49},{"i":26,"j":37},{"i":39,"j":42},{"i":31,"j":39},{"i":2,"j":41},{"i":38,"j":48},{"i":37,"j":38},{"i":43,"j":44},{"i":41,"j":43},{"i":37,"j":47},{"i":53,"j":57},{"i":45,"j":51},{"i":40,"j":45},{"i":44,"j":46},{"i":39,"j":44},{"i":38,"j":42},{"i":48,"j":49},{"i":52,"j":55},{"i":47,"j":52},{"i":55,"j":58},{"i":51,"j":55},{"i":45,"j":47},{"i":50,"j":51},{"i":49,"j":52},{"i":39,"j":46},{"i":42,"j":53},{"i":43,"j":61},{"i":49,"j":60},{"i":58,"j":65},{"i":51,"j":58},{"i":43,"j":68},{"i":46,"j":57},{"i":54,"j":59},{"i":53,"j":54},{"i":58,"j":73},{"i":54,"j":63},{"i":59,"j":60},{"i":48,"j":59},{"i":57,"j":63},{"i":50,"j":56},{"i":61,"j":68},{"i":57,"j":61},{"i":64,"j":67},{"i":60,"j":69},{"i":70,"j":72},{"i":69,"j":70},{"i":56,"j":80},{"i":64,"j":74},{"i":63,"j":64},{"i":59,"j":70},{"i":67,"j":68},{"i":66,"j":67},{"i":65,"j":84},{"i":71,"j":72},{"i":66,"j":74},{"i":64,"j":66},{"i":71,"j":73},{"i":69,"j":71},{"i":77,"j":81},{"i":76,"j":77},{"i":68,"j":75},{"i":75,"j":88},{"i":74,"j":78},{"i":73,"j":87},{"i":76,"j":81},{"i":74,"j":76},{"i":56,"j":84},{"i":65,"j":87},{"i":79,"j":92},{"i":78,"j":83},{"i":59,"j":78},{"i":81,"j":82},{"i":78,"j":81},{"i":78,"j":82},{"i":93,"j":106},{"i":72,"j":93},{"i":62,"j":79},{"i":80,"j":84},{"i":83,"j":86},{"i":86,"j":98},{"i":72,"j":86},{"i":82,"j":97},{"i":77,"j":88},{"i":87,"j":89},{"i":84,"j":87},{"i":79,"j":95},{"i":89,"j":91},{"i":79,"j":80},{"i":90,"j":92},{"i":80,"j":100},{"i":93,"j":94},{"i":101,"j":108},{"i":80,"j":91},{"i":92,"j":95},{"i":94,"j":103},{"i":89,"j":94},{"i":99,"j":346},{"i":88,"j":97},{"i":98,"j":112},{"i":75,"j":99},{"i":91,"j":102},{"i":118,"j":309},{"i":100,"j":101},{"i":101,"j":107},{"i":95,"j":101},{"i":94,"j":96},{"i":100,"j":108},{"i":96,"j":111},{"i":104,"j":108},{"i":102,"j":104},{"i":103,"j":114},{"i":98,"j":109},{"i":102,"j":108},{"i":108,"j":110},{"i":107,"j":297},{"i":90,"j":107},{"i":105,"j":115},{"i":96,"j":105},{"i":97,"j":112},{"i":83,"j":97},{"i":113,"j":133},{"i":110,"j":132},{"i":106,"j":113},{"i":105,"j":106},{"i":106,"j":109},{"i":97,"j":123},{"i":109,"j":124},{"i":119,"j":140},{"i":120,"j":137},{"i":104,"j":114},{"i":111,"j":119},{"i":103,"j":111},{"i":116,"j":117},{"i":114,"j":116},{"i":120,"j":149},{"i":99,"j":118},{"i":117,"j":126},{"i":104,"j":117},{"i":111,"j":115},{"i":118,"j":120},{"i":116,"j":122},{"i":121,"j":128},{"i":117,"j":121},{"i":119,"j":130},{"i":124,"j":127},{"i":120,"j":123},{"i":97,"j":120},{"i":124,"j":125},{"i":113,"j":124},{"i":110,"j":126},{"i":125,"j":131},{"i":113,"j":125},{"i":127,"j":131},{"i":131,"j":152},{"i":129,"j":131},{"i":127,"j":129},{"i":126,"j":128},{"i":136,"j":140},{"i":119,"j":136},{"i":132,"j":173},{"i":107,"j":132},{"i":134,"j":146},{"i":134,"j":135},{"i":128,"j":134},{"i":121,"j":122},{"i":132,"j":135},{"i":133,"j":136},{"i":115,"j":133},{"i":123,"j":141},{"i":131,"j":139},{"i":136,"j":155},{"i":131,"j":145},{"i":138,"j":139},{"i":138,"j":150},{"i":133,"j":138},{"i":150,"j":162},{"i":137,"j":141},{"i":137,"j":149},{"i":141,"j":142},{"i":112,"j":141},{"i":142,"j":153},{"i":109,"j":144},{"i":143,"j":152},{"i":129,"j":143},{"i":142,"j":144},{"i":143,"j":154},{"i":153,"j":164},{"i":130,"j":151},{"i":122,"j":130},{"i":147,"j":148},{"i":146,"j":147},{"i":130,"j":158},{"i":146,"j":148},{"i":135,"j":146},{"i":151,"j":160},{"i":147,"j":151},{"i":139,"j":145},{"i":132,"j":148},{"i":140,"j":157},{"i":150,"j":155},{"i":144,"j":153},{"i":143,"j":144},{"i":149,"j":153},{"i":141,"j":149},{"i":152,"j":154},{"i":145,"j":162},{"i":156,"j":157},{"i":155,"j":156},{"i":164,"j":179},{"i":157,"j":158},{"i":160,"j":165},{"i":169,"j":180},{"i":158,"j":160},{"i":161,"j":166},{"i":148,"j":161},{"i":165,"j":169},{"i":159,"j":163},{"i":156,"j":159},{"i":154,"j":164},{"i":170,"j":178},{"i":159,"j":171},{"i":163,"j":167},{"i":157,"j":163},{"i":161,"j":165},{"i":166,"j":173},{"i":132,"j":166},{"i":163,"j":168},{"i":159,"j":162},{"i":169,"j":172},{"i":170,"j":171},{"i":159,"j":170},{"i":172,"j":177},{"i":168,"j":175},{"i":197,"j":309},{"i":158,"j":167},{"i":171,"j":174},{"i":168,"j":174},{"i":181,"j":186},{"i":176,"j":182},{"i":172,"j":176},{"i":177,"j":184},{"i":173,"j":177},{"i":162,"j":179},{"i":178,"j":185},{"i":182,"j":192},{"i":192,"j":196},{"i":175,"j":191},{"i":167,"j":175},{"i":184,"j":297},{"i":173,"j":184},{"i":181,"j":185},{"i":178,"j":181},{"i":176,"j":180},{"i":183,"j":192},{"i":180,"j":183},{"i":187,"j":188},{"i":182,"j":187},{"i":188,"j":194},{"i":184,"j":188},{"i":186,"j":199},{"i":179,"j":189},{"i":178,"j":179},{"i":174,"j":201},{"i":183,"j":191},{"i":195,"j":203},{"i":191,"j":195},{"i":187,"j":192},{"i":207,"j":228},{"i":184,"j":194},{"i":185,"j":199},{"i":192,"j":208},{"i":196,"j":216},{"i":194,"j":196},{"i":189,"j":199},{"i":186,"j":189},{"i":149,"j":197},{"i":190,"j":200},{"i":179,"j":190},{"i":198,"j":203},{"i":195,"j":198},{"i":199,"j":215},{"i":193,"j":204},{"i":190,"j":193},{"i":199,"j":201},{"i":206,"j":210},{"i":200,"j":206},{"i":205,"j":211},{"i":198,"j":217},{"i":200,"j":212},{"i":193,"j":202},{"i":204,"j":205},{"i":198,"j":201},{"i":205,"j":206},{"i":202,"j":209},{"i":202,"j":214},{"i":197,"j":207},{"i":193,"j":197},{"i":183,"j":203},{"i":204,"j":214},{"i":203,"j":223},{"i":199,"j":212},{"i":210,"j":212},{"i":213,"j":227},{"i":209,"j":213},{"i":215,"j":218},{"i":211,"j":225},{"i":210,"j":211},{"i":207,"j":213},{"i":214,"j":233},{"i":219,"j":224},{"i":212,"j":226},{"i":208,"j":216},{"i":211,"j":214},{"i":201,"j":218},{"i":217,"j":222},{"i":218,"j":219},{"i":219,"j":220},{"i":226,"j":231},{"i":220,"j":224},{"i":209,"j":227},{"i":217,"j":220},{"i":226,"j":230},{"i":222,"j":232},{"i":224,"j":248},{"i":222,"j":241},{"i":211,"j":221},{"i":221,"j":229},{"i":227,"j":233},{"i":221,"j":233},{"i":229,"j":244},{"i":225,"j":231},{"i":235,"j":241},{"i":224,"j":235},{"i":235,"j":240},{"i":237,"j":263},{"i":231,"j":234},{"i":225,"j":229},{"i":223,"j":236},{"i":208,"j":223},{"i":232,"j":253},{"i":223,"j":232},{"i":216,"j":236},{"i":232,"j":241},{"i":237,"j":246},{"i":216,"j":237},{"i":234,"j":238},{"i":230,"j":234},{"i":238,"j":256},{"i":239,"j":241},{"i":235,"j":239},{"i":215,"j":230},{"i":233,"j":244},{"i":242,"j":243},{"i":225,"j":242},{"i":245,"j":267},{"i":238,"j":248},{"i":228,"j":245},{"i":227,"j":228},{"i":236,"j":263},{"i":248,"j":257},{"i":247,"j":248},{"i":246,"j":288},{"i":243,"j":255},{"i":238,"j":243},{"i":239,"j":240},{"i":244,"j":266},{"i":251,"j":260},{"i":245,"j":249},{"i":244,"j":245},{"i":240,"j":247},{"i":241,"j":250},{"i":255,"j":269},{"i":251,"j":252},{"i":247,"j":251},{"i":250,"j":254},{"i":253,"j":263},{"i":250,"j":261},{"i":257,"j":262},{"i":251,"j":257},{"i":252,"j":259},{"i":250,"j":252},{"i":267,"j":325},{"i":256,"j":257},{"i":262,"j":283},{"i":260,"j":262},{"i":255,"j":258},{"i":257,"j":268},{"i":259,"j":261},{"i":250,"j":259},{"i":254,"j":264},{"i":253,"j":254},{"i":263,"j":265},{"i":264,"j":265},{"i":249,"j":266},{"i":244,"j":249},{"i":272,"j":279},{"i":263,"j":270},{"i":260,"j":285},{"i":270,"j":271},{"i":269,"j":277},{"i":267,"j":272},{"i":272,"j":273},{"i":266,"j":275},{"i":242,"j":266},{"i":277,"j":318},{"i":274,"j":276},{"i":269,"j":274},{"i":278,"j":286},{"i":269,"j":276},{"i":281,"j":284},{"i":258,"j":287},{"i":256,"j":258},{"i":268,"j":278},{"i":276,"j":298},{"i":273,"j":280},{"i":266,"j":273},{"i":279,"j":280},{"i":268,"j":283},{"i":299,"j":311},{"i":298,"j":299},{"i":261,"j":281},{"i":282,"j":295},{"i":261,"j":282},{"i":278,"j":287},{"i":281,"j":285},{"i":284,"j":295},{"i":282,"j":284},{"i":285,"j":292},{"i":277,"j":287},{"i":283,"j":291},{"i":275,"j":298},{"i":274,"j":275},{"i":289,"j":302},{"i":270,"j":315},{"i":265,"j":296},{"i":271,"j":294},{"i":246,"j":271},{"i":290,"j":301},{"i":285,"j":291},{"i":295,"j":300},{"i":216,"j":288},{"i":288,"j":290},{"i":293,"j":322},{"i":288,"j":293},{"i":284,"j":289},{"i":307,"j":308},{"i":290,"j":294},{"i":295,"j":296},{"i":264,"j":295},{"i":288,"j":322},{"i":283,"j":308},{"i":289,"j":292},{"i":280,"j":299},{"i":314,"j":323},{"i":301,"j":305},{"i":294,"j":305},{"i":287,"j":318},{"i":294,"j":306},{"i":298,"j":311},{"i":304,"j":312},{"i":301,"j":304},{"i":300,"j":315},{"i":296,"j":300},{"i":305,"j":306},{"i":306,"j":317},{"i":286,"j":308},{"i":307,"j":310},{"i":291,"j":307},{"i":303,"j":308},{"i":286,"j":303},{"i":228,"j":309},{"i":314,"j":321},{"i":292,"j":310},{"i":304,"j":306},{"i":313,"j":322},{"i":312,"j":313},{"i":293,"j":312},{"i":300,"j":302},{"i":325,"j":333},{"i":302,"j":316},{"i":310,"j":314},{"i":324,"j":328},{"i":321,"j":324},{"i":315,"j":343},{"i":315,"j":316},{"i":311,"j":319},{"i":308,"j":329},{"i":311,"j":320},{"i":279,"j":325},{"i":318,"j":329},{"i":303,"j":318},{"i":317,"j":322},{"i":313,"j":317},{"i":322,"j":398},{"i":297,"j":322},{"i":316,"j":321},{"i":318,"j":319},{"i":323,"j":324},{"i":321,"j":323},{"i":320,"j":326},{"i":309,"j":325},{"i":326,"j":331},{"i":315,"j":327},{"i":327,"j":328},{"i":318,"j":330},{"i":326,"j":330},{"i":319,"j":326},{"i":323,"j":341},{"i":330,"j":347},{"i":323,"j":329},{"i":325,"j":332},{"i":320,"j":332},{"i":333,"j":335},{"i":332,"j":333},{"i":309,"j":334},{"i":334,"j":335},{"i":336,"j":339},{"i":335,"j":338},{"i":334,"j":336},{"i":337,"j":341},{"i":339,"j":344},{"i":340,"j":349},{"i":338,"j":339},{"i":320,"j":338},{"i":337,"j":340},{"i":328,"j":337},{"i":331,"j":350},{"i":344,"j":354},{"i":309,"j":342},{"i":327,"j":340},{"i":322,"j":345},{"i":343,"j":345},{"i":317,"j":343},{"i":352,"j":356},{"i":75,"j":346},{"i":331,"j":351},{"i":347,"j":359},{"i":347,"j":348},{"i":329,"j":347},{"i":349,"j":360},{"i":345,"j":349},{"i":341,"j":348},{"i":348,"j":360},{"i":331,"j":344},{"i":347,"j":350},{"i":336,"j":357},{"i":351,"j":352},{"i":365,"j":373},{"i":352,"j":353},{"i":355,"j":356},{"i":353,"j":355},{"i":350,"j":353},{"i":342,"j":357},{"i":356,"j":358},{"i":350,"j":364},{"i":351,"j":358},{"i":342,"j":372},{"i":359,"j":370},{"i":355,"j":364},{"i":361,"j":366},{"i":359,"j":360},{"i":354,"j":357},{"i":360,"j":398},{"i":354,"j":365},{"i":364,"j":370},{"i":361,"j":363},{"i":358,"j":361},{"i":362,"j":367},{"i":356,"j":362},{"i":366,"j":371},{"i":354,"j":373},{"i":361,"j":365},{"i":368,"j":371},{"i":362,"j":363},{"i":380,"j":389},{"i":367,"j":369},{"i":364,"j":367},{"i":363,"j":371},{"i":368,"j":369},{"i":367,"j":368},{"i":370,"j":376},{"i":377,"j":380},{"i":369,"j":374},{"i":366,"j":373},{"i":342,"j":346},{"i":371,"j":375},{"i":374,"j":376},{"i":370,"j":374},{"i":373,"j":379},{"i":374,"j":375},{"i":378,"j":381},{"i":375,"j":384},{"i":357,"j":380},{"i":377,"j":378},{"i":373,"j":377},{"i":385,"j":391},{"i":373,"j":378},{"i":381,"j":383},{"i":375,"j":379},{"i":372,"j":380},{"i":381,"j":382},{"i":346,"j":397},{"i":382,"j":383},{"i":379,"j":382},{"i":381,"j":385},{"i":383,"j":384},{"i":380,"j":388},{"i":384,"j":387},{"i":380,"j":385},{"i":385,"j":386},{"i":387,"j":398},{"i":376,"j":387},{"i":386,"j":387},{"i":393,"j":396},{"i":386,"j":395},{"i":372,"j":394},{"i":389,"j":392},{"i":388,"j":389},{"i":346,"j":390},{"i":388,"j":391},{"i":392,"j":395},{"i":393,"j":397},{"i":372,"j":390},{"i":372,"j":393},{"i":391,"j":395},{"i":392,"j":399},{"i":389,"j":394},{"i":396,"j":399},{"i":394,"j":396},{"i":390,"j":397},{"i":395,"j":398},{"i":397,"j":399},{"i":396,"j":397},{"i":1,"j":6},{"i":6,"j":23},{"i":23,"j":35},{"i":35,"j":62},{"i":62,"j":85},{"i":85,"j":90},{"i":90,"j":297},{"i":297,"j":398},{"i":398,"j":399},{"i":0,"j":1}],"type":"Solution"}